ISO-10303-21;
HEADER;
/* Generated by software containing ST-Developer
 * from STEP Tools, Inc. (www.steptools.com) 
 */

FILE_DESCRIPTION(
/* description */ (''),
/* implementation_level */ '2;1');

FILE_NAME(
/* name */ 'Boden.stp',
/* time_stamp */ '2025-12-02T10:21:37+01:00',
/* author */ ('phe'),
/* organization */ (''),
/* preprocessor_version */ 'ST-DEVELOPER v20',
/* originating_system */ 'Autodesk Inventor 2025',
/* authorisation */ '');

FILE_SCHEMA (('AUTOMOTIVE_DESIGN { 1 0 10303 214 3 1 1 }'));
ENDSEC;

DATA;
#10=MECHANICAL_DESIGN_GEOMETRIC_PRESENTATION_REPRESENTATION('',(#13),#2330);
#11=SHAPE_REPRESENTATION_RELATIONSHIP('SRR','None',#2337,#12);
#12=ADVANCED_BREP_SHAPE_REPRESENTATION('',(#14),#2329);
#13=STYLED_ITEM('',(#2346),#14);
#14=MANIFOLD_SOLID_BREP('Volumenk\X\F6rper1',#1296);
#15=CONICAL_SURFACE('',#1469,2.65,0.785398163397449);
#16=CONICAL_SURFACE('',#1473,2.65,0.785398163397449);
#17=CONICAL_SURFACE('',#1477,2.65,0.785398163397449);
#18=ELLIPSE('',#1381,1.41421356237309,1.);
#19=ELLIPSE('',#1382,1.41421356237309,1.);
#20=ELLIPSE('',#1409,1.4142135623731,1.);
#21=ELLIPSE('',#1412,1.4142135623731,1.);
#22=ELLIPSE('',#1424,1.4142135623731,1.);
#23=ELLIPSE('',#1431,1.4142135623731,1.);
#24=FACE_BOUND('',#354,.T.);
#25=FACE_BOUND('',#372,.T.);
#26=FACE_BOUND('',#373,.T.);
#27=FACE_BOUND('',#374,.T.);
#28=FACE_BOUND('',#375,.T.);
#29=FACE_BOUND('',#403,.T.);
#30=FACE_BOUND('',#404,.T.);
#31=FACE_BOUND('',#405,.T.);
#32=FACE_BOUND('',#406,.T.);
#33=FACE_BOUND('',#407,.T.);
#34=FACE_BOUND('',#408,.T.);
#35=FACE_BOUND('',#409,.T.);
#36=FACE_BOUND('',#417,.T.);
#37=FACE_BOUND('',#419,.T.);
#38=FACE_BOUND('',#421,.T.);
#39=FACE_BOUND('',#424,.T.);
#40=FACE_BOUND('',#427,.T.);
#41=FACE_BOUND('',#430,.T.);
#42=PLANE('',#1343);
#43=PLANE('',#1346);
#44=PLANE('',#1349);
#45=PLANE('',#1374);
#46=PLANE('',#1377);
#47=PLANE('',#1392);
#48=PLANE('',#1419);
#49=PLANE('',#1421);
#50=PLANE('',#1458);
#51=PLANE('',#1460);
#52=PLANE('',#1461);
#53=PLANE('',#1481);
#54=PLANE('',#1483);
#55=PLANE('',#1485);
#56=PLANE('',#1489);
#57=PLANE('',#1492);
#58=PLANE('',#1495);
#59=LINE('',#1964,#139);
#60=LINE('',#1965,#140);
#61=LINE('',#1976,#141);
#62=LINE('',#1977,#142);
#63=LINE('',#1988,#143);
#64=LINE('',#1989,#144);
#65=LINE('',#1997,#145);
#66=LINE('',#1998,#146);
#67=LINE('',#2001,#147);
#68=LINE('',#2003,#148);
#69=LINE('',#2004,#149);
#70=LINE('',#2007,#150);
#71=LINE('',#2011,#151);
#72=LINE('',#2012,#152);
#73=LINE('',#2015,#153);
#74=LINE('',#2022,#154);
#75=LINE('',#2026,#155);
#76=LINE('',#2030,#156);
#77=LINE('',#2033,#157);
#78=LINE('',#2043,#158);
#79=LINE('',#2051,#159);
#80=LINE('',#2059,#160);
#81=LINE('',#2065,#161);
#82=LINE('',#2068,#162);
#83=LINE('',#2070,#163);
#84=LINE('',#2072,#164);
#85=LINE('',#2074,#165);
#86=LINE('',#2075,#166);
#87=LINE('',#2078,#167);
#88=LINE('',#2082,#168);
#89=LINE('',#2084,#169);
#90=LINE('',#2086,#170);
#91=LINE('',#2088,#171);
#92=LINE('',#2090,#172);
#93=LINE('',#2091,#173);
#94=LINE('',#2094,#174);
#95=LINE('',#2099,#175);
#96=LINE('',#2105,#176);
#97=LINE('',#2112,#177);
#98=LINE('',#2118,#178);
#99=LINE('',#2126,#179);
#100=LINE('',#2130,#180);
#101=LINE('',#2138,#181);
#102=LINE('',#2142,#182);
#103=LINE('',#2155,#183);
#104=LINE('',#2159,#184);
#105=LINE('',#2162,#185);
#106=LINE('',#2167,#186);
#107=LINE('',#2175,#187);
#108=LINE('',#2179,#188);
#109=LINE('',#2182,#189);
#110=LINE('',#2184,#190);
#111=LINE('',#2186,#191);
#112=LINE('',#2187,#192);
#113=LINE('',#2188,#193);
#114=LINE('',#2190,#194);
#115=LINE('',#2192,#195);
#116=LINE('',#2198,#196);
#117=LINE('',#2219,#197);
#118=LINE('',#2220,#198);
#119=LINE('',#2231,#199);
#120=LINE('',#2232,#200);
#121=LINE('',#2241,#201);
#122=LINE('',#2247,#202);
#123=LINE('',#2249,#203);
#124=LINE('',#2250,#204);
#125=LINE('',#2252,#205);
#126=LINE('',#2271,#206);
#127=LINE('',#2275,#207);
#128=LINE('',#2279,#208);
#129=LINE('',#2283,#209);
#130=LINE('',#2287,#210);
#131=LINE('',#2291,#211);
#132=LINE('',#2305,#212);
#133=LINE('',#2310,#213);
#134=LINE('',#2315,#214);
#135=LINE('',#2319,#215);
#136=LINE('',#2321,#216);
#137=LINE('',#2323,#217);
#138=LINE('',#2325,#218);
#139=VECTOR('',#1518,10.);
#140=VECTOR('',#1519,10.);
#141=VECTOR('',#1532,10.);
#142=VECTOR('',#1533,10.);
#143=VECTOR('',#1546,10.);
#144=VECTOR('',#1547,10.);
#145=VECTOR('',#1558,10.);
#146=VECTOR('',#1559,10.);
#147=VECTOR('',#1562,10.);
#148=VECTOR('',#1563,10.);
#149=VECTOR('',#1564,10.);
#150=VECTOR('',#1567,10.);
#151=VECTOR('',#1572,10.);
#152=VECTOR('',#1573,10.);
#153=VECTOR('',#1576,10.);
#154=VECTOR('',#1583,10.);
#155=VECTOR('',#1586,10.);
#156=VECTOR('',#1589,10.);
#157=VECTOR('',#1592,10.);
#158=VECTOR('',#1605,10.);
#159=VECTOR('',#1616,10.);
#160=VECTOR('',#1627,10.);
#161=VECTOR('',#1636,10.);
#162=VECTOR('',#1639,10.);
#163=VECTOR('',#1640,10.);
#164=VECTOR('',#1641,10.);
#165=VECTOR('',#1642,10.);
#166=VECTOR('',#1643,10.);
#167=VECTOR('',#1646,10.);
#168=VECTOR('',#1651,10.);
#169=VECTOR('',#1652,10.);
#170=VECTOR('',#1653,10.);
#171=VECTOR('',#1654,10.);
#172=VECTOR('',#1655,10.);
#173=VECTOR('',#1656,10.);
#174=VECTOR('',#1659,10.);
#175=VECTOR('',#1664,10.);
#176=VECTOR('',#1671,10.);
#177=VECTOR('',#1680,10.);
#178=VECTOR('',#1687,10.);
#179=VECTOR('',#1696,10.);
#180=VECTOR('',#1699,10.);
#181=VECTOR('',#1706,10.);
#182=VECTOR('',#1709,10.);
#183=VECTOR('',#1724,10.);
#184=VECTOR('',#1727,10.);
#185=VECTOR('',#1730,10.);
#186=VECTOR('',#1735,10.);
#187=VECTOR('',#1748,10.);
#188=VECTOR('',#1753,10.);
#189=VECTOR('',#1756,10.);
#190=VECTOR('',#1757,10.);
#191=VECTOR('',#1758,10.);
#192=VECTOR('',#1759,10.);
#193=VECTOR('',#1760,10.);
#194=VECTOR('',#1763,10.);
#195=VECTOR('',#1766,10.);
#196=VECTOR('',#1775,10.);
#197=VECTOR('',#1808,10.);
#198=VECTOR('',#1809,10.);
#199=VECTOR('',#1822,10.);
#200=VECTOR('',#1823,10.);
#201=VECTOR('',#1836,10.);
#202=VECTOR('',#1845,10.);
#203=VECTOR('',#1848,10.);
#204=VECTOR('',#1849,10.);
#205=VECTOR('',#1852,10.);
#206=VECTOR('',#1873,2.65);
#207=VECTOR('',#1878,2.15);
#208=VECTOR('',#1883,2.65);
#209=VECTOR('',#1888,2.15);
#210=VECTOR('',#1893,2.65);
#211=VECTOR('',#1898,2.15);
#212=VECTOR('',#1917,3.5);
#213=VECTOR('',#1924,3.5);
#214=VECTOR('',#1931,3.5);
#215=VECTOR('',#1938,1.9);
#216=VECTOR('',#1941,1.9);
#217=VECTOR('',#1944,1.9);
#218=VECTOR('',#1947,1.9);
#219=CYLINDRICAL_SURFACE('',#1324,1.);
#220=CYLINDRICAL_SURFACE('',#1330,1.);
#221=CYLINDRICAL_SURFACE('',#1336,1.);
#222=CYLINDRICAL_SURFACE('',#1342,1.);
#223=CYLINDRICAL_SURFACE('',#1344,6.81);
#224=CYLINDRICAL_SURFACE('',#1347,6.81);
#225=CYLINDRICAL_SURFACE('',#1358,1.);
#226=CYLINDRICAL_SURFACE('',#1363,1.);
#227=CYLINDRICAL_SURFACE('',#1368,1.);
#228=CYLINDRICAL_SURFACE('',#1373,1.);
#229=CYLINDRICAL_SURFACE('',#1375,4.31);
#230=CYLINDRICAL_SURFACE('',#1378,4.31000000000001);
#231=CYLINDRICAL_SURFACE('',#1380,1.);
#232=CYLINDRICAL_SURFACE('',#1383,1.);
#233=CYLINDRICAL_SURFACE('',#1386,1.);
#234=CYLINDRICAL_SURFACE('',#1389,6.5);
#235=CYLINDRICAL_SURFACE('',#1405,6.5);
#236=CYLINDRICAL_SURFACE('',#1407,1.);
#237=CYLINDRICAL_SURFACE('',#1410,1.);
#238=CYLINDRICAL_SURFACE('',#1416,1.);
#239=CYLINDRICAL_SURFACE('',#1417,1.);
#240=CYLINDRICAL_SURFACE('',#1420,4.31000000000001);
#241=CYLINDRICAL_SURFACE('',#1422,1.);
#242=CYLINDRICAL_SURFACE('',#1425,1.);
#243=CYLINDRICAL_SURFACE('',#1430,1.);
#244=CYLINDRICAL_SURFACE('',#1432,1.);
#245=CYLINDRICAL_SURFACE('',#1434,6.5);
#246=CYLINDRICAL_SURFACE('',#1440,1.);
#247=CYLINDRICAL_SURFACE('',#1446,1.);
#248=CYLINDRICAL_SURFACE('',#1452,1.);
#249=CYLINDRICAL_SURFACE('',#1457,1.);
#250=CYLINDRICAL_SURFACE('',#1459,6.81);
#251=CYLINDRICAL_SURFACE('',#1471,2.15);
#252=CYLINDRICAL_SURFACE('',#1475,2.15);
#253=CYLINDRICAL_SURFACE('',#1479,2.15);
#254=CYLINDRICAL_SURFACE('',#1487,3.5);
#255=CYLINDRICAL_SURFACE('',#1490,3.5);
#256=CYLINDRICAL_SURFACE('',#1493,3.5);
#257=CYLINDRICAL_SURFACE('',#1496,4.31000000000001);
#258=CYLINDRICAL_SURFACE('',#1497,1.9);
#259=CYLINDRICAL_SURFACE('',#1498,1.9);
#260=CYLINDRICAL_SURFACE('',#1499,1.9);
#261=CYLINDRICAL_SURFACE('',#1500,1.9);
#262=CYLINDRICAL_SURFACE('',#1501,6.81);
#263=FACE_OUTER_BOUND('',#341,.T.);
#264=FACE_OUTER_BOUND('',#342,.T.);
#265=FACE_OUTER_BOUND('',#343,.T.);
#266=FACE_OUTER_BOUND('',#344,.T.);
#267=FACE_OUTER_BOUND('',#345,.T.);
#268=FACE_OUTER_BOUND('',#346,.T.);
#269=FACE_OUTER_BOUND('',#347,.T.);
#270=FACE_OUTER_BOUND('',#348,.T.);
#271=FACE_OUTER_BOUND('',#349,.T.);
#272=FACE_OUTER_BOUND('',#350,.T.);
#273=FACE_OUTER_BOUND('',#351,.T.);
#274=FACE_OUTER_BOUND('',#352,.T.);
#275=FACE_OUTER_BOUND('',#353,.T.);
#276=FACE_OUTER_BOUND('',#355,.T.);
#277=FACE_OUTER_BOUND('',#356,.T.);
#278=FACE_OUTER_BOUND('',#357,.T.);
#279=FACE_OUTER_BOUND('',#358,.T.);
#280=FACE_OUTER_BOUND('',#359,.T.);
#281=FACE_OUTER_BOUND('',#360,.T.);
#282=FACE_OUTER_BOUND('',#361,.T.);
#283=FACE_OUTER_BOUND('',#362,.T.);
#284=FACE_OUTER_BOUND('',#363,.T.);
#285=FACE_OUTER_BOUND('',#364,.T.);
#286=FACE_OUTER_BOUND('',#365,.T.);
#287=FACE_OUTER_BOUND('',#366,.T.);
#288=FACE_OUTER_BOUND('',#367,.T.);
#289=FACE_OUTER_BOUND('',#368,.T.);
#290=FACE_OUTER_BOUND('',#369,.T.);
#291=FACE_OUTER_BOUND('',#370,.T.);
#292=FACE_OUTER_BOUND('',#371,.T.);
#293=FACE_OUTER_BOUND('',#376,.T.);
#294=FACE_OUTER_BOUND('',#377,.T.);
#295=FACE_OUTER_BOUND('',#378,.T.);
#296=FACE_OUTER_BOUND('',#379,.T.);
#297=FACE_OUTER_BOUND('',#380,.T.);
#298=FACE_OUTER_BOUND('',#381,.T.);
#299=FACE_OUTER_BOUND('',#382,.T.);
#300=FACE_OUTER_BOUND('',#383,.T.);
#301=FACE_OUTER_BOUND('',#384,.T.);
#302=FACE_OUTER_BOUND('',#385,.T.);
#303=FACE_OUTER_BOUND('',#386,.T.);
#304=FACE_OUTER_BOUND('',#387,.T.);
#305=FACE_OUTER_BOUND('',#388,.T.);
#306=FACE_OUTER_BOUND('',#389,.T.);
#307=FACE_OUTER_BOUND('',#390,.T.);
#308=FACE_OUTER_BOUND('',#391,.T.);
#309=FACE_OUTER_BOUND('',#392,.T.);
#310=FACE_OUTER_BOUND('',#393,.T.);
#311=FACE_OUTER_BOUND('',#394,.T.);
#312=FACE_OUTER_BOUND('',#395,.T.);
#313=FACE_OUTER_BOUND('',#396,.T.);
#314=FACE_OUTER_BOUND('',#397,.T.);
#315=FACE_OUTER_BOUND('',#398,.T.);
#316=FACE_OUTER_BOUND('',#399,.T.);
#317=FACE_OUTER_BOUND('',#400,.T.);
#318=FACE_OUTER_BOUND('',#401,.T.);
#319=FACE_OUTER_BOUND('',#402,.T.);
#320=FACE_OUTER_BOUND('',#410,.T.);
#321=FACE_OUTER_BOUND('',#411,.T.);
#322=FACE_OUTER_BOUND('',#412,.T.);
#323=FACE_OUTER_BOUND('',#413,.T.);
#324=FACE_OUTER_BOUND('',#414,.T.);
#325=FACE_OUTER_BOUND('',#415,.T.);
#326=FACE_OUTER_BOUND('',#416,.T.);
#327=FACE_OUTER_BOUND('',#418,.T.);
#328=FACE_OUTER_BOUND('',#420,.T.);
#329=FACE_OUTER_BOUND('',#422,.T.);
#330=FACE_OUTER_BOUND('',#423,.T.);
#331=FACE_OUTER_BOUND('',#425,.T.);
#332=FACE_OUTER_BOUND('',#426,.T.);
#333=FACE_OUTER_BOUND('',#428,.T.);
#334=FACE_OUTER_BOUND('',#429,.T.);
#335=FACE_OUTER_BOUND('',#431,.T.);
#336=FACE_OUTER_BOUND('',#432,.T.);
#337=FACE_OUTER_BOUND('',#433,.T.);
#338=FACE_OUTER_BOUND('',#434,.T.);
#339=FACE_OUTER_BOUND('',#435,.T.);
#340=FACE_OUTER_BOUND('',#436,.T.);
#341=EDGE_LOOP('',(#834,#835,#836,#837));
#342=EDGE_LOOP('',(#838,#839,#840,#841));
#343=EDGE_LOOP('',(#842,#843,#844,#845));
#344=EDGE_LOOP('',(#846,#847,#848,#849));
#345=EDGE_LOOP('',(#850,#851,#852,#853));
#346=EDGE_LOOP('',(#854,#855,#856,#857));
#347=EDGE_LOOP('',(#858,#859,#860,#861));
#348=EDGE_LOOP('',(#862,#863,#864,#865));
#349=EDGE_LOOP('',(#866,#867,#868,#869));
#350=EDGE_LOOP('',(#870,#871,#872,#873));
#351=EDGE_LOOP('',(#874,#875,#876,#877));
#352=EDGE_LOOP('',(#878,#879,#880,#881));
#353=EDGE_LOOP('',(#882,#883,#884,#885,#886,#887,#888,#889));
#354=EDGE_LOOP('',(#890,#891,#892,#893,#894,#895,#896,#897));
#355=EDGE_LOOP('',(#898,#899,#900,#901));
#356=EDGE_LOOP('',(#902,#903,#904,#905));
#357=EDGE_LOOP('',(#906,#907,#908,#909));
#358=EDGE_LOOP('',(#910,#911,#912,#913));
#359=EDGE_LOOP('',(#914,#915,#916,#917));
#360=EDGE_LOOP('',(#918,#919,#920,#921));
#361=EDGE_LOOP('',(#922,#923,#924,#925));
#362=EDGE_LOOP('',(#926,#927,#928,#929));
#363=EDGE_LOOP('',(#930,#931,#932,#933,#934,#935));
#364=EDGE_LOOP('',(#936,#937,#938,#939));
#365=EDGE_LOOP('',(#940,#941,#942,#943,#944,#945,#946,#947));
#366=EDGE_LOOP('',(#948,#949,#950,#951));
#367=EDGE_LOOP('',(#952,#953,#954,#955));
#368=EDGE_LOOP('',(#956,#957,#958,#959,#960));
#369=EDGE_LOOP('',(#961,#962,#963,#964,#965));
#370=EDGE_LOOP('',(#966,#967,#968,#969));
#371=EDGE_LOOP('',(#970,#971,#972,#973,#974,#975,#976,#977,#978,#979,#980,
#981,#982,#983,#984,#985));
#372=EDGE_LOOP('',(#986));
#373=EDGE_LOOP('',(#987));
#374=EDGE_LOOP('',(#988));
#375=EDGE_LOOP('',(#989));
#376=EDGE_LOOP('',(#990,#991,#992,#993));
#377=EDGE_LOOP('',(#994,#995,#996,#997,#998));
#378=EDGE_LOOP('',(#999,#1000,#1001,#1002));
#379=EDGE_LOOP('',(#1003,#1004,#1005,#1006));
#380=EDGE_LOOP('',(#1007,#1008,#1009,#1010));
#381=EDGE_LOOP('',(#1011,#1012,#1013,#1014,#1015));
#382=EDGE_LOOP('',(#1016,#1017,#1018,#1019,#1020,#1021,#1022,#1023));
#383=EDGE_LOOP('',(#1024,#1025,#1026,#1027));
#384=EDGE_LOOP('',(#1028,#1029,#1030,#1031,#1032,#1033));
#385=EDGE_LOOP('',(#1034,#1035,#1036,#1037));
#386=EDGE_LOOP('',(#1038,#1039,#1040,#1041,#1042));
#387=EDGE_LOOP('',(#1043,#1044,#1045,#1046));
#388=EDGE_LOOP('',(#1047,#1048,#1049,#1050));
#389=EDGE_LOOP('',(#1051,#1052,#1053,#1054,#1055));
#390=EDGE_LOOP('',(#1056,#1057,#1058,#1059));
#391=EDGE_LOOP('',(#1060,#1061,#1062,#1063));
#392=EDGE_LOOP('',(#1064,#1065,#1066,#1067));
#393=EDGE_LOOP('',(#1068,#1069,#1070,#1071));
#394=EDGE_LOOP('',(#1072,#1073,#1074,#1075));
#395=EDGE_LOOP('',(#1076,#1077,#1078,#1079));
#396=EDGE_LOOP('',(#1080,#1081,#1082,#1083));
#397=EDGE_LOOP('',(#1084,#1085,#1086,#1087));
#398=EDGE_LOOP('',(#1088,#1089,#1090,#1091));
#399=EDGE_LOOP('',(#1092,#1093,#1094,#1095));
#400=EDGE_LOOP('',(#1096,#1097,#1098,#1099));
#401=EDGE_LOOP('',(#1100,#1101,#1102,#1103));
#402=EDGE_LOOP('',(#1104,#1105,#1106,#1107,#1108,#1109,#1110,#1111));
#403=EDGE_LOOP('',(#1112));
#404=EDGE_LOOP('',(#1113));
#405=EDGE_LOOP('',(#1114));
#406=EDGE_LOOP('',(#1115));
#407=EDGE_LOOP('',(#1116));
#408=EDGE_LOOP('',(#1117));
#409=EDGE_LOOP('',(#1118));
#410=EDGE_LOOP('',(#1119,#1120,#1121,#1122));
#411=EDGE_LOOP('',(#1123,#1124,#1125,#1126));
#412=EDGE_LOOP('',(#1127,#1128,#1129,#1130));
#413=EDGE_LOOP('',(#1131,#1132,#1133,#1134));
#414=EDGE_LOOP('',(#1135,#1136,#1137,#1138));
#415=EDGE_LOOP('',(#1139,#1140,#1141,#1142));
#416=EDGE_LOOP('',(#1143,#1144,#1145,#1146));
#417=EDGE_LOOP('',(#1147));
#418=EDGE_LOOP('',(#1148,#1149,#1150,#1151,#1152,#1153));
#419=EDGE_LOOP('',(#1154));
#420=EDGE_LOOP('',(#1155,#1156,#1157,#1158,#1159,#1160));
#421=EDGE_LOOP('',(#1161));
#422=EDGE_LOOP('',(#1162,#1163,#1164,#1165));
#423=EDGE_LOOP('',(#1166));
#424=EDGE_LOOP('',(#1167));
#425=EDGE_LOOP('',(#1168,#1169,#1170,#1171));
#426=EDGE_LOOP('',(#1172));
#427=EDGE_LOOP('',(#1173));
#428=EDGE_LOOP('',(#1174,#1175,#1176,#1177));
#429=EDGE_LOOP('',(#1178));
#430=EDGE_LOOP('',(#1179));
#431=EDGE_LOOP('',(#1180,#1181,#1182,#1183));
#432=EDGE_LOOP('',(#1184,#1185,#1186,#1187));
#433=EDGE_LOOP('',(#1188,#1189,#1190,#1191));
#434=EDGE_LOOP('',(#1192,#1193,#1194,#1195));
#435=EDGE_LOOP('',(#1196,#1197,#1198,#1199));
#436=EDGE_LOOP('',(#1200,#1201,#1202,#1203));
#437=CIRCLE('',#1320,1.);
#438=CIRCLE('',#1321,6.81);
#439=CIRCLE('',#1322,1.00000000000001);
#440=CIRCLE('',#1323,5.81);
#441=CIRCLE('',#1325,1.00000000000001);
#442=CIRCLE('',#1327,0.999999999999996);
#443=CIRCLE('',#1328,5.81);
#444=CIRCLE('',#1329,6.81);
#445=CIRCLE('',#1331,1.);
#446=CIRCLE('',#1333,0.999999999999988);
#447=CIRCLE('',#1334,5.81);
#448=CIRCLE('',#1335,6.81);
#449=CIRCLE('',#1337,1.);
#450=CIRCLE('',#1339,1.);
#451=CIRCLE('',#1340,5.81);
#452=CIRCLE('',#1341,6.81);
#453=CIRCLE('',#1345,6.81);
#454=CIRCLE('',#1348,6.81);
#455=CIRCLE('',#1350,5.31000000000001);
#456=CIRCLE('',#1351,5.31);
#457=CIRCLE('',#1352,5.31000000000001);
#458=CIRCLE('',#1353,5.31000000000001);
#459=CIRCLE('',#1355,1.);
#460=CIRCLE('',#1356,4.31000000000001);
#461=CIRCLE('',#1357,1.00000000000001);
#462=CIRCLE('',#1359,1.);
#463=CIRCLE('',#1361,1.);
#464=CIRCLE('',#1362,4.31);
#465=CIRCLE('',#1364,1.);
#466=CIRCLE('',#1366,0.999999999999996);
#467=CIRCLE('',#1367,4.31000000000001);
#468=CIRCLE('',#1369,0.999999999999996);
#469=CIRCLE('',#1371,1.);
#470=CIRCLE('',#1372,4.31000000000001);
#471=CIRCLE('',#1376,4.31);
#472=CIRCLE('',#1379,4.31000000000001);
#473=CIRCLE('',#1384,1.);
#474=CIRCLE('',#1385,1.);
#475=CIRCLE('',#1387,1.);
#476=CIRCLE('',#1388,1.);
#477=CIRCLE('',#1390,6.5);
#478=CIRCLE('',#1391,6.5);
#479=CIRCLE('',#1393,6.5);
#480=CIRCLE('',#1394,1.);
#481=CIRCLE('',#1395,3.31000000000001);
#482=CIRCLE('',#1396,1.);
#483=CIRCLE('',#1397,6.5);
#484=CIRCLE('',#1398,1.);
#485=CIRCLE('',#1399,3.31000000000001);
#486=CIRCLE('',#1400,1.);
#487=CIRCLE('',#1401,1.9);
#488=CIRCLE('',#1402,1.9);
#489=CIRCLE('',#1403,1.9);
#490=CIRCLE('',#1404,1.9);
#491=CIRCLE('',#1406,6.5);
#492=CIRCLE('',#1408,1.);
#493=CIRCLE('',#1411,0.999999999999999);
#494=CIRCLE('',#1414,1.00000000000001);
#495=CIRCLE('',#1415,4.31000000000001);
#496=CIRCLE('',#1418,1.);
#497=CIRCLE('',#1423,1.00000000000001);
#498=CIRCLE('',#1426,1.);
#499=CIRCLE('',#1428,0.999999999999996);
#500=CIRCLE('',#1429,4.31000000000001);
#501=CIRCLE('',#1433,1.);
#502=CIRCLE('',#1435,6.5);
#503=CIRCLE('',#1437,1.);
#504=CIRCLE('',#1438,0.999999999999996);
#505=CIRCLE('',#1439,5.81);
#506=CIRCLE('',#1441,1.);
#507=CIRCLE('',#1443,0.999999999999992);
#508=CIRCLE('',#1444,5.81);
#509=CIRCLE('',#1445,6.81);
#510=CIRCLE('',#1447,1.);
#511=CIRCLE('',#1449,0.999999999999996);
#512=CIRCLE('',#1450,5.81);
#513=CIRCLE('',#1451,6.81);
#514=CIRCLE('',#1453,1.);
#515=CIRCLE('',#1455,1.00000000000001);
#516=CIRCLE('',#1456,5.81);
#517=CIRCLE('',#1462,3.15);
#518=CIRCLE('',#1463,3.15);
#519=CIRCLE('',#1464,1.9);
#520=CIRCLE('',#1465,1.9);
#521=CIRCLE('',#1466,1.9);
#522=CIRCLE('',#1467,1.9);
#523=CIRCLE('',#1468,3.15);
#524=CIRCLE('',#1470,2.15);
#525=CIRCLE('',#1472,2.15);
#526=CIRCLE('',#1474,2.15);
#527=CIRCLE('',#1476,2.15);
#528=CIRCLE('',#1478,2.15);
#529=CIRCLE('',#1480,2.15);
#530=CIRCLE('',#1482,3.5);
#531=CIRCLE('',#1484,3.5);
#532=CIRCLE('',#1486,3.5);
#533=CIRCLE('',#1488,3.5);
#534=CIRCLE('',#1491,3.5);
#535=CIRCLE('',#1494,3.5);
#536=VERTEX_POINT('',#1952);
#537=VERTEX_POINT('',#1953);
#538=VERTEX_POINT('',#1955);
#539=VERTEX_POINT('',#1957);
#540=VERTEX_POINT('',#1961);
#541=VERTEX_POINT('',#1962);
#542=VERTEX_POINT('',#1967);
#543=VERTEX_POINT('',#1968);
#544=VERTEX_POINT('',#1973);
#545=VERTEX_POINT('',#1974);
#546=VERTEX_POINT('',#1979);
#547=VERTEX_POINT('',#1980);
#548=VERTEX_POINT('',#1985);
#549=VERTEX_POINT('',#1986);
#550=VERTEX_POINT('',#1991);
#551=VERTEX_POINT('',#1992);
#552=VERTEX_POINT('',#2000);
#553=VERTEX_POINT('',#2002);
#554=VERTEX_POINT('',#2006);
#555=VERTEX_POINT('',#2010);
#556=VERTEX_POINT('',#2014);
#557=VERTEX_POINT('',#2018);
#558=VERTEX_POINT('',#2019);
#559=VERTEX_POINT('',#2021);
#560=VERTEX_POINT('',#2023);
#561=VERTEX_POINT('',#2025);
#562=VERTEX_POINT('',#2027);
#563=VERTEX_POINT('',#2029);
#564=VERTEX_POINT('',#2031);
#565=VERTEX_POINT('',#2035);
#566=VERTEX_POINT('',#2037);
#567=VERTEX_POINT('',#2041);
#568=VERTEX_POINT('',#2045);
#569=VERTEX_POINT('',#2049);
#570=VERTEX_POINT('',#2053);
#571=VERTEX_POINT('',#2057);
#572=VERTEX_POINT('',#2061);
#573=VERTEX_POINT('',#2067);
#574=VERTEX_POINT('',#2069);
#575=VERTEX_POINT('',#2071);
#576=VERTEX_POINT('',#2073);
#577=VERTEX_POINT('',#2077);
#578=VERTEX_POINT('',#2081);
#579=VERTEX_POINT('',#2083);
#580=VERTEX_POINT('',#2085);
#581=VERTEX_POINT('',#2087);
#582=VERTEX_POINT('',#2089);
#583=VERTEX_POINT('',#2093);
#584=VERTEX_POINT('',#2097);
#585=VERTEX_POINT('',#2098);
#586=VERTEX_POINT('',#2103);
#587=VERTEX_POINT('',#2104);
#588=VERTEX_POINT('',#2109);
#589=VERTEX_POINT('',#2111);
#590=VERTEX_POINT('',#2115);
#591=VERTEX_POINT('',#2117);
#592=VERTEX_POINT('',#2121);
#593=VERTEX_POINT('',#2123);
#594=VERTEX_POINT('',#2125);
#595=VERTEX_POINT('',#2127);
#596=VERTEX_POINT('',#2129);
#597=VERTEX_POINT('',#2131);
#598=VERTEX_POINT('',#2133);
#599=VERTEX_POINT('',#2135);
#600=VERTEX_POINT('',#2137);
#601=VERTEX_POINT('',#2139);
#602=VERTEX_POINT('',#2141);
#603=VERTEX_POINT('',#2144);
#604=VERTEX_POINT('',#2146);
#605=VERTEX_POINT('',#2148);
#606=VERTEX_POINT('',#2150);
#607=VERTEX_POINT('',#2153);
#608=VERTEX_POINT('',#2157);
#609=VERTEX_POINT('',#2158);
#610=VERTEX_POINT('',#2160);
#611=VERTEX_POINT('',#2165);
#612=VERTEX_POINT('',#2166);
#613=VERTEX_POINT('',#2171);
#614=VERTEX_POINT('',#2177);
#615=VERTEX_POINT('',#2181);
#616=VERTEX_POINT('',#2183);
#617=VERTEX_POINT('',#2185);
#618=VERTEX_POINT('',#2197);
#619=VERTEX_POINT('',#2210);
#620=VERTEX_POINT('',#2212);
#621=VERTEX_POINT('',#2216);
#622=VERTEX_POINT('',#2217);
#623=VERTEX_POINT('',#2222);
#624=VERTEX_POINT('',#2223);
#625=VERTEX_POINT('',#2228);
#626=VERTEX_POINT('',#2229);
#627=VERTEX_POINT('',#2234);
#628=VERTEX_POINT('',#2239);
#629=VERTEX_POINT('',#2243);
#630=VERTEX_POINT('',#2255);
#631=VERTEX_POINT('',#2257);
#632=VERTEX_POINT('',#2259);
#633=VERTEX_POINT('',#2261);
#634=VERTEX_POINT('',#2263);
#635=VERTEX_POINT('',#2265);
#636=VERTEX_POINT('',#2267);
#637=VERTEX_POINT('',#2270);
#638=VERTEX_POINT('',#2274);
#639=VERTEX_POINT('',#2278);
#640=VERTEX_POINT('',#2282);
#641=VERTEX_POINT('',#2286);
#642=VERTEX_POINT('',#2290);
#643=VERTEX_POINT('',#2294);
#644=VERTEX_POINT('',#2297);
#645=VERTEX_POINT('',#2300);
#646=VERTEX_POINT('',#2303);
#647=VERTEX_POINT('',#2308);
#648=VERTEX_POINT('',#2313);
#649=EDGE_CURVE('',#536,#537,#437,.T.);
#650=EDGE_CURVE('',#537,#538,#438,.T.);
#651=EDGE_CURVE('',#538,#539,#439,.T.);
#652=EDGE_CURVE('',#539,#536,#440,.T.);
#653=EDGE_CURVE('',#540,#541,#441,.T.);
#654=EDGE_CURVE('',#541,#539,#59,.T.);
#655=EDGE_CURVE('',#538,#540,#60,.T.);
#656=EDGE_CURVE('',#542,#543,#442,.T.);
#657=EDGE_CURVE('',#543,#541,#443,.T.);
#658=EDGE_CURVE('',#540,#542,#444,.T.);
#659=EDGE_CURVE('',#544,#545,#445,.T.);
#660=EDGE_CURVE('',#545,#543,#61,.T.);
#661=EDGE_CURVE('',#542,#544,#62,.T.);
#662=EDGE_CURVE('',#546,#547,#446,.T.);
#663=EDGE_CURVE('',#547,#545,#447,.T.);
#664=EDGE_CURVE('',#544,#546,#448,.T.);
#665=EDGE_CURVE('',#548,#549,#449,.T.);
#666=EDGE_CURVE('',#549,#547,#63,.T.);
#667=EDGE_CURVE('',#546,#548,#64,.T.);
#668=EDGE_CURVE('',#550,#551,#450,.T.);
#669=EDGE_CURVE('',#551,#549,#451,.T.);
#670=EDGE_CURVE('',#548,#550,#452,.T.);
#671=EDGE_CURVE('',#536,#551,#65,.T.);
#672=EDGE_CURVE('',#550,#537,#66,.T.);
#673=EDGE_CURVE('',#552,#542,#67,.T.);
#674=EDGE_CURVE('',#553,#552,#68,.T.);
#675=EDGE_CURVE('',#553,#544,#69,.T.);
#676=EDGE_CURVE('',#554,#540,#70,.T.);
#677=EDGE_CURVE('',#552,#554,#453,.T.);
#678=EDGE_CURVE('',#555,#538,#71,.T.);
#679=EDGE_CURVE('',#554,#555,#72,.T.);
#680=EDGE_CURVE('',#537,#556,#73,.T.);
#681=EDGE_CURVE('',#555,#556,#454,.T.);
#682=EDGE_CURVE('',#557,#558,#455,.T.);
#683=EDGE_CURVE('',#559,#557,#74,.T.);
#684=EDGE_CURVE('',#560,#559,#456,.T.);
#685=EDGE_CURVE('',#561,#560,#75,.T.);
#686=EDGE_CURVE('',#562,#561,#457,.T.);
#687=EDGE_CURVE('',#563,#562,#76,.T.);
#688=EDGE_CURVE('',#564,#563,#458,.T.);
#689=EDGE_CURVE('',#558,#564,#77,.T.);
#690=EDGE_CURVE('',#558,#565,#459,.T.);
#691=EDGE_CURVE('',#565,#566,#460,.T.);
#692=EDGE_CURVE('',#566,#557,#461,.T.);
#693=EDGE_CURVE('',#567,#559,#462,.T.);
#694=EDGE_CURVE('',#566,#567,#78,.T.);
#695=EDGE_CURVE('',#568,#560,#463,.T.);
#696=EDGE_CURVE('',#567,#568,#464,.T.);
#697=EDGE_CURVE('',#569,#561,#465,.T.);
#698=EDGE_CURVE('',#568,#569,#79,.T.);
#699=EDGE_CURVE('',#570,#562,#466,.T.);
#700=EDGE_CURVE('',#569,#570,#467,.T.);
#701=EDGE_CURVE('',#571,#563,#468,.T.);
#702=EDGE_CURVE('',#570,#571,#80,.T.);
#703=EDGE_CURVE('',#572,#564,#469,.T.);
#704=EDGE_CURVE('',#571,#572,#470,.T.);
#705=EDGE_CURVE('',#572,#565,#81,.T.);
#706=EDGE_CURVE('',#573,#568,#82,.T.);
#707=EDGE_CURVE('',#573,#574,#83,.T.);
#708=EDGE_CURVE('',#575,#574,#84,.T.);
#709=EDGE_CURVE('',#576,#575,#85,.T.);
#710=EDGE_CURVE('',#576,#569,#86,.T.);
#711=EDGE_CURVE('',#577,#567,#87,.T.);
#712=EDGE_CURVE('',#577,#573,#471,.T.);
#713=EDGE_CURVE('',#578,#566,#88,.T.);
#714=EDGE_CURVE('',#578,#579,#89,.T.);
#715=EDGE_CURVE('',#580,#579,#90,.T.);
#716=EDGE_CURVE('',#581,#580,#91,.T.);
#717=EDGE_CURVE('',#582,#581,#92,.T.);
#718=EDGE_CURVE('',#582,#577,#93,.T.);
#719=EDGE_CURVE('',#583,#565,#94,.T.);
#720=EDGE_CURVE('',#583,#578,#472,.T.);
#721=EDGE_CURVE('',#584,#585,#95,.T.);
#722=EDGE_CURVE('',#585,#581,#18,.T.);
#723=EDGE_CURVE('',#580,#584,#19,.T.);
#724=EDGE_CURVE('',#586,#587,#96,.T.);
#725=EDGE_CURVE('',#587,#582,#473,.T.);
#726=EDGE_CURVE('',#586,#585,#474,.T.);
#727=EDGE_CURVE('',#579,#588,#475,.T.);
#728=EDGE_CURVE('',#588,#589,#97,.T.);
#729=EDGE_CURVE('',#584,#589,#476,.T.);
#730=EDGE_CURVE('',#590,#586,#477,.T.);
#731=EDGE_CURVE('',#591,#590,#98,.T.);
#732=EDGE_CURVE('',#587,#591,#478,.T.);
#733=EDGE_CURVE('',#589,#592,#479,.T.);
#734=EDGE_CURVE('',#592,#593,#480,.T.);
#735=EDGE_CURVE('',#594,#593,#99,.T.);
#736=EDGE_CURVE('',#595,#594,#481,.T.);
#737=EDGE_CURVE('',#596,#595,#100,.T.);
#738=EDGE_CURVE('',#596,#597,#482,.T.);
#739=EDGE_CURVE('',#597,#598,#483,.T.);
#740=EDGE_CURVE('',#598,#599,#484,.T.);
#741=EDGE_CURVE('',#600,#599,#101,.T.);
#742=EDGE_CURVE('',#601,#600,#485,.T.);
#743=EDGE_CURVE('',#602,#601,#102,.T.);
#744=EDGE_CURVE('',#602,#590,#486,.T.);
#745=EDGE_CURVE('',#603,#603,#487,.T.);
#746=EDGE_CURVE('',#604,#604,#488,.T.);
#747=EDGE_CURVE('',#605,#605,#489,.T.);
#748=EDGE_CURVE('',#606,#606,#490,.T.);
#749=EDGE_CURVE('',#607,#588,#491,.T.);
#750=EDGE_CURVE('',#592,#607,#103,.T.);
#751=EDGE_CURVE('',#608,#609,#104,.T.);
#752=EDGE_CURVE('',#609,#610,#492,.T.);
#753=EDGE_CURVE('',#610,#597,#105,.T.);
#754=EDGE_CURVE('',#596,#608,#20,.T.);
#755=EDGE_CURVE('',#611,#612,#106,.T.);
#756=EDGE_CURVE('',#612,#594,#493,.T.);
#757=EDGE_CURVE('',#593,#611,#21,.T.);
#758=EDGE_CURVE('',#613,#595,#494,.T.);
#759=EDGE_CURVE('',#612,#613,#495,.T.);
#760=EDGE_CURVE('',#613,#608,#107,.T.);
#761=EDGE_CURVE('',#607,#614,#496,.T.);
#762=EDGE_CURVE('',#614,#611,#108,.T.);
#763=EDGE_CURVE('',#615,#570,#109,.T.);
#764=EDGE_CURVE('',#616,#615,#110,.T.);
#765=EDGE_CURVE('',#617,#616,#111,.T.);
#766=EDGE_CURVE('',#617,#609,#112,.T.);
#767=EDGE_CURVE('',#613,#571,#113,.T.);
#768=EDGE_CURVE('',#612,#572,#114,.T.);
#769=EDGE_CURVE('',#614,#583,#115,.T.);
#770=EDGE_CURVE('',#615,#600,#497,.T.);
#771=EDGE_CURVE('',#599,#616,#22,.T.);
#772=EDGE_CURVE('',#598,#618,#116,.T.);
#773=EDGE_CURVE('',#618,#617,#498,.T.);
#774=EDGE_CURVE('',#576,#601,#499,.T.);
#775=EDGE_CURVE('',#615,#576,#500,.T.);
#776=EDGE_CURVE('',#575,#602,#23,.T.);
#777=EDGE_CURVE('',#574,#591,#501,.T.);
#778=EDGE_CURVE('',#618,#610,#502,.T.);
#779=EDGE_CURVE('',#619,#555,#503,.T.);
#780=EDGE_CURVE('',#556,#620,#504,.T.);
#781=EDGE_CURVE('',#620,#619,#505,.T.);
#782=EDGE_CURVE('',#621,#622,#506,.T.);
#783=EDGE_CURVE('',#622,#620,#117,.T.);
#784=EDGE_CURVE('',#556,#621,#118,.T.);
#785=EDGE_CURVE('',#623,#624,#507,.T.);
#786=EDGE_CURVE('',#624,#622,#508,.T.);
#787=EDGE_CURVE('',#621,#623,#509,.T.);
#788=EDGE_CURVE('',#625,#626,#510,.T.);
#789=EDGE_CURVE('',#626,#624,#119,.T.);
#790=EDGE_CURVE('',#623,#625,#120,.T.);
#791=EDGE_CURVE('',#553,#627,#511,.T.);
#792=EDGE_CURVE('',#627,#626,#512,.T.);
#793=EDGE_CURVE('',#625,#553,#513,.T.);
#794=EDGE_CURVE('',#552,#628,#514,.T.);
#795=EDGE_CURVE('',#628,#627,#121,.T.);
#796=EDGE_CURVE('',#554,#629,#515,.T.);
#797=EDGE_CURVE('',#629,#628,#516,.T.);
#798=EDGE_CURVE('',#619,#629,#122,.T.);
#799=EDGE_CURVE('',#625,#546,#123,.T.);
#800=EDGE_CURVE('',#623,#548,#124,.T.);
#801=EDGE_CURVE('',#621,#550,#125,.T.);
#802=EDGE_CURVE('',#630,#630,#517,.T.);
#803=EDGE_CURVE('',#631,#631,#518,.T.);
#804=EDGE_CURVE('',#632,#632,#519,.T.);
#805=EDGE_CURVE('',#633,#633,#520,.T.);
#806=EDGE_CURVE('',#634,#634,#521,.T.);
#807=EDGE_CURVE('',#635,#635,#522,.T.);
#808=EDGE_CURVE('',#636,#636,#523,.T.);
#809=EDGE_CURVE('',#630,#637,#126,.T.);
#810=EDGE_CURVE('',#637,#637,#524,.T.);
#811=EDGE_CURVE('',#637,#638,#127,.T.);
#812=EDGE_CURVE('',#638,#638,#525,.T.);
#813=EDGE_CURVE('',#636,#639,#128,.T.);
#814=EDGE_CURVE('',#639,#639,#526,.T.);
#815=EDGE_CURVE('',#639,#640,#129,.T.);
#816=EDGE_CURVE('',#640,#640,#527,.T.);
#817=EDGE_CURVE('',#631,#641,#130,.T.);
#818=EDGE_CURVE('',#641,#641,#528,.T.);
#819=EDGE_CURVE('',#641,#642,#131,.T.);
#820=EDGE_CURVE('',#642,#642,#529,.T.);
#821=EDGE_CURVE('',#643,#643,#530,.T.);
#822=EDGE_CURVE('',#644,#644,#531,.T.);
#823=EDGE_CURVE('',#645,#645,#532,.T.);
#824=EDGE_CURVE('',#646,#646,#533,.T.);
#825=EDGE_CURVE('',#646,#643,#132,.T.);
#826=EDGE_CURVE('',#647,#647,#534,.T.);
#827=EDGE_CURVE('',#647,#644,#133,.T.);
#828=EDGE_CURVE('',#648,#648,#535,.T.);
#829=EDGE_CURVE('',#648,#645,#134,.T.);
#830=EDGE_CURVE('',#635,#606,#135,.T.);
#831=EDGE_CURVE('',#634,#605,#136,.T.);
#832=EDGE_CURVE('',#633,#604,#137,.T.);
#833=EDGE_CURVE('',#632,#603,#138,.T.);
#834=ORIENTED_EDGE('',*,*,#649,.T.);
#835=ORIENTED_EDGE('',*,*,#650,.T.);
#836=ORIENTED_EDGE('',*,*,#651,.T.);
#837=ORIENTED_EDGE('',*,*,#652,.T.);
#838=ORIENTED_EDGE('',*,*,#653,.T.);
#839=ORIENTED_EDGE('',*,*,#654,.T.);
#840=ORIENTED_EDGE('',*,*,#651,.F.);
#841=ORIENTED_EDGE('',*,*,#655,.T.);
#842=ORIENTED_EDGE('',*,*,#656,.T.);
#843=ORIENTED_EDGE('',*,*,#657,.T.);
#844=ORIENTED_EDGE('',*,*,#653,.F.);
#845=ORIENTED_EDGE('',*,*,#658,.T.);
#846=ORIENTED_EDGE('',*,*,#659,.T.);
#847=ORIENTED_EDGE('',*,*,#660,.T.);
#848=ORIENTED_EDGE('',*,*,#656,.F.);
#849=ORIENTED_EDGE('',*,*,#661,.T.);
#850=ORIENTED_EDGE('',*,*,#662,.T.);
#851=ORIENTED_EDGE('',*,*,#663,.T.);
#852=ORIENTED_EDGE('',*,*,#659,.F.);
#853=ORIENTED_EDGE('',*,*,#664,.T.);
#854=ORIENTED_EDGE('',*,*,#665,.T.);
#855=ORIENTED_EDGE('',*,*,#666,.T.);
#856=ORIENTED_EDGE('',*,*,#662,.F.);
#857=ORIENTED_EDGE('',*,*,#667,.T.);
#858=ORIENTED_EDGE('',*,*,#668,.T.);
#859=ORIENTED_EDGE('',*,*,#669,.T.);
#860=ORIENTED_EDGE('',*,*,#665,.F.);
#861=ORIENTED_EDGE('',*,*,#670,.T.);
#862=ORIENTED_EDGE('',*,*,#649,.F.);
#863=ORIENTED_EDGE('',*,*,#671,.T.);
#864=ORIENTED_EDGE('',*,*,#668,.F.);
#865=ORIENTED_EDGE('',*,*,#672,.T.);
#866=ORIENTED_EDGE('',*,*,#661,.F.);
#867=ORIENTED_EDGE('',*,*,#673,.F.);
#868=ORIENTED_EDGE('',*,*,#674,.F.);
#869=ORIENTED_EDGE('',*,*,#675,.T.);
#870=ORIENTED_EDGE('',*,*,#658,.F.);
#871=ORIENTED_EDGE('',*,*,#676,.F.);
#872=ORIENTED_EDGE('',*,*,#677,.F.);
#873=ORIENTED_EDGE('',*,*,#673,.T.);
#874=ORIENTED_EDGE('',*,*,#655,.F.);
#875=ORIENTED_EDGE('',*,*,#678,.F.);
#876=ORIENTED_EDGE('',*,*,#679,.F.);
#877=ORIENTED_EDGE('',*,*,#676,.T.);
#878=ORIENTED_EDGE('',*,*,#650,.F.);
#879=ORIENTED_EDGE('',*,*,#680,.T.);
#880=ORIENTED_EDGE('',*,*,#681,.F.);
#881=ORIENTED_EDGE('',*,*,#678,.T.);
#882=ORIENTED_EDGE('',*,*,#652,.F.);
#883=ORIENTED_EDGE('',*,*,#654,.F.);
#884=ORIENTED_EDGE('',*,*,#657,.F.);
#885=ORIENTED_EDGE('',*,*,#660,.F.);
#886=ORIENTED_EDGE('',*,*,#663,.F.);
#887=ORIENTED_EDGE('',*,*,#666,.F.);
#888=ORIENTED_EDGE('',*,*,#669,.F.);
#889=ORIENTED_EDGE('',*,*,#671,.F.);
#890=ORIENTED_EDGE('',*,*,#682,.F.);
#891=ORIENTED_EDGE('',*,*,#683,.F.);
#892=ORIENTED_EDGE('',*,*,#684,.F.);
#893=ORIENTED_EDGE('',*,*,#685,.F.);
#894=ORIENTED_EDGE('',*,*,#686,.F.);
#895=ORIENTED_EDGE('',*,*,#687,.F.);
#896=ORIENTED_EDGE('',*,*,#688,.F.);
#897=ORIENTED_EDGE('',*,*,#689,.F.);
#898=ORIENTED_EDGE('',*,*,#690,.T.);
#899=ORIENTED_EDGE('',*,*,#691,.T.);
#900=ORIENTED_EDGE('',*,*,#692,.T.);
#901=ORIENTED_EDGE('',*,*,#682,.T.);
#902=ORIENTED_EDGE('',*,*,#693,.T.);
#903=ORIENTED_EDGE('',*,*,#683,.T.);
#904=ORIENTED_EDGE('',*,*,#692,.F.);
#905=ORIENTED_EDGE('',*,*,#694,.T.);
#906=ORIENTED_EDGE('',*,*,#695,.T.);
#907=ORIENTED_EDGE('',*,*,#684,.T.);
#908=ORIENTED_EDGE('',*,*,#693,.F.);
#909=ORIENTED_EDGE('',*,*,#696,.T.);
#910=ORIENTED_EDGE('',*,*,#697,.T.);
#911=ORIENTED_EDGE('',*,*,#685,.T.);
#912=ORIENTED_EDGE('',*,*,#695,.F.);
#913=ORIENTED_EDGE('',*,*,#698,.T.);
#914=ORIENTED_EDGE('',*,*,#699,.T.);
#915=ORIENTED_EDGE('',*,*,#686,.T.);
#916=ORIENTED_EDGE('',*,*,#697,.F.);
#917=ORIENTED_EDGE('',*,*,#700,.T.);
#918=ORIENTED_EDGE('',*,*,#701,.T.);
#919=ORIENTED_EDGE('',*,*,#687,.T.);
#920=ORIENTED_EDGE('',*,*,#699,.F.);
#921=ORIENTED_EDGE('',*,*,#702,.T.);
#922=ORIENTED_EDGE('',*,*,#703,.T.);
#923=ORIENTED_EDGE('',*,*,#688,.T.);
#924=ORIENTED_EDGE('',*,*,#701,.F.);
#925=ORIENTED_EDGE('',*,*,#704,.T.);
#926=ORIENTED_EDGE('',*,*,#690,.F.);
#927=ORIENTED_EDGE('',*,*,#689,.T.);
#928=ORIENTED_EDGE('',*,*,#703,.F.);
#929=ORIENTED_EDGE('',*,*,#705,.T.);
#930=ORIENTED_EDGE('',*,*,#698,.F.);
#931=ORIENTED_EDGE('',*,*,#706,.F.);
#932=ORIENTED_EDGE('',*,*,#707,.T.);
#933=ORIENTED_EDGE('',*,*,#708,.F.);
#934=ORIENTED_EDGE('',*,*,#709,.F.);
#935=ORIENTED_EDGE('',*,*,#710,.T.);
#936=ORIENTED_EDGE('',*,*,#696,.F.);
#937=ORIENTED_EDGE('',*,*,#711,.F.);
#938=ORIENTED_EDGE('',*,*,#712,.T.);
#939=ORIENTED_EDGE('',*,*,#706,.T.);
#940=ORIENTED_EDGE('',*,*,#694,.F.);
#941=ORIENTED_EDGE('',*,*,#713,.F.);
#942=ORIENTED_EDGE('',*,*,#714,.T.);
#943=ORIENTED_EDGE('',*,*,#715,.F.);
#944=ORIENTED_EDGE('',*,*,#716,.F.);
#945=ORIENTED_EDGE('',*,*,#717,.F.);
#946=ORIENTED_EDGE('',*,*,#718,.T.);
#947=ORIENTED_EDGE('',*,*,#711,.T.);
#948=ORIENTED_EDGE('',*,*,#691,.F.);
#949=ORIENTED_EDGE('',*,*,#719,.F.);
#950=ORIENTED_EDGE('',*,*,#720,.T.);
#951=ORIENTED_EDGE('',*,*,#713,.T.);
#952=ORIENTED_EDGE('',*,*,#721,.T.);
#953=ORIENTED_EDGE('',*,*,#722,.T.);
#954=ORIENTED_EDGE('',*,*,#716,.T.);
#955=ORIENTED_EDGE('',*,*,#723,.T.);
#956=ORIENTED_EDGE('',*,*,#724,.T.);
#957=ORIENTED_EDGE('',*,*,#725,.T.);
#958=ORIENTED_EDGE('',*,*,#717,.T.);
#959=ORIENTED_EDGE('',*,*,#722,.F.);
#960=ORIENTED_EDGE('',*,*,#726,.F.);
#961=ORIENTED_EDGE('',*,*,#715,.T.);
#962=ORIENTED_EDGE('',*,*,#727,.T.);
#963=ORIENTED_EDGE('',*,*,#728,.T.);
#964=ORIENTED_EDGE('',*,*,#729,.F.);
#965=ORIENTED_EDGE('',*,*,#723,.F.);
#966=ORIENTED_EDGE('',*,*,#724,.F.);
#967=ORIENTED_EDGE('',*,*,#730,.F.);
#968=ORIENTED_EDGE('',*,*,#731,.F.);
#969=ORIENTED_EDGE('',*,*,#732,.F.);
#970=ORIENTED_EDGE('',*,*,#726,.T.);
#971=ORIENTED_EDGE('',*,*,#721,.F.);
#972=ORIENTED_EDGE('',*,*,#729,.T.);
#973=ORIENTED_EDGE('',*,*,#733,.T.);
#974=ORIENTED_EDGE('',*,*,#734,.T.);
#975=ORIENTED_EDGE('',*,*,#735,.F.);
#976=ORIENTED_EDGE('',*,*,#736,.F.);
#977=ORIENTED_EDGE('',*,*,#737,.F.);
#978=ORIENTED_EDGE('',*,*,#738,.T.);
#979=ORIENTED_EDGE('',*,*,#739,.T.);
#980=ORIENTED_EDGE('',*,*,#740,.T.);
#981=ORIENTED_EDGE('',*,*,#741,.F.);
#982=ORIENTED_EDGE('',*,*,#742,.F.);
#983=ORIENTED_EDGE('',*,*,#743,.F.);
#984=ORIENTED_EDGE('',*,*,#744,.T.);
#985=ORIENTED_EDGE('',*,*,#730,.T.);
#986=ORIENTED_EDGE('',*,*,#745,.T.);
#987=ORIENTED_EDGE('',*,*,#746,.T.);
#988=ORIENTED_EDGE('',*,*,#747,.T.);
#989=ORIENTED_EDGE('',*,*,#748,.T.);
#990=ORIENTED_EDGE('',*,*,#728,.F.);
#991=ORIENTED_EDGE('',*,*,#749,.F.);
#992=ORIENTED_EDGE('',*,*,#750,.F.);
#993=ORIENTED_EDGE('',*,*,#733,.F.);
#994=ORIENTED_EDGE('',*,*,#751,.T.);
#995=ORIENTED_EDGE('',*,*,#752,.T.);
#996=ORIENTED_EDGE('',*,*,#753,.T.);
#997=ORIENTED_EDGE('',*,*,#738,.F.);
#998=ORIENTED_EDGE('',*,*,#754,.T.);
#999=ORIENTED_EDGE('',*,*,#755,.T.);
#1000=ORIENTED_EDGE('',*,*,#756,.T.);
#1001=ORIENTED_EDGE('',*,*,#735,.T.);
#1002=ORIENTED_EDGE('',*,*,#757,.T.);
#1003=ORIENTED_EDGE('',*,*,#758,.T.);
#1004=ORIENTED_EDGE('',*,*,#736,.T.);
#1005=ORIENTED_EDGE('',*,*,#756,.F.);
#1006=ORIENTED_EDGE('',*,*,#759,.T.);
#1007=ORIENTED_EDGE('',*,*,#737,.T.);
#1008=ORIENTED_EDGE('',*,*,#758,.F.);
#1009=ORIENTED_EDGE('',*,*,#760,.T.);
#1010=ORIENTED_EDGE('',*,*,#754,.F.);
#1011=ORIENTED_EDGE('',*,*,#750,.T.);
#1012=ORIENTED_EDGE('',*,*,#761,.T.);
#1013=ORIENTED_EDGE('',*,*,#762,.T.);
#1014=ORIENTED_EDGE('',*,*,#757,.F.);
#1015=ORIENTED_EDGE('',*,*,#734,.F.);
#1016=ORIENTED_EDGE('',*,*,#702,.F.);
#1017=ORIENTED_EDGE('',*,*,#763,.F.);
#1018=ORIENTED_EDGE('',*,*,#764,.F.);
#1019=ORIENTED_EDGE('',*,*,#765,.F.);
#1020=ORIENTED_EDGE('',*,*,#766,.T.);
#1021=ORIENTED_EDGE('',*,*,#751,.F.);
#1022=ORIENTED_EDGE('',*,*,#760,.F.);
#1023=ORIENTED_EDGE('',*,*,#767,.T.);
#1024=ORIENTED_EDGE('',*,*,#704,.F.);
#1025=ORIENTED_EDGE('',*,*,#767,.F.);
#1026=ORIENTED_EDGE('',*,*,#759,.F.);
#1027=ORIENTED_EDGE('',*,*,#768,.T.);
#1028=ORIENTED_EDGE('',*,*,#705,.F.);
#1029=ORIENTED_EDGE('',*,*,#768,.F.);
#1030=ORIENTED_EDGE('',*,*,#755,.F.);
#1031=ORIENTED_EDGE('',*,*,#762,.F.);
#1032=ORIENTED_EDGE('',*,*,#769,.T.);
#1033=ORIENTED_EDGE('',*,*,#719,.T.);
#1034=ORIENTED_EDGE('',*,*,#764,.T.);
#1035=ORIENTED_EDGE('',*,*,#770,.T.);
#1036=ORIENTED_EDGE('',*,*,#741,.T.);
#1037=ORIENTED_EDGE('',*,*,#771,.T.);
#1038=ORIENTED_EDGE('',*,*,#772,.T.);
#1039=ORIENTED_EDGE('',*,*,#773,.T.);
#1040=ORIENTED_EDGE('',*,*,#765,.T.);
#1041=ORIENTED_EDGE('',*,*,#771,.F.);
#1042=ORIENTED_EDGE('',*,*,#740,.F.);
#1043=ORIENTED_EDGE('',*,*,#774,.T.);
#1044=ORIENTED_EDGE('',*,*,#742,.T.);
#1045=ORIENTED_EDGE('',*,*,#770,.F.);
#1046=ORIENTED_EDGE('',*,*,#775,.T.);
#1047=ORIENTED_EDGE('',*,*,#743,.T.);
#1048=ORIENTED_EDGE('',*,*,#774,.F.);
#1049=ORIENTED_EDGE('',*,*,#709,.T.);
#1050=ORIENTED_EDGE('',*,*,#776,.T.);
#1051=ORIENTED_EDGE('',*,*,#708,.T.);
#1052=ORIENTED_EDGE('',*,*,#777,.T.);
#1053=ORIENTED_EDGE('',*,*,#731,.T.);
#1054=ORIENTED_EDGE('',*,*,#744,.F.);
#1055=ORIENTED_EDGE('',*,*,#776,.F.);
#1056=ORIENTED_EDGE('',*,*,#753,.F.);
#1057=ORIENTED_EDGE('',*,*,#778,.F.);
#1058=ORIENTED_EDGE('',*,*,#772,.F.);
#1059=ORIENTED_EDGE('',*,*,#739,.F.);
#1060=ORIENTED_EDGE('',*,*,#779,.T.);
#1061=ORIENTED_EDGE('',*,*,#681,.T.);
#1062=ORIENTED_EDGE('',*,*,#780,.T.);
#1063=ORIENTED_EDGE('',*,*,#781,.T.);
#1064=ORIENTED_EDGE('',*,*,#782,.T.);
#1065=ORIENTED_EDGE('',*,*,#783,.T.);
#1066=ORIENTED_EDGE('',*,*,#780,.F.);
#1067=ORIENTED_EDGE('',*,*,#784,.T.);
#1068=ORIENTED_EDGE('',*,*,#785,.T.);
#1069=ORIENTED_EDGE('',*,*,#786,.T.);
#1070=ORIENTED_EDGE('',*,*,#782,.F.);
#1071=ORIENTED_EDGE('',*,*,#787,.T.);
#1072=ORIENTED_EDGE('',*,*,#788,.T.);
#1073=ORIENTED_EDGE('',*,*,#789,.T.);
#1074=ORIENTED_EDGE('',*,*,#785,.F.);
#1075=ORIENTED_EDGE('',*,*,#790,.T.);
#1076=ORIENTED_EDGE('',*,*,#791,.T.);
#1077=ORIENTED_EDGE('',*,*,#792,.T.);
#1078=ORIENTED_EDGE('',*,*,#788,.F.);
#1079=ORIENTED_EDGE('',*,*,#793,.T.);
#1080=ORIENTED_EDGE('',*,*,#794,.T.);
#1081=ORIENTED_EDGE('',*,*,#795,.T.);
#1082=ORIENTED_EDGE('',*,*,#791,.F.);
#1083=ORIENTED_EDGE('',*,*,#674,.T.);
#1084=ORIENTED_EDGE('',*,*,#796,.T.);
#1085=ORIENTED_EDGE('',*,*,#797,.T.);
#1086=ORIENTED_EDGE('',*,*,#794,.F.);
#1087=ORIENTED_EDGE('',*,*,#677,.T.);
#1088=ORIENTED_EDGE('',*,*,#779,.F.);
#1089=ORIENTED_EDGE('',*,*,#798,.T.);
#1090=ORIENTED_EDGE('',*,*,#796,.F.);
#1091=ORIENTED_EDGE('',*,*,#679,.T.);
#1092=ORIENTED_EDGE('',*,*,#667,.F.);
#1093=ORIENTED_EDGE('',*,*,#799,.F.);
#1094=ORIENTED_EDGE('',*,*,#790,.F.);
#1095=ORIENTED_EDGE('',*,*,#800,.T.);
#1096=ORIENTED_EDGE('',*,*,#670,.F.);
#1097=ORIENTED_EDGE('',*,*,#800,.F.);
#1098=ORIENTED_EDGE('',*,*,#787,.F.);
#1099=ORIENTED_EDGE('',*,*,#801,.T.);
#1100=ORIENTED_EDGE('',*,*,#672,.F.);
#1101=ORIENTED_EDGE('',*,*,#801,.F.);
#1102=ORIENTED_EDGE('',*,*,#784,.F.);
#1103=ORIENTED_EDGE('',*,*,#680,.F.);
#1104=ORIENTED_EDGE('',*,*,#781,.F.);
#1105=ORIENTED_EDGE('',*,*,#783,.F.);
#1106=ORIENTED_EDGE('',*,*,#786,.F.);
#1107=ORIENTED_EDGE('',*,*,#789,.F.);
#1108=ORIENTED_EDGE('',*,*,#792,.F.);
#1109=ORIENTED_EDGE('',*,*,#795,.F.);
#1110=ORIENTED_EDGE('',*,*,#797,.F.);
#1111=ORIENTED_EDGE('',*,*,#798,.F.);
#1112=ORIENTED_EDGE('',*,*,#802,.F.);
#1113=ORIENTED_EDGE('',*,*,#803,.F.);
#1114=ORIENTED_EDGE('',*,*,#804,.T.);
#1115=ORIENTED_EDGE('',*,*,#805,.T.);
#1116=ORIENTED_EDGE('',*,*,#806,.T.);
#1117=ORIENTED_EDGE('',*,*,#807,.T.);
#1118=ORIENTED_EDGE('',*,*,#808,.F.);
#1119=ORIENTED_EDGE('',*,*,#802,.T.);
#1120=ORIENTED_EDGE('',*,*,#809,.T.);
#1121=ORIENTED_EDGE('',*,*,#810,.T.);
#1122=ORIENTED_EDGE('',*,*,#809,.F.);
#1123=ORIENTED_EDGE('',*,*,#810,.F.);
#1124=ORIENTED_EDGE('',*,*,#811,.T.);
#1125=ORIENTED_EDGE('',*,*,#812,.F.);
#1126=ORIENTED_EDGE('',*,*,#811,.F.);
#1127=ORIENTED_EDGE('',*,*,#808,.T.);
#1128=ORIENTED_EDGE('',*,*,#813,.T.);
#1129=ORIENTED_EDGE('',*,*,#814,.T.);
#1130=ORIENTED_EDGE('',*,*,#813,.F.);
#1131=ORIENTED_EDGE('',*,*,#814,.F.);
#1132=ORIENTED_EDGE('',*,*,#815,.T.);
#1133=ORIENTED_EDGE('',*,*,#816,.F.);
#1134=ORIENTED_EDGE('',*,*,#815,.F.);
#1135=ORIENTED_EDGE('',*,*,#803,.T.);
#1136=ORIENTED_EDGE('',*,*,#817,.T.);
#1137=ORIENTED_EDGE('',*,*,#818,.T.);
#1138=ORIENTED_EDGE('',*,*,#817,.F.);
#1139=ORIENTED_EDGE('',*,*,#818,.F.);
#1140=ORIENTED_EDGE('',*,*,#819,.T.);
#1141=ORIENTED_EDGE('',*,*,#820,.F.);
#1142=ORIENTED_EDGE('',*,*,#819,.F.);
#1143=ORIENTED_EDGE('',*,*,#766,.F.);
#1144=ORIENTED_EDGE('',*,*,#773,.F.);
#1145=ORIENTED_EDGE('',*,*,#778,.T.);
#1146=ORIENTED_EDGE('',*,*,#752,.F.);
#1147=ORIENTED_EDGE('',*,*,#821,.F.);
#1148=ORIENTED_EDGE('',*,*,#718,.F.);
#1149=ORIENTED_EDGE('',*,*,#725,.F.);
#1150=ORIENTED_EDGE('',*,*,#732,.T.);
#1151=ORIENTED_EDGE('',*,*,#777,.F.);
#1152=ORIENTED_EDGE('',*,*,#707,.F.);
#1153=ORIENTED_EDGE('',*,*,#712,.F.);
#1154=ORIENTED_EDGE('',*,*,#822,.F.);
#1155=ORIENTED_EDGE('',*,*,#769,.F.);
#1156=ORIENTED_EDGE('',*,*,#761,.F.);
#1157=ORIENTED_EDGE('',*,*,#749,.T.);
#1158=ORIENTED_EDGE('',*,*,#727,.F.);
#1159=ORIENTED_EDGE('',*,*,#714,.F.);
#1160=ORIENTED_EDGE('',*,*,#720,.F.);
#1161=ORIENTED_EDGE('',*,*,#823,.F.);
#1162=ORIENTED_EDGE('',*,*,#824,.F.);
#1163=ORIENTED_EDGE('',*,*,#825,.T.);
#1164=ORIENTED_EDGE('',*,*,#821,.T.);
#1165=ORIENTED_EDGE('',*,*,#825,.F.);
#1166=ORIENTED_EDGE('',*,*,#824,.T.);
#1167=ORIENTED_EDGE('',*,*,#820,.T.);
#1168=ORIENTED_EDGE('',*,*,#826,.F.);
#1169=ORIENTED_EDGE('',*,*,#827,.T.);
#1170=ORIENTED_EDGE('',*,*,#822,.T.);
#1171=ORIENTED_EDGE('',*,*,#827,.F.);
#1172=ORIENTED_EDGE('',*,*,#826,.T.);
#1173=ORIENTED_EDGE('',*,*,#816,.T.);
#1174=ORIENTED_EDGE('',*,*,#828,.F.);
#1175=ORIENTED_EDGE('',*,*,#829,.T.);
#1176=ORIENTED_EDGE('',*,*,#823,.T.);
#1177=ORIENTED_EDGE('',*,*,#829,.F.);
#1178=ORIENTED_EDGE('',*,*,#828,.T.);
#1179=ORIENTED_EDGE('',*,*,#812,.T.);
#1180=ORIENTED_EDGE('',*,*,#700,.F.);
#1181=ORIENTED_EDGE('',*,*,#710,.F.);
#1182=ORIENTED_EDGE('',*,*,#775,.F.);
#1183=ORIENTED_EDGE('',*,*,#763,.T.);
#1184=ORIENTED_EDGE('',*,*,#807,.F.);
#1185=ORIENTED_EDGE('',*,*,#830,.T.);
#1186=ORIENTED_EDGE('',*,*,#748,.F.);
#1187=ORIENTED_EDGE('',*,*,#830,.F.);
#1188=ORIENTED_EDGE('',*,*,#806,.F.);
#1189=ORIENTED_EDGE('',*,*,#831,.T.);
#1190=ORIENTED_EDGE('',*,*,#747,.F.);
#1191=ORIENTED_EDGE('',*,*,#831,.F.);
#1192=ORIENTED_EDGE('',*,*,#805,.F.);
#1193=ORIENTED_EDGE('',*,*,#832,.T.);
#1194=ORIENTED_EDGE('',*,*,#746,.F.);
#1195=ORIENTED_EDGE('',*,*,#832,.F.);
#1196=ORIENTED_EDGE('',*,*,#804,.F.);
#1197=ORIENTED_EDGE('',*,*,#833,.T.);
#1198=ORIENTED_EDGE('',*,*,#745,.F.);
#1199=ORIENTED_EDGE('',*,*,#833,.F.);
#1200=ORIENTED_EDGE('',*,*,#664,.F.);
#1201=ORIENTED_EDGE('',*,*,#675,.F.);
#1202=ORIENTED_EDGE('',*,*,#793,.F.);
#1203=ORIENTED_EDGE('',*,*,#799,.T.);
#1204=TOROIDAL_SURFACE('',#1319,5.81,1.);
#1205=TOROIDAL_SURFACE('',#1326,5.81,1.);
#1206=TOROIDAL_SURFACE('',#1332,5.81,1.);
#1207=TOROIDAL_SURFACE('',#1338,5.81,1.);
#1208=TOROIDAL_SURFACE('',#1354,5.31000000000001,1.);
#1209=TOROIDAL_SURFACE('',#1360,5.31,1.);
#1210=TOROIDAL_SURFACE('',#1365,5.31000000000001,1.);
#1211=TOROIDAL_SURFACE('',#1370,5.31000000000001,1.);
#1212=TOROIDAL_SURFACE('',#1413,3.31000000000001,1.);
#1213=TOROIDAL_SURFACE('',#1427,3.31,1.);
#1214=TOROIDAL_SURFACE('',#1436,5.81,1.);
#1215=TOROIDAL_SURFACE('',#1442,5.81,1.);
#1216=TOROIDAL_SURFACE('',#1448,5.81,1.);
#1217=TOROIDAL_SURFACE('',#1454,5.81,1.);
#1218=ADVANCED_FACE('',(#263),#1204,.T.);
#1219=ADVANCED_FACE('',(#264),#219,.T.);
#1220=ADVANCED_FACE('',(#265),#1205,.T.);
#1221=ADVANCED_FACE('',(#266),#220,.T.);
#1222=ADVANCED_FACE('',(#267),#1206,.T.);
#1223=ADVANCED_FACE('',(#268),#221,.T.);
#1224=ADVANCED_FACE('',(#269),#1207,.T.);
#1225=ADVANCED_FACE('',(#270),#222,.T.);
#1226=ADVANCED_FACE('',(#271),#42,.T.);
#1227=ADVANCED_FACE('',(#272),#223,.T.);
#1228=ADVANCED_FACE('',(#273),#43,.T.);
#1229=ADVANCED_FACE('',(#274),#224,.T.);
#1230=ADVANCED_FACE('',(#275,#24),#44,.T.);
#1231=ADVANCED_FACE('',(#276),#1208,.T.);
#1232=ADVANCED_FACE('',(#277),#225,.T.);
#1233=ADVANCED_FACE('',(#278),#1209,.T.);
#1234=ADVANCED_FACE('',(#279),#226,.T.);
#1235=ADVANCED_FACE('',(#280),#1210,.T.);
#1236=ADVANCED_FACE('',(#281),#227,.T.);
#1237=ADVANCED_FACE('',(#282),#1211,.T.);
#1238=ADVANCED_FACE('',(#283),#228,.T.);
#1239=ADVANCED_FACE('',(#284),#45,.T.);
#1240=ADVANCED_FACE('',(#285),#229,.F.);
#1241=ADVANCED_FACE('',(#286),#46,.T.);
#1242=ADVANCED_FACE('',(#287),#230,.F.);
#1243=ADVANCED_FACE('',(#288),#231,.F.);
#1244=ADVANCED_FACE('',(#289),#232,.F.);
#1245=ADVANCED_FACE('',(#290),#233,.F.);
#1246=ADVANCED_FACE('',(#291),#234,.T.);
#1247=ADVANCED_FACE('',(#292,#25,#26,#27,#28),#47,.T.);
#1248=ADVANCED_FACE('',(#293),#235,.T.);
#1249=ADVANCED_FACE('',(#294),#236,.F.);
#1250=ADVANCED_FACE('',(#295),#237,.F.);
#1251=ADVANCED_FACE('',(#296),#1212,.F.);
#1252=ADVANCED_FACE('',(#297),#238,.F.);
#1253=ADVANCED_FACE('',(#298),#239,.F.);
#1254=ADVANCED_FACE('',(#299),#48,.T.);
#1255=ADVANCED_FACE('',(#300),#240,.F.);
#1256=ADVANCED_FACE('',(#301),#49,.T.);
#1257=ADVANCED_FACE('',(#302),#241,.F.);
#1258=ADVANCED_FACE('',(#303),#242,.F.);
#1259=ADVANCED_FACE('',(#304),#1213,.F.);
#1260=ADVANCED_FACE('',(#305),#243,.F.);
#1261=ADVANCED_FACE('',(#306),#244,.F.);
#1262=ADVANCED_FACE('',(#307),#245,.T.);
#1263=ADVANCED_FACE('',(#308),#1214,.T.);
#1264=ADVANCED_FACE('',(#309),#246,.T.);
#1265=ADVANCED_FACE('',(#310),#1215,.T.);
#1266=ADVANCED_FACE('',(#311),#247,.T.);
#1267=ADVANCED_FACE('',(#312),#1216,.T.);
#1268=ADVANCED_FACE('',(#313),#248,.T.);
#1269=ADVANCED_FACE('',(#314),#1217,.T.);
#1270=ADVANCED_FACE('',(#315),#249,.T.);
#1271=ADVANCED_FACE('',(#316),#50,.T.);
#1272=ADVANCED_FACE('',(#317),#250,.T.);
#1273=ADVANCED_FACE('',(#318),#51,.T.);
#1274=ADVANCED_FACE('',(#319,#29,#30,#31,#32,#33,#34,#35),#52,.F.);
#1275=ADVANCED_FACE('',(#320),#15,.F.);
#1276=ADVANCED_FACE('',(#321),#251,.F.);
#1277=ADVANCED_FACE('',(#322),#16,.F.);
#1278=ADVANCED_FACE('',(#323),#252,.F.);
#1279=ADVANCED_FACE('',(#324),#17,.F.);
#1280=ADVANCED_FACE('',(#325),#253,.F.);
#1281=ADVANCED_FACE('',(#326,#36),#53,.T.);
#1282=ADVANCED_FACE('',(#327,#37),#54,.T.);
#1283=ADVANCED_FACE('',(#328,#38),#55,.T.);
#1284=ADVANCED_FACE('',(#329),#254,.T.);
#1285=ADVANCED_FACE('',(#330,#39),#56,.T.);
#1286=ADVANCED_FACE('',(#331),#255,.T.);
#1287=ADVANCED_FACE('',(#332,#40),#57,.T.);
#1288=ADVANCED_FACE('',(#333),#256,.T.);
#1289=ADVANCED_FACE('',(#334,#41),#58,.T.);
#1290=ADVANCED_FACE('',(#335),#257,.F.);
#1291=ADVANCED_FACE('',(#336),#258,.F.);
#1292=ADVANCED_FACE('',(#337),#259,.F.);
#1293=ADVANCED_FACE('',(#338),#260,.F.);
#1294=ADVANCED_FACE('',(#339),#261,.F.);
#1295=ADVANCED_FACE('',(#340),#262,.T.);
#1296=CLOSED_SHELL('',(#1218,#1219,#1220,#1221,#1222,#1223,#1224,#1225,
#1226,#1227,#1228,#1229,#1230,#1231,#1232,#1233,#1234,#1235,#1236,#1237,
#1238,#1239,#1240,#1241,#1242,#1243,#1244,#1245,#1246,#1247,#1248,#1249,
#1250,#1251,#1252,#1253,#1254,#1255,#1256,#1257,#1258,#1259,#1260,#1261,
#1262,#1263,#1264,#1265,#1266,#1267,#1268,#1269,#1270,#1271,#1272,#1273,
#1274,#1275,#1276,#1277,#1278,#1279,#1280,#1281,#1282,#1283,#1284,#1285,
#1286,#1287,#1288,#1289,#1290,#1291,#1292,#1293,#1294,#1295));
#1297=DERIVED_UNIT_ELEMENT(#1300,1.);
#1298=DERIVED_UNIT_ELEMENT(#2332,-3.);
#1299=DIMENSIONAL_EXPONENTS(0.,1.,0.,0.,0.,0.,0.);
#1300=(
CONVERSION_BASED_UNIT('gram',#1302)
MASS_UNIT()
NAMED_UNIT(#1299)
);
#1301=(
MASS_UNIT()
NAMED_UNIT(*)
SI_UNIT(.KILO.,.GRAM.)
);
#1302=MASS_MEASURE_WITH_UNIT(MASS_MEASURE(0.001),#1301);
#1303=DERIVED_UNIT((#1297,#1298));
#1304=MEASURE_REPRESENTATION_ITEM('density measure',
POSITIVE_RATIO_MEASURE(0.93),#1303);
#1305=PROPERTY_DEFINITION_REPRESENTATION(#1310,#1307);
#1306=PROPERTY_DEFINITION_REPRESENTATION(#1311,#1308);
#1307=REPRESENTATION('material name',(#1309),#2329);
#1308=REPRESENTATION('density',(#1304),#2329);
#1309=DESCRIPTIVE_REPRESENTATION_ITEM('Gummi','Gummi');
#1310=PROPERTY_DEFINITION('material property','material name',#2339);
#1311=PROPERTY_DEFINITION('material property','density of part',#2339);
#1312=DATE_TIME_ROLE('creation_date');
#1313=APPLIED_DATE_AND_TIME_ASSIGNMENT(#1314,#1312,(#2339));
#1314=DATE_AND_TIME(#1315,#1316);
#1315=CALENDAR_DATE(2025,24,8);
#1316=LOCAL_TIME(0,0,0.,#1317);
#1317=COORDINATED_UNIVERSAL_TIME_OFFSET(0,0,.BEHIND.);
#1318=AXIS2_PLACEMENT_3D('',#1950,#1502,#1503);
#1319=AXIS2_PLACEMENT_3D('',#1951,#1504,#1505);
#1320=AXIS2_PLACEMENT_3D('',#1954,#1506,#1507);
#1321=AXIS2_PLACEMENT_3D('',#1956,#1508,#1509);
#1322=AXIS2_PLACEMENT_3D('',#1958,#1510,#1511);
#1323=AXIS2_PLACEMENT_3D('',#1959,#1512,#1513);
#1324=AXIS2_PLACEMENT_3D('',#1960,#1514,#1515);
#1325=AXIS2_PLACEMENT_3D('',#1963,#1516,#1517);
#1326=AXIS2_PLACEMENT_3D('',#1966,#1520,#1521);
#1327=AXIS2_PLACEMENT_3D('',#1969,#1522,#1523);
#1328=AXIS2_PLACEMENT_3D('',#1970,#1524,#1525);
#1329=AXIS2_PLACEMENT_3D('',#1971,#1526,#1527);
#1330=AXIS2_PLACEMENT_3D('',#1972,#1528,#1529);
#1331=AXIS2_PLACEMENT_3D('',#1975,#1530,#1531);
#1332=AXIS2_PLACEMENT_3D('',#1978,#1534,#1535);
#1333=AXIS2_PLACEMENT_3D('',#1981,#1536,#1537);
#1334=AXIS2_PLACEMENT_3D('',#1982,#1538,#1539);
#1335=AXIS2_PLACEMENT_3D('',#1983,#1540,#1541);
#1336=AXIS2_PLACEMENT_3D('',#1984,#1542,#1543);
#1337=AXIS2_PLACEMENT_3D('',#1987,#1544,#1545);
#1338=AXIS2_PLACEMENT_3D('',#1990,#1548,#1549);
#1339=AXIS2_PLACEMENT_3D('',#1993,#1550,#1551);
#1340=AXIS2_PLACEMENT_3D('',#1994,#1552,#1553);
#1341=AXIS2_PLACEMENT_3D('',#1995,#1554,#1555);
#1342=AXIS2_PLACEMENT_3D('',#1996,#1556,#1557);
#1343=AXIS2_PLACEMENT_3D('',#1999,#1560,#1561);
#1344=AXIS2_PLACEMENT_3D('',#2005,#1565,#1566);
#1345=AXIS2_PLACEMENT_3D('',#2008,#1568,#1569);
#1346=AXIS2_PLACEMENT_3D('',#2009,#1570,#1571);
#1347=AXIS2_PLACEMENT_3D('',#2013,#1574,#1575);
#1348=AXIS2_PLACEMENT_3D('',#2016,#1577,#1578);
#1349=AXIS2_PLACEMENT_3D('',#2017,#1579,#1580);
#1350=AXIS2_PLACEMENT_3D('',#2020,#1581,#1582);
#1351=AXIS2_PLACEMENT_3D('',#2024,#1584,#1585);
#1352=AXIS2_PLACEMENT_3D('',#2028,#1587,#1588);
#1353=AXIS2_PLACEMENT_3D('',#2032,#1590,#1591);
#1354=AXIS2_PLACEMENT_3D('',#2034,#1593,#1594);
#1355=AXIS2_PLACEMENT_3D('',#2036,#1595,#1596);
#1356=AXIS2_PLACEMENT_3D('',#2038,#1597,#1598);
#1357=AXIS2_PLACEMENT_3D('',#2039,#1599,#1600);
#1358=AXIS2_PLACEMENT_3D('',#2040,#1601,#1602);
#1359=AXIS2_PLACEMENT_3D('',#2042,#1603,#1604);
#1360=AXIS2_PLACEMENT_3D('',#2044,#1606,#1607);
#1361=AXIS2_PLACEMENT_3D('',#2046,#1608,#1609);
#1362=AXIS2_PLACEMENT_3D('',#2047,#1610,#1611);
#1363=AXIS2_PLACEMENT_3D('',#2048,#1612,#1613);
#1364=AXIS2_PLACEMENT_3D('',#2050,#1614,#1615);
#1365=AXIS2_PLACEMENT_3D('',#2052,#1617,#1618);
#1366=AXIS2_PLACEMENT_3D('',#2054,#1619,#1620);
#1367=AXIS2_PLACEMENT_3D('',#2055,#1621,#1622);
#1368=AXIS2_PLACEMENT_3D('',#2056,#1623,#1624);
#1369=AXIS2_PLACEMENT_3D('',#2058,#1625,#1626);
#1370=AXIS2_PLACEMENT_3D('',#2060,#1628,#1629);
#1371=AXIS2_PLACEMENT_3D('',#2062,#1630,#1631);
#1372=AXIS2_PLACEMENT_3D('',#2063,#1632,#1633);
#1373=AXIS2_PLACEMENT_3D('',#2064,#1634,#1635);
#1374=AXIS2_PLACEMENT_3D('',#2066,#1637,#1638);
#1375=AXIS2_PLACEMENT_3D('',#2076,#1644,#1645);
#1376=AXIS2_PLACEMENT_3D('',#2079,#1647,#1648);
#1377=AXIS2_PLACEMENT_3D('',#2080,#1649,#1650);
#1378=AXIS2_PLACEMENT_3D('',#2092,#1657,#1658);
#1379=AXIS2_PLACEMENT_3D('',#2095,#1660,#1661);
#1380=AXIS2_PLACEMENT_3D('',#2096,#1662,#1663);
#1381=AXIS2_PLACEMENT_3D('',#2100,#1665,#1666);
#1382=AXIS2_PLACEMENT_3D('',#2101,#1667,#1668);
#1383=AXIS2_PLACEMENT_3D('',#2102,#1669,#1670);
#1384=AXIS2_PLACEMENT_3D('',#2106,#1672,#1673);
#1385=AXIS2_PLACEMENT_3D('',#2107,#1674,#1675);
#1386=AXIS2_PLACEMENT_3D('',#2108,#1676,#1677);
#1387=AXIS2_PLACEMENT_3D('',#2110,#1678,#1679);
#1388=AXIS2_PLACEMENT_3D('',#2113,#1681,#1682);
#1389=AXIS2_PLACEMENT_3D('',#2114,#1683,#1684);
#1390=AXIS2_PLACEMENT_3D('',#2116,#1685,#1686);
#1391=AXIS2_PLACEMENT_3D('',#2119,#1688,#1689);
#1392=AXIS2_PLACEMENT_3D('',#2120,#1690,#1691);
#1393=AXIS2_PLACEMENT_3D('',#2122,#1692,#1693);
#1394=AXIS2_PLACEMENT_3D('',#2124,#1694,#1695);
#1395=AXIS2_PLACEMENT_3D('',#2128,#1697,#1698);
#1396=AXIS2_PLACEMENT_3D('',#2132,#1700,#1701);
#1397=AXIS2_PLACEMENT_3D('',#2134,#1702,#1703);
#1398=AXIS2_PLACEMENT_3D('',#2136,#1704,#1705);
#1399=AXIS2_PLACEMENT_3D('',#2140,#1707,#1708);
#1400=AXIS2_PLACEMENT_3D('',#2143,#1710,#1711);
#1401=AXIS2_PLACEMENT_3D('',#2145,#1712,#1713);
#1402=AXIS2_PLACEMENT_3D('',#2147,#1714,#1715);
#1403=AXIS2_PLACEMENT_3D('',#2149,#1716,#1717);
#1404=AXIS2_PLACEMENT_3D('',#2151,#1718,#1719);
#1405=AXIS2_PLACEMENT_3D('',#2152,#1720,#1721);
#1406=AXIS2_PLACEMENT_3D('',#2154,#1722,#1723);
#1407=AXIS2_PLACEMENT_3D('',#2156,#1725,#1726);
#1408=AXIS2_PLACEMENT_3D('',#2161,#1728,#1729);
#1409=AXIS2_PLACEMENT_3D('',#2163,#1731,#1732);
#1410=AXIS2_PLACEMENT_3D('',#2164,#1733,#1734);
#1411=AXIS2_PLACEMENT_3D('',#2168,#1736,#1737);
#1412=AXIS2_PLACEMENT_3D('',#2169,#1738,#1739);
#1413=AXIS2_PLACEMENT_3D('',#2170,#1740,#1741);
#1414=AXIS2_PLACEMENT_3D('',#2172,#1742,#1743);
#1415=AXIS2_PLACEMENT_3D('',#2173,#1744,#1745);
#1416=AXIS2_PLACEMENT_3D('',#2174,#1746,#1747);
#1417=AXIS2_PLACEMENT_3D('',#2176,#1749,#1750);
#1418=AXIS2_PLACEMENT_3D('',#2178,#1751,#1752);
#1419=AXIS2_PLACEMENT_3D('',#2180,#1754,#1755);
#1420=AXIS2_PLACEMENT_3D('',#2189,#1761,#1762);
#1421=AXIS2_PLACEMENT_3D('',#2191,#1764,#1765);
#1422=AXIS2_PLACEMENT_3D('',#2193,#1767,#1768);
#1423=AXIS2_PLACEMENT_3D('',#2194,#1769,#1770);
#1424=AXIS2_PLACEMENT_3D('',#2195,#1771,#1772);
#1425=AXIS2_PLACEMENT_3D('',#2196,#1773,#1774);
#1426=AXIS2_PLACEMENT_3D('',#2199,#1776,#1777);
#1427=AXIS2_PLACEMENT_3D('',#2200,#1778,#1779);
#1428=AXIS2_PLACEMENT_3D('',#2201,#1780,#1781);
#1429=AXIS2_PLACEMENT_3D('',#2202,#1782,#1783);
#1430=AXIS2_PLACEMENT_3D('',#2203,#1784,#1785);
#1431=AXIS2_PLACEMENT_3D('',#2204,#1786,#1787);
#1432=AXIS2_PLACEMENT_3D('',#2205,#1788,#1789);
#1433=AXIS2_PLACEMENT_3D('',#2206,#1790,#1791);
#1434=AXIS2_PLACEMENT_3D('',#2207,#1792,#1793);
#1435=AXIS2_PLACEMENT_3D('',#2208,#1794,#1795);
#1436=AXIS2_PLACEMENT_3D('',#2209,#1796,#1797);
#1437=AXIS2_PLACEMENT_3D('',#2211,#1798,#1799);
#1438=AXIS2_PLACEMENT_3D('',#2213,#1800,#1801);
#1439=AXIS2_PLACEMENT_3D('',#2214,#1802,#1803);
#1440=AXIS2_PLACEMENT_3D('',#2215,#1804,#1805);
#1441=AXIS2_PLACEMENT_3D('',#2218,#1806,#1807);
#1442=AXIS2_PLACEMENT_3D('',#2221,#1810,#1811);
#1443=AXIS2_PLACEMENT_3D('',#2224,#1812,#1813);
#1444=AXIS2_PLACEMENT_3D('',#2225,#1814,#1815);
#1445=AXIS2_PLACEMENT_3D('',#2226,#1816,#1817);
#1446=AXIS2_PLACEMENT_3D('',#2227,#1818,#1819);
#1447=AXIS2_PLACEMENT_3D('',#2230,#1820,#1821);
#1448=AXIS2_PLACEMENT_3D('',#2233,#1824,#1825);
#1449=AXIS2_PLACEMENT_3D('',#2235,#1826,#1827);
#1450=AXIS2_PLACEMENT_3D('',#2236,#1828,#1829);
#1451=AXIS2_PLACEMENT_3D('',#2237,#1830,#1831);
#1452=AXIS2_PLACEMENT_3D('',#2238,#1832,#1833);
#1453=AXIS2_PLACEMENT_3D('',#2240,#1834,#1835);
#1454=AXIS2_PLACEMENT_3D('',#2242,#1837,#1838);
#1455=AXIS2_PLACEMENT_3D('',#2244,#1839,#1840);
#1456=AXIS2_PLACEMENT_3D('',#2245,#1841,#1842);
#1457=AXIS2_PLACEMENT_3D('',#2246,#1843,#1844);
#1458=AXIS2_PLACEMENT_3D('',#2248,#1846,#1847);
#1459=AXIS2_PLACEMENT_3D('',#2251,#1850,#1851);
#1460=AXIS2_PLACEMENT_3D('',#2253,#1853,#1854);
#1461=AXIS2_PLACEMENT_3D('',#2254,#1855,#1856);
#1462=AXIS2_PLACEMENT_3D('',#2256,#1857,#1858);
#1463=AXIS2_PLACEMENT_3D('',#2258,#1859,#1860);
#1464=AXIS2_PLACEMENT_3D('',#2260,#1861,#1862);
#1465=AXIS2_PLACEMENT_3D('',#2262,#1863,#1864);
#1466=AXIS2_PLACEMENT_3D('',#2264,#1865,#1866);
#1467=AXIS2_PLACEMENT_3D('',#2266,#1867,#1868);
#1468=AXIS2_PLACEMENT_3D('',#2268,#1869,#1870);
#1469=AXIS2_PLACEMENT_3D('',#2269,#1871,#1872);
#1470=AXIS2_PLACEMENT_3D('',#2272,#1874,#1875);
#1471=AXIS2_PLACEMENT_3D('',#2273,#1876,#1877);
#1472=AXIS2_PLACEMENT_3D('',#2276,#1879,#1880);
#1473=AXIS2_PLACEMENT_3D('',#2277,#1881,#1882);
#1474=AXIS2_PLACEMENT_3D('',#2280,#1884,#1885);
#1475=AXIS2_PLACEMENT_3D('',#2281,#1886,#1887);
#1476=AXIS2_PLACEMENT_3D('',#2284,#1889,#1890);
#1477=AXIS2_PLACEMENT_3D('',#2285,#1891,#1892);
#1478=AXIS2_PLACEMENT_3D('',#2288,#1894,#1895);
#1479=AXIS2_PLACEMENT_3D('',#2289,#1896,#1897);
#1480=AXIS2_PLACEMENT_3D('',#2292,#1899,#1900);
#1481=AXIS2_PLACEMENT_3D('',#2293,#1901,#1902);
#1482=AXIS2_PLACEMENT_3D('',#2295,#1903,#1904);
#1483=AXIS2_PLACEMENT_3D('',#2296,#1905,#1906);
#1484=AXIS2_PLACEMENT_3D('',#2298,#1907,#1908);
#1485=AXIS2_PLACEMENT_3D('',#2299,#1909,#1910);
#1486=AXIS2_PLACEMENT_3D('',#2301,#1911,#1912);
#1487=AXIS2_PLACEMENT_3D('',#2302,#1913,#1914);
#1488=AXIS2_PLACEMENT_3D('',#2304,#1915,#1916);
#1489=AXIS2_PLACEMENT_3D('',#2306,#1918,#1919);
#1490=AXIS2_PLACEMENT_3D('',#2307,#1920,#1921);
#1491=AXIS2_PLACEMENT_3D('',#2309,#1922,#1923);
#1492=AXIS2_PLACEMENT_3D('',#2311,#1925,#1926);
#1493=AXIS2_PLACEMENT_3D('',#2312,#1927,#1928);
#1494=AXIS2_PLACEMENT_3D('',#2314,#1929,#1930);
#1495=AXIS2_PLACEMENT_3D('',#2316,#1932,#1933);
#1496=AXIS2_PLACEMENT_3D('',#2317,#1934,#1935);
#1497=AXIS2_PLACEMENT_3D('',#2318,#1936,#1937);
#1498=AXIS2_PLACEMENT_3D('',#2320,#1939,#1940);
#1499=AXIS2_PLACEMENT_3D('',#2322,#1942,#1943);
#1500=AXIS2_PLACEMENT_3D('',#2324,#1945,#1946);
#1501=AXIS2_PLACEMENT_3D('',#2326,#1948,#1949);
#1502=DIRECTION('axis',(0.,0.,1.));
#1503=DIRECTION('refdir',(1.,0.,0.));
#1504=DIRECTION('center_axis',(0.,1.,0.));
#1505=DIRECTION('ref_axis',(0.,0.,1.));
#1506=DIRECTION('center_axis',(1.,0.,5.15143483426074E-13));
#1507=DIRECTION('ref_axis',(0.,1.,0.));
#1508=DIRECTION('center_axis',(0.,1.,0.));
#1509=DIRECTION('ref_axis',(0.707106781185822,0.,0.707106781187274));
#1510=DIRECTION('center_axis',(-1.53876911213046E-12,0.,1.));
#1511=DIRECTION('ref_axis',(1.,0.,1.53876911213046E-12));
#1512=DIRECTION('center_axis',(0.,-1.,0.));
#1513=DIRECTION('ref_axis',(0.707106781185821,0.,0.707106781187273));
#1514=DIRECTION('center_axis',(-4.5609983894188E-16,0.,-1.));
#1515=DIRECTION('ref_axis',(0.70710678118655,0.707106781186545,0.));
#1516=DIRECTION('center_axis',(0.,0.,1.));
#1517=DIRECTION('ref_axis',(1.,0.,0.));
#1518=DIRECTION('',(4.5609983894188E-16,0.,1.));
#1519=DIRECTION('',(-4.5609983894188E-16,0.,-1.));
#1520=DIRECTION('center_axis',(0.,1.,0.));
#1521=DIRECTION('ref_axis',(0.,0.,1.));
#1522=DIRECTION('center_axis',(1.,0.,-5.10702591327574E-13));
#1523=DIRECTION('ref_axis',(-5.10702591327574E-13,0.,-1.));
#1524=DIRECTION('center_axis',(0.,-1.,0.));
#1525=DIRECTION('ref_axis',(0.707106781185823,0.,-0.707106781187272));
#1526=DIRECTION('center_axis',(0.,1.,0.));
#1527=DIRECTION('ref_axis',(0.707106781185823,0.,-0.707106781187272));
#1528=DIRECTION('center_axis',(-1.,0.,7.19922294801052E-16));
#1529=DIRECTION('ref_axis',(0.,0.707106781186548,-0.707106781186547));
#1530=DIRECTION('center_axis',(1.,0.,0.));
#1531=DIRECTION('ref_axis',(0.,0.,-1.));
#1532=DIRECTION('',(1.,0.,-7.19922294801052E-16));
#1533=DIRECTION('',(-1.,0.,7.19922294801052E-16));
#1534=DIRECTION('center_axis',(0.,1.,0.));
#1535=DIRECTION('ref_axis',(0.,0.,1.));
#1536=DIRECTION('center_axis',(1.54098955817974E-12,0.,-1.));
#1537=DIRECTION('ref_axis',(-1.,0.,-1.54098955817974E-12));
#1538=DIRECTION('center_axis',(0.,-1.,0.));
#1539=DIRECTION('ref_axis',(-0.707106781185821,0.,-0.707106781187274));
#1540=DIRECTION('center_axis',(0.,1.,0.));
#1541=DIRECTION('ref_axis',(-0.707106781185821,0.,-0.707106781187274));
#1542=DIRECTION('center_axis',(4.5609983894188E-16,0.,1.));
#1543=DIRECTION('ref_axis',(-0.70710678118655,0.707106781186545,0.));
#1544=DIRECTION('center_axis',(0.,0.,-1.));
#1545=DIRECTION('ref_axis',(-1.,0.,0.));
#1546=DIRECTION('',(-4.5609983894188E-16,0.,-1.));
#1547=DIRECTION('',(4.5609983894188E-16,0.,1.));
#1548=DIRECTION('center_axis',(0.,1.,0.));
#1549=DIRECTION('ref_axis',(0.,0.,1.));
#1550=DIRECTION('center_axis',(-1.,0.,5.10702591327572E-13));
#1551=DIRECTION('ref_axis',(5.10702591327572E-13,0.,1.));
#1552=DIRECTION('center_axis',(0.,-1.,0.));
#1553=DIRECTION('ref_axis',(-0.707106781185823,0.,0.707106781187272));
#1554=DIRECTION('center_axis',(0.,1.,0.));
#1555=DIRECTION('ref_axis',(-0.707106781185823,0.,0.707106781187272));
#1556=DIRECTION('center_axis',(1.,0.,-3.08538126343308E-16));
#1557=DIRECTION('ref_axis',(0.,0.707106781186548,0.707106781186547));
#1558=DIRECTION('',(-1.,0.,3.08538126343308E-16));
#1559=DIRECTION('',(1.,0.,-3.08538126343308E-16));
#1560=DIRECTION('center_axis',(-7.19922294801052E-16,0.,-1.));
#1561=DIRECTION('ref_axis',(1.,0.,-7.19922294801052E-16));
#1562=DIRECTION('',(0.,1.,0.));
#1563=DIRECTION('',(1.,0.,-7.19922294801052E-16));
#1564=DIRECTION('',(0.,1.,0.));
#1565=DIRECTION('center_axis',(0.,-1.,0.));
#1566=DIRECTION('ref_axis',(1.,0.,-1.53605305991457E-12));
#1567=DIRECTION('',(0.,1.,0.));
#1568=DIRECTION('center_axis',(0.,-1.,0.));
#1569=DIRECTION('ref_axis',(0.707106781185823,0.,-0.707106781187272));
#1570=DIRECTION('center_axis',(1.,0.,-4.5609983894188E-16));
#1571=DIRECTION('ref_axis',(4.5609983894188E-16,0.,1.));
#1572=DIRECTION('',(0.,1.,0.));
#1573=DIRECTION('',(4.5609983894188E-16,0.,1.));
#1574=DIRECTION('center_axis',(0.,-1.,0.));
#1575=DIRECTION('ref_axis',(-5.13865341206827E-13,0.,1.));
#1576=DIRECTION('',(0.,-1.,0.));
#1577=DIRECTION('center_axis',(0.,-1.,0.));
#1578=DIRECTION('ref_axis',(0.707106781185822,0.,0.707106781187274));
#1579=DIRECTION('center_axis',(0.,1.,0.));
#1580=DIRECTION('ref_axis',(0.,0.,1.));
#1581=DIRECTION('center_axis',(0.,1.,0.));
#1582=DIRECTION('ref_axis',(-0.707106781185403,0.,0.707106781187692));
#1583=DIRECTION('',(4.5609983894188E-16,0.,1.));
#1584=DIRECTION('center_axis',(0.,1.,0.));
#1585=DIRECTION('ref_axis',(-0.7071067811854,0.,-0.707106781187695));
#1586=DIRECTION('',(-1.,0.,7.19922294801052E-16));
#1587=DIRECTION('center_axis',(0.,1.,0.));
#1588=DIRECTION('ref_axis',(0.707106781185403,0.,-0.707106781187692));
#1589=DIRECTION('',(-4.5609983894188E-16,0.,-1.));
#1590=DIRECTION('center_axis',(0.,1.,0.));
#1591=DIRECTION('ref_axis',(0.707106781185401,0.,0.707106781187694));
#1592=DIRECTION('',(1.,0.,-3.08538126343308E-16));
#1593=DIRECTION('center_axis',(0.,-1.,0.));
#1594=DIRECTION('ref_axis',(0.,0.,-1.));
#1595=DIRECTION('center_axis',(-1.,0.,8.08242361927111E-13));
#1596=DIRECTION('ref_axis',(0.,1.,0.));
#1597=DIRECTION('center_axis',(0.,-1.,0.));
#1598=DIRECTION('ref_axis',(-0.707106781185403,0.,0.707106781187692));
#1599=DIRECTION('center_axis',(2.42916797787982E-12,0.,1.));
#1600=DIRECTION('ref_axis',(1.,0.,-2.42916797787982E-12));
#1601=DIRECTION('center_axis',(-4.5609983894188E-16,0.,-1.));
#1602=DIRECTION('ref_axis',(0.70710678118655,0.707106781186545,0.));
#1603=DIRECTION('center_axis',(0.,0.,1.));
#1604=DIRECTION('ref_axis',(1.,0.,0.));
#1605=DIRECTION('',(-4.5609983894188E-16,0.,-1.));
#1606=DIRECTION('center_axis',(0.,-1.,0.));
#1607=DIRECTION('ref_axis',(0.,0.,-1.));
#1608=DIRECTION('center_axis',(-1.,0.,-8.12683254025614E-13));
#1609=DIRECTION('ref_axis',(-8.12683254025614E-13,0.,1.));
#1610=DIRECTION('center_axis',(0.,-1.,0.));
#1611=DIRECTION('ref_axis',(-0.7071067811854,0.,-0.707106781187695));
#1612=DIRECTION('center_axis',(1.,0.,-7.19922294801052E-16));
#1613=DIRECTION('ref_axis',(0.,0.707106781186547,0.707106781186548));
#1614=DIRECTION('center_axis',(-1.,0.,0.));
#1615=DIRECTION('ref_axis',(0.,0.,1.));
#1616=DIRECTION('',(1.,0.,-7.19922294801052E-16));
#1617=DIRECTION('center_axis',(0.,-1.,0.));
#1618=DIRECTION('ref_axis',(0.,0.,-1.));
#1619=DIRECTION('center_axis',(-2.4269475318306E-12,0.,-1.));
#1620=DIRECTION('ref_axis',(-1.,0.,2.4269475318306E-12));
#1621=DIRECTION('center_axis',(0.,-1.,0.));
#1622=DIRECTION('ref_axis',(0.707106781185403,0.,-0.707106781187692));
#1623=DIRECTION('center_axis',(4.5609983894188E-16,0.,1.));
#1624=DIRECTION('ref_axis',(-0.707106781186547,0.707106781186548,0.));
#1625=DIRECTION('center_axis',(0.,0.,-1.));
#1626=DIRECTION('ref_axis',(-1.,0.,0.));
#1627=DIRECTION('',(4.5609983894188E-16,0.,1.));
#1628=DIRECTION('center_axis',(0.,-1.,0.));
#1629=DIRECTION('ref_axis',(0.,0.,-1.));
#1630=DIRECTION('center_axis',(1.,0.,8.08242361927111E-13));
#1631=DIRECTION('ref_axis',(8.08242361927111E-13,0.,-1.));
#1632=DIRECTION('center_axis',(0.,-1.,0.));
#1633=DIRECTION('ref_axis',(0.707106781185401,0.,0.707106781187694));
#1634=DIRECTION('center_axis',(-1.,0.,3.08538126343308E-16));
#1635=DIRECTION('ref_axis',(0.,0.707106781186547,-0.707106781186548));
#1636=DIRECTION('',(-1.,0.,3.08538126343308E-16));
#1637=DIRECTION('center_axis',(7.19922294801052E-16,0.,1.));
#1638=DIRECTION('ref_axis',(1.,0.,-7.19922294801052E-16));
#1639=DIRECTION('',(0.,1.,0.));
#1640=DIRECTION('',(1.,0.,-7.19922294801052E-16));
#1641=DIRECTION('',(0.,1.,0.));
#1642=DIRECTION('',(-1.,0.,7.19922294801052E-16));
#1643=DIRECTION('',(0.,1.,0.));
#1644=DIRECTION('center_axis',(0.,1.,0.));
#1645=DIRECTION('ref_axis',(-8.11931084366239E-13,0.,1.));
#1646=DIRECTION('',(0.,1.,0.));
#1647=DIRECTION('center_axis',(0.,-1.,0.));
#1648=DIRECTION('ref_axis',(-8.11931084366239E-13,0.,1.));
#1649=DIRECTION('center_axis',(1.,0.,-4.5609983894188E-16));
#1650=DIRECTION('ref_axis',(-4.5609983894188E-16,0.,-1.));
#1651=DIRECTION('',(0.,1.,0.));
#1652=DIRECTION('',(-4.5609983894188E-16,0.,-1.));
#1653=DIRECTION('',(0.,1.,0.));
#1654=DIRECTION('',(4.5609983894188E-16,0.,1.));
#1655=DIRECTION('',(0.,-1.,0.));
#1656=DIRECTION('',(-4.5609983894188E-16,0.,-1.));
#1657=DIRECTION('center_axis',(0.,1.,0.));
#1658=DIRECTION('ref_axis',(1.,0.,-2.4290958520221E-12));
#1659=DIRECTION('',(0.,1.,0.));
#1660=DIRECTION('center_axis',(0.,-1.,0.));
#1661=DIRECTION('ref_axis',(1.,0.,-2.4290958520221E-12));
#1662=DIRECTION('center_axis',(4.5609983894188E-16,0.,1.));
#1663=DIRECTION('ref_axis',(-0.707106781186549,-0.707106781186546,0.));
#1664=DIRECTION('',(-4.5609983894188E-16,0.,-1.));
#1665=DIRECTION('center_axis',(0.,0.707106781186547,-0.707106781186548));
#1666=DIRECTION('ref_axis',(-6.45022578027792E-16,-0.707106781186548,-0.707106781186547));
#1667=DIRECTION('center_axis',(0.,0.707106781186547,0.707106781186548));
#1668=DIRECTION('ref_axis',(-6.45022578027792E-16,0.707106781186548,-0.707106781186547));
#1669=DIRECTION('center_axis',(0.,1.,0.));
#1670=DIRECTION('ref_axis',(-0.441210456207323,0.,-0.897403662424734));
#1671=DIRECTION('',(0.,1.,0.));
#1672=DIRECTION('center_axis',(0.,1.,0.));
#1673=DIRECTION('ref_axis',(-0.441210456207323,0.,-0.897403662424734));
#1674=DIRECTION('center_axis',(0.,1.,0.));
#1675=DIRECTION('ref_axis',(-0.441210456207323,0.,-0.897403662424734));
#1676=DIRECTION('center_axis',(0.,-1.,0.));
#1677=DIRECTION('ref_axis',(-0.441210456207324,0.,0.897403662424733));
#1678=DIRECTION('center_axis',(0.,1.,0.));
#1679=DIRECTION('ref_axis',(-0.441210456207324,0.,0.897403662424733));
#1680=DIRECTION('',(0.,-1.,0.));
#1681=DIRECTION('center_axis',(0.,1.,0.));
#1682=DIRECTION('ref_axis',(-0.441210456207324,0.,0.897403662424733));
#1683=DIRECTION('center_axis',(0.,1.,0.));
#1684=DIRECTION('ref_axis',(0.707106781186548,0.,0.707106781186547));
#1685=DIRECTION('center_axis',(0.,-1.,0.));
#1686=DIRECTION('ref_axis',(-0.858461538461547,0.,0.512877945501885));
#1687=DIRECTION('',(0.,-1.,0.));
#1688=DIRECTION('center_axis',(0.,1.,0.));
#1689=DIRECTION('ref_axis',(-0.858461538461547,0.,0.512877945501885));
#1690=DIRECTION('center_axis',(0.,1.,0.));
#1691=DIRECTION('ref_axis',(0.,0.,1.));
#1692=DIRECTION('center_axis',(0.,-1.,0.));
#1693=DIRECTION('ref_axis',(0.512877945501906,0.,0.858461538461534));
#1694=DIRECTION('center_axis',(0.,1.,0.));
#1695=DIRECTION('ref_axis',(-0.897403662424738,0.,0.441210456207314));
#1696=DIRECTION('',(-1.,0.,3.08538126343308E-16));
#1697=DIRECTION('center_axis',(0.,-1.,0.));
#1698=DIRECTION('ref_axis',(0.707106781185401,0.,0.707106781187694));
#1699=DIRECTION('',(4.5609983894188E-16,0.,1.));
#1700=DIRECTION('center_axis',(0.,1.,0.));
#1701=DIRECTION('ref_axis',(0.390299030658971,0.,-0.920688148433913));
#1702=DIRECTION('center_axis',(0.,-1.,0.));
#1703=DIRECTION('ref_axis',(0.956153846153855,0.,-0.292864853618849));
#1704=DIRECTION('center_axis',(0.,1.,0.));
#1705=DIRECTION('ref_axis',(0.390299030658961,0.,0.920688148433918));
#1706=DIRECTION('',(4.5609983894188E-16,0.,1.));
#1707=DIRECTION('center_axis',(0.,-1.,0.));
#1708=DIRECTION('ref_axis',(0.707106781185403,0.,-0.707106781187692));
#1709=DIRECTION('',(1.,0.,-7.19922294801052E-16));
#1710=DIRECTION('center_axis',(0.,1.,0.));
#1711=DIRECTION('ref_axis',(-0.897403662424735,0.,-0.44121045620732));
#1712=DIRECTION('center_axis',(0.,-1.,0.));
#1713=DIRECTION('ref_axis',(1.,0.,0.));
#1714=DIRECTION('center_axis',(0.,-1.,0.));
#1715=DIRECTION('ref_axis',(1.,0.,0.));
#1716=DIRECTION('center_axis',(0.,-1.,0.));
#1717=DIRECTION('ref_axis',(1.,0.,0.));
#1718=DIRECTION('center_axis',(0.,-1.,0.));
#1719=DIRECTION('ref_axis',(1.,0.,0.));
#1720=DIRECTION('center_axis',(0.,1.,0.));
#1721=DIRECTION('ref_axis',(0.707106781186547,0.,-0.707106781186548));
#1722=DIRECTION('center_axis',(0.,1.,0.));
#1723=DIRECTION('ref_axis',(0.512877945501906,0.,0.858461538461534));
#1724=DIRECTION('',(0.,1.,0.));
#1725=DIRECTION('center_axis',(0.,-1.,0.));
#1726=DIRECTION('ref_axis',(0.390299030658971,0.,-0.920688148433913));
#1727=DIRECTION('',(0.,1.,0.));
#1728=DIRECTION('center_axis',(0.,1.,0.));
#1729=DIRECTION('ref_axis',(0.390299030658971,0.,-0.920688148433913));
#1730=DIRECTION('',(0.,-1.,0.));
#1731=DIRECTION('center_axis',(7.85046229341887E-16,-0.707106781186547,
0.707106781186548));
#1732=DIRECTION('ref_axis',(7.85046229341887E-16,0.707106781186548,0.707106781186547));
#1733=DIRECTION('center_axis',(1.,0.,-3.08538126343308E-16));
#1734=DIRECTION('ref_axis',(0.,-0.707106781186547,0.707106781186548));
#1735=DIRECTION('',(1.,0.,-3.08538126343308E-16));
#1736=DIRECTION('center_axis',(1.,0.,0.));
#1737=DIRECTION('ref_axis',(0.,0.,1.));
#1738=DIRECTION('center_axis',(-0.707106781186547,0.707106781186548,0.));
#1739=DIRECTION('ref_axis',(-0.707106781186548,-0.707106781186547,4.36338802783889E-16));
#1740=DIRECTION('center_axis',(0.,1.,0.));
#1741=DIRECTION('ref_axis',(0.,0.,1.));
#1742=DIRECTION('center_axis',(2.43360886997833E-12,0.,-1.));
#1743=DIRECTION('ref_axis',(1.,0.,2.43360886997833E-12));
#1744=DIRECTION('center_axis',(0.,1.,0.));
#1745=DIRECTION('ref_axis',(0.707106781185401,0.,0.707106781187694));
#1746=DIRECTION('center_axis',(-4.5609983894188E-16,0.,-1.));
#1747=DIRECTION('ref_axis',(0.707106781186549,-0.707106781186546,0.));
#1748=DIRECTION('',(-4.5609983894188E-16,0.,-1.));
#1749=DIRECTION('center_axis',(0.,1.,0.));
#1750=DIRECTION('ref_axis',(-0.897403662424738,0.,0.441210456207314));
#1751=DIRECTION('center_axis',(0.,1.,0.));
#1752=DIRECTION('ref_axis',(-0.897403662424738,0.,0.441210456207314));
#1753=DIRECTION('',(0.,-1.,0.));
#1754=DIRECTION('center_axis',(-1.,0.,4.5609983894188E-16));
#1755=DIRECTION('ref_axis',(4.5609983894188E-16,0.,1.));
#1756=DIRECTION('',(0.,1.,0.));
#1757=DIRECTION('',(-4.5609983894188E-16,0.,-1.));
#1758=DIRECTION('',(0.,-1.,0.));
#1759=DIRECTION('',(4.5609983894188E-16,0.,1.));
#1760=DIRECTION('',(0.,1.,0.));
#1761=DIRECTION('center_axis',(0.,1.,0.));
#1762=DIRECTION('ref_axis',(8.11931084366239E-13,0.,-1.));
#1763=DIRECTION('',(0.,1.,0.));
#1764=DIRECTION('center_axis',(-3.08538126343308E-16,0.,-1.));
#1765=DIRECTION('ref_axis',(-1.,0.,3.08538126343308E-16));
#1766=DIRECTION('',(-1.,0.,3.08538126343308E-16));
#1767=DIRECTION('center_axis',(-4.5609983894188E-16,0.,-1.));
#1768=DIRECTION('ref_axis',(0.707106781186549,-0.707106781186546,0.));
#1769=DIRECTION('center_axis',(0.,0.,-1.));
#1770=DIRECTION('ref_axis',(1.,0.,0.));
#1771=DIRECTION('center_axis',(2.94392336003208E-16,0.707106781186548,0.707106781186548));
#1772=DIRECTION('ref_axis',(3.50630242024584E-16,-0.707106781186547,0.707106781186547));
#1773=DIRECTION('center_axis',(0.,1.,0.));
#1774=DIRECTION('ref_axis',(0.390299030658961,0.,0.920688148433918));
#1775=DIRECTION('',(0.,1.,0.));
#1776=DIRECTION('center_axis',(0.,1.,0.));
#1777=DIRECTION('ref_axis',(0.390299030658961,0.,0.920688148433918));
#1778=DIRECTION('center_axis',(0.,1.,0.));
#1779=DIRECTION('ref_axis',(0.,0.,1.));
#1780=DIRECTION('center_axis',(-1.,0.,8.08242361927117E-13));
#1781=DIRECTION('ref_axis',(-8.08242361927117E-13,0.,-1.));
#1782=DIRECTION('center_axis',(0.,1.,0.));
#1783=DIRECTION('ref_axis',(0.707106781185403,0.,-0.707106781187692));
#1784=DIRECTION('center_axis',(-1.,0.,7.19922294801052E-16));
#1785=DIRECTION('ref_axis',(0.,-0.707106781186547,-0.707106781186548));
#1786=DIRECTION('center_axis',(-0.707106781186547,0.707106781186548,0.));
#1787=DIRECTION('ref_axis',(0.707106781186548,0.707106781186547,-1.01812387316241E-15));
#1788=DIRECTION('center_axis',(0.,-1.,0.));
#1789=DIRECTION('ref_axis',(-0.897403662424735,0.,-0.44121045620732));
#1790=DIRECTION('center_axis',(0.,1.,0.));
#1791=DIRECTION('ref_axis',(-0.897403662424735,0.,-0.44121045620732));
#1792=DIRECTION('center_axis',(0.,1.,0.));
#1793=DIRECTION('ref_axis',(-1.,0.,1.32372745243769E-15));
#1794=DIRECTION('center_axis',(0.,1.,0.));
#1795=DIRECTION('ref_axis',(0.956153846153855,0.,-0.292864853618849));
#1796=DIRECTION('center_axis',(0.,-1.,0.));
#1797=DIRECTION('ref_axis',(0.,0.,-1.));
#1798=DIRECTION('center_axis',(-1.53876911213046E-12,0.,1.));
#1799=DIRECTION('ref_axis',(0.,-1.,0.));
#1800=DIRECTION('center_axis',(1.,0.,5.15143483426074E-13));
#1801=DIRECTION('ref_axis',(-5.15143483426074E-13,0.,1.));
#1802=DIRECTION('center_axis',(0.,1.,0.));
#1803=DIRECTION('ref_axis',(0.707106781185821,0.,0.707106781187273));
#1804=DIRECTION('center_axis',(-1.,0.,3.08538126343308E-16));
#1805=DIRECTION('ref_axis',(0.,-0.707106781186549,0.707106781186546));
#1806=DIRECTION('center_axis',(1.,0.,0.));
#1807=DIRECTION('ref_axis',(0.,0.,1.));
#1808=DIRECTION('',(1.,0.,-3.08538126343308E-16));
#1809=DIRECTION('',(-1.,0.,3.08538126343308E-16));
#1810=DIRECTION('center_axis',(0.,-1.,0.));
#1811=DIRECTION('ref_axis',(0.,0.,-1.));
#1812=DIRECTION('center_axis',(1.53654866608123E-12,0.,1.));
#1813=DIRECTION('ref_axis',(-1.,0.,1.53654866608123E-12));
#1814=DIRECTION('center_axis',(0.,1.,0.));
#1815=DIRECTION('ref_axis',(-0.707106781185823,0.,0.707106781187272));
#1816=DIRECTION('center_axis',(0.,-1.,0.));
#1817=DIRECTION('ref_axis',(-0.707106781185823,0.,0.707106781187272));
#1818=DIRECTION('center_axis',(-4.5609983894188E-16,0.,-1.));
#1819=DIRECTION('ref_axis',(-0.707106781186549,-0.707106781186546,0.));
#1820=DIRECTION('center_axis',(0.,0.,1.));
#1821=DIRECTION('ref_axis',(-1.,0.,0.));
#1822=DIRECTION('',(4.5609983894188E-16,0.,1.));
#1823=DIRECTION('',(-4.5609983894188E-16,0.,-1.));
#1824=DIRECTION('center_axis',(0.,-1.,0.));
#1825=DIRECTION('ref_axis',(0.,0.,-1.));
#1826=DIRECTION('center_axis',(-1.,0.,-5.15143483426074E-13));
#1827=DIRECTION('ref_axis',(5.15143483426074E-13,0.,-1.));
#1828=DIRECTION('center_axis',(0.,1.,0.));
#1829=DIRECTION('ref_axis',(-0.707106781185821,0.,-0.707106781187274));
#1830=DIRECTION('center_axis',(0.,-1.,0.));
#1831=DIRECTION('ref_axis',(-0.707106781185821,0.,-0.707106781187274));
#1832=DIRECTION('center_axis',(1.,0.,-7.19922294801052E-16));
#1833=DIRECTION('ref_axis',(0.,-0.707106781186549,-0.707106781186546));
#1834=DIRECTION('center_axis',(-1.,0.,0.));
#1835=DIRECTION('ref_axis',(0.,0.,-1.));
#1836=DIRECTION('',(-1.,0.,7.19922294801052E-16));
#1837=DIRECTION('center_axis',(0.,-1.,0.));
#1838=DIRECTION('ref_axis',(0.,0.,-1.));
#1839=DIRECTION('center_axis',(-1.53654866608121E-12,0.,-1.));
#1840=DIRECTION('ref_axis',(1.,0.,-1.53654866608121E-12));
#1841=DIRECTION('center_axis',(0.,1.,0.));
#1842=DIRECTION('ref_axis',(0.707106781185823,0.,-0.707106781187272));
#1843=DIRECTION('center_axis',(4.5609983894188E-16,0.,1.));
#1844=DIRECTION('ref_axis',(0.707106781186549,-0.707106781186546,0.));
#1845=DIRECTION('',(-4.5609983894188E-16,0.,-1.));
#1846=DIRECTION('center_axis',(-1.,0.,4.5609983894188E-16));
#1847=DIRECTION('ref_axis',(-4.5609983894188E-16,0.,-1.));
#1848=DIRECTION('',(0.,1.,0.));
#1849=DIRECTION('',(0.,1.,0.));
#1850=DIRECTION('center_axis',(0.,-1.,0.));
#1851=DIRECTION('ref_axis',(-1.,0.,1.5373572866689E-12));
#1852=DIRECTION('',(0.,1.,0.));
#1853=DIRECTION('center_axis',(3.08538126343308E-16,0.,1.));
#1854=DIRECTION('ref_axis',(-1.,0.,3.08538126343308E-16));
#1855=DIRECTION('center_axis',(0.,1.,0.));
#1856=DIRECTION('ref_axis',(0.,0.,1.));
#1857=DIRECTION('center_axis',(0.,-1.,0.));
#1858=DIRECTION('ref_axis',(1.,0.,0.));
#1859=DIRECTION('center_axis',(0.,-1.,0.));
#1860=DIRECTION('ref_axis',(1.,0.,0.));
#1861=DIRECTION('center_axis',(0.,1.,0.));
#1862=DIRECTION('ref_axis',(1.,0.,0.));
#1863=DIRECTION('center_axis',(0.,1.,0.));
#1864=DIRECTION('ref_axis',(1.,0.,0.));
#1865=DIRECTION('center_axis',(0.,1.,0.));
#1866=DIRECTION('ref_axis',(1.,0.,0.));
#1867=DIRECTION('center_axis',(0.,1.,0.));
#1868=DIRECTION('ref_axis',(1.,0.,0.));
#1869=DIRECTION('center_axis',(0.,-1.,0.));
#1870=DIRECTION('ref_axis',(1.,0.,0.));
#1871=DIRECTION('center_axis',(0.,-1.,0.));
#1872=DIRECTION('ref_axis',(1.,0.,0.));
#1873=DIRECTION('',(0.707106781186548,0.707106781186547,8.65956056235494E-17));
#1874=DIRECTION('center_axis',(0.,1.,0.));
#1875=DIRECTION('ref_axis',(1.,0.,0.));
#1876=DIRECTION('center_axis',(0.,-1.,0.));
#1877=DIRECTION('ref_axis',(1.,0.,0.));
#1878=DIRECTION('',(0.,1.,0.));
#1879=DIRECTION('center_axis',(0.,-1.,0.));
#1880=DIRECTION('ref_axis',(1.,0.,0.));
#1881=DIRECTION('center_axis',(0.,-1.,0.));
#1882=DIRECTION('ref_axis',(1.,0.,0.));
#1883=DIRECTION('',(0.707106781186548,0.707106781186547,8.65956056235494E-17));
#1884=DIRECTION('center_axis',(0.,1.,0.));
#1885=DIRECTION('ref_axis',(1.,0.,0.));
#1886=DIRECTION('center_axis',(0.,-1.,0.));
#1887=DIRECTION('ref_axis',(1.,0.,0.));
#1888=DIRECTION('',(0.,1.,0.));
#1889=DIRECTION('center_axis',(0.,-1.,0.));
#1890=DIRECTION('ref_axis',(1.,0.,0.));
#1891=DIRECTION('center_axis',(0.,-1.,0.));
#1892=DIRECTION('ref_axis',(1.,0.,0.));
#1893=DIRECTION('',(0.707106781186548,0.707106781186547,8.65956056235494E-17));
#1894=DIRECTION('center_axis',(0.,1.,0.));
#1895=DIRECTION('ref_axis',(1.,0.,0.));
#1896=DIRECTION('center_axis',(0.,-1.,0.));
#1897=DIRECTION('ref_axis',(1.,0.,0.));
#1898=DIRECTION('',(0.,1.,0.));
#1899=DIRECTION('center_axis',(0.,-1.,0.));
#1900=DIRECTION('ref_axis',(1.,0.,0.));
#1901=DIRECTION('center_axis',(0.,1.,0.));
#1902=DIRECTION('ref_axis',(0.,0.,1.));
#1903=DIRECTION('center_axis',(0.,1.,0.));
#1904=DIRECTION('ref_axis',(-1.,0.,0.));
#1905=DIRECTION('center_axis',(0.,1.,0.));
#1906=DIRECTION('ref_axis',(0.,0.,1.));
#1907=DIRECTION('center_axis',(0.,1.,0.));
#1908=DIRECTION('ref_axis',(-1.,0.,0.));
#1909=DIRECTION('center_axis',(0.,1.,0.));
#1910=DIRECTION('ref_axis',(0.,0.,1.));
#1911=DIRECTION('center_axis',(0.,1.,0.));
#1912=DIRECTION('ref_axis',(-1.,0.,0.));
#1913=DIRECTION('center_axis',(0.,1.,0.));
#1914=DIRECTION('ref_axis',(-1.,0.,0.));
#1915=DIRECTION('center_axis',(0.,1.,0.));
#1916=DIRECTION('ref_axis',(-1.,0.,0.));
#1917=DIRECTION('',(0.,-1.,0.));
#1918=DIRECTION('center_axis',(0.,1.,0.));
#1919=DIRECTION('ref_axis',(0.,0.,1.));
#1920=DIRECTION('center_axis',(0.,1.,0.));
#1921=DIRECTION('ref_axis',(-1.,0.,0.));
#1922=DIRECTION('center_axis',(0.,1.,0.));
#1923=DIRECTION('ref_axis',(-1.,0.,0.));
#1924=DIRECTION('',(0.,-1.,0.));
#1925=DIRECTION('center_axis',(0.,1.,0.));
#1926=DIRECTION('ref_axis',(0.,0.,1.));
#1927=DIRECTION('center_axis',(0.,1.,0.));
#1928=DIRECTION('ref_axis',(-1.,0.,0.));
#1929=DIRECTION('center_axis',(0.,1.,0.));
#1930=DIRECTION('ref_axis',(-1.,0.,0.));
#1931=DIRECTION('',(0.,-1.,0.));
#1932=DIRECTION('center_axis',(0.,1.,0.));
#1933=DIRECTION('ref_axis',(0.,0.,1.));
#1934=DIRECTION('center_axis',(0.,1.,0.));
#1935=DIRECTION('ref_axis',(-1.,0.,2.42703511322928E-12));
#1936=DIRECTION('center_axis',(0.,-1.,0.));
#1937=DIRECTION('ref_axis',(1.,0.,0.));
#1938=DIRECTION('',(0.,1.,0.));
#1939=DIRECTION('center_axis',(0.,-1.,0.));
#1940=DIRECTION('ref_axis',(1.,0.,0.));
#1941=DIRECTION('',(0.,1.,0.));
#1942=DIRECTION('center_axis',(0.,-1.,0.));
#1943=DIRECTION('ref_axis',(1.,0.,0.));
#1944=DIRECTION('',(0.,1.,0.));
#1945=DIRECTION('center_axis',(0.,-1.,0.));
#1946=DIRECTION('ref_axis',(1.,0.,0.));
#1947=DIRECTION('',(0.,1.,0.));
#1948=DIRECTION('center_axis',(0.,-1.,0.));
#1949=DIRECTION('ref_axis',(5.13865341206827E-13,0.,-1.));
#1950=CARTESIAN_POINT('',(0.,0.,0.));
#1951=CARTESIAN_POINT('Origin',(21.59,9.,14.605));
#1952=CARTESIAN_POINT('',(21.589999999997,10.,20.415));
#1953=CARTESIAN_POINT('',(21.5899999999965,9.,21.415));
#1954=CARTESIAN_POINT('Origin',(21.589999999997,9.,20.415));
#1955=CARTESIAN_POINT('',(28.4,9.,14.6050000000105));
#1956=CARTESIAN_POINT('Origin',(21.59,9.,14.605));
#1957=CARTESIAN_POINT('',(27.4,10.,14.6050000000089));
#1958=CARTESIAN_POINT('Origin',(27.4,9.,14.6050000000089));
#1959=CARTESIAN_POINT('Origin',(21.59,10.,14.605));
#1960=CARTESIAN_POINT('Origin',(27.4,9.,-7.30250000000525));
#1961=CARTESIAN_POINT('',(28.4,9.,-14.6050000000105));
#1962=CARTESIAN_POINT('',(27.4,10.,-14.6050000000105));
#1963=CARTESIAN_POINT('Origin',(27.4,9.,-14.6050000000105));
#1964=CARTESIAN_POINT('',(27.4,10.,-7.30250000000525));
#1965=CARTESIAN_POINT('',(28.4,9.,-7.30250000000525));
#1966=CARTESIAN_POINT('Origin',(21.59,9.,-14.605));
#1967=CARTESIAN_POINT('',(21.5899999999965,9.,-21.415));
#1968=CARTESIAN_POINT('',(21.589999999997,10.,-20.415));
#1969=CARTESIAN_POINT('Origin',(21.589999999997,9.,-20.415));
#1970=CARTESIAN_POINT('Origin',(21.59,10.,-14.605));
#1971=CARTESIAN_POINT('Origin',(21.59,9.,-14.605));
#1972=CARTESIAN_POINT('Origin',(-10.7949999999983,9.,-20.415));
#1973=CARTESIAN_POINT('',(-21.5899999999965,9.,-21.415));
#1974=CARTESIAN_POINT('',(-21.5899999999965,10.,-20.415));
#1975=CARTESIAN_POINT('Origin',(-21.5899999999965,9.,-20.415));
#1976=CARTESIAN_POINT('',(-10.7949999999983,10.,-20.415));
#1977=CARTESIAN_POINT('',(-10.7949999999983,9.,-21.415));
#1978=CARTESIAN_POINT('Origin',(-21.59,9.,-14.605));
#1979=CARTESIAN_POINT('',(-28.4,9.,-14.6050000000105));
#1980=CARTESIAN_POINT('',(-27.4,10.,-14.6050000000089));
#1981=CARTESIAN_POINT('Origin',(-27.4,9.,-14.6050000000089));
#1982=CARTESIAN_POINT('Origin',(-21.59,10.,-14.605));
#1983=CARTESIAN_POINT('Origin',(-21.59,9.,-14.605));
#1984=CARTESIAN_POINT('Origin',(-27.4,9.,7.30250000000524));
#1985=CARTESIAN_POINT('',(-28.4,9.,14.6050000000105));
#1986=CARTESIAN_POINT('',(-27.4,10.,14.6050000000105));
#1987=CARTESIAN_POINT('Origin',(-27.4,9.,14.6050000000105));
#1988=CARTESIAN_POINT('',(-27.4,10.,7.30250000000524));
#1989=CARTESIAN_POINT('',(-28.4,9.,7.30250000000524));
#1990=CARTESIAN_POINT('Origin',(-21.59,9.,14.605));
#1991=CARTESIAN_POINT('',(-21.5899999999965,9.,21.415));
#1992=CARTESIAN_POINT('',(-21.589999999997,10.,20.415));
#1993=CARTESIAN_POINT('Origin',(-21.589999999997,9.,20.415));
#1994=CARTESIAN_POINT('Origin',(-21.59,10.,14.605));
#1995=CARTESIAN_POINT('Origin',(-21.59,9.,14.605));
#1996=CARTESIAN_POINT('Origin',(10.7949999999983,9.,20.415));
#1997=CARTESIAN_POINT('',(10.7949999999983,10.,20.415));
#1998=CARTESIAN_POINT('',(10.7949999999983,9.,21.415));
#1999=CARTESIAN_POINT('Origin',(-21.5899999999965,0.,-21.415));
#2000=CARTESIAN_POINT('',(21.5899999999965,-1.5,-21.415));
#2001=CARTESIAN_POINT('',(21.5899999999965,0.,-21.415));
#2002=CARTESIAN_POINT('',(-21.5899999999965,-1.5,-21.415));
#2003=CARTESIAN_POINT('',(-10.7949999999983,-1.5,-21.415));
#2004=CARTESIAN_POINT('',(-21.5899999999965,0.,-21.415));
#2005=CARTESIAN_POINT('Origin',(21.59,0.,-14.605));
#2006=CARTESIAN_POINT('',(28.4,-1.5,-14.6050000000105));
#2007=CARTESIAN_POINT('',(28.4,0.,-14.6050000000105));
#2008=CARTESIAN_POINT('Origin',(21.59,-1.5,-14.605));
#2009=CARTESIAN_POINT('Origin',(28.4,0.,-14.6050000000105));
#2010=CARTESIAN_POINT('',(28.4,-1.5,14.6050000000105));
#2011=CARTESIAN_POINT('',(28.4,0.,14.6050000000105));
#2012=CARTESIAN_POINT('',(28.4,-1.5,-7.30250000000525));
#2013=CARTESIAN_POINT('Origin',(21.59,0.,14.605));
#2014=CARTESIAN_POINT('',(21.5899999999965,-1.5,21.415));
#2015=CARTESIAN_POINT('',(21.5899999999965,0.,21.415));
#2016=CARTESIAN_POINT('Origin',(21.59,-1.5,14.605));
#2017=CARTESIAN_POINT('Origin',(4.44089209850063E-15,10.,-4.44089209850063E-15));
#2018=CARTESIAN_POINT('',(-26.9,10.,14.6050000000129));
#2019=CARTESIAN_POINT('',(-21.5899999999957,10.,19.915));
#2020=CARTESIAN_POINT('Origin',(-21.59,10.,14.605));
#2021=CARTESIAN_POINT('',(-26.9,10.,-14.6050000000105));
#2022=CARTESIAN_POINT('',(-26.9,10.,7.30250000000524));
#2023=CARTESIAN_POINT('',(-21.5899999999957,10.,-19.915));
#2024=CARTESIAN_POINT('Origin',(-21.59,10.,-14.605));
#2025=CARTESIAN_POINT('',(21.5899999999965,10.,-19.915));
#2026=CARTESIAN_POINT('',(-10.7949999999983,10.,-19.915));
#2027=CARTESIAN_POINT('',(26.9,10.,-14.6050000000129));
#2028=CARTESIAN_POINT('Origin',(21.59,10.,-14.605));
#2029=CARTESIAN_POINT('',(26.9,10.,14.6050000000105));
#2030=CARTESIAN_POINT('',(26.9,10.,-7.30250000000525));
#2031=CARTESIAN_POINT('',(21.5899999999957,10.,19.915));
#2032=CARTESIAN_POINT('Origin',(21.59,10.,14.605));
#2033=CARTESIAN_POINT('',(10.7949999999983,10.,19.915));
#2034=CARTESIAN_POINT('Origin',(-21.59,9.,14.605));
#2035=CARTESIAN_POINT('',(-21.5899999999965,9.,18.915));
#2036=CARTESIAN_POINT('Origin',(-21.5899999999957,9.,19.915));
#2037=CARTESIAN_POINT('',(-25.9,9.,14.6050000000105));
#2038=CARTESIAN_POINT('Origin',(-21.59,9.,14.605));
#2039=CARTESIAN_POINT('Origin',(-26.9,9.,14.6050000000129));
#2040=CARTESIAN_POINT('Origin',(-26.9,9.,7.30250000000524));
#2041=CARTESIAN_POINT('',(-25.9,9.,-14.6050000000105));
#2042=CARTESIAN_POINT('Origin',(-26.9,9.,-14.6050000000105));
#2043=CARTESIAN_POINT('',(-25.9,9.,7.30250000000524));
#2044=CARTESIAN_POINT('Origin',(-21.59,9.,-14.605));
#2045=CARTESIAN_POINT('',(-21.5899999999965,9.,-18.915));
#2046=CARTESIAN_POINT('Origin',(-21.5899999999957,9.,-19.915));
#2047=CARTESIAN_POINT('Origin',(-21.59,9.,-14.605));
#2048=CARTESIAN_POINT('Origin',(-10.7949999999983,9.,-19.915));
#2049=CARTESIAN_POINT('',(21.5899999999965,9.,-18.915));
#2050=CARTESIAN_POINT('Origin',(21.5899999999965,9.,-19.915));
#2051=CARTESIAN_POINT('',(-10.7949999999983,9.,-18.915));
#2052=CARTESIAN_POINT('Origin',(21.59,9.,-14.605));
#2053=CARTESIAN_POINT('',(25.9,9.,-14.6050000000105));
#2054=CARTESIAN_POINT('Origin',(26.9,9.,-14.6050000000129));
#2055=CARTESIAN_POINT('Origin',(21.59,9.,-14.605));
#2056=CARTESIAN_POINT('Origin',(26.9,9.,-7.30250000000525));
#2057=CARTESIAN_POINT('',(25.9,9.,14.6050000000105));
#2058=CARTESIAN_POINT('Origin',(26.9,9.,14.6050000000105));
#2059=CARTESIAN_POINT('',(25.9,9.,-7.30250000000525));
#2060=CARTESIAN_POINT('Origin',(21.59,9.,14.605));
#2061=CARTESIAN_POINT('',(21.5899999999965,9.,18.915));
#2062=CARTESIAN_POINT('Origin',(21.5899999999957,9.,19.915));
#2063=CARTESIAN_POINT('Origin',(21.59,9.,14.605));
#2064=CARTESIAN_POINT('Origin',(10.7949999999983,9.,19.915));
#2065=CARTESIAN_POINT('',(10.7949999999983,9.,18.915));
#2066=CARTESIAN_POINT('Origin',(-21.5899999999965,0.,-18.915));
#2067=CARTESIAN_POINT('',(-21.5899999999965,4.9,-18.915));
#2068=CARTESIAN_POINT('',(-21.5899999999965,0.,-18.915));
#2069=CARTESIAN_POINT('',(-14.380841810492,4.9,-18.915));
#2070=CARTESIAN_POINT('',(-20.7249999999983,4.9,-18.915));
#2071=CARTESIAN_POINT('',(-14.380841810492,1.,-18.915));
#2072=CARTESIAN_POINT('',(-14.380841810492,0.,-18.915));
#2073=CARTESIAN_POINT('',(21.5899999999965,1.,-18.915));
#2074=CARTESIAN_POINT('',(-10.7949999999983,1.,-18.915));
#2075=CARTESIAN_POINT('',(21.5899999999965,0.,-18.915));
#2076=CARTESIAN_POINT('Origin',(-21.59,0.,-14.605));
#2077=CARTESIAN_POINT('',(-25.9,4.9,-14.6050000000105));
#2078=CARTESIAN_POINT('',(-25.9,0.,-14.6050000000105));
#2079=CARTESIAN_POINT('Origin',(-21.59,4.9,-14.605));
#2080=CARTESIAN_POINT('Origin',(-25.9,0.,14.6050000000105));
#2081=CARTESIAN_POINT('',(-25.9,4.9,14.6050000000105));
#2082=CARTESIAN_POINT('',(-25.9,0.,14.6050000000105));
#2083=CARTESIAN_POINT('',(-25.9,4.9,7.395841810492));
#2084=CARTESIAN_POINT('',(-25.9,4.9,13.7400000000052));
#2085=CARTESIAN_POINT('',(-25.9,1.,7.395841810492));
#2086=CARTESIAN_POINT('',(-25.9,0.,7.395841810492));
#2087=CARTESIAN_POINT('',(-25.9,1.,-7.39584181049198));
#2088=CARTESIAN_POINT('',(-25.9,1.,7.30250000000524));
#2089=CARTESIAN_POINT('',(-25.9,4.9,-7.39584181049198));
#2090=CARTESIAN_POINT('',(-25.9,0.,-7.39584181049198));
#2091=CARTESIAN_POINT('',(-25.9,4.9,0.865000000005245));
#2092=CARTESIAN_POINT('Origin',(-21.59,0.,14.605));
#2093=CARTESIAN_POINT('',(-21.5899999999965,4.9,18.915));
#2094=CARTESIAN_POINT('',(-21.5899999999965,0.,18.915));
#2095=CARTESIAN_POINT('Origin',(-21.59,4.9,14.605));
#2096=CARTESIAN_POINT('Origin',(-24.9,1.,7.30250000000524));
#2097=CARTESIAN_POINT('',(-24.9,0.,8.395841810492));
#2098=CARTESIAN_POINT('',(-24.9,0.,-8.39584181049197));
#2099=CARTESIAN_POINT('',(-24.9,0.,7.30250000000524));
#2100=CARTESIAN_POINT('Origin',(-24.9,1.,-7.39584181049198));
#2101=CARTESIAN_POINT('Origin',(-24.9,1.,7.395841810492));
#2102=CARTESIAN_POINT('Origin',(-24.9,0.,-7.39584181049198));
#2103=CARTESIAN_POINT('',(-24.2893333333333,0.,-8.18772956909304));
#2104=CARTESIAN_POINT('',(-24.2893333333333,4.9,-8.18772956909304));
#2105=CARTESIAN_POINT('',(-24.2893333333333,0.,-8.18772956909304));
#2106=CARTESIAN_POINT('Origin',(-24.9,4.9,-7.39584181049198));
#2107=CARTESIAN_POINT('Origin',(-24.9,0.,-7.39584181049198));
#2108=CARTESIAN_POINT('Origin',(-24.9,0.,7.395841810492));
#2109=CARTESIAN_POINT('',(-24.2893333333333,4.9,8.18772956909307));
#2110=CARTESIAN_POINT('Origin',(-24.9,4.9,7.395841810492));
#2111=CARTESIAN_POINT('',(-24.2893333333333,0.,8.18772956909307));
#2112=CARTESIAN_POINT('',(-24.2893333333333,0.,8.18772956909307));
#2113=CARTESIAN_POINT('Origin',(-24.9,0.,7.395841810492));
#2114=CARTESIAN_POINT('Origin',(-20.32,0.,-13.335));
#2115=CARTESIAN_POINT('',(-15.1727295690931,0.,-17.3043333333333));
#2116=CARTESIAN_POINT('Origin',(-20.32,0.,-13.335));
#2117=CARTESIAN_POINT('',(-15.1727295690931,4.9,-17.3043333333333));
#2118=CARTESIAN_POINT('',(-15.1727295690931,0.,-17.3043333333333));
#2119=CARTESIAN_POINT('Origin',(-20.32,4.9,-13.335));
#2120=CARTESIAN_POINT('Origin',(4.44089209850063E-15,0.,-4.44089209850063E-15));
#2121=CARTESIAN_POINT('',(-15.1727295690931,0.,17.3043333333333));
#2122=CARTESIAN_POINT('Origin',(-20.32,0.,13.335));
#2123=CARTESIAN_POINT('',(-15.380841810492,0.,17.915));
#2124=CARTESIAN_POINT('Origin',(-14.380841810492,0.,17.915));
#2125=CARTESIAN_POINT('',(21.5899999999965,0.,17.915));
#2126=CARTESIAN_POINT('',(10.7949999999983,0.,17.915));
#2127=CARTESIAN_POINT('',(24.9,0.,14.605000000008));
#2128=CARTESIAN_POINT('Origin',(21.59,0.,14.605));
#2129=CARTESIAN_POINT('',(24.9,0.,8.8351553780944));
#2130=CARTESIAN_POINT('',(24.9,0.,-7.30250000000525));
#2131=CARTESIAN_POINT('',(24.2046666666667,0.,9.11646799434848));
#2132=CARTESIAN_POINT('Origin',(24.9,0.,9.8351553780944));
#2133=CARTESIAN_POINT('',(24.2046666666667,0.,-0.22646799434846));
#2134=CARTESIAN_POINT('Origin',(19.685,0.,4.44500000000001));
#2135=CARTESIAN_POINT('',(24.9,0.,0.0548446219056212));
#2136=CARTESIAN_POINT('Origin',(24.9,0.,-0.945155378094379));
#2137=CARTESIAN_POINT('',(24.9,0.,-14.6050000000105));
#2138=CARTESIAN_POINT('',(24.9,0.,-7.30250000000525));
#2139=CARTESIAN_POINT('',(21.5899999999973,0.,-17.915));
#2140=CARTESIAN_POINT('Origin',(21.59,0.,-14.605));
#2141=CARTESIAN_POINT('',(-15.380841810492,0.,-17.915));
#2142=CARTESIAN_POINT('',(-10.7949999999983,0.,-17.915));
#2143=CARTESIAN_POINT('Origin',(-14.380841810492,0.,-17.915));
#2144=CARTESIAN_POINT('',(-1.90000000000001,0.,-5.00000000000002));
#2145=CARTESIAN_POINT('Origin',(-8.26636589424464E-15,0.,-5.00000000000002));
#2146=CARTESIAN_POINT('',(-1.9,0.,4.99999999999998));
#2147=CARTESIAN_POINT('Origin',(2.75545529808154E-15,0.,4.99999999999998));
#2148=CARTESIAN_POINT('',(8.1,0.,-1.53203314573334E-14));
#2149=CARTESIAN_POINT('Origin',(10.,0.,-1.55530143491714E-14));
#2150=CARTESIAN_POINT('',(-11.9,0.,-4.29851026500721E-15));
#2151=CARTESIAN_POINT('Origin',(-10.,0.,-4.53119315684521E-15));
#2152=CARTESIAN_POINT('Origin',(-20.32,0.,13.335));
#2153=CARTESIAN_POINT('',(-15.1727295690931,4.9,17.3043333333333));
#2154=CARTESIAN_POINT('Origin',(-20.32,4.9,13.335));
#2155=CARTESIAN_POINT('',(-15.1727295690931,0.,17.3043333333333));
#2156=CARTESIAN_POINT('Origin',(24.9,0.,9.8351553780944));
#2157=CARTESIAN_POINT('',(25.9,1.,9.8351553780944));
#2158=CARTESIAN_POINT('',(25.9,4.9,9.8351553780944));
#2159=CARTESIAN_POINT('',(25.9,0.,9.8351553780944));
#2160=CARTESIAN_POINT('',(24.2046666666667,4.9,9.11646799434848));
#2161=CARTESIAN_POINT('Origin',(24.9,4.9,9.8351553780944));
#2162=CARTESIAN_POINT('',(24.2046666666667,0.,9.11646799434848));
#2163=CARTESIAN_POINT('Origin',(24.9,1.,9.8351553780944));
#2164=CARTESIAN_POINT('Origin',(10.7949999999983,1.,17.915));
#2165=CARTESIAN_POINT('',(-14.380841810492,1.,18.915));
#2166=CARTESIAN_POINT('',(21.5899999999965,1.,18.915));
#2167=CARTESIAN_POINT('',(10.7949999999983,1.,18.915));
#2168=CARTESIAN_POINT('Origin',(21.5899999999965,1.,17.915));
#2169=CARTESIAN_POINT('Origin',(-14.380841810492,1.,17.915));
#2170=CARTESIAN_POINT('Origin',(21.59,1.,14.605));
#2171=CARTESIAN_POINT('',(25.9,1.,14.6050000000105));
#2172=CARTESIAN_POINT('Origin',(24.9,1.,14.605000000008));
#2173=CARTESIAN_POINT('Origin',(21.59,1.,14.605));
#2174=CARTESIAN_POINT('Origin',(24.9,1.,-7.30250000000525));
#2175=CARTESIAN_POINT('',(25.9,1.,-7.30250000000525));
#2176=CARTESIAN_POINT('Origin',(-14.380841810492,0.,17.915));
#2177=CARTESIAN_POINT('',(-14.380841810492,4.9,18.915));
#2178=CARTESIAN_POINT('Origin',(-14.380841810492,4.9,17.915));
#2179=CARTESIAN_POINT('',(-14.380841810492,0.,18.915));
#2180=CARTESIAN_POINT('Origin',(25.9,0.,-14.6050000000105));
#2181=CARTESIAN_POINT('',(25.9,1.,-14.6050000000105));
#2182=CARTESIAN_POINT('',(25.9,0.,-14.6050000000105));
#2183=CARTESIAN_POINT('',(25.9,1.,-0.945155378094379));
#2184=CARTESIAN_POINT('',(25.9,1.,-7.30250000000525));
#2185=CARTESIAN_POINT('',(25.9,4.9,-0.945155378094379));
#2186=CARTESIAN_POINT('',(25.9,0.,-0.945155378094379));
#2187=CARTESIAN_POINT('',(25.9,4.9,-5.08000000000523));
#2188=CARTESIAN_POINT('',(25.9,0.,14.6050000000105));
#2189=CARTESIAN_POINT('Origin',(21.59,0.,14.605));
#2190=CARTESIAN_POINT('',(21.5899999999965,0.,18.915));
#2191=CARTESIAN_POINT('Origin',(21.5899999999965,0.,18.915));
#2192=CARTESIAN_POINT('',(0.864999999998258,4.9,18.915));
#2193=CARTESIAN_POINT('Origin',(24.9,1.,-7.30250000000525));
#2194=CARTESIAN_POINT('Origin',(24.9,1.,-14.6050000000105));
#2195=CARTESIAN_POINT('Origin',(24.9,1.,-0.945155378094379));
#2196=CARTESIAN_POINT('Origin',(24.9,0.,-0.945155378094379));
#2197=CARTESIAN_POINT('',(24.2046666666667,4.9,-0.22646799434846));
#2198=CARTESIAN_POINT('',(24.2046666666667,0.,-0.22646799434846));
#2199=CARTESIAN_POINT('Origin',(24.9,4.9,-0.945155378094379));
#2200=CARTESIAN_POINT('Origin',(21.59,1.,-14.605));
#2201=CARTESIAN_POINT('Origin',(21.5899999999973,1.,-17.915));
#2202=CARTESIAN_POINT('Origin',(21.59,1.,-14.605));
#2203=CARTESIAN_POINT('Origin',(-10.7949999999983,1.,-17.915));
#2204=CARTESIAN_POINT('Origin',(-14.380841810492,1.,-17.915));
#2205=CARTESIAN_POINT('Origin',(-14.380841810492,0.,-17.915));
#2206=CARTESIAN_POINT('Origin',(-14.380841810492,4.9,-17.915));
#2207=CARTESIAN_POINT('Origin',(19.685,0.,4.44500000000001));
#2208=CARTESIAN_POINT('Origin',(19.685,4.9,4.44500000000001));
#2209=CARTESIAN_POINT('Origin',(21.59,-1.5,14.605));
#2210=CARTESIAN_POINT('',(27.4,-2.5,14.6050000000089));
#2211=CARTESIAN_POINT('Origin',(27.4,-1.5,14.6050000000089));
#2212=CARTESIAN_POINT('',(21.589999999997,-2.5,20.415));
#2213=CARTESIAN_POINT('Origin',(21.589999999997,-1.5,20.415));
#2214=CARTESIAN_POINT('Origin',(21.59,-2.5,14.605));
#2215=CARTESIAN_POINT('Origin',(10.7949999999983,-1.5,20.415));
#2216=CARTESIAN_POINT('',(-21.5899999999965,-1.5,21.415));
#2217=CARTESIAN_POINT('',(-21.5899999999965,-2.5,20.415));
#2218=CARTESIAN_POINT('Origin',(-21.5899999999965,-1.5,20.415));
#2219=CARTESIAN_POINT('',(10.7949999999983,-2.5,20.415));
#2220=CARTESIAN_POINT('',(10.7949999999983,-1.5,21.415));
#2221=CARTESIAN_POINT('Origin',(-21.59,-1.5,14.605));
#2222=CARTESIAN_POINT('',(-28.4,-1.5,14.6050000000105));
#2223=CARTESIAN_POINT('',(-27.4,-2.5,14.6050000000089));
#2224=CARTESIAN_POINT('Origin',(-27.4,-1.5,14.6050000000089));
#2225=CARTESIAN_POINT('Origin',(-21.59,-2.5,14.605));
#2226=CARTESIAN_POINT('Origin',(-21.59,-1.5,14.605));
#2227=CARTESIAN_POINT('Origin',(-27.4,-1.5,7.30250000000524));
#2228=CARTESIAN_POINT('',(-28.4,-1.5,-14.6050000000105));
#2229=CARTESIAN_POINT('',(-27.4,-2.5,-14.6050000000105));
#2230=CARTESIAN_POINT('Origin',(-27.4,-1.5,-14.6050000000105));
#2231=CARTESIAN_POINT('',(-27.4,-2.5,7.30250000000524));
#2232=CARTESIAN_POINT('',(-28.4,-1.5,7.30250000000524));
#2233=CARTESIAN_POINT('Origin',(-21.59,-1.5,-14.605));
#2234=CARTESIAN_POINT('',(-21.589999999997,-2.5,-20.415));
#2235=CARTESIAN_POINT('Origin',(-21.589999999997,-1.5,-20.415));
#2236=CARTESIAN_POINT('Origin',(-21.59,-2.5,-14.605));
#2237=CARTESIAN_POINT('Origin',(-21.59,-1.5,-14.605));
#2238=CARTESIAN_POINT('Origin',(-10.7949999999983,-1.5,-20.415));
#2239=CARTESIAN_POINT('',(21.5899999999965,-2.5,-20.415));
#2240=CARTESIAN_POINT('Origin',(21.5899999999965,-1.5,-20.415));
#2241=CARTESIAN_POINT('',(-10.7949999999983,-2.5,-20.415));
#2242=CARTESIAN_POINT('Origin',(21.59,-1.5,-14.605));
#2243=CARTESIAN_POINT('',(27.4,-2.5,-14.6050000000089));
#2244=CARTESIAN_POINT('Origin',(27.4,-1.5,-14.6050000000089));
#2245=CARTESIAN_POINT('Origin',(21.59,-2.5,-14.605));
#2246=CARTESIAN_POINT('Origin',(27.4,-1.5,-7.30250000000525));
#2247=CARTESIAN_POINT('',(27.4,-2.5,-7.30250000000525));
#2248=CARTESIAN_POINT('Origin',(-28.4,0.,14.6050000000105));
#2249=CARTESIAN_POINT('',(-28.4,0.,-14.6050000000105));
#2250=CARTESIAN_POINT('',(-28.4,0.,14.6050000000105));
#2251=CARTESIAN_POINT('Origin',(-21.59,0.,14.605));
#2252=CARTESIAN_POINT('',(-21.5899999999965,0.,21.415));
#2253=CARTESIAN_POINT('Origin',(21.5899999999965,0.,21.415));
#2254=CARTESIAN_POINT('Origin',(4.44089209850063E-15,-2.5,-4.44089209850063E-15));
#2255=CARTESIAN_POINT('',(-23.47,-2.5,13.335));
#2256=CARTESIAN_POINT('Origin',(-20.32,-2.5,13.335));
#2257=CARTESIAN_POINT('',(16.535,-2.5,4.44500000000001));
#2258=CARTESIAN_POINT('Origin',(19.685,-2.5,4.44500000000001));
#2259=CARTESIAN_POINT('',(-1.90000000000001,-2.5,-5.00000000000002));
#2260=CARTESIAN_POINT('Origin',(-8.26636589424464E-15,-2.5,-5.00000000000002));
#2261=CARTESIAN_POINT('',(-1.9,-2.5,4.99999999999998));
#2262=CARTESIAN_POINT('Origin',(2.75545529808154E-15,-2.5,4.99999999999998));
#2263=CARTESIAN_POINT('',(8.1,-2.5,-1.33226762955019E-14));
#2264=CARTESIAN_POINT('Origin',(10.,-2.5,-1.55530143491714E-14));
#2265=CARTESIAN_POINT('',(-11.9,-2.5,-4.44089209850063E-15));
#2266=CARTESIAN_POINT('Origin',(-10.,-2.5,-4.53119315684521E-15));
#2267=CARTESIAN_POINT('',(-23.47,-2.5,-13.335));
#2268=CARTESIAN_POINT('Origin',(-20.32,-2.5,-13.335));
#2269=CARTESIAN_POINT('Origin',(-20.32,-2.,13.335));
#2270=CARTESIAN_POINT('',(-22.47,-1.5,13.335));
#2271=CARTESIAN_POINT('',(-22.97,-2.,13.335));
#2272=CARTESIAN_POINT('Origin',(-20.32,-1.5,13.335));
#2273=CARTESIAN_POINT('Origin',(-20.32,0.,13.335));
#2274=CARTESIAN_POINT('',(-22.47,7.9,13.335));
#2275=CARTESIAN_POINT('',(-22.47,0.,13.335));
#2276=CARTESIAN_POINT('Origin',(-20.32,7.9,13.335));
#2277=CARTESIAN_POINT('Origin',(-20.32,-2.,-13.335));
#2278=CARTESIAN_POINT('',(-22.47,-1.5,-13.335));
#2279=CARTESIAN_POINT('',(-22.97,-2.,-13.335));
#2280=CARTESIAN_POINT('Origin',(-20.32,-1.5,-13.335));
#2281=CARTESIAN_POINT('Origin',(-20.32,0.,-13.335));
#2282=CARTESIAN_POINT('',(-22.47,7.9,-13.335));
#2283=CARTESIAN_POINT('',(-22.47,0.,-13.335));
#2284=CARTESIAN_POINT('Origin',(-20.32,7.9,-13.335));
#2285=CARTESIAN_POINT('Origin',(19.685,-2.,4.44500000000001));
#2286=CARTESIAN_POINT('',(17.535,-1.5,4.44500000000001));
#2287=CARTESIAN_POINT('',(17.035,-2.,4.44500000000001));
#2288=CARTESIAN_POINT('Origin',(19.685,-1.5,4.44500000000001));
#2289=CARTESIAN_POINT('Origin',(19.685,0.,4.44500000000001));
#2290=CARTESIAN_POINT('',(17.535,7.9,4.44500000000001));
#2291=CARTESIAN_POINT('',(17.535,0.,4.44500000000001));
#2292=CARTESIAN_POINT('Origin',(19.685,7.9,4.44500000000001));
#2293=CARTESIAN_POINT('Origin',(19.5425000000001,4.9,4.44500000000001));
#2294=CARTESIAN_POINT('',(23.185,4.9,4.44500000000001));
#2295=CARTESIAN_POINT('Origin',(19.685,4.9,4.44500000000001));
#2296=CARTESIAN_POINT('Origin',(-19.86,4.9,-12.875));
#2297=CARTESIAN_POINT('',(-16.82,4.9,-13.335));
#2298=CARTESIAN_POINT('Origin',(-20.32,4.9,-13.335));
#2299=CARTESIAN_POINT('Origin',(-19.86,4.9,12.875));
#2300=CARTESIAN_POINT('',(-16.82,4.9,13.335));
#2301=CARTESIAN_POINT('Origin',(-20.32,4.9,13.335));
#2302=CARTESIAN_POINT('Origin',(19.685,0.,4.44500000000001));
#2303=CARTESIAN_POINT('',(23.185,7.9,4.44500000000001));
#2304=CARTESIAN_POINT('Origin',(19.685,7.9,4.44500000000001));
#2305=CARTESIAN_POINT('',(23.185,0.,4.44500000000001));
#2306=CARTESIAN_POINT('Origin',(19.685,7.9,4.44500000000001));
#2307=CARTESIAN_POINT('Origin',(-20.32,0.,-13.335));
#2308=CARTESIAN_POINT('',(-16.82,7.9,-13.335));
#2309=CARTESIAN_POINT('Origin',(-20.32,7.9,-13.335));
#2310=CARTESIAN_POINT('',(-16.82,0.,-13.335));
#2311=CARTESIAN_POINT('Origin',(-20.32,7.9,-13.335));
#2312=CARTESIAN_POINT('Origin',(-20.32,0.,13.335));
#2313=CARTESIAN_POINT('',(-16.82,7.9,13.335));
#2314=CARTESIAN_POINT('Origin',(-20.32,7.9,13.335));
#2315=CARTESIAN_POINT('',(-16.82,0.,13.335));
#2316=CARTESIAN_POINT('Origin',(-20.32,7.9,13.335));
#2317=CARTESIAN_POINT('Origin',(21.59,0.,-14.605));
#2318=CARTESIAN_POINT('Origin',(-10.,0.,-4.53119315684521E-15));
#2319=CARTESIAN_POINT('',(-11.9,0.,-4.7638760486832E-15));
#2320=CARTESIAN_POINT('Origin',(10.,0.,-1.55530143491714E-14));
#2321=CARTESIAN_POINT('',(8.1,0.,-1.57856972410094E-14));
#2322=CARTESIAN_POINT('Origin',(2.75545529808154E-15,0.,4.99999999999998));
#2323=CARTESIAN_POINT('',(-1.9,0.,4.99999999999998));
#2324=CARTESIAN_POINT('Origin',(-8.26636589424464E-15,0.,-5.00000000000002));
#2325=CARTESIAN_POINT('',(-1.90000000000001,0.,-5.00000000000002));
#2326=CARTESIAN_POINT('Origin',(-21.59,0.,-14.605));
#2327=UNCERTAINTY_MEASURE_WITH_UNIT(LENGTH_MEASURE(0.01),#2331,
'DISTANCE_ACCURACY_VALUE',
'Maximum model space distance between geometric entities at asserted c
onnectivities');
#2328=UNCERTAINTY_MEASURE_WITH_UNIT(LENGTH_MEASURE(0.01),#2331,
'DISTANCE_ACCURACY_VALUE',
'Maximum model space distance between geometric entities at asserted c
onnectivities');
#2329=(
GEOMETRIC_REPRESENTATION_CONTEXT(3)
GLOBAL_UNCERTAINTY_ASSIGNED_CONTEXT((#2327))
GLOBAL_UNIT_ASSIGNED_CONTEXT((#2331,#2333,#2334))
REPRESENTATION_CONTEXT('','3D')
);
#2330=(
GEOMETRIC_REPRESENTATION_CONTEXT(3)
GLOBAL_UNCERTAINTY_ASSIGNED_CONTEXT((#2328))
GLOBAL_UNIT_ASSIGNED_CONTEXT((#2331,#2333,#2334))
REPRESENTATION_CONTEXT('','3D')
);
#2331=(
LENGTH_UNIT()
NAMED_UNIT(*)
SI_UNIT(.MILLI.,.METRE.)
);
#2332=(
LENGTH_UNIT()
NAMED_UNIT(*)
SI_UNIT(.CENTI.,.METRE.)
);
#2333=(
NAMED_UNIT(*)
PLANE_ANGLE_UNIT()
SI_UNIT($,.RADIAN.)
);
#2334=(
NAMED_UNIT(*)
SI_UNIT($,.STERADIAN.)
SOLID_ANGLE_UNIT()
);
#2335=SHAPE_DEFINITION_REPRESENTATION(#2336,#2337);
#2336=PRODUCT_DEFINITION_SHAPE('',$,#2339);
#2337=SHAPE_REPRESENTATION('',(#1318),#2329);
#2338=PRODUCT_DEFINITION_CONTEXT('part definition',#2343,'design');
#2339=PRODUCT_DEFINITION('Boden','Boden',#2340,#2338);
#2340=PRODUCT_DEFINITION_FORMATION('',$,#2345);
#2341=PRODUCT_RELATED_PRODUCT_CATEGORY('Boden','Boden',(#2345));
#2342=APPLICATION_PROTOCOL_DEFINITION('international standard',
'automotive_design',2009,#2343);
#2343=APPLICATION_CONTEXT(
'Core Data for Automotive Mechanical Design Process');
#2344=PRODUCT_CONTEXT('part definition',#2343,'mechanical');
#2345=PRODUCT('Boden','Boden',$,(#2344));
#2346=PRESENTATION_STYLE_ASSIGNMENT((#2347));
#2347=SURFACE_STYLE_USAGE(.BOTH.,#2350);
#2348=SURFACE_STYLE_RENDERING_WITH_PROPERTIES($,#2354,(#2349));
#2349=SURFACE_STYLE_TRANSPARENT(0.);
#2350=SURFACE_SIDE_STYLE('',(#2351,#2348));
#2351=SURFACE_STYLE_FILL_AREA(#2352);
#2352=FILL_AREA_STYLE('',(#2353));
#2353=FILL_AREA_STYLE_COLOUR('',#2354);
#2354=COLOUR_RGB('',0.250980392156863,0.250980392156863,0.250980392156863);
ENDSEC;
END-ISO-10303-21;
