ISO-10303-21;
HEADER;
/* Generated by software containing ST-Developer
 * from STEP Tools, Inc. (www.steptools.com) 
 */

FILE_DESCRIPTION(
/* description */ (''),
/* implementation_level */ '2;1');

FILE_NAME(
/* name */ 'Basis_5.stp',
/* time_stamp */ '2026-07-14T10:23:32+02:00',
/* author */ ('PascalHelfenstein'),
/* organization */ (''),
/* preprocessor_version */ 'ST-DEVELOPER v20.1',
/* originating_system */ 'Autodesk Inventor 2027',
/* authorisation */ '');

FILE_SCHEMA (('AUTOMOTIVE_DESIGN { 1 0 10303 214 3 1 1 }'));
ENDSEC;

DATA;
#10=MECHANICAL_DESIGN_GEOMETRIC_PRESENTATION_REPRESENTATION('',(#13),#2522);
#11=SHAPE_REPRESENTATION_RELATIONSHIP('SRR','None',#2529,#12);
#12=ADVANCED_BREP_SHAPE_REPRESENTATION('',(#14),#2521);
#13=STYLED_ITEM('',(#2538),#14);
#14=MANIFOLD_SOLID_BREP('Volumenk\X\F6rper2',#1457);
#15=FACE_BOUND('',#445,.T.);
#16=FACE_BOUND('',#446,.T.);
#17=FACE_BOUND('',#447,.T.);
#18=FACE_BOUND('',#448,.T.);
#19=FACE_BOUND('',#449,.T.);
#20=FACE_BOUND('',#450,.T.);
#21=FACE_BOUND('',#451,.T.);
#22=FACE_BOUND('',#452,.T.);
#23=FACE_BOUND('',#453,.T.);
#24=FACE_BOUND('',#466,.T.);
#25=FACE_BOUND('',#481,.T.);
#26=FACE_BOUND('',#483,.T.);
#27=FACE_BOUND('',#487,.T.);
#28=FACE_BOUND('',#489,.T.);
#29=FACE_BOUND('',#496,.T.);
#30=FACE_BOUND('',#498,.T.);
#31=FACE_BOUND('',#502,.T.);
#32=FACE_BOUND('',#506,.T.);
#33=FACE_BOUND('',#510,.T.);
#34=FACE_BOUND('',#511,.T.);
#35=FACE_BOUND('',#512,.T.);
#36=FACE_BOUND('',#513,.T.);
#37=FACE_BOUND('',#514,.T.);
#38=PLANE('',#1504);
#39=PLANE('',#1507);
#40=PLANE('',#1510);
#41=PLANE('',#1546);
#42=PLANE('',#1548);
#43=PLANE('',#1573);
#44=PLANE('',#1576);
#45=PLANE('',#1582);
#46=PLANE('',#1584);
#47=PLANE('',#1592);
#48=PLANE('',#1594);
#49=PLANE('',#1603);
#50=PLANE('',#1606);
#51=PLANE('',#1609);
#52=PLANE('',#1610);
#53=PLANE('',#1611);
#54=PLANE('',#1614);
#55=PLANE('',#1615);
#56=PLANE('',#1616);
#57=PLANE('',#1619);
#58=PLANE('',#1620);
#59=PLANE('',#1621);
#60=PLANE('',#1624);
#61=PLANE('',#1627);
#62=PLANE('',#1630);
#63=PLANE('',#1631);
#64=PLANE('',#1634);
#65=PLANE('',#1635);
#66=PLANE('',#1638);
#67=PLANE('',#1639);
#68=PLANE('',#1640);
#69=PLANE('',#1641);
#70=PLANE('',#1642);
#71=PLANE('',#1644);
#72=PLANE('',#1646);
#73=LINE('',#2117,#193);
#74=LINE('',#2118,#194);
#75=LINE('',#2129,#195);
#76=LINE('',#2130,#196);
#77=LINE('',#2141,#197);
#78=LINE('',#2142,#198);
#79=LINE('',#2150,#199);
#80=LINE('',#2151,#200);
#81=LINE('',#2154,#201);
#82=LINE('',#2156,#202);
#83=LINE('',#2157,#203);
#84=LINE('',#2160,#204);
#85=LINE('',#2164,#205);
#86=LINE('',#2165,#206);
#87=LINE('',#2168,#207);
#88=LINE('',#2173,#208);
#89=LINE('',#2177,#209);
#90=LINE('',#2179,#210);
#91=LINE('',#2181,#211);
#92=LINE('',#2185,#212);
#93=LINE('',#2187,#213);
#94=LINE('',#2189,#214);
#95=LINE('',#2193,#215);
#96=LINE('',#2195,#216);
#97=LINE('',#2197,#217);
#98=LINE('',#2201,#218);
#99=LINE('',#2202,#219);
#100=LINE('',#2232,#220);
#101=LINE('',#2233,#221);
#102=LINE('',#2242,#222);
#103=LINE('',#2250,#223);
#104=LINE('',#2256,#224);
#105=LINE('',#2257,#225);
#106=LINE('',#2259,#226);
#107=LINE('',#2261,#227);
#108=LINE('',#2263,#228);
#109=LINE('',#2269,#229);
#110=LINE('',#2273,#230);
#111=LINE('',#2277,#231);
#112=LINE('',#2280,#232);
#113=LINE('',#2290,#233);
#114=LINE('',#2298,#234);
#115=LINE('',#2306,#235);
#116=LINE('',#2312,#236);
#117=LINE('',#2315,#237);
#118=LINE('',#2317,#238);
#119=LINE('',#2318,#239);
#120=LINE('',#2321,#240);
#121=LINE('',#2325,#241);
#122=LINE('',#2326,#242);
#123=LINE('',#2329,#243);
#124=LINE('',#2335,#244);
#125=LINE('',#2348,#245);
#126=LINE('',#2353,#246);
#127=LINE('',#2366,#247);
#128=LINE('',#2368,#248);
#129=LINE('',#2370,#249);
#130=LINE('',#2372,#250);
#131=LINE('',#2374,#251);
#132=LINE('',#2378,#252);
#133=LINE('',#2380,#253);
#134=LINE('',#2382,#254);
#135=LINE('',#2384,#255);
#136=LINE('',#2391,#256);
#137=LINE('',#2393,#257);
#138=LINE('',#2395,#258);
#139=LINE('',#2397,#259);
#140=LINE('',#2404,#260);
#141=LINE('',#2406,#261);
#142=LINE('',#2408,#262);
#143=LINE('',#2409,#263);
#144=LINE('',#2412,#264);
#145=LINE('',#2414,#265);
#146=LINE('',#2415,#266);
#147=LINE('',#2418,#267);
#148=LINE('',#2420,#268);
#149=LINE('',#2424,#269);
#150=LINE('',#2425,#270);
#151=LINE('',#2431,#271);
#152=LINE('',#2433,#272);
#153=LINE('',#2435,#273);
#154=LINE('',#2436,#274);
#155=LINE('',#2439,#275);
#156=LINE('',#2441,#276);
#157=LINE('',#2442,#277);
#158=LINE('',#2445,#278);
#159=LINE('',#2447,#279);
#160=LINE('',#2451,#280);
#161=LINE('',#2452,#281);
#162=LINE('',#2456,#282);
#163=LINE('',#2457,#283);
#164=LINE('',#2459,#284);
#165=LINE('',#2460,#285);
#166=LINE('',#2464,#286);
#167=LINE('',#2467,#287);
#168=LINE('',#2470,#288);
#169=LINE('',#2472,#289);
#170=LINE('',#2473,#290);
#171=LINE('',#2474,#291);
#172=LINE('',#2476,#292);
#173=LINE('',#2477,#293);
#174=LINE('',#2479,#294);
#175=LINE('',#2481,#295);
#176=LINE('',#2483,#296);
#177=LINE('',#2485,#297);
#178=LINE('',#2487,#298);
#179=LINE('',#2489,#299);
#180=LINE('',#2491,#300);
#181=LINE('',#2492,#301);
#182=LINE('',#2494,#302);
#183=LINE('',#2496,#303);
#184=LINE('',#2498,#304);
#185=LINE('',#2500,#305);
#186=LINE('',#2501,#306);
#187=LINE('',#2503,#307);
#188=LINE('',#2506,#308);
#189=LINE('',#2508,#309);
#190=LINE('',#2512,#310);
#191=LINE('',#2513,#311);
#192=LINE('',#2516,#312);
#193=VECTOR('',#1663,10.);
#194=VECTOR('',#1664,10.);
#195=VECTOR('',#1677,10.);
#196=VECTOR('',#1678,10.);
#197=VECTOR('',#1691,10.);
#198=VECTOR('',#1692,10.);
#199=VECTOR('',#1703,10.);
#200=VECTOR('',#1704,10.);
#201=VECTOR('',#1707,10.);
#202=VECTOR('',#1708,10.);
#203=VECTOR('',#1709,10.);
#204=VECTOR('',#1712,10.);
#205=VECTOR('',#1717,10.);
#206=VECTOR('',#1718,10.);
#207=VECTOR('',#1721,10.);
#208=VECTOR('',#1726,10.);
#209=VECTOR('',#1729,10.);
#210=VECTOR('',#1730,10.);
#211=VECTOR('',#1731,10.);
#212=VECTOR('',#1734,10.);
#213=VECTOR('',#1735,10.);
#214=VECTOR('',#1736,10.);
#215=VECTOR('',#1739,10.);
#216=VECTOR('',#1740,10.);
#217=VECTOR('',#1741,10.);
#218=VECTOR('',#1744,10.);
#219=VECTOR('',#1745,10.);
#220=VECTOR('',#1776,10.);
#221=VECTOR('',#1777,10.);
#222=VECTOR('',#1790,10.);
#223=VECTOR('',#1801,10.);
#224=VECTOR('',#1810,10.);
#225=VECTOR('',#1811,10.);
#226=VECTOR('',#1814,10.);
#227=VECTOR('',#1817,10.);
#228=VECTOR('',#1820,10.);
#229=VECTOR('',#1825,10.);
#230=VECTOR('',#1828,10.);
#231=VECTOR('',#1831,10.);
#232=VECTOR('',#1834,10.);
#233=VECTOR('',#1847,10.);
#234=VECTOR('',#1858,10.);
#235=VECTOR('',#1869,10.);
#236=VECTOR('',#1878,10.);
#237=VECTOR('',#1881,10.);
#238=VECTOR('',#1882,10.);
#239=VECTOR('',#1883,10.);
#240=VECTOR('',#1886,10.);
#241=VECTOR('',#1891,10.);
#242=VECTOR('',#1892,10.);
#243=VECTOR('',#1895,10.);
#244=VECTOR('',#1902,3.5);
#245=VECTOR('',#1919,3.5);
#246=VECTOR('',#1924,3.5);
#247=VECTOR('',#1941,3.5);
#248=VECTOR('',#1944,1.9);
#249=VECTOR('',#1947,1.9);
#250=VECTOR('',#1950,1.9);
#251=VECTOR('',#1953,1.9);
#252=VECTOR('',#1956,10.);
#253=VECTOR('',#1957,10.);
#254=VECTOR('',#1958,10.);
#255=VECTOR('',#1959,10.);
#256=VECTOR('',#1966,10.);
#257=VECTOR('',#1967,10.);
#258=VECTOR('',#1968,10.);
#259=VECTOR('',#1969,10.);
#260=VECTOR('',#1976,10.);
#261=VECTOR('',#1977,10.);
#262=VECTOR('',#1978,10.);
#263=VECTOR('',#1979,10.);
#264=VECTOR('',#1982,10.);
#265=VECTOR('',#1983,10.);
#266=VECTOR('',#1984,10.);
#267=VECTOR('',#1987,10.);
#268=VECTOR('',#1988,10.);
#269=VECTOR('',#1991,10.);
#270=VECTOR('',#1992,10.);
#271=VECTOR('',#1997,10.);
#272=VECTOR('',#1998,10.);
#273=VECTOR('',#1999,10.);
#274=VECTOR('',#2000,10.);
#275=VECTOR('',#2003,10.);
#276=VECTOR('',#2004,10.);
#277=VECTOR('',#2005,10.);
#278=VECTOR('',#2008,10.);
#279=VECTOR('',#2009,10.);
#280=VECTOR('',#2012,10.);
#281=VECTOR('',#2013,10.);
#282=VECTOR('',#2018,10.);
#283=VECTOR('',#2019,10.);
#284=VECTOR('',#2022,10.);
#285=VECTOR('',#2023,10.);
#286=VECTOR('',#2026,10.);
#287=VECTOR('',#2029,10.);
#288=VECTOR('',#2032,10.);
#289=VECTOR('',#2033,10.);
#290=VECTOR('',#2034,10.);
#291=VECTOR('',#2035,10.);
#292=VECTOR('',#2038,10.);
#293=VECTOR('',#2039,10.);
#294=VECTOR('',#2042,10.);
#295=VECTOR('',#2045,1.65);
#296=VECTOR('',#2048,10.);
#297=VECTOR('',#2051,10.);
#298=VECTOR('',#2054,1.65);
#299=VECTOR('',#2057,10.);
#300=VECTOR('',#2060,10.);
#301=VECTOR('',#2061,10.);
#302=VECTOR('',#2064,1.65);
#303=VECTOR('',#2067,10.);
#304=VECTOR('',#2070,10.);
#305=VECTOR('',#2073,10.);
#306=VECTOR('',#2074,10.);
#307=VECTOR('',#2077,1.65);
#308=VECTOR('',#2082,10.);
#309=VECTOR('',#2085,10.);
#310=VECTOR('',#2092,10.);
#311=VECTOR('',#2093,10.);
#312=VECTOR('',#2098,10.);
#313=CYLINDRICAL_SURFACE('',#1485,1.);
#314=CYLINDRICAL_SURFACE('',#1491,1.);
#315=CYLINDRICAL_SURFACE('',#1497,1.);
#316=CYLINDRICAL_SURFACE('',#1503,1.);
#317=CYLINDRICAL_SURFACE('',#1505,7.99999999999995);
#318=CYLINDRICAL_SURFACE('',#1508,7.99999999999995);
#319=CYLINDRICAL_SURFACE('',#1528,1.);
#320=CYLINDRICAL_SURFACE('',#1534,1.);
#321=CYLINDRICAL_SURFACE('',#1539,1.);
#322=CYLINDRICAL_SURFACE('',#1544,1.);
#323=CYLINDRICAL_SURFACE('',#1545,7.99999999999995);
#324=CYLINDRICAL_SURFACE('',#1547,7.99999999999995);
#325=CYLINDRICAL_SURFACE('',#1557,1.);
#326=CYLINDRICAL_SURFACE('',#1562,1.);
#327=CYLINDRICAL_SURFACE('',#1567,1.);
#328=CYLINDRICAL_SURFACE('',#1572,1.);
#329=CYLINDRICAL_SURFACE('',#1574,5.49999999999999);
#330=CYLINDRICAL_SURFACE('',#1577,5.49999999999999);
#331=CYLINDRICAL_SURFACE('',#1579,3.5);
#332=CYLINDRICAL_SURFACE('',#1587,3.5);
#333=CYLINDRICAL_SURFACE('',#1589,3.5);
#334=CYLINDRICAL_SURFACE('',#1597,3.5);
#335=CYLINDRICAL_SURFACE('',#1599,1.9);
#336=CYLINDRICAL_SURFACE('',#1600,1.9);
#337=CYLINDRICAL_SURFACE('',#1601,1.9);
#338=CYLINDRICAL_SURFACE('',#1602,1.9);
#339=CYLINDRICAL_SURFACE('',#1625,5.);
#340=CYLINDRICAL_SURFACE('',#1626,1.65);
#341=CYLINDRICAL_SURFACE('',#1628,5.);
#342=CYLINDRICAL_SURFACE('',#1629,1.65);
#343=CYLINDRICAL_SURFACE('',#1632,1.65);
#344=CYLINDRICAL_SURFACE('',#1633,5.);
#345=CYLINDRICAL_SURFACE('',#1636,1.65);
#346=CYLINDRICAL_SURFACE('',#1637,5.);
#347=CYLINDRICAL_SURFACE('',#1643,5.49999999999999);
#348=CYLINDRICAL_SURFACE('',#1645,5.49999999999999);
#349=FACE_OUTER_BOUND('',#432,.T.);
#350=FACE_OUTER_BOUND('',#433,.T.);
#351=FACE_OUTER_BOUND('',#434,.T.);
#352=FACE_OUTER_BOUND('',#435,.T.);
#353=FACE_OUTER_BOUND('',#436,.T.);
#354=FACE_OUTER_BOUND('',#437,.T.);
#355=FACE_OUTER_BOUND('',#438,.T.);
#356=FACE_OUTER_BOUND('',#439,.T.);
#357=FACE_OUTER_BOUND('',#440,.T.);
#358=FACE_OUTER_BOUND('',#441,.T.);
#359=FACE_OUTER_BOUND('',#442,.T.);
#360=FACE_OUTER_BOUND('',#443,.T.);
#361=FACE_OUTER_BOUND('',#444,.T.);
#362=FACE_OUTER_BOUND('',#454,.T.);
#363=FACE_OUTER_BOUND('',#455,.T.);
#364=FACE_OUTER_BOUND('',#456,.T.);
#365=FACE_OUTER_BOUND('',#457,.T.);
#366=FACE_OUTER_BOUND('',#458,.T.);
#367=FACE_OUTER_BOUND('',#459,.T.);
#368=FACE_OUTER_BOUND('',#460,.T.);
#369=FACE_OUTER_BOUND('',#461,.T.);
#370=FACE_OUTER_BOUND('',#462,.T.);
#371=FACE_OUTER_BOUND('',#463,.T.);
#372=FACE_OUTER_BOUND('',#464,.T.);
#373=FACE_OUTER_BOUND('',#465,.T.);
#374=FACE_OUTER_BOUND('',#467,.T.);
#375=FACE_OUTER_BOUND('',#468,.T.);
#376=FACE_OUTER_BOUND('',#469,.T.);
#377=FACE_OUTER_BOUND('',#470,.T.);
#378=FACE_OUTER_BOUND('',#471,.T.);
#379=FACE_OUTER_BOUND('',#472,.T.);
#380=FACE_OUTER_BOUND('',#473,.T.);
#381=FACE_OUTER_BOUND('',#474,.T.);
#382=FACE_OUTER_BOUND('',#475,.T.);
#383=FACE_OUTER_BOUND('',#476,.T.);
#384=FACE_OUTER_BOUND('',#477,.T.);
#385=FACE_OUTER_BOUND('',#478,.T.);
#386=FACE_OUTER_BOUND('',#479,.T.);
#387=FACE_OUTER_BOUND('',#480,.T.);
#388=FACE_OUTER_BOUND('',#482,.T.);
#389=FACE_OUTER_BOUND('',#484,.T.);
#390=FACE_OUTER_BOUND('',#485,.T.);
#391=FACE_OUTER_BOUND('',#486,.T.);
#392=FACE_OUTER_BOUND('',#488,.T.);
#393=FACE_OUTER_BOUND('',#490,.T.);
#394=FACE_OUTER_BOUND('',#491,.T.);
#395=FACE_OUTER_BOUND('',#492,.T.);
#396=FACE_OUTER_BOUND('',#493,.T.);
#397=FACE_OUTER_BOUND('',#494,.T.);
#398=FACE_OUTER_BOUND('',#495,.T.);
#399=FACE_OUTER_BOUND('',#497,.T.);
#400=FACE_OUTER_BOUND('',#499,.T.);
#401=FACE_OUTER_BOUND('',#500,.T.);
#402=FACE_OUTER_BOUND('',#501,.T.);
#403=FACE_OUTER_BOUND('',#503,.T.);
#404=FACE_OUTER_BOUND('',#504,.T.);
#405=FACE_OUTER_BOUND('',#505,.T.);
#406=FACE_OUTER_BOUND('',#507,.T.);
#407=FACE_OUTER_BOUND('',#508,.T.);
#408=FACE_OUTER_BOUND('',#509,.T.);
#409=FACE_OUTER_BOUND('',#515,.T.);
#410=FACE_OUTER_BOUND('',#516,.T.);
#411=FACE_OUTER_BOUND('',#517,.T.);
#412=FACE_OUTER_BOUND('',#518,.T.);
#413=FACE_OUTER_BOUND('',#519,.T.);
#414=FACE_OUTER_BOUND('',#520,.T.);
#415=FACE_OUTER_BOUND('',#521,.T.);
#416=FACE_OUTER_BOUND('',#522,.T.);
#417=FACE_OUTER_BOUND('',#523,.T.);
#418=FACE_OUTER_BOUND('',#524,.T.);
#419=FACE_OUTER_BOUND('',#525,.T.);
#420=FACE_OUTER_BOUND('',#526,.T.);
#421=FACE_OUTER_BOUND('',#527,.T.);
#422=FACE_OUTER_BOUND('',#528,.T.);
#423=FACE_OUTER_BOUND('',#529,.T.);
#424=FACE_OUTER_BOUND('',#530,.T.);
#425=FACE_OUTER_BOUND('',#531,.T.);
#426=FACE_OUTER_BOUND('',#532,.T.);
#427=FACE_OUTER_BOUND('',#533,.T.);
#428=FACE_OUTER_BOUND('',#534,.T.);
#429=FACE_OUTER_BOUND('',#535,.T.);
#430=FACE_OUTER_BOUND('',#536,.T.);
#431=FACE_OUTER_BOUND('',#537,.T.);
#432=EDGE_LOOP('',(#954,#955,#956,#957));
#433=EDGE_LOOP('',(#958,#959,#960,#961));
#434=EDGE_LOOP('',(#962,#963,#964,#965));
#435=EDGE_LOOP('',(#966,#967,#968,#969));
#436=EDGE_LOOP('',(#970,#971,#972,#973));
#437=EDGE_LOOP('',(#974,#975,#976,#977));
#438=EDGE_LOOP('',(#978,#979,#980,#981));
#439=EDGE_LOOP('',(#982,#983,#984,#985));
#440=EDGE_LOOP('',(#986,#987,#988,#989));
#441=EDGE_LOOP('',(#990,#991,#992,#993));
#442=EDGE_LOOP('',(#994,#995,#996,#997));
#443=EDGE_LOOP('',(#998,#999,#1000,#1001));
#444=EDGE_LOOP('',(#1002,#1003,#1004,#1005,#1006,#1007,#1008,#1009));
#445=EDGE_LOOP('',(#1010,#1011,#1012,#1013,#1014,#1015,#1016,#1017,#1018,
#1019,#1020,#1021,#1022,#1023,#1024,#1025));
#446=EDGE_LOOP('',(#1026));
#447=EDGE_LOOP('',(#1027));
#448=EDGE_LOOP('',(#1028));
#449=EDGE_LOOP('',(#1029));
#450=EDGE_LOOP('',(#1030));
#451=EDGE_LOOP('',(#1031));
#452=EDGE_LOOP('',(#1032));
#453=EDGE_LOOP('',(#1033));
#454=EDGE_LOOP('',(#1034,#1035,#1036,#1037));
#455=EDGE_LOOP('',(#1038,#1039,#1040,#1041));
#456=EDGE_LOOP('',(#1042,#1043,#1044,#1045));
#457=EDGE_LOOP('',(#1046,#1047,#1048,#1049));
#458=EDGE_LOOP('',(#1050,#1051,#1052,#1053));
#459=EDGE_LOOP('',(#1054,#1055,#1056,#1057));
#460=EDGE_LOOP('',(#1058,#1059,#1060,#1061));
#461=EDGE_LOOP('',(#1062,#1063,#1064,#1065));
#462=EDGE_LOOP('',(#1066,#1067,#1068,#1069));
#463=EDGE_LOOP('',(#1070,#1071,#1072,#1073));
#464=EDGE_LOOP('',(#1074,#1075,#1076,#1077));
#465=EDGE_LOOP('',(#1078,#1079,#1080,#1081,#1082,#1083,#1084,#1085));
#466=EDGE_LOOP('',(#1086,#1087,#1088,#1089,#1090,#1091,#1092,#1093));
#467=EDGE_LOOP('',(#1094,#1095,#1096,#1097));
#468=EDGE_LOOP('',(#1098,#1099,#1100,#1101));
#469=EDGE_LOOP('',(#1102,#1103,#1104,#1105));
#470=EDGE_LOOP('',(#1106,#1107,#1108,#1109));
#471=EDGE_LOOP('',(#1110,#1111,#1112,#1113));
#472=EDGE_LOOP('',(#1114,#1115,#1116,#1117));
#473=EDGE_LOOP('',(#1118,#1119,#1120,#1121));
#474=EDGE_LOOP('',(#1122,#1123,#1124,#1125));
#475=EDGE_LOOP('',(#1126,#1127,#1128,#1129));
#476=EDGE_LOOP('',(#1130,#1131,#1132,#1133));
#477=EDGE_LOOP('',(#1134,#1135,#1136,#1137));
#478=EDGE_LOOP('',(#1138,#1139,#1140,#1141));
#479=EDGE_LOOP('',(#1142,#1143,#1144,#1145));
#480=EDGE_LOOP('',(#1146));
#481=EDGE_LOOP('',(#1147));
#482=EDGE_LOOP('',(#1148));
#483=EDGE_LOOP('',(#1149));
#484=EDGE_LOOP('',(#1150,#1151,#1152,#1153));
#485=EDGE_LOOP('',(#1154,#1155,#1156,#1157));
#486=EDGE_LOOP('',(#1158));
#487=EDGE_LOOP('',(#1159));
#488=EDGE_LOOP('',(#1160));
#489=EDGE_LOOP('',(#1161));
#490=EDGE_LOOP('',(#1162,#1163,#1164,#1165));
#491=EDGE_LOOP('',(#1166,#1167,#1168,#1169));
#492=EDGE_LOOP('',(#1170,#1171,#1172,#1173));
#493=EDGE_LOOP('',(#1174,#1175,#1176,#1177));
#494=EDGE_LOOP('',(#1178,#1179,#1180,#1181));
#495=EDGE_LOOP('',(#1182,#1183,#1184,#1185,#1186));
#496=EDGE_LOOP('',(#1187));
#497=EDGE_LOOP('',(#1188,#1189,#1190,#1191,#1192));
#498=EDGE_LOOP('',(#1193));
#499=EDGE_LOOP('',(#1194,#1195,#1196,#1197));
#500=EDGE_LOOP('',(#1198,#1199,#1200,#1201));
#501=EDGE_LOOP('',(#1202,#1203,#1204,#1205,#1206,#1207,#1208));
#502=EDGE_LOOP('',(#1209));
#503=EDGE_LOOP('',(#1210,#1211,#1212,#1213));
#504=EDGE_LOOP('',(#1214,#1215,#1216,#1217));
#505=EDGE_LOOP('',(#1218,#1219,#1220,#1221,#1222,#1223,#1224));
#506=EDGE_LOOP('',(#1225));
#507=EDGE_LOOP('',(#1226,#1227,#1228,#1229));
#508=EDGE_LOOP('',(#1230,#1231,#1232,#1233));
#509=EDGE_LOOP('',(#1234,#1235,#1236,#1237,#1238,#1239,#1240,#1241));
#510=EDGE_LOOP('',(#1242));
#511=EDGE_LOOP('',(#1243));
#512=EDGE_LOOP('',(#1244));
#513=EDGE_LOOP('',(#1245));
#514=EDGE_LOOP('',(#1246,#1247,#1248,#1249,#1250,#1251,#1252,#1253));
#515=EDGE_LOOP('',(#1254,#1255,#1256,#1257));
#516=EDGE_LOOP('',(#1258,#1259,#1260,#1261));
#517=EDGE_LOOP('',(#1262,#1263,#1264,#1265));
#518=EDGE_LOOP('',(#1266,#1267,#1268,#1269));
#519=EDGE_LOOP('',(#1270,#1271,#1272,#1273));
#520=EDGE_LOOP('',(#1274,#1275,#1276,#1277));
#521=EDGE_LOOP('',(#1278,#1279,#1280,#1281));
#522=EDGE_LOOP('',(#1282,#1283,#1284,#1285));
#523=EDGE_LOOP('',(#1286,#1287,#1288,#1289));
#524=EDGE_LOOP('',(#1290,#1291,#1292,#1293));
#525=EDGE_LOOP('',(#1294,#1295,#1296,#1297));
#526=EDGE_LOOP('',(#1298,#1299,#1300,#1301));
#527=EDGE_LOOP('',(#1302,#1303,#1304,#1305));
#528=EDGE_LOOP('',(#1306,#1307,#1308,#1309));
#529=EDGE_LOOP('',(#1310,#1311,#1312,#1313,#1314,#1315,#1316,#1317));
#530=EDGE_LOOP('',(#1318,#1319,#1320,#1321,#1322,#1323,#1324,#1325));
#531=EDGE_LOOP('',(#1326,#1327,#1328,#1329,#1330,#1331,#1332,#1333));
#532=EDGE_LOOP('',(#1334,#1335,#1336,#1337,#1338,#1339,#1340,#1341));
#533=EDGE_LOOP('',(#1342,#1343,#1344,#1345));
#534=EDGE_LOOP('',(#1346,#1347,#1348,#1349));
#535=EDGE_LOOP('',(#1350,#1351,#1352,#1353));
#536=EDGE_LOOP('',(#1354,#1355,#1356,#1357));
#537=EDGE_LOOP('',(#1358,#1359,#1360,#1361));
#538=CIRCLE('',#1481,1.);
#539=CIRCLE('',#1482,7.99999999999995);
#540=CIRCLE('',#1483,0.999999999999952);
#541=CIRCLE('',#1484,6.99999999999995);
#542=CIRCLE('',#1486,0.999999999999988);
#543=CIRCLE('',#1488,0.999999999999943);
#544=CIRCLE('',#1489,6.99999999999995);
#545=CIRCLE('',#1490,7.99999999999995);
#546=CIRCLE('',#1492,0.999999999999996);
#547=CIRCLE('',#1494,0.999999999999961);
#548=CIRCLE('',#1495,6.99999999999995);
#549=CIRCLE('',#1496,7.99999999999995);
#550=CIRCLE('',#1498,0.999999999999996);
#551=CIRCLE('',#1500,0.999999999999917);
#552=CIRCLE('',#1501,6.99999999999995);
#553=CIRCLE('',#1502,7.99999999999995);
#554=CIRCLE('',#1506,7.99999999999995);
#555=CIRCLE('',#1509,7.99999999999995);
#556=CIRCLE('',#1511,5.);
#557=CIRCLE('',#1512,5.);
#558=CIRCLE('',#1513,5.);
#559=CIRCLE('',#1514,5.);
#560=CIRCLE('',#1515,1.65);
#561=CIRCLE('',#1516,1.65);
#562=CIRCLE('',#1517,1.65);
#563=CIRCLE('',#1518,1.65);
#564=CIRCLE('',#1519,1.9);
#565=CIRCLE('',#1520,1.9);
#566=CIRCLE('',#1521,1.9);
#567=CIRCLE('',#1522,1.9);
#568=CIRCLE('',#1524,1.);
#569=CIRCLE('',#1525,7.99999999999995);
#570=CIRCLE('',#1526,0.999999999999952);
#571=CIRCLE('',#1527,6.99999999999995);
#572=CIRCLE('',#1529,0.999999999999996);
#573=CIRCLE('',#1531,0.999999999999899);
#574=CIRCLE('',#1532,6.99999999999995);
#575=CIRCLE('',#1533,7.99999999999995);
#576=CIRCLE('',#1535,0.999999999999996);
#577=CIRCLE('',#1537,0.999999999999952);
#578=CIRCLE('',#1538,6.99999999999995);
#579=CIRCLE('',#1540,0.999999999999988);
#580=CIRCLE('',#1542,0.999999999999934);
#581=CIRCLE('',#1543,6.99999999999995);
#582=CIRCLE('',#1549,6.49999999999999);
#583=CIRCLE('',#1550,6.49999999999999);
#584=CIRCLE('',#1551,6.49999999999999);
#585=CIRCLE('',#1552,6.49999999999999);
#586=CIRCLE('',#1554,1.);
#587=CIRCLE('',#1555,5.49999999999999);
#588=CIRCLE('',#1556,0.999999999999996);
#589=CIRCLE('',#1558,0.999999999999996);
#590=CIRCLE('',#1560,1.00000000000006);
#591=CIRCLE('',#1561,5.49999999999999);
#592=CIRCLE('',#1563,0.999999999999996);
#593=CIRCLE('',#1565,0.999999999999996);
#594=CIRCLE('',#1566,5.49999999999999);
#595=CIRCLE('',#1568,0.999999999999996);
#596=CIRCLE('',#1570,1.00000000000004);
#597=CIRCLE('',#1571,5.49999999999999);
#598=CIRCLE('',#1575,5.49999999999999);
#599=CIRCLE('',#1578,5.49999999999999);
#600=CIRCLE('',#1580,3.5);
#601=CIRCLE('',#1581,3.5);
#602=CIRCLE('',#1583,1.9);
#603=CIRCLE('',#1585,3.5);
#604=CIRCLE('',#1586,1.9);
#605=CIRCLE('',#1588,3.5);
#606=CIRCLE('',#1590,3.5);
#607=CIRCLE('',#1591,3.5);
#608=CIRCLE('',#1593,1.9);
#609=CIRCLE('',#1595,3.5);
#610=CIRCLE('',#1596,1.9);
#611=CIRCLE('',#1598,3.5);
#612=CIRCLE('',#1604,5.);
#613=CIRCLE('',#1605,1.65);
#614=CIRCLE('',#1607,5.);
#615=CIRCLE('',#1608,1.65);
#616=CIRCLE('',#1612,5.);
#617=CIRCLE('',#1613,1.65);
#618=CIRCLE('',#1617,5.);
#619=CIRCLE('',#1618,1.65);
#620=CIRCLE('',#1622,5.49999999999999);
#621=CIRCLE('',#1623,5.49999999999999);
#622=VERTEX_POINT('',#2105);
#623=VERTEX_POINT('',#2106);
#624=VERTEX_POINT('',#2108);
#625=VERTEX_POINT('',#2110);
#626=VERTEX_POINT('',#2114);
#627=VERTEX_POINT('',#2115);
#628=VERTEX_POINT('',#2120);
#629=VERTEX_POINT('',#2121);
#630=VERTEX_POINT('',#2126);
#631=VERTEX_POINT('',#2127);
#632=VERTEX_POINT('',#2132);
#633=VERTEX_POINT('',#2133);
#634=VERTEX_POINT('',#2138);
#635=VERTEX_POINT('',#2139);
#636=VERTEX_POINT('',#2144);
#637=VERTEX_POINT('',#2145);
#638=VERTEX_POINT('',#2153);
#639=VERTEX_POINT('',#2155);
#640=VERTEX_POINT('',#2159);
#641=VERTEX_POINT('',#2163);
#642=VERTEX_POINT('',#2167);
#643=VERTEX_POINT('',#2171);
#644=VERTEX_POINT('',#2172);
#645=VERTEX_POINT('',#2174);
#646=VERTEX_POINT('',#2176);
#647=VERTEX_POINT('',#2178);
#648=VERTEX_POINT('',#2180);
#649=VERTEX_POINT('',#2182);
#650=VERTEX_POINT('',#2184);
#651=VERTEX_POINT('',#2186);
#652=VERTEX_POINT('',#2188);
#653=VERTEX_POINT('',#2190);
#654=VERTEX_POINT('',#2192);
#655=VERTEX_POINT('',#2194);
#656=VERTEX_POINT('',#2196);
#657=VERTEX_POINT('',#2198);
#658=VERTEX_POINT('',#2200);
#659=VERTEX_POINT('',#2203);
#660=VERTEX_POINT('',#2205);
#661=VERTEX_POINT('',#2207);
#662=VERTEX_POINT('',#2209);
#663=VERTEX_POINT('',#2211);
#664=VERTEX_POINT('',#2213);
#665=VERTEX_POINT('',#2215);
#666=VERTEX_POINT('',#2217);
#667=VERTEX_POINT('',#2220);
#668=VERTEX_POINT('',#2221);
#669=VERTEX_POINT('',#2223);
#670=VERTEX_POINT('',#2225);
#671=VERTEX_POINT('',#2229);
#672=VERTEX_POINT('',#2230);
#673=VERTEX_POINT('',#2235);
#674=VERTEX_POINT('',#2240);
#675=VERTEX_POINT('',#2244);
#676=VERTEX_POINT('',#2248);
#677=VERTEX_POINT('',#2252);
#678=VERTEX_POINT('',#2265);
#679=VERTEX_POINT('',#2266);
#680=VERTEX_POINT('',#2268);
#681=VERTEX_POINT('',#2270);
#682=VERTEX_POINT('',#2272);
#683=VERTEX_POINT('',#2274);
#684=VERTEX_POINT('',#2276);
#685=VERTEX_POINT('',#2278);
#686=VERTEX_POINT('',#2282);
#687=VERTEX_POINT('',#2284);
#688=VERTEX_POINT('',#2288);
#689=VERTEX_POINT('',#2292);
#690=VERTEX_POINT('',#2296);
#691=VERTEX_POINT('',#2300);
#692=VERTEX_POINT('',#2304);
#693=VERTEX_POINT('',#2308);
#694=VERTEX_POINT('',#2314);
#695=VERTEX_POINT('',#2316);
#696=VERTEX_POINT('',#2320);
#697=VERTEX_POINT('',#2324);
#698=VERTEX_POINT('',#2328);
#699=VERTEX_POINT('',#2332);
#700=VERTEX_POINT('',#2334);
#701=VERTEX_POINT('',#2338);
#702=VERTEX_POINT('',#2341);
#703=VERTEX_POINT('',#2343);
#704=VERTEX_POINT('',#2346);
#705=VERTEX_POINT('',#2350);
#706=VERTEX_POINT('',#2352);
#707=VERTEX_POINT('',#2356);
#708=VERTEX_POINT('',#2359);
#709=VERTEX_POINT('',#2361);
#710=VERTEX_POINT('',#2364);
#711=VERTEX_POINT('',#2376);
#712=VERTEX_POINT('',#2377);
#713=VERTEX_POINT('',#2379);
#714=VERTEX_POINT('',#2381);
#715=VERTEX_POINT('',#2383);
#716=VERTEX_POINT('',#2386);
#717=VERTEX_POINT('',#2389);
#718=VERTEX_POINT('',#2390);
#719=VERTEX_POINT('',#2392);
#720=VERTEX_POINT('',#2394);
#721=VERTEX_POINT('',#2396);
#722=VERTEX_POINT('',#2399);
#723=VERTEX_POINT('',#2402);
#724=VERTEX_POINT('',#2403);
#725=VERTEX_POINT('',#2405);
#726=VERTEX_POINT('',#2407);
#727=VERTEX_POINT('',#2411);
#728=VERTEX_POINT('',#2413);
#729=VERTEX_POINT('',#2417);
#730=VERTEX_POINT('',#2419);
#731=VERTEX_POINT('',#2421);
#732=VERTEX_POINT('',#2423);
#733=VERTEX_POINT('',#2426);
#734=VERTEX_POINT('',#2429);
#735=VERTEX_POINT('',#2430);
#736=VERTEX_POINT('',#2432);
#737=VERTEX_POINT('',#2434);
#738=VERTEX_POINT('',#2438);
#739=VERTEX_POINT('',#2440);
#740=VERTEX_POINT('',#2444);
#741=VERTEX_POINT('',#2446);
#742=VERTEX_POINT('',#2448);
#743=VERTEX_POINT('',#2450);
#744=VERTEX_POINT('',#2453);
#745=VERTEX_POINT('',#2462);
#746=VERTEX_POINT('',#2463);
#747=VERTEX_POINT('',#2466);
#748=VERTEX_POINT('',#2469);
#749=VERTEX_POINT('',#2471);
#750=EDGE_CURVE('',#622,#623,#538,.T.);
#751=EDGE_CURVE('',#623,#624,#539,.T.);
#752=EDGE_CURVE('',#624,#625,#540,.T.);
#753=EDGE_CURVE('',#625,#622,#541,.T.);
#754=EDGE_CURVE('',#626,#627,#542,.T.);
#755=EDGE_CURVE('',#627,#625,#73,.T.);
#756=EDGE_CURVE('',#624,#626,#74,.T.);
#757=EDGE_CURVE('',#628,#629,#543,.T.);
#758=EDGE_CURVE('',#629,#627,#544,.T.);
#759=EDGE_CURVE('',#626,#628,#545,.T.);
#760=EDGE_CURVE('',#630,#631,#546,.T.);
#761=EDGE_CURVE('',#631,#629,#75,.T.);
#762=EDGE_CURVE('',#628,#630,#76,.T.);
#763=EDGE_CURVE('',#632,#633,#547,.T.);
#764=EDGE_CURVE('',#633,#631,#548,.T.);
#765=EDGE_CURVE('',#630,#632,#549,.T.);
#766=EDGE_CURVE('',#634,#635,#550,.T.);
#767=EDGE_CURVE('',#635,#633,#77,.T.);
#768=EDGE_CURVE('',#632,#634,#78,.T.);
#769=EDGE_CURVE('',#636,#637,#551,.T.);
#770=EDGE_CURVE('',#637,#635,#552,.T.);
#771=EDGE_CURVE('',#634,#636,#553,.T.);
#772=EDGE_CURVE('',#622,#637,#79,.T.);
#773=EDGE_CURVE('',#636,#623,#80,.T.);
#774=EDGE_CURVE('',#628,#638,#81,.T.);
#775=EDGE_CURVE('',#639,#638,#82,.T.);
#776=EDGE_CURVE('',#630,#639,#83,.T.);
#777=EDGE_CURVE('',#640,#626,#84,.T.);
#778=EDGE_CURVE('',#638,#640,#554,.T.);
#779=EDGE_CURVE('',#624,#641,#85,.T.);
#780=EDGE_CURVE('',#640,#641,#86,.T.);
#781=EDGE_CURVE('',#623,#642,#87,.T.);
#782=EDGE_CURVE('',#641,#642,#555,.T.);
#783=EDGE_CURVE('',#643,#644,#88,.T.);
#784=EDGE_CURVE('',#644,#645,#556,.T.);
#785=EDGE_CURVE('',#645,#646,#89,.T.);
#786=EDGE_CURVE('',#646,#647,#90,.T.);
#787=EDGE_CURVE('',#647,#648,#91,.T.);
#788=EDGE_CURVE('',#648,#649,#557,.T.);
#789=EDGE_CURVE('',#649,#650,#92,.T.);
#790=EDGE_CURVE('',#650,#651,#93,.T.);
#791=EDGE_CURVE('',#651,#652,#94,.T.);
#792=EDGE_CURVE('',#652,#653,#558,.T.);
#793=EDGE_CURVE('',#653,#654,#95,.T.);
#794=EDGE_CURVE('',#654,#655,#96,.T.);
#795=EDGE_CURVE('',#655,#656,#97,.T.);
#796=EDGE_CURVE('',#656,#657,#559,.T.);
#797=EDGE_CURVE('',#657,#658,#98,.T.);
#798=EDGE_CURVE('',#658,#643,#99,.T.);
#799=EDGE_CURVE('',#659,#659,#560,.T.);
#800=EDGE_CURVE('',#660,#660,#561,.T.);
#801=EDGE_CURVE('',#661,#661,#562,.T.);
#802=EDGE_CURVE('',#662,#662,#563,.T.);
#803=EDGE_CURVE('',#663,#663,#564,.T.);
#804=EDGE_CURVE('',#664,#664,#565,.T.);
#805=EDGE_CURVE('',#665,#665,#566,.T.);
#806=EDGE_CURVE('',#666,#666,#567,.T.);
#807=EDGE_CURVE('',#667,#668,#568,.T.);
#808=EDGE_CURVE('',#668,#669,#569,.T.);
#809=EDGE_CURVE('',#669,#670,#570,.T.);
#810=EDGE_CURVE('',#670,#667,#571,.T.);
#811=EDGE_CURVE('',#671,#672,#572,.T.);
#812=EDGE_CURVE('',#672,#670,#100,.T.);
#813=EDGE_CURVE('',#669,#671,#101,.T.);
#814=EDGE_CURVE('',#639,#673,#573,.T.);
#815=EDGE_CURVE('',#673,#672,#574,.T.);
#816=EDGE_CURVE('',#671,#639,#575,.T.);
#817=EDGE_CURVE('',#638,#674,#576,.T.);
#818=EDGE_CURVE('',#674,#673,#102,.T.);
#819=EDGE_CURVE('',#640,#675,#577,.T.);
#820=EDGE_CURVE('',#675,#674,#578,.T.);
#821=EDGE_CURVE('',#641,#676,#579,.T.);
#822=EDGE_CURVE('',#676,#675,#103,.T.);
#823=EDGE_CURVE('',#642,#677,#580,.T.);
#824=EDGE_CURVE('',#677,#676,#581,.T.);
#825=EDGE_CURVE('',#667,#677,#104,.T.);
#826=EDGE_CURVE('',#642,#668,#105,.T.);
#827=EDGE_CURVE('',#632,#671,#106,.T.);
#828=EDGE_CURVE('',#634,#669,#107,.T.);
#829=EDGE_CURVE('',#636,#668,#108,.T.);
#830=EDGE_CURVE('',#678,#679,#582,.T.);
#831=EDGE_CURVE('',#680,#678,#109,.T.);
#832=EDGE_CURVE('',#681,#680,#583,.T.);
#833=EDGE_CURVE('',#682,#681,#110,.T.);
#834=EDGE_CURVE('',#683,#682,#584,.T.);
#835=EDGE_CURVE('',#684,#683,#111,.T.);
#836=EDGE_CURVE('',#685,#684,#585,.T.);
#837=EDGE_CURVE('',#679,#685,#112,.T.);
#838=EDGE_CURVE('',#679,#686,#586,.T.);
#839=EDGE_CURVE('',#686,#687,#587,.T.);
#840=EDGE_CURVE('',#687,#678,#588,.T.);
#841=EDGE_CURVE('',#688,#680,#589,.T.);
#842=EDGE_CURVE('',#687,#688,#113,.T.);
#843=EDGE_CURVE('',#689,#681,#590,.T.);
#844=EDGE_CURVE('',#688,#689,#591,.T.);
#845=EDGE_CURVE('',#690,#682,#592,.T.);
#846=EDGE_CURVE('',#689,#690,#114,.T.);
#847=EDGE_CURVE('',#691,#683,#593,.T.);
#848=EDGE_CURVE('',#690,#691,#594,.T.);
#849=EDGE_CURVE('',#692,#684,#595,.T.);
#850=EDGE_CURVE('',#691,#692,#115,.T.);
#851=EDGE_CURVE('',#693,#685,#596,.T.);
#852=EDGE_CURVE('',#692,#693,#597,.T.);
#853=EDGE_CURVE('',#693,#686,#116,.T.);
#854=EDGE_CURVE('',#694,#689,#117,.T.);
#855=EDGE_CURVE('',#694,#695,#118,.T.);
#856=EDGE_CURVE('',#695,#690,#119,.T.);
#857=EDGE_CURVE('',#696,#688,#120,.T.);
#858=EDGE_CURVE('',#696,#694,#598,.T.);
#859=EDGE_CURVE('',#697,#687,#121,.T.);
#860=EDGE_CURVE('',#697,#696,#122,.T.);
#861=EDGE_CURVE('',#698,#686,#123,.T.);
#862=EDGE_CURVE('',#698,#697,#599,.T.);
#863=EDGE_CURVE('',#699,#699,#600,.T.);
#864=EDGE_CURVE('',#699,#700,#124,.T.);
#865=EDGE_CURVE('',#700,#700,#601,.T.);
#866=EDGE_CURVE('',#701,#701,#602,.T.);
#867=EDGE_CURVE('',#702,#702,#603,.T.);
#868=EDGE_CURVE('',#703,#703,#604,.T.);
#869=EDGE_CURVE('',#704,#704,#605,.T.);
#870=EDGE_CURVE('',#704,#702,#125,.T.);
#871=EDGE_CURVE('',#705,#705,#606,.T.);
#872=EDGE_CURVE('',#705,#706,#126,.T.);
#873=EDGE_CURVE('',#706,#706,#607,.T.);
#874=EDGE_CURVE('',#707,#707,#608,.T.);
#875=EDGE_CURVE('',#708,#708,#609,.T.);
#876=EDGE_CURVE('',#709,#709,#610,.T.);
#877=EDGE_CURVE('',#710,#710,#611,.T.);
#878=EDGE_CURVE('',#710,#708,#127,.T.);
#879=EDGE_CURVE('',#709,#666,#128,.T.);
#880=EDGE_CURVE('',#703,#665,#129,.T.);
#881=EDGE_CURVE('',#701,#664,#130,.T.);
#882=EDGE_CURVE('',#707,#663,#131,.T.);
#883=EDGE_CURVE('',#711,#712,#132,.T.);
#884=EDGE_CURVE('',#713,#711,#133,.T.);
#885=EDGE_CURVE('',#714,#713,#134,.T.);
#886=EDGE_CURVE('',#715,#714,#135,.T.);
#887=EDGE_CURVE('',#712,#715,#612,.T.);
#888=EDGE_CURVE('',#716,#716,#613,.T.);
#889=EDGE_CURVE('',#717,#718,#136,.T.);
#890=EDGE_CURVE('',#719,#717,#137,.T.);
#891=EDGE_CURVE('',#720,#719,#138,.T.);
#892=EDGE_CURVE('',#721,#720,#139,.T.);
#893=EDGE_CURVE('',#718,#721,#614,.T.);
#894=EDGE_CURVE('',#722,#722,#615,.T.);
#895=EDGE_CURVE('',#723,#724,#140,.T.);
#896=EDGE_CURVE('',#723,#725,#141,.T.);
#897=EDGE_CURVE('',#725,#726,#142,.T.);
#898=EDGE_CURVE('',#724,#726,#143,.T.);
#899=EDGE_CURVE('',#727,#723,#144,.T.);
#900=EDGE_CURVE('',#727,#728,#145,.T.);
#901=EDGE_CURVE('',#728,#725,#146,.T.);
#902=EDGE_CURVE('',#729,#728,#147,.T.);
#903=EDGE_CURVE('',#730,#729,#148,.T.);
#904=EDGE_CURVE('',#731,#730,#616,.T.);
#905=EDGE_CURVE('',#732,#731,#149,.T.);
#906=EDGE_CURVE('',#726,#732,#150,.T.);
#907=EDGE_CURVE('',#733,#733,#617,.T.);
#908=EDGE_CURVE('',#734,#735,#151,.T.);
#909=EDGE_CURVE('',#734,#736,#152,.T.);
#910=EDGE_CURVE('',#736,#737,#153,.T.);
#911=EDGE_CURVE('',#735,#737,#154,.T.);
#912=EDGE_CURVE('',#738,#734,#155,.T.);
#913=EDGE_CURVE('',#738,#739,#156,.T.);
#914=EDGE_CURVE('',#739,#736,#157,.T.);
#915=EDGE_CURVE('',#740,#739,#158,.T.);
#916=EDGE_CURVE('',#741,#740,#159,.T.);
#917=EDGE_CURVE('',#742,#741,#618,.T.);
#918=EDGE_CURVE('',#743,#742,#160,.T.);
#919=EDGE_CURVE('',#737,#743,#161,.T.);
#920=EDGE_CURVE('',#744,#744,#619,.T.);
#921=EDGE_CURVE('',#712,#652,#162,.T.);
#922=EDGE_CURVE('',#711,#651,#163,.T.);
#923=EDGE_CURVE('',#718,#648,#164,.T.);
#924=EDGE_CURVE('',#717,#647,#165,.T.);
#925=EDGE_CURVE('',#745,#746,#166,.T.);
#926=EDGE_CURVE('',#695,#745,#620,.T.);
#927=EDGE_CURVE('',#747,#698,#167,.T.);
#928=EDGE_CURVE('',#746,#747,#621,.T.);
#929=EDGE_CURVE('',#724,#748,#168,.T.);
#930=EDGE_CURVE('',#748,#749,#169,.T.);
#931=EDGE_CURVE('',#749,#738,#170,.T.);
#932=EDGE_CURVE('',#735,#727,#171,.T.);
#933=EDGE_CURVE('',#742,#644,#172,.T.);
#934=EDGE_CURVE('',#743,#643,#173,.T.);
#935=EDGE_CURVE('',#715,#653,#174,.T.);
#936=EDGE_CURVE('',#662,#716,#175,.T.);
#937=EDGE_CURVE('',#654,#714,#176,.T.);
#938=EDGE_CURVE('',#741,#645,#177,.T.);
#939=EDGE_CURVE('',#661,#744,#178,.T.);
#940=EDGE_CURVE('',#646,#740,#179,.T.);
#941=EDGE_CURVE('',#658,#729,#180,.T.);
#942=EDGE_CURVE('',#730,#657,#181,.T.);
#943=EDGE_CURVE('',#660,#733,#182,.T.);
#944=EDGE_CURVE('',#731,#656,#183,.T.);
#945=EDGE_CURVE('',#732,#655,#184,.T.);
#946=EDGE_CURVE('',#650,#720,#185,.T.);
#947=EDGE_CURVE('',#721,#649,#186,.T.);
#948=EDGE_CURVE('',#659,#722,#187,.T.);
#949=EDGE_CURVE('',#748,#713,#188,.T.);
#950=EDGE_CURVE('',#749,#719,#189,.T.);
#951=EDGE_CURVE('',#745,#691,#190,.T.);
#952=EDGE_CURVE('',#746,#692,#191,.T.);
#953=EDGE_CURVE('',#747,#693,#192,.T.);
#954=ORIENTED_EDGE('',*,*,#750,.T.);
#955=ORIENTED_EDGE('',*,*,#751,.T.);
#956=ORIENTED_EDGE('',*,*,#752,.T.);
#957=ORIENTED_EDGE('',*,*,#753,.T.);
#958=ORIENTED_EDGE('',*,*,#754,.T.);
#959=ORIENTED_EDGE('',*,*,#755,.T.);
#960=ORIENTED_EDGE('',*,*,#752,.F.);
#961=ORIENTED_EDGE('',*,*,#756,.T.);
#962=ORIENTED_EDGE('',*,*,#757,.T.);
#963=ORIENTED_EDGE('',*,*,#758,.T.);
#964=ORIENTED_EDGE('',*,*,#754,.F.);
#965=ORIENTED_EDGE('',*,*,#759,.T.);
#966=ORIENTED_EDGE('',*,*,#760,.T.);
#967=ORIENTED_EDGE('',*,*,#761,.T.);
#968=ORIENTED_EDGE('',*,*,#757,.F.);
#969=ORIENTED_EDGE('',*,*,#762,.T.);
#970=ORIENTED_EDGE('',*,*,#763,.T.);
#971=ORIENTED_EDGE('',*,*,#764,.T.);
#972=ORIENTED_EDGE('',*,*,#760,.F.);
#973=ORIENTED_EDGE('',*,*,#765,.T.);
#974=ORIENTED_EDGE('',*,*,#766,.T.);
#975=ORIENTED_EDGE('',*,*,#767,.T.);
#976=ORIENTED_EDGE('',*,*,#763,.F.);
#977=ORIENTED_EDGE('',*,*,#768,.T.);
#978=ORIENTED_EDGE('',*,*,#769,.T.);
#979=ORIENTED_EDGE('',*,*,#770,.T.);
#980=ORIENTED_EDGE('',*,*,#766,.F.);
#981=ORIENTED_EDGE('',*,*,#771,.T.);
#982=ORIENTED_EDGE('',*,*,#750,.F.);
#983=ORIENTED_EDGE('',*,*,#772,.T.);
#984=ORIENTED_EDGE('',*,*,#769,.F.);
#985=ORIENTED_EDGE('',*,*,#773,.T.);
#986=ORIENTED_EDGE('',*,*,#762,.F.);
#987=ORIENTED_EDGE('',*,*,#774,.T.);
#988=ORIENTED_EDGE('',*,*,#775,.F.);
#989=ORIENTED_EDGE('',*,*,#776,.F.);
#990=ORIENTED_EDGE('',*,*,#759,.F.);
#991=ORIENTED_EDGE('',*,*,#777,.F.);
#992=ORIENTED_EDGE('',*,*,#778,.F.);
#993=ORIENTED_EDGE('',*,*,#774,.F.);
#994=ORIENTED_EDGE('',*,*,#756,.F.);
#995=ORIENTED_EDGE('',*,*,#779,.T.);
#996=ORIENTED_EDGE('',*,*,#780,.F.);
#997=ORIENTED_EDGE('',*,*,#777,.T.);
#998=ORIENTED_EDGE('',*,*,#751,.F.);
#999=ORIENTED_EDGE('',*,*,#781,.T.);
#1000=ORIENTED_EDGE('',*,*,#782,.F.);
#1001=ORIENTED_EDGE('',*,*,#779,.F.);
#1002=ORIENTED_EDGE('',*,*,#753,.F.);
#1003=ORIENTED_EDGE('',*,*,#755,.F.);
#1004=ORIENTED_EDGE('',*,*,#758,.F.);
#1005=ORIENTED_EDGE('',*,*,#761,.F.);
#1006=ORIENTED_EDGE('',*,*,#764,.F.);
#1007=ORIENTED_EDGE('',*,*,#767,.F.);
#1008=ORIENTED_EDGE('',*,*,#770,.F.);
#1009=ORIENTED_EDGE('',*,*,#772,.F.);
#1010=ORIENTED_EDGE('',*,*,#783,.T.);
#1011=ORIENTED_EDGE('',*,*,#784,.T.);
#1012=ORIENTED_EDGE('',*,*,#785,.T.);
#1013=ORIENTED_EDGE('',*,*,#786,.T.);
#1014=ORIENTED_EDGE('',*,*,#787,.T.);
#1015=ORIENTED_EDGE('',*,*,#788,.T.);
#1016=ORIENTED_EDGE('',*,*,#789,.T.);
#1017=ORIENTED_EDGE('',*,*,#790,.T.);
#1018=ORIENTED_EDGE('',*,*,#791,.T.);
#1019=ORIENTED_EDGE('',*,*,#792,.T.);
#1020=ORIENTED_EDGE('',*,*,#793,.T.);
#1021=ORIENTED_EDGE('',*,*,#794,.T.);
#1022=ORIENTED_EDGE('',*,*,#795,.T.);
#1023=ORIENTED_EDGE('',*,*,#796,.T.);
#1024=ORIENTED_EDGE('',*,*,#797,.T.);
#1025=ORIENTED_EDGE('',*,*,#798,.T.);
#1026=ORIENTED_EDGE('',*,*,#799,.T.);
#1027=ORIENTED_EDGE('',*,*,#800,.T.);
#1028=ORIENTED_EDGE('',*,*,#801,.T.);
#1029=ORIENTED_EDGE('',*,*,#802,.T.);
#1030=ORIENTED_EDGE('',*,*,#803,.T.);
#1031=ORIENTED_EDGE('',*,*,#804,.T.);
#1032=ORIENTED_EDGE('',*,*,#805,.T.);
#1033=ORIENTED_EDGE('',*,*,#806,.T.);
#1034=ORIENTED_EDGE('',*,*,#807,.T.);
#1035=ORIENTED_EDGE('',*,*,#808,.T.);
#1036=ORIENTED_EDGE('',*,*,#809,.T.);
#1037=ORIENTED_EDGE('',*,*,#810,.T.);
#1038=ORIENTED_EDGE('',*,*,#811,.T.);
#1039=ORIENTED_EDGE('',*,*,#812,.T.);
#1040=ORIENTED_EDGE('',*,*,#809,.F.);
#1041=ORIENTED_EDGE('',*,*,#813,.T.);
#1042=ORIENTED_EDGE('',*,*,#814,.T.);
#1043=ORIENTED_EDGE('',*,*,#815,.T.);
#1044=ORIENTED_EDGE('',*,*,#811,.F.);
#1045=ORIENTED_EDGE('',*,*,#816,.T.);
#1046=ORIENTED_EDGE('',*,*,#817,.T.);
#1047=ORIENTED_EDGE('',*,*,#818,.T.);
#1048=ORIENTED_EDGE('',*,*,#814,.F.);
#1049=ORIENTED_EDGE('',*,*,#775,.T.);
#1050=ORIENTED_EDGE('',*,*,#819,.T.);
#1051=ORIENTED_EDGE('',*,*,#820,.T.);
#1052=ORIENTED_EDGE('',*,*,#817,.F.);
#1053=ORIENTED_EDGE('',*,*,#778,.T.);
#1054=ORIENTED_EDGE('',*,*,#821,.T.);
#1055=ORIENTED_EDGE('',*,*,#822,.T.);
#1056=ORIENTED_EDGE('',*,*,#819,.F.);
#1057=ORIENTED_EDGE('',*,*,#780,.T.);
#1058=ORIENTED_EDGE('',*,*,#823,.T.);
#1059=ORIENTED_EDGE('',*,*,#824,.T.);
#1060=ORIENTED_EDGE('',*,*,#821,.F.);
#1061=ORIENTED_EDGE('',*,*,#782,.T.);
#1062=ORIENTED_EDGE('',*,*,#807,.F.);
#1063=ORIENTED_EDGE('',*,*,#825,.T.);
#1064=ORIENTED_EDGE('',*,*,#823,.F.);
#1065=ORIENTED_EDGE('',*,*,#826,.T.);
#1066=ORIENTED_EDGE('',*,*,#765,.F.);
#1067=ORIENTED_EDGE('',*,*,#776,.T.);
#1068=ORIENTED_EDGE('',*,*,#816,.F.);
#1069=ORIENTED_EDGE('',*,*,#827,.F.);
#1070=ORIENTED_EDGE('',*,*,#768,.F.);
#1071=ORIENTED_EDGE('',*,*,#827,.T.);
#1072=ORIENTED_EDGE('',*,*,#813,.F.);
#1073=ORIENTED_EDGE('',*,*,#828,.F.);
#1074=ORIENTED_EDGE('',*,*,#771,.F.);
#1075=ORIENTED_EDGE('',*,*,#828,.T.);
#1076=ORIENTED_EDGE('',*,*,#808,.F.);
#1077=ORIENTED_EDGE('',*,*,#829,.F.);
#1078=ORIENTED_EDGE('',*,*,#810,.F.);
#1079=ORIENTED_EDGE('',*,*,#812,.F.);
#1080=ORIENTED_EDGE('',*,*,#815,.F.);
#1081=ORIENTED_EDGE('',*,*,#818,.F.);
#1082=ORIENTED_EDGE('',*,*,#820,.F.);
#1083=ORIENTED_EDGE('',*,*,#822,.F.);
#1084=ORIENTED_EDGE('',*,*,#824,.F.);
#1085=ORIENTED_EDGE('',*,*,#825,.F.);
#1086=ORIENTED_EDGE('',*,*,#830,.F.);
#1087=ORIENTED_EDGE('',*,*,#831,.F.);
#1088=ORIENTED_EDGE('',*,*,#832,.F.);
#1089=ORIENTED_EDGE('',*,*,#833,.F.);
#1090=ORIENTED_EDGE('',*,*,#834,.F.);
#1091=ORIENTED_EDGE('',*,*,#835,.F.);
#1092=ORIENTED_EDGE('',*,*,#836,.F.);
#1093=ORIENTED_EDGE('',*,*,#837,.F.);
#1094=ORIENTED_EDGE('',*,*,#838,.T.);
#1095=ORIENTED_EDGE('',*,*,#839,.T.);
#1096=ORIENTED_EDGE('',*,*,#840,.T.);
#1097=ORIENTED_EDGE('',*,*,#830,.T.);
#1098=ORIENTED_EDGE('',*,*,#841,.T.);
#1099=ORIENTED_EDGE('',*,*,#831,.T.);
#1100=ORIENTED_EDGE('',*,*,#840,.F.);
#1101=ORIENTED_EDGE('',*,*,#842,.T.);
#1102=ORIENTED_EDGE('',*,*,#843,.T.);
#1103=ORIENTED_EDGE('',*,*,#832,.T.);
#1104=ORIENTED_EDGE('',*,*,#841,.F.);
#1105=ORIENTED_EDGE('',*,*,#844,.T.);
#1106=ORIENTED_EDGE('',*,*,#845,.T.);
#1107=ORIENTED_EDGE('',*,*,#833,.T.);
#1108=ORIENTED_EDGE('',*,*,#843,.F.);
#1109=ORIENTED_EDGE('',*,*,#846,.T.);
#1110=ORIENTED_EDGE('',*,*,#847,.T.);
#1111=ORIENTED_EDGE('',*,*,#834,.T.);
#1112=ORIENTED_EDGE('',*,*,#845,.F.);
#1113=ORIENTED_EDGE('',*,*,#848,.T.);
#1114=ORIENTED_EDGE('',*,*,#849,.T.);
#1115=ORIENTED_EDGE('',*,*,#835,.T.);
#1116=ORIENTED_EDGE('',*,*,#847,.F.);
#1117=ORIENTED_EDGE('',*,*,#850,.T.);
#1118=ORIENTED_EDGE('',*,*,#851,.T.);
#1119=ORIENTED_EDGE('',*,*,#836,.T.);
#1120=ORIENTED_EDGE('',*,*,#849,.F.);
#1121=ORIENTED_EDGE('',*,*,#852,.T.);
#1122=ORIENTED_EDGE('',*,*,#838,.F.);
#1123=ORIENTED_EDGE('',*,*,#837,.T.);
#1124=ORIENTED_EDGE('',*,*,#851,.F.);
#1125=ORIENTED_EDGE('',*,*,#853,.T.);
#1126=ORIENTED_EDGE('',*,*,#846,.F.);
#1127=ORIENTED_EDGE('',*,*,#854,.F.);
#1128=ORIENTED_EDGE('',*,*,#855,.T.);
#1129=ORIENTED_EDGE('',*,*,#856,.T.);
#1130=ORIENTED_EDGE('',*,*,#844,.F.);
#1131=ORIENTED_EDGE('',*,*,#857,.F.);
#1132=ORIENTED_EDGE('',*,*,#858,.T.);
#1133=ORIENTED_EDGE('',*,*,#854,.T.);
#1134=ORIENTED_EDGE('',*,*,#842,.F.);
#1135=ORIENTED_EDGE('',*,*,#859,.F.);
#1136=ORIENTED_EDGE('',*,*,#860,.T.);
#1137=ORIENTED_EDGE('',*,*,#857,.T.);
#1138=ORIENTED_EDGE('',*,*,#839,.F.);
#1139=ORIENTED_EDGE('',*,*,#861,.F.);
#1140=ORIENTED_EDGE('',*,*,#862,.T.);
#1141=ORIENTED_EDGE('',*,*,#859,.T.);
#1142=ORIENTED_EDGE('',*,*,#863,.F.);
#1143=ORIENTED_EDGE('',*,*,#864,.T.);
#1144=ORIENTED_EDGE('',*,*,#865,.T.);
#1145=ORIENTED_EDGE('',*,*,#864,.F.);
#1146=ORIENTED_EDGE('',*,*,#865,.F.);
#1147=ORIENTED_EDGE('',*,*,#866,.F.);
#1148=ORIENTED_EDGE('',*,*,#867,.F.);
#1149=ORIENTED_EDGE('',*,*,#868,.F.);
#1150=ORIENTED_EDGE('',*,*,#869,.F.);
#1151=ORIENTED_EDGE('',*,*,#870,.T.);
#1152=ORIENTED_EDGE('',*,*,#867,.T.);
#1153=ORIENTED_EDGE('',*,*,#870,.F.);
#1154=ORIENTED_EDGE('',*,*,#871,.F.);
#1155=ORIENTED_EDGE('',*,*,#872,.T.);
#1156=ORIENTED_EDGE('',*,*,#873,.T.);
#1157=ORIENTED_EDGE('',*,*,#872,.F.);
#1158=ORIENTED_EDGE('',*,*,#873,.F.);
#1159=ORIENTED_EDGE('',*,*,#874,.F.);
#1160=ORIENTED_EDGE('',*,*,#875,.F.);
#1161=ORIENTED_EDGE('',*,*,#876,.F.);
#1162=ORIENTED_EDGE('',*,*,#877,.F.);
#1163=ORIENTED_EDGE('',*,*,#878,.T.);
#1164=ORIENTED_EDGE('',*,*,#875,.T.);
#1165=ORIENTED_EDGE('',*,*,#878,.F.);
#1166=ORIENTED_EDGE('',*,*,#876,.T.);
#1167=ORIENTED_EDGE('',*,*,#879,.T.);
#1168=ORIENTED_EDGE('',*,*,#806,.F.);
#1169=ORIENTED_EDGE('',*,*,#879,.F.);
#1170=ORIENTED_EDGE('',*,*,#868,.T.);
#1171=ORIENTED_EDGE('',*,*,#880,.T.);
#1172=ORIENTED_EDGE('',*,*,#805,.F.);
#1173=ORIENTED_EDGE('',*,*,#880,.F.);
#1174=ORIENTED_EDGE('',*,*,#866,.T.);
#1175=ORIENTED_EDGE('',*,*,#881,.T.);
#1176=ORIENTED_EDGE('',*,*,#804,.F.);
#1177=ORIENTED_EDGE('',*,*,#881,.F.);
#1178=ORIENTED_EDGE('',*,*,#874,.T.);
#1179=ORIENTED_EDGE('',*,*,#882,.T.);
#1180=ORIENTED_EDGE('',*,*,#803,.F.);
#1181=ORIENTED_EDGE('',*,*,#882,.F.);
#1182=ORIENTED_EDGE('',*,*,#883,.F.);
#1183=ORIENTED_EDGE('',*,*,#884,.F.);
#1184=ORIENTED_EDGE('',*,*,#885,.F.);
#1185=ORIENTED_EDGE('',*,*,#886,.F.);
#1186=ORIENTED_EDGE('',*,*,#887,.F.);
#1187=ORIENTED_EDGE('',*,*,#888,.F.);
#1188=ORIENTED_EDGE('',*,*,#889,.F.);
#1189=ORIENTED_EDGE('',*,*,#890,.F.);
#1190=ORIENTED_EDGE('',*,*,#891,.F.);
#1191=ORIENTED_EDGE('',*,*,#892,.F.);
#1192=ORIENTED_EDGE('',*,*,#893,.F.);
#1193=ORIENTED_EDGE('',*,*,#894,.F.);
#1194=ORIENTED_EDGE('',*,*,#895,.F.);
#1195=ORIENTED_EDGE('',*,*,#896,.T.);
#1196=ORIENTED_EDGE('',*,*,#897,.T.);
#1197=ORIENTED_EDGE('',*,*,#898,.F.);
#1198=ORIENTED_EDGE('',*,*,#899,.F.);
#1199=ORIENTED_EDGE('',*,*,#900,.T.);
#1200=ORIENTED_EDGE('',*,*,#901,.T.);
#1201=ORIENTED_EDGE('',*,*,#896,.F.);
#1202=ORIENTED_EDGE('',*,*,#902,.F.);
#1203=ORIENTED_EDGE('',*,*,#903,.F.);
#1204=ORIENTED_EDGE('',*,*,#904,.F.);
#1205=ORIENTED_EDGE('',*,*,#905,.F.);
#1206=ORIENTED_EDGE('',*,*,#906,.F.);
#1207=ORIENTED_EDGE('',*,*,#897,.F.);
#1208=ORIENTED_EDGE('',*,*,#901,.F.);
#1209=ORIENTED_EDGE('',*,*,#907,.F.);
#1210=ORIENTED_EDGE('',*,*,#908,.F.);
#1211=ORIENTED_EDGE('',*,*,#909,.T.);
#1212=ORIENTED_EDGE('',*,*,#910,.T.);
#1213=ORIENTED_EDGE('',*,*,#911,.F.);
#1214=ORIENTED_EDGE('',*,*,#912,.F.);
#1215=ORIENTED_EDGE('',*,*,#913,.T.);
#1216=ORIENTED_EDGE('',*,*,#914,.T.);
#1217=ORIENTED_EDGE('',*,*,#909,.F.);
#1218=ORIENTED_EDGE('',*,*,#915,.F.);
#1219=ORIENTED_EDGE('',*,*,#916,.F.);
#1220=ORIENTED_EDGE('',*,*,#917,.F.);
#1221=ORIENTED_EDGE('',*,*,#918,.F.);
#1222=ORIENTED_EDGE('',*,*,#919,.F.);
#1223=ORIENTED_EDGE('',*,*,#910,.F.);
#1224=ORIENTED_EDGE('',*,*,#914,.F.);
#1225=ORIENTED_EDGE('',*,*,#920,.F.);
#1226=ORIENTED_EDGE('',*,*,#883,.T.);
#1227=ORIENTED_EDGE('',*,*,#921,.T.);
#1228=ORIENTED_EDGE('',*,*,#791,.F.);
#1229=ORIENTED_EDGE('',*,*,#922,.F.);
#1230=ORIENTED_EDGE('',*,*,#889,.T.);
#1231=ORIENTED_EDGE('',*,*,#923,.T.);
#1232=ORIENTED_EDGE('',*,*,#787,.F.);
#1233=ORIENTED_EDGE('',*,*,#924,.F.);
#1234=ORIENTED_EDGE('',*,*,#925,.F.);
#1235=ORIENTED_EDGE('',*,*,#926,.F.);
#1236=ORIENTED_EDGE('',*,*,#855,.F.);
#1237=ORIENTED_EDGE('',*,*,#858,.F.);
#1238=ORIENTED_EDGE('',*,*,#860,.F.);
#1239=ORIENTED_EDGE('',*,*,#862,.F.);
#1240=ORIENTED_EDGE('',*,*,#927,.F.);
#1241=ORIENTED_EDGE('',*,*,#928,.F.);
#1242=ORIENTED_EDGE('',*,*,#863,.T.);
#1243=ORIENTED_EDGE('',*,*,#869,.T.);
#1244=ORIENTED_EDGE('',*,*,#871,.T.);
#1245=ORIENTED_EDGE('',*,*,#877,.T.);
#1246=ORIENTED_EDGE('',*,*,#929,.T.);
#1247=ORIENTED_EDGE('',*,*,#930,.T.);
#1248=ORIENTED_EDGE('',*,*,#931,.T.);
#1249=ORIENTED_EDGE('',*,*,#912,.T.);
#1250=ORIENTED_EDGE('',*,*,#908,.T.);
#1251=ORIENTED_EDGE('',*,*,#932,.T.);
#1252=ORIENTED_EDGE('',*,*,#899,.T.);
#1253=ORIENTED_EDGE('',*,*,#895,.T.);
#1254=ORIENTED_EDGE('',*,*,#918,.T.);
#1255=ORIENTED_EDGE('',*,*,#933,.T.);
#1256=ORIENTED_EDGE('',*,*,#783,.F.);
#1257=ORIENTED_EDGE('',*,*,#934,.F.);
#1258=ORIENTED_EDGE('',*,*,#887,.T.);
#1259=ORIENTED_EDGE('',*,*,#935,.T.);
#1260=ORIENTED_EDGE('',*,*,#792,.F.);
#1261=ORIENTED_EDGE('',*,*,#921,.F.);
#1262=ORIENTED_EDGE('',*,*,#802,.F.);
#1263=ORIENTED_EDGE('',*,*,#936,.T.);
#1264=ORIENTED_EDGE('',*,*,#888,.T.);
#1265=ORIENTED_EDGE('',*,*,#936,.F.);
#1266=ORIENTED_EDGE('',*,*,#886,.T.);
#1267=ORIENTED_EDGE('',*,*,#937,.F.);
#1268=ORIENTED_EDGE('',*,*,#793,.F.);
#1269=ORIENTED_EDGE('',*,*,#935,.F.);
#1270=ORIENTED_EDGE('',*,*,#917,.T.);
#1271=ORIENTED_EDGE('',*,*,#938,.T.);
#1272=ORIENTED_EDGE('',*,*,#784,.F.);
#1273=ORIENTED_EDGE('',*,*,#933,.F.);
#1274=ORIENTED_EDGE('',*,*,#801,.F.);
#1275=ORIENTED_EDGE('',*,*,#939,.T.);
#1276=ORIENTED_EDGE('',*,*,#920,.T.);
#1277=ORIENTED_EDGE('',*,*,#939,.F.);
#1278=ORIENTED_EDGE('',*,*,#916,.T.);
#1279=ORIENTED_EDGE('',*,*,#940,.F.);
#1280=ORIENTED_EDGE('',*,*,#785,.F.);
#1281=ORIENTED_EDGE('',*,*,#938,.F.);
#1282=ORIENTED_EDGE('',*,*,#903,.T.);
#1283=ORIENTED_EDGE('',*,*,#941,.F.);
#1284=ORIENTED_EDGE('',*,*,#797,.F.);
#1285=ORIENTED_EDGE('',*,*,#942,.F.);
#1286=ORIENTED_EDGE('',*,*,#800,.F.);
#1287=ORIENTED_EDGE('',*,*,#943,.T.);
#1288=ORIENTED_EDGE('',*,*,#907,.T.);
#1289=ORIENTED_EDGE('',*,*,#943,.F.);
#1290=ORIENTED_EDGE('',*,*,#904,.T.);
#1291=ORIENTED_EDGE('',*,*,#942,.T.);
#1292=ORIENTED_EDGE('',*,*,#796,.F.);
#1293=ORIENTED_EDGE('',*,*,#944,.F.);
#1294=ORIENTED_EDGE('',*,*,#905,.T.);
#1295=ORIENTED_EDGE('',*,*,#944,.T.);
#1296=ORIENTED_EDGE('',*,*,#795,.F.);
#1297=ORIENTED_EDGE('',*,*,#945,.F.);
#1298=ORIENTED_EDGE('',*,*,#892,.T.);
#1299=ORIENTED_EDGE('',*,*,#946,.F.);
#1300=ORIENTED_EDGE('',*,*,#789,.F.);
#1301=ORIENTED_EDGE('',*,*,#947,.F.);
#1302=ORIENTED_EDGE('',*,*,#799,.F.);
#1303=ORIENTED_EDGE('',*,*,#948,.T.);
#1304=ORIENTED_EDGE('',*,*,#894,.T.);
#1305=ORIENTED_EDGE('',*,*,#948,.F.);
#1306=ORIENTED_EDGE('',*,*,#893,.T.);
#1307=ORIENTED_EDGE('',*,*,#947,.T.);
#1308=ORIENTED_EDGE('',*,*,#788,.F.);
#1309=ORIENTED_EDGE('',*,*,#923,.F.);
#1310=ORIENTED_EDGE('',*,*,#937,.T.);
#1311=ORIENTED_EDGE('',*,*,#885,.T.);
#1312=ORIENTED_EDGE('',*,*,#949,.F.);
#1313=ORIENTED_EDGE('',*,*,#929,.F.);
#1314=ORIENTED_EDGE('',*,*,#898,.T.);
#1315=ORIENTED_EDGE('',*,*,#906,.T.);
#1316=ORIENTED_EDGE('',*,*,#945,.T.);
#1317=ORIENTED_EDGE('',*,*,#794,.F.);
#1318=ORIENTED_EDGE('',*,*,#940,.T.);
#1319=ORIENTED_EDGE('',*,*,#915,.T.);
#1320=ORIENTED_EDGE('',*,*,#913,.F.);
#1321=ORIENTED_EDGE('',*,*,#931,.F.);
#1322=ORIENTED_EDGE('',*,*,#950,.T.);
#1323=ORIENTED_EDGE('',*,*,#890,.T.);
#1324=ORIENTED_EDGE('',*,*,#924,.T.);
#1325=ORIENTED_EDGE('',*,*,#786,.F.);
#1326=ORIENTED_EDGE('',*,*,#934,.T.);
#1327=ORIENTED_EDGE('',*,*,#798,.F.);
#1328=ORIENTED_EDGE('',*,*,#941,.T.);
#1329=ORIENTED_EDGE('',*,*,#902,.T.);
#1330=ORIENTED_EDGE('',*,*,#900,.F.);
#1331=ORIENTED_EDGE('',*,*,#932,.F.);
#1332=ORIENTED_EDGE('',*,*,#911,.T.);
#1333=ORIENTED_EDGE('',*,*,#919,.T.);
#1334=ORIENTED_EDGE('',*,*,#922,.T.);
#1335=ORIENTED_EDGE('',*,*,#790,.F.);
#1336=ORIENTED_EDGE('',*,*,#946,.T.);
#1337=ORIENTED_EDGE('',*,*,#891,.T.);
#1338=ORIENTED_EDGE('',*,*,#950,.F.);
#1339=ORIENTED_EDGE('',*,*,#930,.F.);
#1340=ORIENTED_EDGE('',*,*,#949,.T.);
#1341=ORIENTED_EDGE('',*,*,#884,.T.);
#1342=ORIENTED_EDGE('',*,*,#850,.F.);
#1343=ORIENTED_EDGE('',*,*,#951,.F.);
#1344=ORIENTED_EDGE('',*,*,#925,.T.);
#1345=ORIENTED_EDGE('',*,*,#952,.T.);
#1346=ORIENTED_EDGE('',*,*,#848,.F.);
#1347=ORIENTED_EDGE('',*,*,#856,.F.);
#1348=ORIENTED_EDGE('',*,*,#926,.T.);
#1349=ORIENTED_EDGE('',*,*,#951,.T.);
#1350=ORIENTED_EDGE('',*,*,#853,.F.);
#1351=ORIENTED_EDGE('',*,*,#953,.F.);
#1352=ORIENTED_EDGE('',*,*,#927,.T.);
#1353=ORIENTED_EDGE('',*,*,#861,.T.);
#1354=ORIENTED_EDGE('',*,*,#852,.F.);
#1355=ORIENTED_EDGE('',*,*,#952,.F.);
#1356=ORIENTED_EDGE('',*,*,#928,.T.);
#1357=ORIENTED_EDGE('',*,*,#953,.T.);
#1358=ORIENTED_EDGE('',*,*,#773,.F.);
#1359=ORIENTED_EDGE('',*,*,#829,.T.);
#1360=ORIENTED_EDGE('',*,*,#826,.F.);
#1361=ORIENTED_EDGE('',*,*,#781,.F.);
#1362=TOROIDAL_SURFACE('',#1480,6.99999999999995,1.);
#1363=TOROIDAL_SURFACE('',#1487,6.99999999999996,1.);
#1364=TOROIDAL_SURFACE('',#1493,6.99999999999996,1.);
#1365=TOROIDAL_SURFACE('',#1499,6.99999999999996,1.);
#1366=TOROIDAL_SURFACE('',#1523,6.99999999999996,1.);
#1367=TOROIDAL_SURFACE('',#1530,6.99999999999996,1.);
#1368=TOROIDAL_SURFACE('',#1536,6.99999999999996,1.);
#1369=TOROIDAL_SURFACE('',#1541,6.99999999999995,1.);
#1370=TOROIDAL_SURFACE('',#1553,6.49999999999999,1.);
#1371=TOROIDAL_SURFACE('',#1559,6.49999999999999,1.);
#1372=TOROIDAL_SURFACE('',#1564,6.49999999999999,1.);
#1373=TOROIDAL_SURFACE('',#1569,6.49999999999999,1.);
#1374=ADVANCED_FACE('',(#349),#1362,.T.);
#1375=ADVANCED_FACE('',(#350),#313,.T.);
#1376=ADVANCED_FACE('',(#351),#1363,.T.);
#1377=ADVANCED_FACE('',(#352),#314,.T.);
#1378=ADVANCED_FACE('',(#353),#1364,.T.);
#1379=ADVANCED_FACE('',(#354),#315,.T.);
#1380=ADVANCED_FACE('',(#355),#1365,.T.);
#1381=ADVANCED_FACE('',(#356),#316,.T.);
#1382=ADVANCED_FACE('',(#357),#38,.T.);
#1383=ADVANCED_FACE('',(#358),#317,.T.);
#1384=ADVANCED_FACE('',(#359),#39,.T.);
#1385=ADVANCED_FACE('',(#360),#318,.T.);
#1386=ADVANCED_FACE('',(#361,#15,#16,#17,#18,#19,#20,#21,#22,#23),#40,.F.);
#1387=ADVANCED_FACE('',(#362),#1366,.T.);
#1388=ADVANCED_FACE('',(#363),#319,.T.);
#1389=ADVANCED_FACE('',(#364),#1367,.T.);
#1390=ADVANCED_FACE('',(#365),#320,.T.);
#1391=ADVANCED_FACE('',(#366),#1368,.T.);
#1392=ADVANCED_FACE('',(#367),#321,.T.);
#1393=ADVANCED_FACE('',(#368),#1369,.T.);
#1394=ADVANCED_FACE('',(#369),#322,.T.);
#1395=ADVANCED_FACE('',(#370),#323,.T.);
#1396=ADVANCED_FACE('',(#371),#41,.T.);
#1397=ADVANCED_FACE('',(#372),#324,.T.);
#1398=ADVANCED_FACE('',(#373,#24),#42,.T.);
#1399=ADVANCED_FACE('',(#374),#1370,.T.);
#1400=ADVANCED_FACE('',(#375),#325,.T.);
#1401=ADVANCED_FACE('',(#376),#1371,.T.);
#1402=ADVANCED_FACE('',(#377),#326,.T.);
#1403=ADVANCED_FACE('',(#378),#1372,.T.);
#1404=ADVANCED_FACE('',(#379),#327,.T.);
#1405=ADVANCED_FACE('',(#380),#1373,.T.);
#1406=ADVANCED_FACE('',(#381),#328,.T.);
#1407=ADVANCED_FACE('',(#382),#43,.T.);
#1408=ADVANCED_FACE('',(#383),#329,.F.);
#1409=ADVANCED_FACE('',(#384),#44,.T.);
#1410=ADVANCED_FACE('',(#385),#330,.F.);
#1411=ADVANCED_FACE('',(#386),#331,.F.);
#1412=ADVANCED_FACE('',(#387,#25),#45,.T.);
#1413=ADVANCED_FACE('',(#388,#26),#46,.T.);
#1414=ADVANCED_FACE('',(#389),#332,.F.);
#1415=ADVANCED_FACE('',(#390),#333,.F.);
#1416=ADVANCED_FACE('',(#391,#27),#47,.T.);
#1417=ADVANCED_FACE('',(#392,#28),#48,.T.);
#1418=ADVANCED_FACE('',(#393),#334,.F.);
#1419=ADVANCED_FACE('',(#394),#335,.F.);
#1420=ADVANCED_FACE('',(#395),#336,.F.);
#1421=ADVANCED_FACE('',(#396),#337,.F.);
#1422=ADVANCED_FACE('',(#397),#338,.F.);
#1423=ADVANCED_FACE('',(#398,#29),#49,.T.);
#1424=ADVANCED_FACE('',(#399,#30),#50,.T.);
#1425=ADVANCED_FACE('',(#400),#51,.F.);
#1426=ADVANCED_FACE('',(#401),#52,.F.);
#1427=ADVANCED_FACE('',(#402,#31),#53,.T.);
#1428=ADVANCED_FACE('',(#403),#54,.F.);
#1429=ADVANCED_FACE('',(#404),#55,.F.);
#1430=ADVANCED_FACE('',(#405,#32),#56,.T.);
#1431=ADVANCED_FACE('',(#406),#57,.T.);
#1432=ADVANCED_FACE('',(#407),#58,.T.);
#1433=ADVANCED_FACE('',(#408,#33,#34,#35,#36,#37),#59,.T.);
#1434=ADVANCED_FACE('',(#409),#60,.T.);
#1435=ADVANCED_FACE('',(#410),#339,.T.);
#1436=ADVANCED_FACE('',(#411),#340,.F.);
#1437=ADVANCED_FACE('',(#412),#61,.T.);
#1438=ADVANCED_FACE('',(#413),#341,.T.);
#1439=ADVANCED_FACE('',(#414),#342,.F.);
#1440=ADVANCED_FACE('',(#415),#62,.T.);
#1441=ADVANCED_FACE('',(#416),#63,.T.);
#1442=ADVANCED_FACE('',(#417),#343,.F.);
#1443=ADVANCED_FACE('',(#418),#344,.T.);
#1444=ADVANCED_FACE('',(#419),#64,.T.);
#1445=ADVANCED_FACE('',(#420),#65,.T.);
#1446=ADVANCED_FACE('',(#421),#345,.F.);
#1447=ADVANCED_FACE('',(#422),#346,.T.);
#1448=ADVANCED_FACE('',(#423),#66,.T.);
#1449=ADVANCED_FACE('',(#424),#67,.T.);
#1450=ADVANCED_FACE('',(#425),#68,.T.);
#1451=ADVANCED_FACE('',(#426),#69,.T.);
#1452=ADVANCED_FACE('',(#427),#70,.T.);
#1453=ADVANCED_FACE('',(#428),#347,.F.);
#1454=ADVANCED_FACE('',(#429),#71,.T.);
#1455=ADVANCED_FACE('',(#430),#348,.F.);
#1456=ADVANCED_FACE('',(#431),#72,.T.);
#1457=CLOSED_SHELL('',(#1374,#1375,#1376,#1377,#1378,#1379,#1380,#1381,
#1382,#1383,#1384,#1385,#1386,#1387,#1388,#1389,#1390,#1391,#1392,#1393,
#1394,#1395,#1396,#1397,#1398,#1399,#1400,#1401,#1402,#1403,#1404,#1405,
#1406,#1407,#1408,#1409,#1410,#1411,#1412,#1413,#1414,#1415,#1416,#1417,
#1418,#1419,#1420,#1421,#1422,#1423,#1424,#1425,#1426,#1427,#1428,#1429,
#1430,#1431,#1432,#1433,#1434,#1435,#1436,#1437,#1438,#1439,#1440,#1441,
#1442,#1443,#1444,#1445,#1446,#1447,#1448,#1449,#1450,#1451,#1452,#1453,
#1454,#1455,#1456));
#1458=DERIVED_UNIT_ELEMENT(#1461,1.);
#1459=DERIVED_UNIT_ELEMENT(#2524,-3.);
#1460=DIMENSIONAL_EXPONENTS(0.,1.,0.,0.,0.,0.,0.);
#1461=(
CONVERSION_BASED_UNIT('gram',#1463)
MASS_UNIT()
NAMED_UNIT(#1460)
);
#1462=(
MASS_UNIT()
NAMED_UNIT(*)
SI_UNIT(.KILO.,.GRAM.)
);
#1463=MASS_MEASURE_WITH_UNIT(MASS_MEASURE(0.001),#1462);
#1464=DERIVED_UNIT((#1458,#1459));
#1465=MEASURE_REPRESENTATION_ITEM('density measure',
POSITIVE_RATIO_MEASURE(0.93),#1464);
#1466=PROPERTY_DEFINITION_REPRESENTATION(#1471,#1468);
#1467=PROPERTY_DEFINITION_REPRESENTATION(#1472,#1469);
#1468=REPRESENTATION('material name',(#1470),#2521);
#1469=REPRESENTATION('density',(#1465),#2521);
#1470=DESCRIPTIVE_REPRESENTATION_ITEM('Gummi','Gummi');
#1471=PROPERTY_DEFINITION('material property','material name',#2531);
#1472=PROPERTY_DEFINITION('material property','density of part',#2531);
#1473=DATE_TIME_ROLE('creation_date');
#1474=APPLIED_DATE_AND_TIME_ASSIGNMENT(#1475,#1473,(#2531));
#1475=DATE_AND_TIME(#1476,#1477);
#1476=CALENDAR_DATE(2025,28,8);
#1477=LOCAL_TIME(0,0,0.,#1478);
#1478=COORDINATED_UNIVERSAL_TIME_OFFSET(0,0,.BEHIND.);
#1479=AXIS2_PLACEMENT_3D('',#2103,#1647,#1648);
#1480=AXIS2_PLACEMENT_3D('',#2104,#1649,#1650);
#1481=AXIS2_PLACEMENT_3D('',#2107,#1651,#1652);
#1482=AXIS2_PLACEMENT_3D('',#2109,#1653,#1654);
#1483=AXIS2_PLACEMENT_3D('',#2111,#1655,#1656);
#1484=AXIS2_PLACEMENT_3D('',#2112,#1657,#1658);
#1485=AXIS2_PLACEMENT_3D('',#2113,#1659,#1660);
#1486=AXIS2_PLACEMENT_3D('',#2116,#1661,#1662);
#1487=AXIS2_PLACEMENT_3D('',#2119,#1665,#1666);
#1488=AXIS2_PLACEMENT_3D('',#2122,#1667,#1668);
#1489=AXIS2_PLACEMENT_3D('',#2123,#1669,#1670);
#1490=AXIS2_PLACEMENT_3D('',#2124,#1671,#1672);
#1491=AXIS2_PLACEMENT_3D('',#2125,#1673,#1674);
#1492=AXIS2_PLACEMENT_3D('',#2128,#1675,#1676);
#1493=AXIS2_PLACEMENT_3D('',#2131,#1679,#1680);
#1494=AXIS2_PLACEMENT_3D('',#2134,#1681,#1682);
#1495=AXIS2_PLACEMENT_3D('',#2135,#1683,#1684);
#1496=AXIS2_PLACEMENT_3D('',#2136,#1685,#1686);
#1497=AXIS2_PLACEMENT_3D('',#2137,#1687,#1688);
#1498=AXIS2_PLACEMENT_3D('',#2140,#1689,#1690);
#1499=AXIS2_PLACEMENT_3D('',#2143,#1693,#1694);
#1500=AXIS2_PLACEMENT_3D('',#2146,#1695,#1696);
#1501=AXIS2_PLACEMENT_3D('',#2147,#1697,#1698);
#1502=AXIS2_PLACEMENT_3D('',#2148,#1699,#1700);
#1503=AXIS2_PLACEMENT_3D('',#2149,#1701,#1702);
#1504=AXIS2_PLACEMENT_3D('',#2152,#1705,#1706);
#1505=AXIS2_PLACEMENT_3D('',#2158,#1710,#1711);
#1506=AXIS2_PLACEMENT_3D('',#2161,#1713,#1714);
#1507=AXIS2_PLACEMENT_3D('',#2162,#1715,#1716);
#1508=AXIS2_PLACEMENT_3D('',#2166,#1719,#1720);
#1509=AXIS2_PLACEMENT_3D('',#2169,#1722,#1723);
#1510=AXIS2_PLACEMENT_3D('',#2170,#1724,#1725);
#1511=AXIS2_PLACEMENT_3D('',#2175,#1727,#1728);
#1512=AXIS2_PLACEMENT_3D('',#2183,#1732,#1733);
#1513=AXIS2_PLACEMENT_3D('',#2191,#1737,#1738);
#1514=AXIS2_PLACEMENT_3D('',#2199,#1742,#1743);
#1515=AXIS2_PLACEMENT_3D('',#2204,#1746,#1747);
#1516=AXIS2_PLACEMENT_3D('',#2206,#1748,#1749);
#1517=AXIS2_PLACEMENT_3D('',#2208,#1750,#1751);
#1518=AXIS2_PLACEMENT_3D('',#2210,#1752,#1753);
#1519=AXIS2_PLACEMENT_3D('',#2212,#1754,#1755);
#1520=AXIS2_PLACEMENT_3D('',#2214,#1756,#1757);
#1521=AXIS2_PLACEMENT_3D('',#2216,#1758,#1759);
#1522=AXIS2_PLACEMENT_3D('',#2218,#1760,#1761);
#1523=AXIS2_PLACEMENT_3D('',#2219,#1762,#1763);
#1524=AXIS2_PLACEMENT_3D('',#2222,#1764,#1765);
#1525=AXIS2_PLACEMENT_3D('',#2224,#1766,#1767);
#1526=AXIS2_PLACEMENT_3D('',#2226,#1768,#1769);
#1527=AXIS2_PLACEMENT_3D('',#2227,#1770,#1771);
#1528=AXIS2_PLACEMENT_3D('',#2228,#1772,#1773);
#1529=AXIS2_PLACEMENT_3D('',#2231,#1774,#1775);
#1530=AXIS2_PLACEMENT_3D('',#2234,#1778,#1779);
#1531=AXIS2_PLACEMENT_3D('',#2236,#1780,#1781);
#1532=AXIS2_PLACEMENT_3D('',#2237,#1782,#1783);
#1533=AXIS2_PLACEMENT_3D('',#2238,#1784,#1785);
#1534=AXIS2_PLACEMENT_3D('',#2239,#1786,#1787);
#1535=AXIS2_PLACEMENT_3D('',#2241,#1788,#1789);
#1536=AXIS2_PLACEMENT_3D('',#2243,#1791,#1792);
#1537=AXIS2_PLACEMENT_3D('',#2245,#1793,#1794);
#1538=AXIS2_PLACEMENT_3D('',#2246,#1795,#1796);
#1539=AXIS2_PLACEMENT_3D('',#2247,#1797,#1798);
#1540=AXIS2_PLACEMENT_3D('',#2249,#1799,#1800);
#1541=AXIS2_PLACEMENT_3D('',#2251,#1802,#1803);
#1542=AXIS2_PLACEMENT_3D('',#2253,#1804,#1805);
#1543=AXIS2_PLACEMENT_3D('',#2254,#1806,#1807);
#1544=AXIS2_PLACEMENT_3D('',#2255,#1808,#1809);
#1545=AXIS2_PLACEMENT_3D('',#2258,#1812,#1813);
#1546=AXIS2_PLACEMENT_3D('',#2260,#1815,#1816);
#1547=AXIS2_PLACEMENT_3D('',#2262,#1818,#1819);
#1548=AXIS2_PLACEMENT_3D('',#2264,#1821,#1822);
#1549=AXIS2_PLACEMENT_3D('',#2267,#1823,#1824);
#1550=AXIS2_PLACEMENT_3D('',#2271,#1826,#1827);
#1551=AXIS2_PLACEMENT_3D('',#2275,#1829,#1830);
#1552=AXIS2_PLACEMENT_3D('',#2279,#1832,#1833);
#1553=AXIS2_PLACEMENT_3D('',#2281,#1835,#1836);
#1554=AXIS2_PLACEMENT_3D('',#2283,#1837,#1838);
#1555=AXIS2_PLACEMENT_3D('',#2285,#1839,#1840);
#1556=AXIS2_PLACEMENT_3D('',#2286,#1841,#1842);
#1557=AXIS2_PLACEMENT_3D('',#2287,#1843,#1844);
#1558=AXIS2_PLACEMENT_3D('',#2289,#1845,#1846);
#1559=AXIS2_PLACEMENT_3D('',#2291,#1848,#1849);
#1560=AXIS2_PLACEMENT_3D('',#2293,#1850,#1851);
#1561=AXIS2_PLACEMENT_3D('',#2294,#1852,#1853);
#1562=AXIS2_PLACEMENT_3D('',#2295,#1854,#1855);
#1563=AXIS2_PLACEMENT_3D('',#2297,#1856,#1857);
#1564=AXIS2_PLACEMENT_3D('',#2299,#1859,#1860);
#1565=AXIS2_PLACEMENT_3D('',#2301,#1861,#1862);
#1566=AXIS2_PLACEMENT_3D('',#2302,#1863,#1864);
#1567=AXIS2_PLACEMENT_3D('',#2303,#1865,#1866);
#1568=AXIS2_PLACEMENT_3D('',#2305,#1867,#1868);
#1569=AXIS2_PLACEMENT_3D('',#2307,#1870,#1871);
#1570=AXIS2_PLACEMENT_3D('',#2309,#1872,#1873);
#1571=AXIS2_PLACEMENT_3D('',#2310,#1874,#1875);
#1572=AXIS2_PLACEMENT_3D('',#2311,#1876,#1877);
#1573=AXIS2_PLACEMENT_3D('',#2313,#1879,#1880);
#1574=AXIS2_PLACEMENT_3D('',#2319,#1884,#1885);
#1575=AXIS2_PLACEMENT_3D('',#2322,#1887,#1888);
#1576=AXIS2_PLACEMENT_3D('',#2323,#1889,#1890);
#1577=AXIS2_PLACEMENT_3D('',#2327,#1893,#1894);
#1578=AXIS2_PLACEMENT_3D('',#2330,#1896,#1897);
#1579=AXIS2_PLACEMENT_3D('',#2331,#1898,#1899);
#1580=AXIS2_PLACEMENT_3D('',#2333,#1900,#1901);
#1581=AXIS2_PLACEMENT_3D('',#2336,#1903,#1904);
#1582=AXIS2_PLACEMENT_3D('',#2337,#1905,#1906);
#1583=AXIS2_PLACEMENT_3D('',#2339,#1907,#1908);
#1584=AXIS2_PLACEMENT_3D('',#2340,#1909,#1910);
#1585=AXIS2_PLACEMENT_3D('',#2342,#1911,#1912);
#1586=AXIS2_PLACEMENT_3D('',#2344,#1913,#1914);
#1587=AXIS2_PLACEMENT_3D('',#2345,#1915,#1916);
#1588=AXIS2_PLACEMENT_3D('',#2347,#1917,#1918);
#1589=AXIS2_PLACEMENT_3D('',#2349,#1920,#1921);
#1590=AXIS2_PLACEMENT_3D('',#2351,#1922,#1923);
#1591=AXIS2_PLACEMENT_3D('',#2354,#1925,#1926);
#1592=AXIS2_PLACEMENT_3D('',#2355,#1927,#1928);
#1593=AXIS2_PLACEMENT_3D('',#2357,#1929,#1930);
#1594=AXIS2_PLACEMENT_3D('',#2358,#1931,#1932);
#1595=AXIS2_PLACEMENT_3D('',#2360,#1933,#1934);
#1596=AXIS2_PLACEMENT_3D('',#2362,#1935,#1936);
#1597=AXIS2_PLACEMENT_3D('',#2363,#1937,#1938);
#1598=AXIS2_PLACEMENT_3D('',#2365,#1939,#1940);
#1599=AXIS2_PLACEMENT_3D('',#2367,#1942,#1943);
#1600=AXIS2_PLACEMENT_3D('',#2369,#1945,#1946);
#1601=AXIS2_PLACEMENT_3D('',#2371,#1948,#1949);
#1602=AXIS2_PLACEMENT_3D('',#2373,#1951,#1952);
#1603=AXIS2_PLACEMENT_3D('',#2375,#1954,#1955);
#1604=AXIS2_PLACEMENT_3D('',#2385,#1960,#1961);
#1605=AXIS2_PLACEMENT_3D('',#2387,#1962,#1963);
#1606=AXIS2_PLACEMENT_3D('',#2388,#1964,#1965);
#1607=AXIS2_PLACEMENT_3D('',#2398,#1970,#1971);
#1608=AXIS2_PLACEMENT_3D('',#2400,#1972,#1973);
#1609=AXIS2_PLACEMENT_3D('',#2401,#1974,#1975);
#1610=AXIS2_PLACEMENT_3D('',#2410,#1980,#1981);
#1611=AXIS2_PLACEMENT_3D('',#2416,#1985,#1986);
#1612=AXIS2_PLACEMENT_3D('',#2422,#1989,#1990);
#1613=AXIS2_PLACEMENT_3D('',#2427,#1993,#1994);
#1614=AXIS2_PLACEMENT_3D('',#2428,#1995,#1996);
#1615=AXIS2_PLACEMENT_3D('',#2437,#2001,#2002);
#1616=AXIS2_PLACEMENT_3D('',#2443,#2006,#2007);
#1617=AXIS2_PLACEMENT_3D('',#2449,#2010,#2011);
#1618=AXIS2_PLACEMENT_3D('',#2454,#2014,#2015);
#1619=AXIS2_PLACEMENT_3D('',#2455,#2016,#2017);
#1620=AXIS2_PLACEMENT_3D('',#2458,#2020,#2021);
#1621=AXIS2_PLACEMENT_3D('',#2461,#2024,#2025);
#1622=AXIS2_PLACEMENT_3D('',#2465,#2027,#2028);
#1623=AXIS2_PLACEMENT_3D('',#2468,#2030,#2031);
#1624=AXIS2_PLACEMENT_3D('',#2475,#2036,#2037);
#1625=AXIS2_PLACEMENT_3D('',#2478,#2040,#2041);
#1626=AXIS2_PLACEMENT_3D('',#2480,#2043,#2044);
#1627=AXIS2_PLACEMENT_3D('',#2482,#2046,#2047);
#1628=AXIS2_PLACEMENT_3D('',#2484,#2049,#2050);
#1629=AXIS2_PLACEMENT_3D('',#2486,#2052,#2053);
#1630=AXIS2_PLACEMENT_3D('',#2488,#2055,#2056);
#1631=AXIS2_PLACEMENT_3D('',#2490,#2058,#2059);
#1632=AXIS2_PLACEMENT_3D('',#2493,#2062,#2063);
#1633=AXIS2_PLACEMENT_3D('',#2495,#2065,#2066);
#1634=AXIS2_PLACEMENT_3D('',#2497,#2068,#2069);
#1635=AXIS2_PLACEMENT_3D('',#2499,#2071,#2072);
#1636=AXIS2_PLACEMENT_3D('',#2502,#2075,#2076);
#1637=AXIS2_PLACEMENT_3D('',#2504,#2078,#2079);
#1638=AXIS2_PLACEMENT_3D('',#2505,#2080,#2081);
#1639=AXIS2_PLACEMENT_3D('',#2507,#2083,#2084);
#1640=AXIS2_PLACEMENT_3D('',#2509,#2086,#2087);
#1641=AXIS2_PLACEMENT_3D('',#2510,#2088,#2089);
#1642=AXIS2_PLACEMENT_3D('',#2511,#2090,#2091);
#1643=AXIS2_PLACEMENT_3D('',#2514,#2094,#2095);
#1644=AXIS2_PLACEMENT_3D('',#2515,#2096,#2097);
#1645=AXIS2_PLACEMENT_3D('',#2517,#2099,#2100);
#1646=AXIS2_PLACEMENT_3D('',#2518,#2101,#2102);
#1647=DIRECTION('axis',(0.,0.,1.));
#1648=DIRECTION('refdir',(1.,0.,0.));
#1649=DIRECTION('center_axis',(0.,0.,-1.));
#1650=DIRECTION('ref_axis',(-1.,0.,0.));
#1651=DIRECTION('center_axis',(1.,0.,0.));
#1652=DIRECTION('ref_axis',(0.,0.,-1.));
#1653=DIRECTION('center_axis',(0.,0.,-1.));
#1654=DIRECTION('ref_axis',(0.707106781186546,0.707106781186549,0.));
#1655=DIRECTION('center_axis',(0.,1.,0.));
#1656=DIRECTION('ref_axis',(1.,0.,0.));
#1657=DIRECTION('center_axis',(0.,0.,1.));
#1658=DIRECTION('ref_axis',(0.707106781186546,0.707106781186549,0.));
#1659=DIRECTION('center_axis',(7.63227220464138E-16,-1.,0.));
#1660=DIRECTION('ref_axis',(0.70710678118654,0.,-0.707106781186555));
#1661=DIRECTION('center_axis',(0.,1.,0.));
#1662=DIRECTION('ref_axis',(1.,0.,0.));
#1663=DIRECTION('',(-7.63227220464138E-16,1.,0.));
#1664=DIRECTION('',(7.63227220464138E-16,-1.,0.));
#1665=DIRECTION('center_axis',(0.,0.,-1.));
#1666=DIRECTION('ref_axis',(-1.,0.,0.));
#1667=DIRECTION('center_axis',(1.,0.,0.));
#1668=DIRECTION('ref_axis',(0.,-1.,0.));
#1669=DIRECTION('center_axis',(0.,0.,1.));
#1670=DIRECTION('ref_axis',(0.707106781186547,-0.707106781186548,0.));
#1671=DIRECTION('center_axis',(0.,0.,-1.));
#1672=DIRECTION('ref_axis',(0.707106781186547,-0.707106781186548,0.));
#1673=DIRECTION('center_axis',(-1.,-5.32640731454348E-16,0.));
#1674=DIRECTION('ref_axis',(0.,-0.707106781186546,-0.707106781186549));
#1675=DIRECTION('center_axis',(1.,0.,0.));
#1676=DIRECTION('ref_axis',(0.,-1.,0.));
#1677=DIRECTION('',(1.,5.32640731454348E-16,0.));
#1678=DIRECTION('',(-1.,-5.32640731454348E-16,0.));
#1679=DIRECTION('center_axis',(0.,0.,-1.));
#1680=DIRECTION('ref_axis',(-1.,0.,0.));
#1681=DIRECTION('center_axis',(0.,-1.,0.));
#1682=DIRECTION('ref_axis',(-1.,0.,0.));
#1683=DIRECTION('center_axis',(0.,0.,1.));
#1684=DIRECTION('ref_axis',(-0.707106781186548,-0.707106781186547,0.));
#1685=DIRECTION('center_axis',(0.,0.,-1.));
#1686=DIRECTION('ref_axis',(-0.707106781186548,-0.707106781186547,0.));
#1687=DIRECTION('center_axis',(-9.81292140596749E-16,1.,0.));
#1688=DIRECTION('ref_axis',(-0.707106781186546,0.,-0.707106781186549));
#1689=DIRECTION('center_axis',(0.,-1.,0.));
#1690=DIRECTION('ref_axis',(-1.,0.,0.));
#1691=DIRECTION('',(9.81292140596749E-16,-1.,0.));
#1692=DIRECTION('',(-9.81292140596749E-16,1.,0.));
#1693=DIRECTION('center_axis',(0.,0.,-1.));
#1694=DIRECTION('ref_axis',(-1.,0.,0.));
#1695=DIRECTION('center_axis',(-1.,0.,0.));
#1696=DIRECTION('ref_axis',(0.,1.,0.));
#1697=DIRECTION('center_axis',(0.,0.,1.));
#1698=DIRECTION('ref_axis',(-0.707106781186548,0.707106781186547,0.));
#1699=DIRECTION('center_axis',(0.,0.,-1.));
#1700=DIRECTION('ref_axis',(-0.707106781186548,0.707106781186547,0.));
#1701=DIRECTION('center_axis',(1.,9.32121280045109E-16,0.));
#1702=DIRECTION('ref_axis',(0.,0.707106781186546,-0.707106781186549));
#1703=DIRECTION('',(-1.,-9.32121280045109E-16,0.));
#1704=DIRECTION('',(1.,9.32121280045109E-16,0.));
#1705=DIRECTION('center_axis',(5.32640731454348E-16,-1.,0.));
#1706=DIRECTION('ref_axis',(1.,5.32640731454348E-16,0.));
#1707=DIRECTION('',(0.,0.,1.));
#1708=DIRECTION('',(1.,5.32640731454348E-16,0.));
#1709=DIRECTION('',(0.,0.,1.));
#1710=DIRECTION('center_axis',(0.,0.,1.));
#1711=DIRECTION('ref_axis',(0.,-1.,0.));
#1712=DIRECTION('',(0.,0.,-1.));
#1713=DIRECTION('center_axis',(0.,0.,1.));
#1714=DIRECTION('ref_axis',(0.707106781186547,-0.707106781186548,0.));
#1715=DIRECTION('center_axis',(1.,7.63227220464138E-16,0.));
#1716=DIRECTION('ref_axis',(-7.63227220464138E-16,1.,0.));
#1717=DIRECTION('',(0.,0.,1.));
#1718=DIRECTION('',(-7.63227220464138E-16,1.,0.));
#1719=DIRECTION('center_axis',(0.,0.,1.));
#1720=DIRECTION('ref_axis',(1.,1.11022302462517E-15,0.));
#1721=DIRECTION('',(0.,0.,1.));
#1722=DIRECTION('center_axis',(0.,0.,1.));
#1723=DIRECTION('ref_axis',(0.707106781186546,0.707106781186549,0.));
#1724=DIRECTION('center_axis',(0.,0.,1.));
#1725=DIRECTION('ref_axis',(1.,0.,0.));
#1726=DIRECTION('',(1.,5.9251395576924E-16,0.));
#1727=DIRECTION('center_axis',(0.,0.,-1.));
#1728=DIRECTION('ref_axis',(1.,0.,0.));
#1729=DIRECTION('',(0.,-1.,0.));
#1730=DIRECTION('',(1.,0.,0.));
#1731=DIRECTION('',(-1.48276864724138E-15,1.,0.));
#1732=DIRECTION('center_axis',(0.,0.,-1.));
#1733=DIRECTION('ref_axis',(0.,1.,0.));
#1734=DIRECTION('',(1.,1.10332722943644E-15,0.));
#1735=DIRECTION('',(0.,1.,0.));
#1736=DIRECTION('',(-1.,0.,0.));
#1737=DIRECTION('center_axis',(0.,0.,-1.));
#1738=DIRECTION('ref_axis',(-1.,-8.88178419700125E-16,0.));
#1739=DIRECTION('',(1.48276864724138E-15,1.,0.));
#1740=DIRECTION('',(-1.,-1.42404749029991E-16,0.));
#1741=DIRECTION('',(0.,-1.,0.));
#1742=DIRECTION('center_axis',(0.,0.,-1.));
#1743=DIRECTION('ref_axis',(0.,-1.,0.));
#1744=DIRECTION('',(-1.,0.,0.));
#1745=DIRECTION('',(-1.50019744622249E-12,-1.,0.));
#1746=DIRECTION('center_axis',(0.,0.,1.));
#1747=DIRECTION('ref_axis',(-1.,0.,0.));
#1748=DIRECTION('center_axis',(0.,0.,1.));
#1749=DIRECTION('ref_axis',(-1.,0.,0.));
#1750=DIRECTION('center_axis',(0.,0.,1.));
#1751=DIRECTION('ref_axis',(-1.,0.,0.));
#1752=DIRECTION('center_axis',(0.,0.,1.));
#1753=DIRECTION('ref_axis',(-1.,0.,0.));
#1754=DIRECTION('center_axis',(0.,0.,1.));
#1755=DIRECTION('ref_axis',(1.,0.,0.));
#1756=DIRECTION('center_axis',(0.,0.,1.));
#1757=DIRECTION('ref_axis',(1.,0.,0.));
#1758=DIRECTION('center_axis',(0.,0.,1.));
#1759=DIRECTION('ref_axis',(1.,0.,0.));
#1760=DIRECTION('center_axis',(0.,0.,1.));
#1761=DIRECTION('ref_axis',(1.,0.,0.));
#1762=DIRECTION('center_axis',(0.,0.,1.));
#1763=DIRECTION('ref_axis',(1.,0.,0.));
#1764=DIRECTION('center_axis',(-1.,0.,0.));
#1765=DIRECTION('ref_axis',(0.,0.,1.));
#1766=DIRECTION('center_axis',(0.,0.,1.));
#1767=DIRECTION('ref_axis',(-0.707106781186548,0.707106781186547,0.));
#1768=DIRECTION('center_axis',(0.,1.,0.));
#1769=DIRECTION('ref_axis',(-1.,0.,0.));
#1770=DIRECTION('center_axis',(0.,0.,-1.));
#1771=DIRECTION('ref_axis',(-0.707106781186548,0.707106781186547,0.));
#1772=DIRECTION('center_axis',(9.81292140596749E-16,-1.,0.));
#1773=DIRECTION('ref_axis',(-0.707106781186546,0.,0.707106781186549));
#1774=DIRECTION('center_axis',(0.,1.,0.));
#1775=DIRECTION('ref_axis',(-1.,0.,0.));
#1776=DIRECTION('',(-9.81292140596749E-16,1.,0.));
#1777=DIRECTION('',(9.81292140596749E-16,-1.,0.));
#1778=DIRECTION('center_axis',(0.,0.,1.));
#1779=DIRECTION('ref_axis',(1.,0.,0.));
#1780=DIRECTION('center_axis',(-1.,0.,0.));
#1781=DIRECTION('ref_axis',(0.,-1.,0.));
#1782=DIRECTION('center_axis',(0.,0.,-1.));
#1783=DIRECTION('ref_axis',(-0.707106781186548,-0.707106781186547,0.));
#1784=DIRECTION('center_axis',(0.,0.,1.));
#1785=DIRECTION('ref_axis',(-0.707106781186548,-0.707106781186547,0.));
#1786=DIRECTION('center_axis',(1.,5.32640731454348E-16,0.));
#1787=DIRECTION('ref_axis',(0.,-0.707106781186546,0.707106781186549));
#1788=DIRECTION('center_axis',(-1.,0.,0.));
#1789=DIRECTION('ref_axis',(0.,-1.,0.));
#1790=DIRECTION('',(-1.,-5.32640731454348E-16,0.));
#1791=DIRECTION('center_axis',(0.,0.,1.));
#1792=DIRECTION('ref_axis',(1.,0.,0.));
#1793=DIRECTION('center_axis',(0.,-1.,0.));
#1794=DIRECTION('ref_axis',(1.,0.,0.));
#1795=DIRECTION('center_axis',(0.,0.,-1.));
#1796=DIRECTION('ref_axis',(0.707106781186547,-0.707106781186548,0.));
#1797=DIRECTION('center_axis',(-7.63227220464138E-16,1.,0.));
#1798=DIRECTION('ref_axis',(0.70710678118654,0.,0.707106781186555));
#1799=DIRECTION('center_axis',(0.,-1.,0.));
#1800=DIRECTION('ref_axis',(1.,0.,0.));
#1801=DIRECTION('',(7.63227220464138E-16,-1.,0.));
#1802=DIRECTION('center_axis',(0.,0.,1.));
#1803=DIRECTION('ref_axis',(1.,0.,0.));
#1804=DIRECTION('center_axis',(1.,0.,0.));
#1805=DIRECTION('ref_axis',(0.,1.,0.));
#1806=DIRECTION('center_axis',(0.,0.,-1.));
#1807=DIRECTION('ref_axis',(0.707106781186546,0.707106781186549,0.));
#1808=DIRECTION('center_axis',(-1.,-9.32121280045109E-16,0.));
#1809=DIRECTION('ref_axis',(0.,0.707106781186546,0.707106781186549));
#1810=DIRECTION('',(1.,9.32121280045109E-16,0.));
#1811=DIRECTION('',(-1.,-9.32121280045109E-16,0.));
#1812=DIRECTION('center_axis',(0.,0.,1.));
#1813=DIRECTION('ref_axis',(-1.,-2.22044604925034E-15,0.));
#1814=DIRECTION('',(0.,0.,1.));
#1815=DIRECTION('center_axis',(-1.,-9.81292140596749E-16,0.));
#1816=DIRECTION('ref_axis',(9.81292140596749E-16,-1.,0.));
#1817=DIRECTION('',(0.,0.,1.));
#1818=DIRECTION('center_axis',(0.,0.,1.));
#1819=DIRECTION('ref_axis',(-1.11022302462517E-15,1.,0.));
#1820=DIRECTION('',(0.,0.,1.));
#1821=DIRECTION('center_axis',(0.,0.,1.));
#1822=DIRECTION('ref_axis',(1.,0.,0.));
#1823=DIRECTION('center_axis',(0.,0.,1.));
#1824=DIRECTION('ref_axis',(0.707106781186546,0.707106781186549,0.));
#1825=DIRECTION('',(-7.63227220464138E-16,1.,0.));
#1826=DIRECTION('center_axis',(0.,0.,1.));
#1827=DIRECTION('ref_axis',(0.707106781186548,-0.707106781186548,0.));
#1828=DIRECTION('',(1.,7.98961097181522E-16,0.));
#1829=DIRECTION('center_axis',(0.,0.,1.));
#1830=DIRECTION('ref_axis',(-0.707106781186548,-0.707106781186548,0.));
#1831=DIRECTION('',(9.81292140596749E-16,-1.,0.));
#1832=DIRECTION('center_axis',(0.,0.,1.));
#1833=DIRECTION('ref_axis',(-0.707106781186546,0.707106781186549,0.));
#1834=DIRECTION('',(-1.,-6.65800914317935E-16,0.));
#1835=DIRECTION('center_axis',(0.,0.,-1.));
#1836=DIRECTION('ref_axis',(-1.,0.,0.));
#1837=DIRECTION('center_axis',(1.,0.,0.));
#1838=DIRECTION('ref_axis',(0.,0.,1.));
#1839=DIRECTION('center_axis',(0.,0.,-1.));
#1840=DIRECTION('ref_axis',(0.707106781186546,0.707106781186549,0.));
#1841=DIRECTION('center_axis',(0.,1.,0.));
#1842=DIRECTION('ref_axis',(-1.,0.,0.));
#1843=DIRECTION('center_axis',(7.63227220464138E-16,-1.,0.));
#1844=DIRECTION('ref_axis',(-0.707106781186546,0.,0.707106781186549));
#1845=DIRECTION('center_axis',(0.,1.,0.));
#1846=DIRECTION('ref_axis',(-1.,0.,0.));
#1847=DIRECTION('',(7.63227220464138E-16,-1.,0.));
#1848=DIRECTION('center_axis',(0.,0.,-1.));
#1849=DIRECTION('ref_axis',(-1.,0.,0.));
#1850=DIRECTION('center_axis',(1.,0.,0.));
#1851=DIRECTION('ref_axis',(0.,1.,0.));
#1852=DIRECTION('center_axis',(0.,0.,-1.));
#1853=DIRECTION('ref_axis',(0.707106781186547,-0.707106781186547,0.));
#1854=DIRECTION('center_axis',(-1.,-7.98961097181522E-16,0.));
#1855=DIRECTION('ref_axis',(0.,0.707106781186546,0.707106781186549));
#1856=DIRECTION('center_axis',(1.,8.88178419700128E-15,0.));
#1857=DIRECTION('ref_axis',(-8.88178419700128E-15,1.,0.));
#1858=DIRECTION('',(-1.,-7.98961097181522E-16,0.));
#1859=DIRECTION('center_axis',(0.,0.,-1.));
#1860=DIRECTION('ref_axis',(-1.,0.,0.));
#1861=DIRECTION('center_axis',(0.,-1.,0.));
#1862=DIRECTION('ref_axis',(1.,0.,0.));
#1863=DIRECTION('center_axis',(0.,0.,-1.));
#1864=DIRECTION('ref_axis',(-0.707106781186547,-0.707106781186547,0.));
#1865=DIRECTION('center_axis',(-9.81292140596749E-16,1.,0.));
#1866=DIRECTION('ref_axis',(0.707106781186546,0.,0.707106781186549));
#1867=DIRECTION('center_axis',(0.,-1.,0.));
#1868=DIRECTION('ref_axis',(1.,0.,0.));
#1869=DIRECTION('',(-9.81292140596749E-16,1.,0.));
#1870=DIRECTION('center_axis',(0.,0.,-1.));
#1871=DIRECTION('ref_axis',(-1.,0.,0.));
#1872=DIRECTION('center_axis',(-1.,0.,0.));
#1873=DIRECTION('ref_axis',(0.,-1.,0.));
#1874=DIRECTION('center_axis',(0.,0.,-1.));
#1875=DIRECTION('ref_axis',(-0.707106781186546,0.707106781186549,0.));
#1876=DIRECTION('center_axis',(1.,6.65800914317935E-16,0.));
#1877=DIRECTION('ref_axis',(0.,-0.707106781186546,0.707106781186549));
#1878=DIRECTION('',(1.,6.65800914317935E-16,0.));
#1879=DIRECTION('center_axis',(-7.98961097181522E-16,1.,0.));
#1880=DIRECTION('ref_axis',(-1.,-7.98961097181522E-16,0.));
#1881=DIRECTION('',(0.,0.,1.));
#1882=DIRECTION('',(-1.,-7.98961097181522E-16,0.));
#1883=DIRECTION('',(0.,0.,1.));
#1884=DIRECTION('center_axis',(0.,0.,1.));
#1885=DIRECTION('ref_axis',(0.,1.,0.));
#1886=DIRECTION('',(0.,0.,1.));
#1887=DIRECTION('center_axis',(0.,0.,-1.));
#1888=DIRECTION('ref_axis',(0.,1.,0.));
#1889=DIRECTION('center_axis',(-1.,-7.63227220464138E-16,0.));
#1890=DIRECTION('ref_axis',(7.63227220464138E-16,-1.,0.));
#1891=DIRECTION('',(0.,0.,1.));
#1892=DIRECTION('',(7.63227220464138E-16,-1.,0.));
#1893=DIRECTION('center_axis',(0.,0.,1.));
#1894=DIRECTION('ref_axis',(-1.,-1.61486985400023E-15,0.));
#1895=DIRECTION('',(0.,0.,1.));
#1896=DIRECTION('center_axis',(0.,0.,-1.));
#1897=DIRECTION('ref_axis',(-1.,-1.61486985400023E-15,0.));
#1898=DIRECTION('center_axis',(0.,0.,-1.));
#1899=DIRECTION('ref_axis',(1.,0.,0.));
#1900=DIRECTION('center_axis',(0.,0.,-1.));
#1901=DIRECTION('ref_axis',(1.,0.,0.));
#1902=DIRECTION('',(0.,0.,-1.));
#1903=DIRECTION('center_axis',(0.,0.,-1.));
#1904=DIRECTION('ref_axis',(1.,0.,0.));
#1905=DIRECTION('center_axis',(0.,0.,1.));
#1906=DIRECTION('ref_axis',(1.,0.,0.));
#1907=DIRECTION('center_axis',(0.,0.,1.));
#1908=DIRECTION('ref_axis',(1.,0.,0.));
#1909=DIRECTION('center_axis',(0.,0.,1.));
#1910=DIRECTION('ref_axis',(1.,0.,0.));
#1911=DIRECTION('center_axis',(0.,0.,-1.));
#1912=DIRECTION('ref_axis',(1.,0.,0.));
#1913=DIRECTION('center_axis',(0.,0.,1.));
#1914=DIRECTION('ref_axis',(1.,0.,0.));
#1915=DIRECTION('center_axis',(0.,0.,-1.));
#1916=DIRECTION('ref_axis',(1.,0.,0.));
#1917=DIRECTION('center_axis',(0.,0.,-1.));
#1918=DIRECTION('ref_axis',(1.,0.,0.));
#1919=DIRECTION('',(0.,0.,-1.));
#1920=DIRECTION('center_axis',(0.,0.,-1.));
#1921=DIRECTION('ref_axis',(1.,0.,0.));
#1922=DIRECTION('center_axis',(0.,0.,-1.));
#1923=DIRECTION('ref_axis',(1.,0.,0.));
#1924=DIRECTION('',(0.,0.,-1.));
#1925=DIRECTION('center_axis',(0.,0.,-1.));
#1926=DIRECTION('ref_axis',(1.,0.,0.));
#1927=DIRECTION('center_axis',(0.,0.,1.));
#1928=DIRECTION('ref_axis',(1.,0.,0.));
#1929=DIRECTION('center_axis',(0.,0.,1.));
#1930=DIRECTION('ref_axis',(1.,0.,0.));
#1931=DIRECTION('center_axis',(0.,0.,1.));
#1932=DIRECTION('ref_axis',(1.,0.,0.));
#1933=DIRECTION('center_axis',(0.,0.,-1.));
#1934=DIRECTION('ref_axis',(1.,0.,0.));
#1935=DIRECTION('center_axis',(0.,0.,1.));
#1936=DIRECTION('ref_axis',(1.,0.,0.));
#1937=DIRECTION('center_axis',(0.,0.,-1.));
#1938=DIRECTION('ref_axis',(1.,0.,0.));
#1939=DIRECTION('center_axis',(0.,0.,-1.));
#1940=DIRECTION('ref_axis',(1.,0.,0.));
#1941=DIRECTION('',(0.,0.,-1.));
#1942=DIRECTION('center_axis',(0.,0.,-1.));
#1943=DIRECTION('ref_axis',(1.,0.,0.));
#1944=DIRECTION('',(0.,0.,-1.));
#1945=DIRECTION('center_axis',(0.,0.,-1.));
#1946=DIRECTION('ref_axis',(1.,0.,0.));
#1947=DIRECTION('',(0.,0.,-1.));
#1948=DIRECTION('center_axis',(0.,0.,-1.));
#1949=DIRECTION('ref_axis',(1.,0.,0.));
#1950=DIRECTION('',(0.,0.,-1.));
#1951=DIRECTION('center_axis',(0.,0.,-1.));
#1952=DIRECTION('ref_axis',(1.,0.,0.));
#1953=DIRECTION('',(0.,0.,-1.));
#1954=DIRECTION('center_axis',(0.,0.,1.));
#1955=DIRECTION('ref_axis',(1.,0.,0.));
#1956=DIRECTION('',(-1.,0.,0.));
#1957=DIRECTION('',(0.,-1.,0.));
#1958=DIRECTION('',(1.,1.42404749029991E-16,0.));
#1959=DIRECTION('',(1.48276864724138E-15,1.,0.));
#1960=DIRECTION('center_axis',(0.,0.,-1.));
#1961=DIRECTION('ref_axis',(-1.,-8.88178419700125E-16,0.));
#1962=DIRECTION('center_axis',(0.,0.,1.));
#1963=DIRECTION('ref_axis',(-1.,0.,0.));
#1964=DIRECTION('center_axis',(0.,0.,1.));
#1965=DIRECTION('ref_axis',(1.,0.,0.));
#1966=DIRECTION('',(-1.48276864724138E-15,1.,0.));
#1967=DIRECTION('',(-1.,0.,0.));
#1968=DIRECTION('',(0.,-1.,0.));
#1969=DIRECTION('',(1.,1.10332722943644E-15,0.));
#1970=DIRECTION('center_axis',(0.,0.,-1.));
#1971=DIRECTION('ref_axis',(0.,1.,0.));
#1972=DIRECTION('center_axis',(0.,0.,1.));
#1973=DIRECTION('ref_axis',(-1.,0.,0.));
#1974=DIRECTION('center_axis',(-1.,-5.49891869671417E-12,0.));
#1975=DIRECTION('ref_axis',(-5.49891869671417E-12,1.,0.));
#1976=DIRECTION('',(-5.49891869671417E-12,1.,0.));
#1977=DIRECTION('',(0.,0.,-1.));
#1978=DIRECTION('',(-5.49891869671417E-12,1.,0.));
#1979=DIRECTION('',(0.,0.,-1.));
#1980=DIRECTION('center_axis',(-2.22044604926647E-15,1.,0.));
#1981=DIRECTION('ref_axis',(1.,2.22044604926647E-15,0.));
#1982=DIRECTION('',(1.,2.22044604926647E-15,0.));
#1983=DIRECTION('',(0.,0.,-1.));
#1984=DIRECTION('',(1.,2.22044604926647E-15,0.));
#1985=DIRECTION('center_axis',(0.,0.,1.));
#1986=DIRECTION('ref_axis',(1.,0.,0.));
#1987=DIRECTION('',(1.50019744622249E-12,1.,0.));
#1988=DIRECTION('',(-1.,0.,0.));
#1989=DIRECTION('center_axis',(0.,0.,-1.));
#1990=DIRECTION('ref_axis',(0.,-1.,0.));
#1991=DIRECTION('',(0.,-1.,0.));
#1992=DIRECTION('',(1.,1.42404749029991E-16,0.));
#1993=DIRECTION('center_axis',(0.,0.,1.));
#1994=DIRECTION('ref_axis',(-1.,0.,0.));
#1995=DIRECTION('center_axis',(3.63775676251323E-11,-1.,0.));
#1996=DIRECTION('ref_axis',(-1.,-3.63775676251323E-11,0.));
#1997=DIRECTION('',(-1.,-3.63775676251323E-11,0.));
#1998=DIRECTION('',(0.,0.,-1.));
#1999=DIRECTION('',(-1.,-3.63775676251323E-11,0.));
#2000=DIRECTION('',(0.,0.,-1.));
#2001=DIRECTION('center_axis',(-1.,-5.49959003335791E-12,0.));
#2002=DIRECTION('ref_axis',(-5.49959003335791E-12,1.,0.));
#2003=DIRECTION('',(-5.49959003335791E-12,1.,0.));
#2004=DIRECTION('',(0.,0.,-1.));
#2005=DIRECTION('',(-5.49959003335791E-12,1.,0.));
#2006=DIRECTION('center_axis',(0.,0.,1.));
#2007=DIRECTION('ref_axis',(1.,0.,0.));
#2008=DIRECTION('',(-1.,0.,0.));
#2009=DIRECTION('',(0.,-1.,0.));
#2010=DIRECTION('center_axis',(0.,0.,-1.));
#2011=DIRECTION('ref_axis',(1.,0.,0.));
#2012=DIRECTION('',(1.,5.9251395576924E-16,0.));
#2013=DIRECTION('',(1.50019744622249E-12,1.,0.));
#2014=DIRECTION('center_axis',(0.,0.,1.));
#2015=DIRECTION('ref_axis',(-1.,0.,0.));
#2016=DIRECTION('center_axis',(0.,-1.,0.));
#2017=DIRECTION('ref_axis',(-1.,0.,0.));
#2018=DIRECTION('',(0.,0.,-1.));
#2019=DIRECTION('',(0.,0.,-1.));
#2020=DIRECTION('center_axis',(-1.,-1.48276864724138E-15,0.));
#2021=DIRECTION('ref_axis',(-1.48276864724138E-15,1.,0.));
#2022=DIRECTION('',(0.,0.,-1.));
#2023=DIRECTION('',(0.,0.,-1.));
#2024=DIRECTION('center_axis',(0.,0.,1.));
#2025=DIRECTION('ref_axis',(1.,0.,0.));
#2026=DIRECTION('',(-9.81292140596749E-16,1.,0.));
#2027=DIRECTION('center_axis',(0.,0.,-1.));
#2028=DIRECTION('ref_axis',(1.,3.22973970800046E-15,0.));
#2029=DIRECTION('',(1.,6.65800914317935E-16,0.));
#2030=DIRECTION('center_axis',(0.,0.,-1.));
#2031=DIRECTION('ref_axis',(-1.61486985400024E-15,-1.,0.));
#2032=DIRECTION('',(1.,1.42404749029991E-16,0.));
#2033=DIRECTION('',(0.,-1.,0.));
#2034=DIRECTION('',(-1.,0.,0.));
#2035=DIRECTION('',(1.50019744622249E-12,1.,0.));
#2036=DIRECTION('center_axis',(-5.9251395576924E-16,1.,0.));
#2037=DIRECTION('ref_axis',(1.,5.9251395576924E-16,0.));
#2038=DIRECTION('',(0.,0.,-1.));
#2039=DIRECTION('',(0.,0.,-1.));
#2040=DIRECTION('center_axis',(0.,0.,-1.));
#2041=DIRECTION('ref_axis',(-1.,-8.88178419700125E-16,0.));
#2042=DIRECTION('',(0.,0.,-1.));
#2043=DIRECTION('center_axis',(0.,0.,-1.));
#2044=DIRECTION('ref_axis',(-1.,0.,0.));
#2045=DIRECTION('',(0.,0.,1.));
#2046=DIRECTION('center_axis',(-1.,1.48276864724138E-15,0.));
#2047=DIRECTION('ref_axis',(1.48276864724138E-15,1.,0.));
#2048=DIRECTION('',(0.,0.,1.));
#2049=DIRECTION('center_axis',(0.,0.,-1.));
#2050=DIRECTION('ref_axis',(1.,0.,0.));
#2051=DIRECTION('',(0.,0.,-1.));
#2052=DIRECTION('center_axis',(0.,0.,-1.));
#2053=DIRECTION('ref_axis',(-1.,0.,0.));
#2054=DIRECTION('',(0.,0.,1.));
#2055=DIRECTION('center_axis',(1.,0.,0.));
#2056=DIRECTION('ref_axis',(0.,-1.,0.));
#2057=DIRECTION('',(0.,0.,1.));
#2058=DIRECTION('center_axis',(0.,-1.,0.));
#2059=DIRECTION('ref_axis',(-1.,0.,0.));
#2060=DIRECTION('',(0.,0.,1.));
#2061=DIRECTION('',(0.,0.,-1.));
#2062=DIRECTION('center_axis',(0.,0.,-1.));
#2063=DIRECTION('ref_axis',(-1.,0.,0.));
#2064=DIRECTION('',(0.,0.,1.));
#2065=DIRECTION('center_axis',(0.,0.,-1.));
#2066=DIRECTION('ref_axis',(0.,-1.,0.));
#2067=DIRECTION('',(0.,0.,-1.));
#2068=DIRECTION('center_axis',(1.,0.,0.));
#2069=DIRECTION('ref_axis',(0.,-1.,0.));
#2070=DIRECTION('',(0.,0.,-1.));
#2071=DIRECTION('center_axis',(-1.10332722943644E-15,1.,0.));
#2072=DIRECTION('ref_axis',(1.,1.10332722943644E-15,0.));
#2073=DIRECTION('',(0.,0.,1.));
#2074=DIRECTION('',(0.,0.,-1.));
#2075=DIRECTION('center_axis',(0.,0.,-1.));
#2076=DIRECTION('ref_axis',(-1.,0.,0.));
#2077=DIRECTION('',(0.,0.,1.));
#2078=DIRECTION('center_axis',(0.,0.,-1.));
#2079=DIRECTION('ref_axis',(0.,1.,0.));
#2080=DIRECTION('center_axis',(1.42404749029991E-16,-1.,0.));
#2081=DIRECTION('ref_axis',(-1.,-1.42404749029991E-16,0.));
#2082=DIRECTION('',(0.,0.,-1.));
#2083=DIRECTION('center_axis',(0.,1.,0.));
#2084=DIRECTION('ref_axis',(1.,0.,0.));
#2085=DIRECTION('',(0.,0.,-1.));
#2086=DIRECTION('center_axis',(1.,-1.50019744622249E-12,0.));
#2087=DIRECTION('ref_axis',(-1.50019744622249E-12,-1.,0.));
#2088=DIRECTION('center_axis',(-1.,0.,0.));
#2089=DIRECTION('ref_axis',(0.,1.,0.));
#2090=DIRECTION('center_axis',(1.,9.81292140596749E-16,0.));
#2091=DIRECTION('ref_axis',(-9.81292140596749E-16,1.,0.));
#2092=DIRECTION('',(0.,0.,1.));
#2093=DIRECTION('',(0.,0.,1.));
#2094=DIRECTION('center_axis',(0.,0.,1.));
#2095=DIRECTION('ref_axis',(1.,3.22973970800046E-15,0.));
#2096=DIRECTION('center_axis',(6.65800914317935E-16,-1.,0.));
#2097=DIRECTION('ref_axis',(1.,6.65800914317935E-16,0.));
#2098=DIRECTION('',(0.,0.,1.));
#2099=DIRECTION('center_axis',(0.,0.,1.));
#2100=DIRECTION('ref_axis',(-1.61486985400024E-15,-1.,0.));
#2101=DIRECTION('center_axis',(-9.32121280045109E-16,1.,0.));
#2102=DIRECTION('ref_axis',(-1.,-9.32121280045109E-16,0.));
#2103=CARTESIAN_POINT('',(0.,0.,0.));
#2104=CARTESIAN_POINT('Origin',(66.7,40.7300000000001,-10.7));
#2105=CARTESIAN_POINT('',(66.7,47.7300000000001,-11.7));
#2106=CARTESIAN_POINT('',(66.7,48.73,-10.7));
#2107=CARTESIAN_POINT('Origin',(66.7,47.7300000000001,-10.7));
#2108=CARTESIAN_POINT('',(74.6999999999999,40.7300000000001,-10.7));
#2109=CARTESIAN_POINT('Origin',(66.7,40.7300000000001,-10.7));
#2110=CARTESIAN_POINT('',(73.6999999999999,40.7300000000001,-11.7));
#2111=CARTESIAN_POINT('Origin',(73.6999999999999,40.7300000000001,-10.7));
#2112=CARTESIAN_POINT('Origin',(66.7,40.7300000000001,-11.7));
#2113=CARTESIAN_POINT('Origin',(73.6999999999999,-20.365,-10.7));
#2114=CARTESIAN_POINT('',(74.6999999999999,-40.73,-10.7));
#2115=CARTESIAN_POINT('',(73.7,-40.73,-11.7));
#2116=CARTESIAN_POINT('Origin',(73.7,-40.73,-10.7));
#2117=CARTESIAN_POINT('',(73.6999999999999,-20.365,-11.7));
#2118=CARTESIAN_POINT('',(74.6999999999999,-20.365,-10.7));
#2119=CARTESIAN_POINT('Origin',(66.7,-40.73,-10.7));
#2120=CARTESIAN_POINT('',(66.7,-48.7299999999999,-10.7));
#2121=CARTESIAN_POINT('',(66.7,-47.7299999999999,-11.7));
#2122=CARTESIAN_POINT('Origin',(66.7,-47.7299999999999,-10.7));
#2123=CARTESIAN_POINT('Origin',(66.7,-40.73,-11.7));
#2124=CARTESIAN_POINT('Origin',(66.7,-40.73,-10.7));
#2125=CARTESIAN_POINT('Origin',(-33.35,-47.7299999999999,-10.7));
#2126=CARTESIAN_POINT('',(-66.7,-48.7299999999999,-10.7));
#2127=CARTESIAN_POINT('',(-66.7,-47.73,-11.7));
#2128=CARTESIAN_POINT('Origin',(-66.7,-47.73,-10.7));
#2129=CARTESIAN_POINT('',(-33.35,-47.7299999999999,-11.7));
#2130=CARTESIAN_POINT('',(-33.35,-48.7299999999999,-10.7));
#2131=CARTESIAN_POINT('Origin',(-66.7,-40.7300000000001,-10.7));
#2132=CARTESIAN_POINT('',(-74.6999999999999,-40.7300000000001,-10.7));
#2133=CARTESIAN_POINT('',(-73.6999999999999,-40.7300000000001,-11.7));
#2134=CARTESIAN_POINT('Origin',(-73.6999999999999,-40.7300000000001,-10.7));
#2135=CARTESIAN_POINT('Origin',(-66.7,-40.7300000000001,-11.7));
#2136=CARTESIAN_POINT('Origin',(-66.7,-40.7300000000001,-10.7));
#2137=CARTESIAN_POINT('Origin',(-73.6999999999999,20.365,-10.7));
#2138=CARTESIAN_POINT('',(-74.7,40.73,-10.7));
#2139=CARTESIAN_POINT('',(-73.7,40.73,-11.7));
#2140=CARTESIAN_POINT('Origin',(-73.7,40.73,-10.7));
#2141=CARTESIAN_POINT('',(-73.6999999999999,20.365,-11.7));
#2142=CARTESIAN_POINT('',(-74.6999999999999,20.365,-10.7));
#2143=CARTESIAN_POINT('Origin',(-66.7,40.73,-10.7));
#2144=CARTESIAN_POINT('',(-66.7,48.7299999999999,-10.7));
#2145=CARTESIAN_POINT('',(-66.7,47.73,-11.7));
#2146=CARTESIAN_POINT('Origin',(-66.7,47.73,-10.7));
#2147=CARTESIAN_POINT('Origin',(-66.7,40.73,-11.7));
#2148=CARTESIAN_POINT('Origin',(-66.7,40.73,-10.7));
#2149=CARTESIAN_POINT('Origin',(33.35,47.73,-10.7));
#2150=CARTESIAN_POINT('',(33.35,47.73,-11.7));
#2151=CARTESIAN_POINT('',(33.35,48.73,-10.7));
#2152=CARTESIAN_POINT('Origin',(-66.7,-48.7299999999999,0.));
#2153=CARTESIAN_POINT('',(66.7,-48.7299999999999,1.2));
#2154=CARTESIAN_POINT('',(66.7,-48.7299999999999,0.));
#2155=CARTESIAN_POINT('',(-66.7,-48.7299999999999,1.2));
#2156=CARTESIAN_POINT('',(-33.35,-48.7299999999999,1.2));
#2157=CARTESIAN_POINT('',(-66.7,-48.7299999999999,0.));
#2158=CARTESIAN_POINT('Origin',(66.7,-40.73,0.));
#2159=CARTESIAN_POINT('',(74.6999999999999,-40.73,1.2));
#2160=CARTESIAN_POINT('',(74.6999999999999,-40.73,0.));
#2161=CARTESIAN_POINT('Origin',(66.7,-40.73,1.2));
#2162=CARTESIAN_POINT('Origin',(74.6999999999999,-40.73,0.));
#2163=CARTESIAN_POINT('',(74.6999999999999,40.7300000000001,1.2));
#2164=CARTESIAN_POINT('',(74.6999999999999,40.7300000000001,0.));
#2165=CARTESIAN_POINT('',(74.6999999999999,-20.365,1.2));
#2166=CARTESIAN_POINT('Origin',(66.7,40.7300000000001,0.));
#2167=CARTESIAN_POINT('',(66.7,48.73,1.2));
#2168=CARTESIAN_POINT('',(66.7,48.73,0.));
#2169=CARTESIAN_POINT('Origin',(66.7,40.7300000000001,1.2));
#2170=CARTESIAN_POINT('Origin',(-4.44089209850063E-15,8.88178419700125E-15,
-11.7));
#2171=CARTESIAN_POINT('',(-66.8400000000343,-20.5,-11.7));
#2172=CARTESIAN_POINT('',(-51.85,-20.5,-11.7));
#2173=CARTESIAN_POINT('',(-35.1550000000191,-20.5,-11.7));
#2174=CARTESIAN_POINT('',(-46.85,-25.5,-11.7));
#2175=CARTESIAN_POINT('Origin',(-51.85,-25.5,-11.7));
#2176=CARTESIAN_POINT('',(-46.85,-37.4800000000344,-11.7));
#2177=CARTESIAN_POINT('',(-46.85,-12.75,-11.7));
#2178=CARTESIAN_POINT('',(46.85,-37.4800000000343,-11.7));
#2179=CARTESIAN_POINT('',(59.8999999999534,-37.4800000000343,-11.7));
#2180=CARTESIAN_POINT('',(46.85,-25.5,-11.7));
#2181=CARTESIAN_POINT('',(46.85,-18.7400000000171,-11.7));
#2182=CARTESIAN_POINT('',(51.85,-20.5,-11.7));
#2183=CARTESIAN_POINT('Origin',(51.85,-25.5,-11.7));
#2184=CARTESIAN_POINT('',(59.9000000000344,-20.5,-11.7));
#2185=CARTESIAN_POINT('',(24.1899999999981,-20.5,-11.7));
#2186=CARTESIAN_POINT('',(59.8999999999534,20.5,-11.7));
#2187=CARTESIAN_POINT('',(59.8999999999534,37.4800000000344,-11.7));
#2188=CARTESIAN_POINT('',(51.85,20.5,-11.7));
#2189=CARTESIAN_POINT('',(28.2149999999748,20.5,-11.7));
#2190=CARTESIAN_POINT('',(46.85,25.5,-11.7));
#2191=CARTESIAN_POINT('Origin',(51.85,25.5,-11.7));
#2192=CARTESIAN_POINT('',(46.85,37.4800000000344,-11.7));
#2193=CARTESIAN_POINT('',(46.85,12.75,-11.7));
#2194=CARTESIAN_POINT('',(-46.85,37.4800000000343,-11.7));
#2195=CARTESIAN_POINT('',(-64.8400000000565,37.4800000000343,-11.7));
#2196=CARTESIAN_POINT('',(-46.85,25.5,-11.7));
#2197=CARTESIAN_POINT('',(-46.85,18.7400000000172,-11.7));
#2198=CARTESIAN_POINT('',(-51.85,20.5,-11.7));
#2199=CARTESIAN_POINT('Origin',(-51.85,25.5,-11.7));
#2200=CARTESIAN_POINT('',(-66.8399999999748,20.5,-11.7));
#2201=CARTESIAN_POINT('',(-27.6600000000019,20.5,-11.7));
#2202=CARTESIAN_POINT('',(-66.8400000000419,-24.2500000000145,-11.7));
#2203=CARTESIAN_POINT('',(53.5,-25.5,-11.7));
#2204=CARTESIAN_POINT('Origin',(51.85,-25.5,-11.7));
#2205=CARTESIAN_POINT('',(-50.2,25.5,-11.7));
#2206=CARTESIAN_POINT('Origin',(-51.85,25.5,-11.7));
#2207=CARTESIAN_POINT('',(-50.2,-25.5,-11.7));
#2208=CARTESIAN_POINT('Origin',(-51.85,-25.5,-11.7));
#2209=CARTESIAN_POINT('',(53.5,25.5,-11.7));
#2210=CARTESIAN_POINT('Origin',(51.85,25.5,-11.7));
#2211=CARTESIAN_POINT('',(-66.9,41.855,-11.7));
#2212=CARTESIAN_POINT('Origin',(-65.,41.855,-11.7));
#2213=CARTESIAN_POINT('',(63.1,41.855,-11.7));
#2214=CARTESIAN_POINT('Origin',(65.,41.855,-11.7));
#2215=CARTESIAN_POINT('',(-66.9,-41.855,-11.7));
#2216=CARTESIAN_POINT('Origin',(-65.,-41.855,-11.7));
#2217=CARTESIAN_POINT('',(63.1,-41.8549999999999,-11.7));
#2218=CARTESIAN_POINT('Origin',(65.,-41.8549999999999,-11.7));
#2219=CARTESIAN_POINT('Origin',(-66.7,40.73,1.2));
#2220=CARTESIAN_POINT('',(-66.7,47.73,2.2));
#2221=CARTESIAN_POINT('',(-66.7,48.7299999999999,1.2));
#2222=CARTESIAN_POINT('Origin',(-66.7,47.73,1.2));
#2223=CARTESIAN_POINT('',(-74.7,40.73,1.2));
#2224=CARTESIAN_POINT('Origin',(-66.7,40.73,1.2));
#2225=CARTESIAN_POINT('',(-73.7,40.73,2.2));
#2226=CARTESIAN_POINT('Origin',(-73.7,40.73,1.2));
#2227=CARTESIAN_POINT('Origin',(-66.7,40.73,2.2));
#2228=CARTESIAN_POINT('Origin',(-73.6999999999999,20.365,1.2));
#2229=CARTESIAN_POINT('',(-74.6999999999999,-40.7300000000001,1.2));
#2230=CARTESIAN_POINT('',(-73.6999999999999,-40.7300000000001,2.2));
#2231=CARTESIAN_POINT('Origin',(-73.6999999999999,-40.7300000000001,1.2));
#2232=CARTESIAN_POINT('',(-73.6999999999999,20.365,2.2));
#2233=CARTESIAN_POINT('',(-74.6999999999999,20.365,1.2));
#2234=CARTESIAN_POINT('Origin',(-66.7,-40.7300000000001,1.2));
#2235=CARTESIAN_POINT('',(-66.7,-47.73,2.2));
#2236=CARTESIAN_POINT('Origin',(-66.7,-47.73,1.2));
#2237=CARTESIAN_POINT('Origin',(-66.7,-40.7300000000001,2.2));
#2238=CARTESIAN_POINT('Origin',(-66.7,-40.7300000000001,1.2));
#2239=CARTESIAN_POINT('Origin',(-33.35,-47.7299999999999,1.2));
#2240=CARTESIAN_POINT('',(66.7,-47.7299999999999,2.2));
#2241=CARTESIAN_POINT('Origin',(66.7,-47.7299999999999,1.2));
#2242=CARTESIAN_POINT('',(-33.35,-47.7299999999999,2.2));
#2243=CARTESIAN_POINT('Origin',(66.7,-40.73,1.2));
#2244=CARTESIAN_POINT('',(73.7,-40.73,2.2));
#2245=CARTESIAN_POINT('Origin',(73.7,-40.73,1.2));
#2246=CARTESIAN_POINT('Origin',(66.7,-40.73,2.2));
#2247=CARTESIAN_POINT('Origin',(73.6999999999999,-20.365,1.2));
#2248=CARTESIAN_POINT('',(73.6999999999999,40.7300000000001,2.2));
#2249=CARTESIAN_POINT('Origin',(73.6999999999999,40.7300000000001,1.2));
#2250=CARTESIAN_POINT('',(73.6999999999999,-20.365,2.2));
#2251=CARTESIAN_POINT('Origin',(66.7,40.7300000000001,1.2));
#2252=CARTESIAN_POINT('',(66.7,47.7300000000001,2.2));
#2253=CARTESIAN_POINT('Origin',(66.7,47.7300000000001,1.2));
#2254=CARTESIAN_POINT('Origin',(66.7,40.7300000000001,2.2));
#2255=CARTESIAN_POINT('Origin',(33.35,47.73,1.2));
#2256=CARTESIAN_POINT('',(33.35,47.73,2.2));
#2257=CARTESIAN_POINT('',(33.35,48.73,1.2));
#2258=CARTESIAN_POINT('Origin',(-66.7,-40.7300000000001,0.));
#2259=CARTESIAN_POINT('',(-74.6999999999999,-40.7300000000001,0.));
#2260=CARTESIAN_POINT('Origin',(-74.7,40.73,0.));
#2261=CARTESIAN_POINT('',(-74.7,40.73,0.));
#2262=CARTESIAN_POINT('Origin',(-66.7,40.73,0.));
#2263=CARTESIAN_POINT('',(-66.7,48.7299999999999,0.));
#2264=CARTESIAN_POINT('Origin',(-4.44089209850063E-15,8.88178419700125E-15,
2.2));
#2265=CARTESIAN_POINT('',(73.2,40.7300000000001,2.2));
#2266=CARTESIAN_POINT('',(66.7,47.2300000000001,2.2));
#2267=CARTESIAN_POINT('Origin',(66.7,40.7300000000001,2.2));
#2268=CARTESIAN_POINT('',(73.2,-40.73,2.2));
#2269=CARTESIAN_POINT('',(73.2,20.3650000000001,2.2));
#2270=CARTESIAN_POINT('',(66.7,-47.23,2.2));
#2271=CARTESIAN_POINT('Origin',(66.7,-40.73,2.2));
#2272=CARTESIAN_POINT('',(-66.7,-47.23,2.2));
#2273=CARTESIAN_POINT('',(33.35,-47.2299999999999,2.2));
#2274=CARTESIAN_POINT('',(-73.1999999999999,-40.7300000000001,2.2));
#2275=CARTESIAN_POINT('Origin',(-66.7,-40.7300000000001,2.2));
#2276=CARTESIAN_POINT('',(-73.2,40.73,2.2));
#2277=CARTESIAN_POINT('',(-73.2,-20.3650000000001,2.2));
#2278=CARTESIAN_POINT('',(-66.7,47.23,2.2));
#2279=CARTESIAN_POINT('Origin',(-66.7,40.73,2.2));
#2280=CARTESIAN_POINT('',(-33.35,47.23,2.2));
#2281=CARTESIAN_POINT('Origin',(66.7,40.7300000000001,1.2));
#2282=CARTESIAN_POINT('',(66.7,46.23,1.2));
#2283=CARTESIAN_POINT('Origin',(66.7,47.2300000000001,1.2));
#2284=CARTESIAN_POINT('',(72.2,40.7300000000001,1.2));
#2285=CARTESIAN_POINT('Origin',(66.7,40.7300000000001,1.2));
#2286=CARTESIAN_POINT('Origin',(73.2,40.7300000000001,1.2));
#2287=CARTESIAN_POINT('Origin',(73.2,20.3650000000001,1.2));
#2288=CARTESIAN_POINT('',(72.2,-40.73,1.2));
#2289=CARTESIAN_POINT('Origin',(73.2,-40.73,1.2));
#2290=CARTESIAN_POINT('',(72.2,20.3650000000001,1.2));
#2291=CARTESIAN_POINT('Origin',(66.7,-40.73,1.2));
#2292=CARTESIAN_POINT('',(66.7,-46.2299999999999,1.2));
#2293=CARTESIAN_POINT('Origin',(66.7,-47.23,1.2));
#2294=CARTESIAN_POINT('Origin',(66.7,-40.73,1.2));
#2295=CARTESIAN_POINT('Origin',(33.35,-47.2299999999999,1.2));
#2296=CARTESIAN_POINT('',(-66.7,-46.23,1.2));
#2297=CARTESIAN_POINT('Origin',(-66.7,-47.23,1.2));
#2298=CARTESIAN_POINT('',(33.35,-46.2299999999999,1.2));
#2299=CARTESIAN_POINT('Origin',(-66.7,-40.7300000000001,1.2));
#2300=CARTESIAN_POINT('',(-72.2,-40.7300000000001,1.2));
#2301=CARTESIAN_POINT('Origin',(-73.1999999999999,-40.7300000000001,1.2));
#2302=CARTESIAN_POINT('Origin',(-66.7,-40.7300000000001,1.2));
#2303=CARTESIAN_POINT('Origin',(-73.2,-20.3650000000001,1.2));
#2304=CARTESIAN_POINT('',(-72.2,40.73,1.2));
#2305=CARTESIAN_POINT('Origin',(-73.2,40.73,1.2));
#2306=CARTESIAN_POINT('',(-72.2,-20.3650000000001,1.2));
#2307=CARTESIAN_POINT('Origin',(-66.7,40.73,1.2));
#2308=CARTESIAN_POINT('',(-66.7,46.2299999999999,1.2));
#2309=CARTESIAN_POINT('Origin',(-66.7,47.23,1.2));
#2310=CARTESIAN_POINT('Origin',(-66.7,40.73,1.2));
#2311=CARTESIAN_POINT('Origin',(-33.35,47.23,1.2));
#2312=CARTESIAN_POINT('',(-33.35,46.23,1.2));
#2313=CARTESIAN_POINT('Origin',(66.7,-46.2299999999999,0.));
#2314=CARTESIAN_POINT('',(66.7,-46.2299999999999,0.));
#2315=CARTESIAN_POINT('',(66.7,-46.2299999999999,0.));
#2316=CARTESIAN_POINT('',(-66.7,-46.23,0.));
#2317=CARTESIAN_POINT('',(66.7,-46.2299999999999,0.));
#2318=CARTESIAN_POINT('',(-66.7,-46.23,0.));
#2319=CARTESIAN_POINT('Origin',(66.7,-40.73,0.));
#2320=CARTESIAN_POINT('',(72.2,-40.73,0.));
#2321=CARTESIAN_POINT('',(72.2,-40.73,0.));
#2322=CARTESIAN_POINT('Origin',(66.7,-40.73,0.));
#2323=CARTESIAN_POINT('Origin',(72.2,40.7300000000001,0.));
#2324=CARTESIAN_POINT('',(72.2,40.7300000000001,0.));
#2325=CARTESIAN_POINT('',(72.2,40.7300000000001,0.));
#2326=CARTESIAN_POINT('',(72.2,40.7300000000001,0.));
#2327=CARTESIAN_POINT('Origin',(66.7,40.7300000000001,0.));
#2328=CARTESIAN_POINT('',(66.7,46.23,0.));
#2329=CARTESIAN_POINT('',(66.7,46.23,0.));
#2330=CARTESIAN_POINT('Origin',(66.7,40.7300000000001,0.));
#2331=CARTESIAN_POINT('Origin',(65.,41.855,0.));
#2332=CARTESIAN_POINT('',(61.5,41.855,0.));
#2333=CARTESIAN_POINT('Origin',(65.,41.855,0.));
#2334=CARTESIAN_POINT('',(61.5,41.855,-9.2));
#2335=CARTESIAN_POINT('',(61.5,41.855,0.));
#2336=CARTESIAN_POINT('Origin',(65.,41.855,-9.2));
#2337=CARTESIAN_POINT('Origin',(3.99680288865056E-14,-8.88178419700125E-15,
-9.2));
#2338=CARTESIAN_POINT('',(63.1,41.855,-9.2));
#2339=CARTESIAN_POINT('Origin',(65.,41.855,-9.2));
#2340=CARTESIAN_POINT('Origin',(3.99680288865056E-14,-8.88178419700125E-15,
-9.2));
#2341=CARTESIAN_POINT('',(-68.5,-41.855,-9.2));
#2342=CARTESIAN_POINT('Origin',(-65.,-41.855,-9.2));
#2343=CARTESIAN_POINT('',(-66.9,-41.855,-9.2));
#2344=CARTESIAN_POINT('Origin',(-65.,-41.855,-9.2));
#2345=CARTESIAN_POINT('Origin',(-65.,-41.855,0.));
#2346=CARTESIAN_POINT('',(-68.5,-41.855,0.));
#2347=CARTESIAN_POINT('Origin',(-65.,-41.855,0.));
#2348=CARTESIAN_POINT('',(-68.5,-41.855,0.));
#2349=CARTESIAN_POINT('Origin',(-65.,41.855,0.));
#2350=CARTESIAN_POINT('',(-68.5,41.855,0.));
#2351=CARTESIAN_POINT('Origin',(-65.,41.855,0.));
#2352=CARTESIAN_POINT('',(-68.5,41.855,-9.2));
#2353=CARTESIAN_POINT('',(-68.5,41.855,0.));
#2354=CARTESIAN_POINT('Origin',(-65.,41.855,-9.2));
#2355=CARTESIAN_POINT('Origin',(3.99680288865056E-14,-8.88178419700125E-15,
-9.2));
#2356=CARTESIAN_POINT('',(-66.9,41.855,-9.2));
#2357=CARTESIAN_POINT('Origin',(-65.,41.855,-9.2));
#2358=CARTESIAN_POINT('Origin',(3.99680288865056E-14,-8.88178419700125E-15,
-9.2));
#2359=CARTESIAN_POINT('',(61.5,-41.8549999999999,-9.2));
#2360=CARTESIAN_POINT('Origin',(65.,-41.8549999999999,-9.2));
#2361=CARTESIAN_POINT('',(63.1,-41.8549999999999,-9.2));
#2362=CARTESIAN_POINT('Origin',(65.,-41.8549999999999,-9.2));
#2363=CARTESIAN_POINT('Origin',(65.,-41.8549999999999,0.));
#2364=CARTESIAN_POINT('',(61.5,-41.8549999999999,0.));
#2365=CARTESIAN_POINT('Origin',(65.,-41.8549999999999,0.));
#2366=CARTESIAN_POINT('',(61.5,-41.8549999999999,0.));
#2367=CARTESIAN_POINT('Origin',(65.,-41.8549999999999,0.));
#2368=CARTESIAN_POINT('',(63.1,-41.8549999999999,0.));
#2369=CARTESIAN_POINT('Origin',(-65.,-41.855,0.));
#2370=CARTESIAN_POINT('',(-66.9,-41.855,0.));
#2371=CARTESIAN_POINT('Origin',(65.,41.855,0.));
#2372=CARTESIAN_POINT('',(63.1,41.855,0.));
#2373=CARTESIAN_POINT('Origin',(-65.,41.855,0.));
#2374=CARTESIAN_POINT('',(-66.9,41.855,0.));
#2375=CARTESIAN_POINT('Origin',(53.3749999999767,28.9900000000172,-9.2));
#2376=CARTESIAN_POINT('',(59.8999999999534,20.5,-9.2));
#2377=CARTESIAN_POINT('',(51.85,20.5,-9.2));
#2378=CARTESIAN_POINT('',(56.6374999999651,20.5,-9.2));
#2379=CARTESIAN_POINT('',(59.8999999999534,37.4800000000344,-9.2));
#2380=CARTESIAN_POINT('',(59.8999999999534,-37.4800000000343,-9.2));
#2381=CARTESIAN_POINT('',(46.85,37.4800000000344,-9.2));
#2382=CARTESIAN_POINT('',(59.8999999999534,37.4800000000344,-9.2));
#2383=CARTESIAN_POINT('',(46.85,25.5,-9.2));
#2384=CARTESIAN_POINT('',(46.85,27.2450000000086,-9.2));
#2385=CARTESIAN_POINT('Origin',(51.85,25.5,-9.2));
#2386=CARTESIAN_POINT('',(53.5,25.5,-9.2));
#2387=CARTESIAN_POINT('Origin',(51.85,25.5,-9.2));
#2388=CARTESIAN_POINT('Origin',(53.3750000000172,-28.9900000000172,-9.2));
#2389=CARTESIAN_POINT('',(46.85,-37.4800000000343,-9.2));
#2390=CARTESIAN_POINT('',(46.85,-25.5,-9.2));
#2391=CARTESIAN_POINT('',(46.85,-33.2350000000257,-9.2));
#2392=CARTESIAN_POINT('',(59.8999999999534,-37.4800000000343,-9.2));
#2393=CARTESIAN_POINT('',(-64.8399999999837,-37.4800000000343,-9.2));
#2394=CARTESIAN_POINT('',(59.9000000000344,-20.5,-9.2));
#2395=CARTESIAN_POINT('',(59.8999999999534,-37.4800000000343,-9.2));
#2396=CARTESIAN_POINT('',(51.85,-20.5,-9.2));
#2397=CARTESIAN_POINT('',(52.6125000000086,-20.5,-9.2));
#2398=CARTESIAN_POINT('Origin',(51.85,-25.5,-9.2));
#2399=CARTESIAN_POINT('',(53.5,-25.5,-9.2));
#2400=CARTESIAN_POINT('Origin',(51.85,-25.5,-9.2));
#2401=CARTESIAN_POINT('Origin',(-64.8399999999837,24.2500000000146,0.));
#2402=CARTESIAN_POINT('',(-64.8399999999837,24.2500000000146,0.));
#2403=CARTESIAN_POINT('',(-64.8400000000565,37.4800000000343,0.));
#2404=CARTESIAN_POINT('',(-64.839999999917,12.124999999829,0.));
#2405=CARTESIAN_POINT('',(-64.8399999999837,24.2500000000146,-9.2));
#2406=CARTESIAN_POINT('',(-64.8399999999837,24.2500000000146,0.));
#2407=CARTESIAN_POINT('',(-64.8400000000565,37.4800000000343,-9.2));
#2408=CARTESIAN_POINT('',(-64.8400000000565,37.4800000000343,-9.2));
#2409=CARTESIAN_POINT('',(-64.8400000000565,37.4800000000343,0.));
#2410=CARTESIAN_POINT('Origin',(-66.8399999999692,24.2500000000146,0.));
#2411=CARTESIAN_POINT('',(-66.8399999999692,24.2500000000146,0.));
#2412=CARTESIAN_POINT('',(-33.4199999999846,24.2500000000146,0.));
#2413=CARTESIAN_POINT('',(-66.8399999999692,24.2500000000146,-9.2));
#2414=CARTESIAN_POINT('',(-66.8399999999692,24.2500000000146,0.));
#2415=CARTESIAN_POINT('',(-64.8399999999837,24.2500000000146,-9.2));
#2416=CARTESIAN_POINT('Origin',(-56.8449999999874,28.9900000000172,-9.2));
#2417=CARTESIAN_POINT('',(-66.8399999999748,20.5,-9.2));
#2418=CARTESIAN_POINT('',(-66.8399999999692,24.2500000000146,-9.2));
#2419=CARTESIAN_POINT('',(-51.85,20.5,-9.2));
#2420=CARTESIAN_POINT('',(-54.3474999999937,20.5,-9.2));
#2421=CARTESIAN_POINT('',(-46.85,25.5,-9.2));
#2422=CARTESIAN_POINT('Origin',(-51.85,25.5,-9.2));
#2423=CARTESIAN_POINT('',(-46.85,37.4800000000343,-9.2));
#2424=CARTESIAN_POINT('',(-46.85,33.2350000000257,-9.2));
#2425=CARTESIAN_POINT('',(59.8999999999534,37.4800000000344,-9.2));
#2426=CARTESIAN_POINT('',(-50.2,25.5,-9.2));
#2427=CARTESIAN_POINT('Origin',(-51.85,25.5,-9.2));
#2428=CARTESIAN_POINT('Origin',(-64.8400000000564,-24.2499999999418,0.));
#2429=CARTESIAN_POINT('',(-64.8400000000564,-24.2499999999418,0.));
#2430=CARTESIAN_POINT('',(-66.8400000000419,-24.2500000000145,0.));
#2431=CARTESIAN_POINT('',(-32.4199999995871,-24.2499999987624,0.));
#2432=CARTESIAN_POINT('',(-64.8400000000564,-24.2499999999418,-9.2));
#2433=CARTESIAN_POINT('',(-64.8400000000564,-24.2499999999418,0.));
#2434=CARTESIAN_POINT('',(-66.8400000000419,-24.2500000000145,-9.2));
#2435=CARTESIAN_POINT('',(-66.8400000000419,-24.2500000000145,-9.2));
#2436=CARTESIAN_POINT('',(-66.8400000000419,-24.2500000000145,0.));
#2437=CARTESIAN_POINT('Origin',(-64.8399999999837,-37.4800000000343,0.));
#2438=CARTESIAN_POINT('',(-64.8399999999837,-37.4800000000343,0.));
#2439=CARTESIAN_POINT('',(-64.8400000000868,-18.7400000001955,0.));
#2440=CARTESIAN_POINT('',(-64.8399999999837,-37.4800000000343,-9.2));
#2441=CARTESIAN_POINT('',(-64.8399999999837,-37.4800000000343,0.));
#2442=CARTESIAN_POINT('',(-64.8400000000564,-24.2499999999418,-9.2));
#2443=CARTESIAN_POINT('Origin',(-56.845000000021,-28.9900000000172,-9.2));
#2444=CARTESIAN_POINT('',(-46.85,-37.4800000000344,-9.2));
#2445=CARTESIAN_POINT('',(-64.8399999999837,-37.4800000000343,-9.2));
#2446=CARTESIAN_POINT('',(-46.85,-25.5,-9.2));
#2447=CARTESIAN_POINT('',(-46.85,-27.2450000000086,-9.2));
#2448=CARTESIAN_POINT('',(-51.85,-20.5,-9.2));
#2449=CARTESIAN_POINT('Origin',(-51.85,-25.5,-9.2));
#2450=CARTESIAN_POINT('',(-66.8400000000343,-20.5,-9.2));
#2451=CARTESIAN_POINT('',(-61.8425000000276,-20.5,-9.2));
#2452=CARTESIAN_POINT('',(-66.8399999999692,24.2500000000146,-9.2));
#2453=CARTESIAN_POINT('',(-50.2,-25.5,-9.2));
#2454=CARTESIAN_POINT('Origin',(-51.85,-25.5,-9.2));
#2455=CARTESIAN_POINT('Origin',(59.8999999999534,20.5,0.));
#2456=CARTESIAN_POINT('',(51.85,20.5,0.));
#2457=CARTESIAN_POINT('',(59.8999999999534,20.5,0.));
#2458=CARTESIAN_POINT('Origin',(46.85,-37.4800000000343,0.));
#2459=CARTESIAN_POINT('',(46.85,-25.5,0.));
#2460=CARTESIAN_POINT('',(46.85,-37.4800000000343,0.));
#2461=CARTESIAN_POINT('Origin',(-4.44089209850063E-15,8.88178419700125E-15,
0.));
#2462=CARTESIAN_POINT('',(-72.2,-40.7300000000001,0.));
#2463=CARTESIAN_POINT('',(-72.2,40.73,0.));
#2464=CARTESIAN_POINT('',(-72.2,-40.7300000000001,0.));
#2465=CARTESIAN_POINT('Origin',(-66.7,-40.7300000000001,0.));
#2466=CARTESIAN_POINT('',(-66.7,46.2299999999999,0.));
#2467=CARTESIAN_POINT('',(-66.7,46.2299999999999,0.));
#2468=CARTESIAN_POINT('Origin',(-66.7,40.73,0.));
#2469=CARTESIAN_POINT('',(59.8999999999534,37.4800000000344,0.));
#2470=CARTESIAN_POINT('',(23.425,37.4800000000343,0.));
#2471=CARTESIAN_POINT('',(59.8999999999534,-37.4800000000343,0.));
#2472=CARTESIAN_POINT('',(59.8999999999534,-10.25,0.));
#2473=CARTESIAN_POINT('',(-23.425,-37.4800000000343,0.));
#2474=CARTESIAN_POINT('',(-66.8399999999902,10.2500000000501,0.));
#2475=CARTESIAN_POINT('Origin',(-66.8400000000343,-20.5,0.));
#2476=CARTESIAN_POINT('',(-51.85,-20.5,0.));
#2477=CARTESIAN_POINT('',(-66.8400000000363,-20.5,0.));
#2478=CARTESIAN_POINT('Origin',(51.85,25.5,0.));
#2479=CARTESIAN_POINT('',(46.85,25.5,0.));
#2480=CARTESIAN_POINT('Origin',(51.85,25.5,0.));
#2481=CARTESIAN_POINT('',(53.5,25.5,0.));
#2482=CARTESIAN_POINT('Origin',(46.85,25.5,0.));
#2483=CARTESIAN_POINT('',(46.85,37.4800000000344,0.));
#2484=CARTESIAN_POINT('Origin',(-51.85,-25.5,0.));
#2485=CARTESIAN_POINT('',(-46.85,-25.5,0.));
#2486=CARTESIAN_POINT('Origin',(-51.85,-25.5,0.));
#2487=CARTESIAN_POINT('',(-50.2,-25.5,0.));
#2488=CARTESIAN_POINT('Origin',(-46.85,-25.5,0.));
#2489=CARTESIAN_POINT('',(-46.85,-37.4800000000343,0.));
#2490=CARTESIAN_POINT('Origin',(-51.85,20.5,0.));
#2491=CARTESIAN_POINT('',(-66.8399999999748,20.5,0.));
#2492=CARTESIAN_POINT('',(-51.85,20.5,0.));
#2493=CARTESIAN_POINT('Origin',(-51.85,25.5,0.));
#2494=CARTESIAN_POINT('',(-50.2,25.5,0.));
#2495=CARTESIAN_POINT('Origin',(-51.85,25.5,0.));
#2496=CARTESIAN_POINT('',(-46.85,25.5,0.));
#2497=CARTESIAN_POINT('Origin',(-46.85,37.4800000000343,0.));
#2498=CARTESIAN_POINT('',(-46.85,37.4800000000343,0.));
#2499=CARTESIAN_POINT('Origin',(51.85,-20.5,0.));
#2500=CARTESIAN_POINT('',(59.8999999999534,-20.5,0.));
#2501=CARTESIAN_POINT('',(51.85,-20.5,0.));
#2502=CARTESIAN_POINT('Origin',(51.85,-25.5,0.));
#2503=CARTESIAN_POINT('',(53.5,-25.5,0.));
#2504=CARTESIAN_POINT('Origin',(51.85,-25.5,0.));
#2505=CARTESIAN_POINT('Origin',(59.8999999999534,37.4800000000344,0.));
#2506=CARTESIAN_POINT('',(59.8999999999534,37.4800000000344,0.));
#2507=CARTESIAN_POINT('Origin',(-64.8399999999837,-37.4800000000343,0.));
#2508=CARTESIAN_POINT('',(59.8999999999534,-37.4800000000343,0.));
#2509=CARTESIAN_POINT('Origin',(-66.8399999999692,24.2500000000146,0.));
#2510=CARTESIAN_POINT('Origin',(59.8999999999534,-37.4800000000343,0.));
#2511=CARTESIAN_POINT('Origin',(-72.2,-40.7300000000001,0.));
#2512=CARTESIAN_POINT('',(-72.2,-40.7300000000001,0.));
#2513=CARTESIAN_POINT('',(-72.2,40.73,0.));
#2514=CARTESIAN_POINT('Origin',(-66.7,-40.7300000000001,0.));
#2515=CARTESIAN_POINT('Origin',(-66.7,46.2299999999999,0.));
#2516=CARTESIAN_POINT('',(-66.7,46.2299999999999,0.));
#2517=CARTESIAN_POINT('Origin',(-66.7,40.73,0.));
#2518=CARTESIAN_POINT('Origin',(66.7,48.73,0.));
#2519=UNCERTAINTY_MEASURE_WITH_UNIT(LENGTH_MEASURE(0.01),#2523,
'DISTANCE_ACCURACY_VALUE',
'Maximum model space distance between geometric entities at asserted c
onnectivities');
#2520=UNCERTAINTY_MEASURE_WITH_UNIT(LENGTH_MEASURE(0.01),#2523,
'DISTANCE_ACCURACY_VALUE',
'Maximum model space distance between geometric entities at asserted c
onnectivities');
#2521=(
GEOMETRIC_REPRESENTATION_CONTEXT(3)
GLOBAL_UNCERTAINTY_ASSIGNED_CONTEXT((#2519))
GLOBAL_UNIT_ASSIGNED_CONTEXT((#2523,#2525,#2526))
REPRESENTATION_CONTEXT('','3D')
);
#2522=(
GEOMETRIC_REPRESENTATION_CONTEXT(3)
GLOBAL_UNCERTAINTY_ASSIGNED_CONTEXT((#2520))
GLOBAL_UNIT_ASSIGNED_CONTEXT((#2523,#2525,#2526))
REPRESENTATION_CONTEXT('','3D')
);
#2523=(
LENGTH_UNIT()
NAMED_UNIT(*)
SI_UNIT(.MILLI.,.METRE.)
);
#2524=(
LENGTH_UNIT()
NAMED_UNIT(*)
SI_UNIT(.CENTI.,.METRE.)
);
#2525=(
NAMED_UNIT(*)
PLANE_ANGLE_UNIT()
SI_UNIT($,.RADIAN.)
);
#2526=(
NAMED_UNIT(*)
SI_UNIT($,.STERADIAN.)
SOLID_ANGLE_UNIT()
);
#2527=SHAPE_DEFINITION_REPRESENTATION(#2528,#2529);
#2528=PRODUCT_DEFINITION_SHAPE('',$,#2531);
#2529=SHAPE_REPRESENTATION('',(#1479),#2521);
#2530=PRODUCT_DEFINITION_CONTEXT('part definition',#2535,'design');
#2531=PRODUCT_DEFINITION('Basis_5','Basis_5',#2532,#2530);
#2532=PRODUCT_DEFINITION_FORMATION('',$,#2537);
#2533=PRODUCT_RELATED_PRODUCT_CATEGORY('Basis_5','Basis_5',(#2537));
#2534=APPLICATION_PROTOCOL_DEFINITION('international standard',
'automotive_design',2009,#2535);
#2535=APPLICATION_CONTEXT(
'Core Data for Automotive Mechanical Design Process');
#2536=PRODUCT_CONTEXT('part definition',#2535,'mechanical');
#2537=PRODUCT('Basis_5','Basis_5',$,(#2536));
#2538=PRESENTATION_STYLE_ASSIGNMENT((#2539));
#2539=SURFACE_STYLE_USAGE(.BOTH.,#2542);
#2540=SURFACE_STYLE_RENDERING_WITH_PROPERTIES($,#2546,(#2541));
#2541=SURFACE_STYLE_TRANSPARENT(0.);
#2542=SURFACE_SIDE_STYLE('',(#2543,#2540));
#2543=SURFACE_STYLE_FILL_AREA(#2544);
#2544=FILL_AREA_STYLE('',(#2545));
#2545=FILL_AREA_STYLE_COLOUR('',#2546);
#2546=COLOUR_RGB('',0.250980392156863,0.250980392156863,0.250980392156863);
ENDSEC;
END-ISO-10303-21;
