ISO-10303-21;
HEADER;
/* Generated by software containing ST-Developer
 * from STEP Tools, Inc. (www.steptools.com) 
 */

FILE_DESCRIPTION(
/* description */ (''),
/* implementation_level */ '2;1');

FILE_NAME(
/* name */ 'Seitenhalterung_5.stp',
/* time_stamp */ '2026-07-14T10:23:23+02:00',
/* author */ ('PascalHelfenstein'),
/* organization */ (''),
/* preprocessor_version */ 'ST-DEVELOPER v20.1',
/* originating_system */ 'Autodesk Inventor 2027',
/* authorisation */ '');

FILE_SCHEMA (('AUTOMOTIVE_DESIGN { 1 0 10303 214 3 1 1 }'));
ENDSEC;

DATA;
#10=MECHANICAL_DESIGN_GEOMETRIC_PRESENTATION_REPRESENTATION('',(#13),#7827);
#11=SHAPE_REPRESENTATION_RELATIONSHIP('SRR','None',#7834,#12);
#12=ADVANCED_BREP_SHAPE_REPRESENTATION('',(#14),#7826);
#13=STYLED_ITEM('',(#7843),#14);
#14=MANIFOLD_SOLID_BREP('Volumenk\X\F6rper1',#3823);
#15=FACE_BOUND('',#1119,.T.);
#16=FACE_BOUND('',#1120,.T.);
#17=FACE_BOUND('',#1183,.T.);
#18=FACE_BOUND('',#1184,.T.);
#19=SPHERICAL_SURFACE('',#4073,1.);
#20=SPHERICAL_SURFACE('',#4080,1.);
#21=SPHERICAL_SURFACE('',#4248,1.);
#22=SPHERICAL_SURFACE('',#4253,1.);
#23=SPHERICAL_SURFACE('',#4260,1.);
#24=SPHERICAL_SURFACE('',#4275,1.);
#25=CONICAL_SURFACE('',#3977,2.5,0.785398163397421);
#26=CONICAL_SURFACE('',#4298,2.5,0.785398163397459);
#27=CONICAL_SURFACE('',#4305,2.5,0.785398163397448);
#28=CONICAL_SURFACE('',#4310,2.5,0.785398163397447);
#29=ELLIPSE('',#3892,1.41421356237311,1.);
#30=ELLIPSE('',#3902,2.47487373415292,1.75);
#31=ELLIPSE('',#3903,2.47487373415292,1.75);
#32=ELLIPSE('',#3907,1.4142135623731,1.);
#33=ELLIPSE('',#3910,1.41421356237309,1.);
#34=ELLIPSE('',#3953,1.41421356237309,1.);
#35=ELLIPSE('',#3956,1.4142135623731,1.);
#36=ELLIPSE('',#3963,1.4142135623731,1.);
#37=ELLIPSE('',#3997,1.06066017177982,0.75);
#38=ELLIPSE('',#3999,2.01556443707464,1.);
#39=ELLIPSE('',#4003,2.01556443707464,1.);
#40=ELLIPSE('',#4005,1.06066017177982,0.75);
#41=ELLIPSE('',#4105,1.4142135623731,1.);
#42=ELLIPSE('',#4107,1.4142135623731,1.);
#43=ELLIPSE('',#4112,1.4142135623731,1.);
#44=ELLIPSE('',#4114,1.41421356237309,1.);
#45=ELLIPSE('',#4134,1.4142135623731,1.);
#46=ELLIPSE('',#4137,1.4142135623731,1.);
#47=ELLIPSE('',#4145,1.4142135623731,1.);
#48=ELLIPSE('',#4148,1.4142135623731,1.);
#49=ELLIPSE('',#4156,2.23606797749979,1.);
#50=ELLIPSE('',#4157,2.23606797749979,1.);
#51=ELLIPSE('',#4160,2.23606797749979,1.);
#52=ELLIPSE('',#4161,2.23606797749981,1.);
#53=ELLIPSE('',#4164,1.0823922002924,1.);
#54=ELLIPSE('',#4179,1.0823922002924,1.);
#55=ELLIPSE('',#4186,1.08239220029239,1.);
#56=ELLIPSE('',#4222,1.41421356237309,1.);
#57=ELLIPSE('',#4236,1.4142135623731,1.);
#58=ELLIPSE('',#4267,1.08239220029239,1.);
#59=ELLIPSE('',#4303,2.82842712474619,2.);
#60=PLANE('',#3884);
#61=PLANE('',#3887);
#62=PLANE('',#3893);
#63=PLANE('',#3898);
#64=PLANE('',#3901);
#65=PLANE('',#3908);
#66=PLANE('',#3911);
#67=PLANE('',#3951);
#68=PLANE('',#3954);
#69=PLANE('',#3959);
#70=PLANE('',#3964);
#71=PLANE('',#3970);
#72=PLANE('',#4018);
#73=PLANE('',#4023);
#74=PLANE('',#4030);
#75=PLANE('',#4043);
#76=PLANE('',#4052);
#77=PLANE('',#4060);
#78=PLANE('',#4064);
#79=PLANE('',#4082);
#80=PLANE('',#4085);
#81=PLANE('',#4097);
#82=PLANE('',#4109);
#83=PLANE('',#4110);
#84=PLANE('',#4116);
#85=PLANE('',#4123);
#86=PLANE('',#4129);
#87=PLANE('',#4142);
#88=PLANE('',#4154);
#89=PLANE('',#4162);
#90=PLANE('',#4182);
#91=PLANE('',#4201);
#92=PLANE('',#4211);
#93=PLANE('',#4214);
#94=PLANE('',#4232);
#95=PLANE('',#4233);
#96=PLANE('',#4243);
#97=PLANE('',#4245);
#98=PLANE('',#4247);
#99=PLANE('',#4291);
#100=PLANE('',#4292);
#101=PLANE('',#4293);
#102=PLANE('',#4295);
#103=PLANE('',#4296);
#104=PLANE('',#4297);
#105=PLANE('',#4315);
#106=PLANE('',#4316);
#107=PLANE('',#4317);
#108=PLANE('',#4318);
#109=PLANE('',#4319);
#110=PLANE('',#4320);
#111=PLANE('',#4321);
#112=PLANE('',#4322);
#113=PLANE('',#4323);
#114=(
BOUNDED_SURFACE()
B_SPLINE_SURFACE(2,2,((#5682,#5683,#5684),(#5685,#5686,#5687),(#5688,#5689,
#5690)),.UNSPECIFIED.,.F.,.F.,.F.)
B_SPLINE_SURFACE_WITH_KNOTS((3,3),(3,3),(-1.5707963267949,1.85612749847069E-15),
(-1.5707963267949,3.69318230849317E-14),.UNSPECIFIED.)
GEOMETRIC_REPRESENTATION_ITEM()
RATIONAL_B_SPLINE_SURFACE(((1.,0.707106781186534,1.),(0.707106781186546,
0.499999999999989,0.707106781186546),(1.,0.707106781186534,1.)))
REPRESENTATION_ITEM('')
SURFACE()
);
#115=(
BOUNDED_SURFACE()
B_SPLINE_SURFACE(2,2,((#5726,#5727,#5728),(#5729,#5730,#5731),(#5732,#5733,
#5734)),.UNSPECIFIED.,.F.,.F.,.F.)
B_SPLINE_SURFACE_WITH_KNOTS((3,3),(3,3),(-1.5707963267949,1.38777878078145E-14),
(-1.40016594507265E-15,1.5707963267949),.UNSPECIFIED.)
GEOMETRIC_REPRESENTATION_ITEM()
RATIONAL_B_SPLINE_SURFACE(((1.,0.707106781186546,1.),(0.707106781186549,
0.5,0.707106781186549),(1.,0.707106781186546,1.)))
REPRESENTATION_ITEM('')
SURFACE()
);
#116=(
BOUNDED_SURFACE()
B_SPLINE_SURFACE(2,2,((#6103,#6104,#6105),(#6106,#6107,#6108),(#6109,#6110,
#6111)),.UNSPECIFIED.,.F.,.F.,.F.)
B_SPLINE_SURFACE_WITH_KNOTS((3,3),(3,3),(-1.5707963267949,3.50227561170928E-15),
(1.5707963267949,3.14159265358992),.UNSPECIFIED.)
GEOMETRIC_REPRESENTATION_ITEM()
RATIONAL_B_SPLINE_SURFACE(((1.,0.707106781186503,1.),(0.707106781186531,
0.499999999999957,0.707106781186531),(1.,0.707106781186503,1.)))
REPRESENTATION_ITEM('')
SURFACE()
);
#117=(
BOUNDED_SURFACE()
B_SPLINE_SURFACE(2,2,((#6141,#6142,#6143),(#6144,#6145,#6146),(#6147,#6148,
#6149)),.UNSPECIFIED.,.F.,.F.,.F.)
B_SPLINE_SURFACE_WITH_KNOTS((3,3),(3,3),(-1.5707963267949,1.86073800124674E-15),
(-3.14159265358979,-1.5707963267949),.UNSPECIFIED.)
GEOMETRIC_REPRESENTATION_ITEM()
RATIONAL_B_SPLINE_SURFACE(((1.,0.707106781186547,1.),(0.707106781186546,
0.499999999999999,0.707106781186546),(1.,0.707106781186547,1.)))
REPRESENTATION_ITEM('')
SURFACE()
);
#118=(
BOUNDED_SURFACE()
B_SPLINE_SURFACE(2,2,((#6711,#6712,#6713,#6714,#6715),(#6716,#6717,#6718,
#6719,#6720),(#6721,#6722,#6723,#6724,#6725)),.UNSPECIFIED.,.F.,.F.,.F.)
B_SPLINE_SURFACE_WITH_KNOTS((3,3),(3,2,3),(-1.5707963267949,7.40148683083438E-16),
(-1.5707963267949,-0.39269908169872,0.785398163397456),.UNSPECIFIED.)
GEOMETRIC_REPRESENTATION_ITEM()
RATIONAL_B_SPLINE_SURFACE(((1.,0.831469612302544,1.,0.831469612302544,1.),
(0.707106781186539,0.587937801209672,0.707106781186539,0.587937801209672,
0.707106781186539),(1.,0.831469612302544,1.,0.831469612302544,1.)))
REPRESENTATION_ITEM('')
SURFACE()
);
#119=(
BOUNDED_SURFACE()
B_SPLINE_SURFACE(2,2,((#6950,#6951,#6952,#6953,#6954),(#6955,#6956,#6957,
#6958,#6959),(#6960,#6961,#6962,#6963,#6964)),.UNSPECIFIED.,.F.,.F.,.F.)
B_SPLINE_SURFACE_WITH_KNOTS((3,3),(3,2,3),(-1.5707963267949,0.),(-1.17809724509618,
-2.22044604925031E-16,1.17809724509617),.UNSPECIFIED.)
GEOMETRIC_REPRESENTATION_ITEM()
RATIONAL_B_SPLINE_SURFACE(((1.,0.831469612302544,1.,0.831469612302544,1.),
(0.707106781186558,0.587937801209688,0.707106781186558,0.587937801209688,
0.707106781186558),(1.,0.831469612302544,1.,0.831469612302544,1.)))
REPRESENTATION_ITEM('')
SURFACE()
);
#120=TOROIDAL_SURFACE('',#3850,2.6,0.9);
#121=TOROIDAL_SURFACE('',#3861,1.65,0.9);
#122=TOROIDAL_SURFACE('',#3867,1.65,0.9);
#123=TOROIDAL_SURFACE('',#3878,2.6,0.9);
#124=TOROIDAL_SURFACE('',#3916,2.6,0.9);
#125=TOROIDAL_SURFACE('',#3927,1.65,0.9);
#126=TOROIDAL_SURFACE('',#3933,1.65,0.9);
#127=TOROIDAL_SURFACE('',#3944,2.6,0.9);
#128=TOROIDAL_SURFACE('',#3971,2.75,0.75);
#129=TOROIDAL_SURFACE('',#3981,1.75,0.75);
#130=TOROIDAL_SURFACE('',#3986,1.75,0.75);
#131=TOROIDAL_SURFACE('',#3988,1.75,0.75);
#132=TOROIDAL_SURFACE('',#3993,1.75,0.75);
#133=TOROIDAL_SURFACE('',#4012,1.75,0.75);
#134=TOROIDAL_SURFACE('',#4016,1.75,0.75);
#135=TOROIDAL_SURFACE('',#4039,2.,1.);
#136=TOROIDAL_SURFACE('',#4049,2.,1.);
#137=TOROIDAL_SURFACE('',#4070,2.,1.);
#138=TOROIDAL_SURFACE('',#4103,2.5,1.);
#139=TOROIDAL_SURFACE('',#4120,2.,1.);
#140=TOROIDAL_SURFACE('',#4124,2.,1.);
#141=TOROIDAL_SURFACE('',#4130,2.,1.);
#142=TOROIDAL_SURFACE('',#4139,2.5,1.);
#143=TOROIDAL_SURFACE('',#4149,2.,1.);
#144=TOROIDAL_SURFACE('',#4168,2.,1.);
#145=TOROIDAL_SURFACE('',#4174,2.,1.);
#146=TOROIDAL_SURFACE('',#4188,2.,1.);
#147=TOROIDAL_SURFACE('',#4193,2.,1.);
#148=TOROIDAL_SURFACE('',#4198,2.,0.999999999999999);
#149=TOROIDAL_SURFACE('',#4203,2.5,1.);
#150=TOROIDAL_SURFACE('',#4208,2.5,1.);
#151=TOROIDAL_SURFACE('',#4216,2.5,1.);
#152=TOROIDAL_SURFACE('',#4217,2.5,1.);
#153=TOROIDAL_SURFACE('',#4225,2.5,1.);
#154=TOROIDAL_SURFACE('',#4227,5.,1.);
#155=TOROIDAL_SURFACE('',#4237,2.5,1.);
#156=TOROIDAL_SURFACE('',#4241,5.,1.);
#157=TOROIDAL_SURFACE('',#4257,2.,1.);
#158=TOROIDAL_SURFACE('',#4268,4.5,1.);
#159=TOROIDAL_SURFACE('',#4272,2.,0.999999999999998);
#160=TOROIDAL_SURFACE('',#4281,4.5,1.);
#161=LINE('',#5623,#409);
#162=LINE('',#5624,#410);
#163=LINE('',#5680,#411);
#164=LINE('',#5681,#412);
#165=LINE('',#5700,#413);
#166=LINE('',#5701,#414);
#167=LINE('',#5712,#415);
#168=LINE('',#5713,#416);
#169=LINE('',#5724,#417);
#170=LINE('',#5725,#418);
#171=LINE('',#5744,#419);
#172=LINE('',#5745,#420);
#173=LINE('',#5805,#421);
#174=LINE('',#5806,#422);
#175=LINE('',#5809,#423);
#176=LINE('',#5811,#424);
#177=LINE('',#5813,#425);
#178=LINE('',#5822,#426);
#179=LINE('',#5826,#427);
#180=LINE('',#5828,#428);
#181=LINE('',#5832,#429);
#182=LINE('',#5834,#430);
#183=LINE('',#5836,#431);
#184=LINE('',#5840,#432);
#185=LINE('',#5844,#433);
#186=LINE('',#5848,#434);
#187=LINE('',#5852,#435);
#188=LINE('',#5856,#436);
#189=LINE('',#5858,#437);
#190=LINE('',#5860,#438);
#191=LINE('',#5862,#439);
#192=LINE('',#5864,#440);
#193=LINE('',#5865,#441);
#194=LINE('',#5868,#442);
#195=LINE('',#5872,#443);
#196=LINE('',#5873,#444);
#197=LINE('',#5876,#445);
#198=LINE('',#5880,#446);
#199=LINE('',#5882,#447);
#200=LINE('',#5884,#448);
#201=LINE('',#5888,#449);
#202=LINE('',#5892,#450);
#203=LINE('',#5894,#451);
#204=LINE('',#5896,#452);
#205=LINE('',#5898,#453);
#206=LINE('',#5900,#454);
#207=LINE('',#5904,#455);
#208=LINE('',#5908,#456);
#209=LINE('',#5912,#457);
#210=LINE('',#5913,#458);
#211=LINE('',#5916,#459);
#212=LINE('',#5927,#460);
#213=LINE('',#5928,#461);
#214=LINE('',#6038,#462);
#215=LINE('',#6052,#463);
#216=LINE('',#6101,#464);
#217=LINE('',#6102,#465);
#218=LINE('',#6119,#466);
#219=LINE('',#6130,#467);
#220=LINE('',#6131,#468);
#221=LINE('',#6140,#469);
#222=LINE('',#6159,#470);
#223=LINE('',#6160,#471);
#224=LINE('',#6209,#472);
#225=LINE('',#6210,#473);
#226=LINE('',#6292,#474);
#227=LINE('',#6294,#475);
#228=LINE('',#6296,#476);
#229=LINE('',#6304,#477);
#230=LINE('',#6308,#478);
#231=LINE('',#6309,#479);
#232=LINE('',#6314,#480);
#233=LINE('',#6318,#481);
#234=LINE('',#6319,#482);
#235=LINE('',#6324,#483);
#236=LINE('',#6328,#484);
#237=LINE('',#6332,#485);
#238=LINE('',#6336,#486);
#239=LINE('',#6338,#487);
#240=LINE('',#6340,#488);
#241=LINE('',#6343,#489);
#242=LINE('',#6346,#490);
#243=LINE('',#6357,#491);
#244=LINE('',#6358,#492);
#245=LINE('',#6372,#493);
#246=LINE('',#6375,#494);
#247=LINE('',#6384,#495);
#248=LINE('',#6394,#496);
#249=LINE('',#6401,#497);
#250=LINE('',#6434,#498);
#251=LINE('',#6465,#499);
#252=LINE('',#6469,#500);
#253=LINE('',#6472,#501);
#254=LINE('',#6475,#502);
#255=LINE('',#6478,#503);
#256=LINE('',#6494,#504);
#257=LINE('',#6521,#505);
#258=LINE('',#6533,#506);
#259=LINE('',#6536,#507);
#260=LINE('',#6538,#508);
#261=LINE('',#6542,#509);
#262=LINE('',#6546,#510);
#263=LINE('',#6548,#511);
#264=LINE('',#6550,#512);
#265=LINE('',#6552,#513);
#266=LINE('',#6556,#514);
#267=LINE('',#6558,#515);
#268=LINE('',#6562,#516);
#269=LINE('',#6564,#517);
#270=LINE('',#6568,#518);
#271=LINE('',#6572,#519);
#272=LINE('',#6587,#520);
#273=LINE('',#6589,#521);
#274=LINE('',#6591,#522);
#275=LINE('',#6593,#523);
#276=LINE('',#6595,#524);
#277=LINE('',#6599,#525);
#278=LINE('',#6604,#526);
#279=LINE('',#6709,#527);
#280=LINE('',#6710,#528);
#281=LINE('',#6735,#529);
#282=LINE('',#6736,#530);
#283=LINE('',#6823,#531);
#284=LINE('',#6827,#532);
#285=LINE('',#6831,#533);
#286=LINE('',#6833,#534);
#287=LINE('',#6835,#535);
#288=LINE('',#6837,#536);
#289=LINE('',#6838,#537);
#290=LINE('',#6842,#538);
#291=LINE('',#6844,#539);
#292=LINE('',#6848,#540);
#293=LINE('',#6850,#541);
#294=LINE('',#6854,#542);
#295=LINE('',#6856,#543);
#296=LINE('',#6858,#544);
#297=LINE('',#6859,#545);
#298=LINE('',#6867,#546);
#299=LINE('',#6949,#547);
#300=LINE('',#6971,#548);
#301=LINE('',#7046,#549);
#302=LINE('',#7048,#550);
#303=LINE('',#7052,#551);
#304=LINE('',#7055,#552);
#305=LINE('',#7104,#553);
#306=LINE('',#7106,#554);
#307=LINE('',#7120,#555);
#308=LINE('',#7121,#556);
#309=LINE('',#7126,#557);
#310=LINE('',#7127,#558);
#311=LINE('',#7131,#559);
#312=LINE('',#7133,#560);
#313=LINE('',#7142,#561);
#314=LINE('',#7151,#562);
#315=LINE('',#7155,#563);
#316=LINE('',#7159,#564);
#317=LINE('',#7170,#565);
#318=LINE('',#7181,#566);
#319=LINE('',#7185,#567);
#320=LINE('',#7189,#568);
#321=LINE('',#7198,#569);
#322=LINE('',#7206,#570);
#323=LINE('',#7213,#571);
#324=LINE('',#7216,#572);
#325=LINE('',#7219,#573);
#326=LINE('',#7223,#574);
#327=LINE('',#7227,#575);
#328=LINE('',#7232,#576);
#329=LINE('',#7234,#577);
#330=LINE('',#7236,#578);
#331=LINE('',#7241,#579);
#332=LINE('',#7242,#580);
#333=LINE('',#7244,#581);
#334=LINE('',#7247,#582);
#335=LINE('',#7248,#583);
#336=LINE('',#7259,#584);
#337=LINE('',#7260,#585);
#338=LINE('',#7262,#586);
#339=LINE('',#7266,#587);
#340=LINE('',#7268,#588);
#341=LINE('',#7270,#589);
#342=LINE('',#7273,#590);
#343=LINE('',#7274,#591);
#344=LINE('',#7436,#592);
#345=LINE('',#7439,#593);
#346=LINE('',#7474,#594);
#347=LINE('',#7476,#595);
#348=LINE('',#7477,#596);
#349=LINE('',#7482,#597);
#350=LINE('',#7497,#598);
#351=LINE('',#7518,#599);
#352=LINE('',#7520,#600);
#353=LINE('',#7524,#601);
#354=LINE('',#7554,#602);
#355=LINE('',#7558,#603);
#356=LINE('',#7561,#604);
#357=LINE('',#7565,#605);
#358=LINE('',#7567,#606);
#359=LINE('',#7568,#607);
#360=LINE('',#7578,#608);
#361=LINE('',#7581,#609);
#362=LINE('',#7588,#610);
#363=LINE('',#7590,#611);
#364=LINE('',#7604,#612);
#365=LINE('',#7608,#613);
#366=LINE('',#7611,#614);
#367=LINE('',#7612,#615);
#368=LINE('',#7614,#616);
#369=LINE('',#7625,#617);
#370=LINE('',#7629,#618);
#371=LINE('',#7633,#619);
#372=LINE('',#7635,#620);
#373=LINE('',#7654,#621);
#374=LINE('',#7656,#622);
#375=LINE('',#7659,#623);
#376=LINE('',#7662,#624);
#377=LINE('',#7663,#625);
#378=LINE('',#7665,#626);
#379=LINE('',#7670,#627);
#380=LINE('',#7676,#628);
#381=LINE('',#7692,#629);
#382=LINE('',#7694,#630);
#383=LINE('',#7696,#631);
#384=LINE('',#7706,#632);
#385=LINE('',#7712,#633);
#386=LINE('',#7724,#634);
#387=LINE('',#7727,#635);
#388=LINE('',#7735,#636);
#389=LINE('',#7749,#637);
#390=LINE('',#7755,#638);
#391=LINE('',#7757,#639);
#392=LINE('',#7759,#640);
#393=LINE('',#7760,#641);
#394=LINE('',#7762,#642);
#395=LINE('',#7763,#643);
#396=LINE('',#7766,#644);
#397=LINE('',#7767,#645);
#398=LINE('',#7769,#646);
#399=LINE('',#7774,#647);
#400=LINE('',#7775,#648);
#401=LINE('',#7779,#649);
#402=LINE('',#7782,#650);
#403=LINE('',#7788,#651);
#404=LINE('',#7796,#652);
#405=LINE('',#7802,#653);
#406=LINE('',#7806,#654);
#407=LINE('',#7812,#655);
#408=LINE('',#7818,#656);
#409=VECTOR('',#4332,10.);
#410=VECTOR('',#4333,10.);
#411=VECTOR('',#4348,10.);
#412=VECTOR('',#4349,10.);
#413=VECTOR('',#4360,10.);
#414=VECTOR('',#4361,10.);
#415=VECTOR('',#4374,10.);
#416=VECTOR('',#4375,10.);
#417=VECTOR('',#4388,10.);
#418=VECTOR('',#4389,10.);
#419=VECTOR('',#4400,10.);
#420=VECTOR('',#4401,10.);
#421=VECTOR('',#4414,10.);
#422=VECTOR('',#4415,10.);
#423=VECTOR('',#4418,10.);
#424=VECTOR('',#4419,1.);
#425=VECTOR('',#4420,10.);
#426=VECTOR('',#4423,10.);
#427=VECTOR('',#4428,10.);
#428=VECTOR('',#4429,10.);
#429=VECTOR('',#4432,10.);
#430=VECTOR('',#4433,10.);
#431=VECTOR('',#4434,10.);
#432=VECTOR('',#4437,10.);
#433=VECTOR('',#4442,10.);
#434=VECTOR('',#4447,10.);
#435=VECTOR('',#4450,10.);
#436=VECTOR('',#4453,10.);
#437=VECTOR('',#4454,10.);
#438=VECTOR('',#4455,10.);
#439=VECTOR('',#4456,10.);
#440=VECTOR('',#4457,10.);
#441=VECTOR('',#4458,10.);
#442=VECTOR('',#4461,10.);
#443=VECTOR('',#4466,10.);
#444=VECTOR('',#4467,10.);
#445=VECTOR('',#4470,10.);
#446=VECTOR('',#4475,10.);
#447=VECTOR('',#4476,10.);
#448=VECTOR('',#4477,10.);
#449=VECTOR('',#4480,10.);
#450=VECTOR('',#4483,10.);
#451=VECTOR('',#4484,10.);
#452=VECTOR('',#4485,10.);
#453=VECTOR('',#4486,10.);
#454=VECTOR('',#4487,10.);
#455=VECTOR('',#4490,10.);
#456=VECTOR('',#4495,10.);
#457=VECTOR('',#4500,10.);
#458=VECTOR('',#4501,10.);
#459=VECTOR('',#4504,10.);
#460=VECTOR('',#4509,10.);
#461=VECTOR('',#4510,10.);
#462=VECTOR('',#4517,10.);
#463=VECTOR('',#4518,10.);
#464=VECTOR('',#4533,10.);
#465=VECTOR('',#4534,10.);
#466=VECTOR('',#4545,10.);
#467=VECTOR('',#4558,10.);
#468=VECTOR('',#4559,10.);
#469=VECTOR('',#4572,10.);
#470=VECTOR('',#4583,10.);
#471=VECTOR('',#4584,10.);
#472=VECTOR('',#4599,10.);
#473=VECTOR('',#4600,10.);
#474=VECTOR('',#4603,10.);
#475=VECTOR('',#4604,10.);
#476=VECTOR('',#4605,10.);
#477=VECTOR('',#4608,10.);
#478=VECTOR('',#4613,10.);
#479=VECTOR('',#4614,10.);
#480=VECTOR('',#4621,10.);
#481=VECTOR('',#4626,10.);
#482=VECTOR('',#4627,10.);
#483=VECTOR('',#4634,10.);
#484=VECTOR('',#4639,10.);
#485=VECTOR('',#4642,10.);
#486=VECTOR('',#4645,10.);
#487=VECTOR('',#4646,10.);
#488=VECTOR('',#4647,10.);
#489=VECTOR('',#4650,10.);
#490=VECTOR('',#4653,10.);
#491=VECTOR('',#4658,10.);
#492=VECTOR('',#4659,1.);
#493=VECTOR('',#4676,2.5);
#494=VECTOR('',#4679,2.);
#495=VECTOR('',#4692,10.);
#496=VECTOR('',#4707,10.);
#497=VECTOR('',#4716,10.);
#498=VECTOR('',#4727,10.);
#499=VECTOR('',#4734,10.);
#500=VECTOR('',#4739,10.);
#501=VECTOR('',#4742,10.);
#502=VECTOR('',#4745,10.);
#503=VECTOR('',#4748,10.);
#504=VECTOR('',#4751,10.);
#505=VECTOR('',#4762,10.);
#506=VECTOR('',#4771,10.);
#507=VECTOR('',#4774,10.);
#508=VECTOR('',#4775,10.);
#509=VECTOR('',#4778,10.);
#510=VECTOR('',#4783,10.);
#511=VECTOR('',#4784,10.);
#512=VECTOR('',#4785,10.);
#513=VECTOR('',#4786,10.);
#514=VECTOR('',#4789,10.);
#515=VECTOR('',#4790,10.);
#516=VECTOR('',#4793,10.);
#517=VECTOR('',#4794,10.);
#518=VECTOR('',#4797,10.);
#519=VECTOR('',#4800,10.);
#520=VECTOR('',#4801,10.);
#521=VECTOR('',#4802,10.);
#522=VECTOR('',#4803,10.);
#523=VECTOR('',#4804,10.);
#524=VECTOR('',#4805,10.);
#525=VECTOR('',#4808,10.);
#526=VECTOR('',#4813,10.);
#527=VECTOR('',#4820,10.);
#528=VECTOR('',#4821,10.);
#529=VECTOR('',#4832,10.);
#530=VECTOR('',#4833,10.);
#531=VECTOR('',#4844,10.);
#532=VECTOR('',#4847,10.);
#533=VECTOR('',#4850,10.);
#534=VECTOR('',#4851,10.);
#535=VECTOR('',#4852,10.);
#536=VECTOR('',#4853,10.);
#537=VECTOR('',#4854,10.);
#538=VECTOR('',#4857,10.);
#539=VECTOR('',#4858,10.);
#540=VECTOR('',#4861,10.);
#541=VECTOR('',#4862,10.);
#542=VECTOR('',#4865,10.);
#543=VECTOR('',#4866,10.);
#544=VECTOR('',#4867,10.);
#545=VECTOR('',#4868,10.);
#546=VECTOR('',#4877,10.);
#547=VECTOR('',#4884,10.);
#548=VECTOR('',#4893,10.);
#549=VECTOR('',#4896,10.);
#550=VECTOR('',#4897,10.);
#551=VECTOR('',#4902,10.);
#552=VECTOR('',#4907,10.);
#553=VECTOR('',#4916,10.);
#554=VECTOR('',#4917,10.);
#555=VECTOR('',#4940,10.);
#556=VECTOR('',#4941,10.);
#557=VECTOR('',#4948,10.);
#558=VECTOR('',#4949,10.);
#559=VECTOR('',#4956,10.);
#560=VECTOR('',#4957,10.);
#561=VECTOR('',#4958,10.);
#562=VECTOR('',#4959,10.);
#563=VECTOR('',#4962,10.);
#564=VECTOR('',#4965,10.);
#565=VECTOR('',#4966,10.);
#566=VECTOR('',#4967,10.);
#567=VECTOR('',#4970,10.);
#568=VECTOR('',#4973,10.);
#569=VECTOR('',#4974,10.);
#570=VECTOR('',#4975,10.);
#571=VECTOR('',#4984,10.);
#572=VECTOR('',#4987,10.);
#573=VECTOR('',#4992,10.);
#574=VECTOR('',#4999,10.);
#575=VECTOR('',#5004,10.);
#576=VECTOR('',#5011,10.);
#577=VECTOR('',#5012,10.);
#578=VECTOR('',#5013,10.);
#579=VECTOR('',#5018,10.);
#580=VECTOR('',#5019,10.);
#581=VECTOR('',#5020,10.);
#582=VECTOR('',#5025,10.);
#583=VECTOR('',#5026,10.);
#584=VECTOR('',#5033,10.);
#585=VECTOR('',#5034,10.);
#586=VECTOR('',#5035,10.);
#587=VECTOR('',#5040,10.);
#588=VECTOR('',#5041,10.);
#589=VECTOR('',#5042,10.);
#590=VECTOR('',#5047,10.);
#591=VECTOR('',#5048,10.);
#592=VECTOR('',#5135,10.);
#593=VECTOR('',#5138,10.);
#594=VECTOR('',#5145,10.);
#595=VECTOR('',#5146,10.);
#596=VECTOR('',#5147,10.);
#597=VECTOR('',#5154,10.);
#598=VECTOR('',#5159,10.);
#599=VECTOR('',#5168,10.);
#600=VECTOR('',#5171,10.);
#601=VECTOR('',#5174,10.);
#602=VECTOR('',#5183,10.);
#603=VECTOR('',#5188,10.);
#604=VECTOR('',#5191,10.);
#605=VECTOR('',#5196,1.);
#606=VECTOR('',#5197,10.);
#607=VECTOR('',#5198,10.);
#608=VECTOR('',#5215,10.);
#609=VECTOR('',#5218,10.);
#610=VECTOR('',#5229,10.);
#611=VECTOR('',#5232,10.);
#612=VECTOR('',#5253,10.);
#613=VECTOR('',#5260,10.);
#614=VECTOR('',#5263,10.);
#615=VECTOR('',#5264,10.);
#616=VECTOR('',#5267,10.);
#617=VECTOR('',#5284,10.);
#618=VECTOR('',#5287,10.);
#619=VECTOR('',#5292,10.);
#620=VECTOR('',#5295,10.);
#621=VECTOR('',#5308,10.);
#622=VECTOR('',#5309,10.);
#623=VECTOR('',#5312,10.);
#624=VECTOR('',#5315,10.);
#625=VECTOR('',#5316,10.);
#626=VECTOR('',#5319,10.);
#627=VECTOR('',#5324,10.);
#628=VECTOR('',#5333,10.);
#629=VECTOR('',#5342,10.);
#630=VECTOR('',#5345,10.);
#631=VECTOR('',#5348,10.);
#632=VECTOR('',#5363,10.);
#633=VECTOR('',#5372,10.);
#634=VECTOR('',#5389,10.);
#635=VECTOR('',#5392,10.);
#636=VECTOR('',#5405,10.);
#637=VECTOR('',#5424,10.);
#638=VECTOR('',#5433,10.);
#639=VECTOR('',#5436,10.);
#640=VECTOR('',#5439,10.);
#641=VECTOR('',#5440,10.);
#642=VECTOR('',#5443,10.);
#643=VECTOR('',#5444,10.);
#644=VECTOR('',#5449,10.);
#645=VECTOR('',#5450,10.);
#646=VECTOR('',#5453,10.);
#647=VECTOR('',#5462,10.);
#648=VECTOR('',#5463,10.);
#649=VECTOR('',#5470,10.);
#650=VECTOR('',#5473,2.5);
#651=VECTOR('',#5480,2.);
#652=VECTOR('',#5489,2.5);
#653=VECTOR('',#5496,2.);
#654=VECTOR('',#5501,2.5);
#655=VECTOR('',#5508,2.);
#656=VECTOR('',#5519,10.);
#657=CYLINDRICAL_SURFACE('',#3847,0.9);
#658=CYLINDRICAL_SURFACE('',#3854,0.9);
#659=CYLINDRICAL_SURFACE('',#3859,0.9);
#660=CYLINDRICAL_SURFACE('',#3865,0.9);
#661=CYLINDRICAL_SURFACE('',#3871,0.9);
#662=CYLINDRICAL_SURFACE('',#3876,0.9);
#663=CYLINDRICAL_SURFACE('',#3883,0.9);
#664=CYLINDRICAL_SURFACE('',#3885,1.);
#665=CYLINDRICAL_SURFACE('',#3891,1.);
#666=CYLINDRICAL_SURFACE('',#3896,0.75);
#667=CYLINDRICAL_SURFACE('',#3899,0.75);
#668=CYLINDRICAL_SURFACE('',#3906,1.);
#669=CYLINDRICAL_SURFACE('',#3909,1.);
#670=CYLINDRICAL_SURFACE('',#3913,0.9);
#671=CYLINDRICAL_SURFACE('',#3920,0.9);
#672=CYLINDRICAL_SURFACE('',#3925,0.9);
#673=CYLINDRICAL_SURFACE('',#3931,0.9);
#674=CYLINDRICAL_SURFACE('',#3937,0.9);
#675=CYLINDRICAL_SURFACE('',#3942,0.9);
#676=CYLINDRICAL_SURFACE('',#3949,0.9);
#677=CYLINDRICAL_SURFACE('',#3952,1.);
#678=CYLINDRICAL_SURFACE('',#3955,1.);
#679=CYLINDRICAL_SURFACE('',#3957,0.75);
#680=CYLINDRICAL_SURFACE('',#3960,0.75);
#681=CYLINDRICAL_SURFACE('',#3962,1.);
#682=CYLINDRICAL_SURFACE('',#3968,1.);
#683=CYLINDRICAL_SURFACE('',#3979,2.);
#684=CYLINDRICAL_SURFACE('',#3984,0.75);
#685=CYLINDRICAL_SURFACE('',#3991,0.75);
#686=CYLINDRICAL_SURFACE('',#3995,0.75);
#687=CYLINDRICAL_SURFACE('',#4000,0.75);
#688=CYLINDRICAL_SURFACE('',#4004,0.75);
#689=CYLINDRICAL_SURFACE('',#4006,0.75);
#690=CYLINDRICAL_SURFACE('',#4008,0.75);
#691=CYLINDRICAL_SURFACE('',#4010,0.75);
#692=CYLINDRICAL_SURFACE('',#4014,0.75);
#693=CYLINDRICAL_SURFACE('',#4020,1.);
#694=CYLINDRICAL_SURFACE('',#4032,0.75);
#695=CYLINDRICAL_SURFACE('',#4037,0.75);
#696=CYLINDRICAL_SURFACE('',#4054,0.75);
#697=CYLINDRICAL_SURFACE('',#4058,0.75);
#698=CYLINDRICAL_SURFACE('',#4062,1.);
#699=CYLINDRICAL_SURFACE('',#4066,1.);
#700=CYLINDRICAL_SURFACE('',#4067,1.);
#701=CYLINDRICAL_SURFACE('',#4075,1.);
#702=CYLINDRICAL_SURFACE('',#4077,1.);
#703=CYLINDRICAL_SURFACE('',#4083,1.);
#704=CYLINDRICAL_SURFACE('',#4092,1.);
#705=CYLINDRICAL_SURFACE('',#4093,3.5);
#706=CYLINDRICAL_SURFACE('',#4096,1.);
#707=CYLINDRICAL_SURFACE('',#4099,1.);
#708=CYLINDRICAL_SURFACE('',#4100,1.);
#709=CYLINDRICAL_SURFACE('',#4104,1.);
#710=CYLINDRICAL_SURFACE('',#4106,1.);
#711=CYLINDRICAL_SURFACE('',#4108,1.);
#712=CYLINDRICAL_SURFACE('',#4111,1.);
#713=CYLINDRICAL_SURFACE('',#4113,1.);
#714=CYLINDRICAL_SURFACE('',#4115,1.);
#715=CYLINDRICAL_SURFACE('',#4118,1.);
#716=CYLINDRICAL_SURFACE('',#4128,1.);
#717=CYLINDRICAL_SURFACE('',#4133,1.);
#718=CYLINDRICAL_SURFACE('',#4135,1.);
#719=CYLINDRICAL_SURFACE('',#4138,1.);
#720=CYLINDRICAL_SURFACE('',#4143,1.);
#721=CYLINDRICAL_SURFACE('',#4146,1.);
#722=CYLINDRICAL_SURFACE('',#4152,1.);
#723=CYLINDRICAL_SURFACE('',#4153,1.);
#724=CYLINDRICAL_SURFACE('',#4158,1.);
#725=CYLINDRICAL_SURFACE('',#4163,1.);
#726=CYLINDRICAL_SURFACE('',#4165,1.);
#727=CYLINDRICAL_SURFACE('',#4167,1.);
#728=CYLINDRICAL_SURFACE('',#4170,3.5);
#729=CYLINDRICAL_SURFACE('',#4173,1.);
#730=CYLINDRICAL_SURFACE('',#4176,1.);
#731=CYLINDRICAL_SURFACE('',#4178,1.);
#732=CYLINDRICAL_SURFACE('',#4180,1.);
#733=CYLINDRICAL_SURFACE('',#4183,0.999999999999997);
#734=CYLINDRICAL_SURFACE('',#4185,1.);
#735=CYLINDRICAL_SURFACE('',#4189,1.);
#736=CYLINDRICAL_SURFACE('',#4191,1.);
#737=CYLINDRICAL_SURFACE('',#4196,1.);
#738=CYLINDRICAL_SURFACE('',#4197,1.);
#739=CYLINDRICAL_SURFACE('',#4200,1.);
#740=CYLINDRICAL_SURFACE('',#4206,1.);
#741=CYLINDRICAL_SURFACE('',#4210,3.5);
#742=CYLINDRICAL_SURFACE('',#4212,3.5);
#743=CYLINDRICAL_SURFACE('',#4215,1.);
#744=CYLINDRICAL_SURFACE('',#4219,1.);
#745=CYLINDRICAL_SURFACE('',#4220,1.);
#746=CYLINDRICAL_SURFACE('',#4223,1.);
#747=CYLINDRICAL_SURFACE('',#4230,6.);
#748=CYLINDRICAL_SURFACE('',#4234,1.);
#749=CYLINDRICAL_SURFACE('',#4239,1.);
#750=CYLINDRICAL_SURFACE('',#4244,1.);
#751=CYLINDRICAL_SURFACE('',#4246,1.);
#752=CYLINDRICAL_SURFACE('',#4252,1.);
#753=CYLINDRICAL_SURFACE('',#4256,1.);
#754=CYLINDRICAL_SURFACE('',#4264,1.);
#755=CYLINDRICAL_SURFACE('',#4265,1.);
#756=CYLINDRICAL_SURFACE('',#4271,1.);
#757=CYLINDRICAL_SURFACE('',#4279,1.);
#758=CYLINDRICAL_SURFACE('',#4284,1.);
#759=CYLINDRICAL_SURFACE('',#4285,1.);
#760=CYLINDRICAL_SURFACE('',#4286,1.);
#761=CYLINDRICAL_SURFACE('',#4287,1.);
#762=CYLINDRICAL_SURFACE('',#4288,1.);
#763=CYLINDRICAL_SURFACE('',#4289,1.);
#764=CYLINDRICAL_SURFACE('',#4290,1.);
#765=CYLINDRICAL_SURFACE('',#4294,3.5);
#766=CYLINDRICAL_SURFACE('',#4301,2.);
#767=CYLINDRICAL_SURFACE('',#4308,2.);
#768=CYLINDRICAL_SURFACE('',#4313,2.);
#769=FACE_OUTER_BOUND('',#1010,.T.);
#770=FACE_OUTER_BOUND('',#1011,.T.);
#771=FACE_OUTER_BOUND('',#1012,.T.);
#772=FACE_OUTER_BOUND('',#1013,.T.);
#773=FACE_OUTER_BOUND('',#1014,.T.);
#774=FACE_OUTER_BOUND('',#1015,.T.);
#775=FACE_OUTER_BOUND('',#1016,.T.);
#776=FACE_OUTER_BOUND('',#1017,.T.);
#777=FACE_OUTER_BOUND('',#1018,.T.);
#778=FACE_OUTER_BOUND('',#1019,.T.);
#779=FACE_OUTER_BOUND('',#1020,.T.);
#780=FACE_OUTER_BOUND('',#1021,.T.);
#781=FACE_OUTER_BOUND('',#1022,.T.);
#782=FACE_OUTER_BOUND('',#1023,.T.);
#783=FACE_OUTER_BOUND('',#1024,.T.);
#784=FACE_OUTER_BOUND('',#1025,.T.);
#785=FACE_OUTER_BOUND('',#1026,.T.);
#786=FACE_OUTER_BOUND('',#1027,.T.);
#787=FACE_OUTER_BOUND('',#1028,.T.);
#788=FACE_OUTER_BOUND('',#1029,.T.);
#789=FACE_OUTER_BOUND('',#1030,.T.);
#790=FACE_OUTER_BOUND('',#1031,.T.);
#791=FACE_OUTER_BOUND('',#1032,.T.);
#792=FACE_OUTER_BOUND('',#1033,.T.);
#793=FACE_OUTER_BOUND('',#1034,.T.);
#794=FACE_OUTER_BOUND('',#1035,.T.);
#795=FACE_OUTER_BOUND('',#1036,.T.);
#796=FACE_OUTER_BOUND('',#1037,.T.);
#797=FACE_OUTER_BOUND('',#1038,.T.);
#798=FACE_OUTER_BOUND('',#1039,.T.);
#799=FACE_OUTER_BOUND('',#1040,.T.);
#800=FACE_OUTER_BOUND('',#1041,.T.);
#801=FACE_OUTER_BOUND('',#1042,.T.);
#802=FACE_OUTER_BOUND('',#1043,.T.);
#803=FACE_OUTER_BOUND('',#1044,.T.);
#804=FACE_OUTER_BOUND('',#1045,.T.);
#805=FACE_OUTER_BOUND('',#1046,.T.);
#806=FACE_OUTER_BOUND('',#1047,.T.);
#807=FACE_OUTER_BOUND('',#1048,.T.);
#808=FACE_OUTER_BOUND('',#1049,.T.);
#809=FACE_OUTER_BOUND('',#1050,.T.);
#810=FACE_OUTER_BOUND('',#1051,.T.);
#811=FACE_OUTER_BOUND('',#1052,.T.);
#812=FACE_OUTER_BOUND('',#1053,.T.);
#813=FACE_OUTER_BOUND('',#1054,.T.);
#814=FACE_OUTER_BOUND('',#1055,.T.);
#815=FACE_OUTER_BOUND('',#1056,.T.);
#816=FACE_OUTER_BOUND('',#1057,.T.);
#817=FACE_OUTER_BOUND('',#1058,.T.);
#818=FACE_OUTER_BOUND('',#1059,.T.);
#819=FACE_OUTER_BOUND('',#1060,.T.);
#820=FACE_OUTER_BOUND('',#1061,.T.);
#821=FACE_OUTER_BOUND('',#1062,.T.);
#822=FACE_OUTER_BOUND('',#1063,.T.);
#823=FACE_OUTER_BOUND('',#1064,.T.);
#824=FACE_OUTER_BOUND('',#1065,.T.);
#825=FACE_OUTER_BOUND('',#1066,.T.);
#826=FACE_OUTER_BOUND('',#1067,.T.);
#827=FACE_OUTER_BOUND('',#1068,.T.);
#828=FACE_OUTER_BOUND('',#1069,.T.);
#829=FACE_OUTER_BOUND('',#1070,.T.);
#830=FACE_OUTER_BOUND('',#1071,.T.);
#831=FACE_OUTER_BOUND('',#1072,.T.);
#832=FACE_OUTER_BOUND('',#1073,.T.);
#833=FACE_OUTER_BOUND('',#1074,.T.);
#834=FACE_OUTER_BOUND('',#1075,.T.);
#835=FACE_OUTER_BOUND('',#1076,.T.);
#836=FACE_OUTER_BOUND('',#1077,.T.);
#837=FACE_OUTER_BOUND('',#1078,.T.);
#838=FACE_OUTER_BOUND('',#1079,.T.);
#839=FACE_OUTER_BOUND('',#1080,.T.);
#840=FACE_OUTER_BOUND('',#1081,.T.);
#841=FACE_OUTER_BOUND('',#1082,.T.);
#842=FACE_OUTER_BOUND('',#1083,.T.);
#843=FACE_OUTER_BOUND('',#1084,.T.);
#844=FACE_OUTER_BOUND('',#1085,.T.);
#845=FACE_OUTER_BOUND('',#1086,.T.);
#846=FACE_OUTER_BOUND('',#1087,.T.);
#847=FACE_OUTER_BOUND('',#1088,.T.);
#848=FACE_OUTER_BOUND('',#1089,.T.);
#849=FACE_OUTER_BOUND('',#1090,.T.);
#850=FACE_OUTER_BOUND('',#1091,.T.);
#851=FACE_OUTER_BOUND('',#1092,.T.);
#852=FACE_OUTER_BOUND('',#1093,.T.);
#853=FACE_OUTER_BOUND('',#1094,.T.);
#854=FACE_OUTER_BOUND('',#1095,.T.);
#855=FACE_OUTER_BOUND('',#1096,.T.);
#856=FACE_OUTER_BOUND('',#1097,.T.);
#857=FACE_OUTER_BOUND('',#1098,.T.);
#858=FACE_OUTER_BOUND('',#1099,.T.);
#859=FACE_OUTER_BOUND('',#1100,.T.);
#860=FACE_OUTER_BOUND('',#1101,.T.);
#861=FACE_OUTER_BOUND('',#1102,.T.);
#862=FACE_OUTER_BOUND('',#1103,.T.);
#863=FACE_OUTER_BOUND('',#1104,.T.);
#864=FACE_OUTER_BOUND('',#1105,.T.);
#865=FACE_OUTER_BOUND('',#1106,.T.);
#866=FACE_OUTER_BOUND('',#1107,.T.);
#867=FACE_OUTER_BOUND('',#1108,.T.);
#868=FACE_OUTER_BOUND('',#1109,.T.);
#869=FACE_OUTER_BOUND('',#1110,.T.);
#870=FACE_OUTER_BOUND('',#1111,.T.);
#871=FACE_OUTER_BOUND('',#1112,.T.);
#872=FACE_OUTER_BOUND('',#1113,.T.);
#873=FACE_OUTER_BOUND('',#1114,.T.);
#874=FACE_OUTER_BOUND('',#1115,.T.);
#875=FACE_OUTER_BOUND('',#1116,.T.);
#876=FACE_OUTER_BOUND('',#1117,.T.);
#877=FACE_OUTER_BOUND('',#1118,.T.);
#878=FACE_OUTER_BOUND('',#1121,.T.);
#879=FACE_OUTER_BOUND('',#1122,.T.);
#880=FACE_OUTER_BOUND('',#1123,.T.);
#881=FACE_OUTER_BOUND('',#1124,.T.);
#882=FACE_OUTER_BOUND('',#1125,.T.);
#883=FACE_OUTER_BOUND('',#1126,.T.);
#884=FACE_OUTER_BOUND('',#1127,.T.);
#885=FACE_OUTER_BOUND('',#1128,.T.);
#886=FACE_OUTER_BOUND('',#1129,.T.);
#887=FACE_OUTER_BOUND('',#1130,.T.);
#888=FACE_OUTER_BOUND('',#1131,.T.);
#889=FACE_OUTER_BOUND('',#1132,.T.);
#890=FACE_OUTER_BOUND('',#1133,.T.);
#891=FACE_OUTER_BOUND('',#1134,.T.);
#892=FACE_OUTER_BOUND('',#1135,.T.);
#893=FACE_OUTER_BOUND('',#1136,.T.);
#894=FACE_OUTER_BOUND('',#1137,.T.);
#895=FACE_OUTER_BOUND('',#1138,.T.);
#896=FACE_OUTER_BOUND('',#1139,.T.);
#897=FACE_OUTER_BOUND('',#1140,.T.);
#898=FACE_OUTER_BOUND('',#1141,.T.);
#899=FACE_OUTER_BOUND('',#1142,.T.);
#900=FACE_OUTER_BOUND('',#1143,.T.);
#901=FACE_OUTER_BOUND('',#1144,.T.);
#902=FACE_OUTER_BOUND('',#1145,.T.);
#903=FACE_OUTER_BOUND('',#1146,.T.);
#904=FACE_OUTER_BOUND('',#1147,.T.);
#905=FACE_OUTER_BOUND('',#1148,.T.);
#906=FACE_OUTER_BOUND('',#1149,.T.);
#907=FACE_OUTER_BOUND('',#1150,.T.);
#908=FACE_OUTER_BOUND('',#1151,.T.);
#909=FACE_OUTER_BOUND('',#1152,.T.);
#910=FACE_OUTER_BOUND('',#1153,.T.);
#911=FACE_OUTER_BOUND('',#1154,.T.);
#912=FACE_OUTER_BOUND('',#1155,.T.);
#913=FACE_OUTER_BOUND('',#1156,.T.);
#914=FACE_OUTER_BOUND('',#1157,.T.);
#915=FACE_OUTER_BOUND('',#1158,.T.);
#916=FACE_OUTER_BOUND('',#1159,.T.);
#917=FACE_OUTER_BOUND('',#1160,.T.);
#918=FACE_OUTER_BOUND('',#1161,.T.);
#919=FACE_OUTER_BOUND('',#1162,.T.);
#920=FACE_OUTER_BOUND('',#1163,.T.);
#921=FACE_OUTER_BOUND('',#1164,.T.);
#922=FACE_OUTER_BOUND('',#1165,.T.);
#923=FACE_OUTER_BOUND('',#1166,.T.);
#924=FACE_OUTER_BOUND('',#1167,.T.);
#925=FACE_OUTER_BOUND('',#1168,.T.);
#926=FACE_OUTER_BOUND('',#1169,.T.);
#927=FACE_OUTER_BOUND('',#1170,.T.);
#928=FACE_OUTER_BOUND('',#1171,.T.);
#929=FACE_OUTER_BOUND('',#1172,.T.);
#930=FACE_OUTER_BOUND('',#1173,.T.);
#931=FACE_OUTER_BOUND('',#1174,.T.);
#932=FACE_OUTER_BOUND('',#1175,.T.);
#933=FACE_OUTER_BOUND('',#1176,.T.);
#934=FACE_OUTER_BOUND('',#1177,.T.);
#935=FACE_OUTER_BOUND('',#1178,.T.);
#936=FACE_OUTER_BOUND('',#1179,.T.);
#937=FACE_OUTER_BOUND('',#1180,.T.);
#938=FACE_OUTER_BOUND('',#1181,.T.);
#939=FACE_OUTER_BOUND('',#1182,.T.);
#940=FACE_OUTER_BOUND('',#1185,.T.);
#941=FACE_OUTER_BOUND('',#1186,.T.);
#942=FACE_OUTER_BOUND('',#1187,.T.);
#943=FACE_OUTER_BOUND('',#1188,.T.);
#944=FACE_OUTER_BOUND('',#1189,.T.);
#945=FACE_OUTER_BOUND('',#1190,.T.);
#946=FACE_OUTER_BOUND('',#1191,.T.);
#947=FACE_OUTER_BOUND('',#1192,.T.);
#948=FACE_OUTER_BOUND('',#1193,.T.);
#949=FACE_OUTER_BOUND('',#1194,.T.);
#950=FACE_OUTER_BOUND('',#1195,.T.);
#951=FACE_OUTER_BOUND('',#1196,.T.);
#952=FACE_OUTER_BOUND('',#1197,.T.);
#953=FACE_OUTER_BOUND('',#1198,.T.);
#954=FACE_OUTER_BOUND('',#1199,.T.);
#955=FACE_OUTER_BOUND('',#1200,.T.);
#956=FACE_OUTER_BOUND('',#1201,.T.);
#957=FACE_OUTER_BOUND('',#1202,.T.);
#958=FACE_OUTER_BOUND('',#1203,.T.);
#959=FACE_OUTER_BOUND('',#1204,.T.);
#960=FACE_OUTER_BOUND('',#1205,.T.);
#961=FACE_OUTER_BOUND('',#1206,.T.);
#962=FACE_OUTER_BOUND('',#1207,.T.);
#963=FACE_OUTER_BOUND('',#1208,.T.);
#964=FACE_OUTER_BOUND('',#1209,.T.);
#965=FACE_OUTER_BOUND('',#1210,.T.);
#966=FACE_OUTER_BOUND('',#1211,.T.);
#967=FACE_OUTER_BOUND('',#1212,.T.);
#968=FACE_OUTER_BOUND('',#1213,.T.);
#969=FACE_OUTER_BOUND('',#1214,.T.);
#970=FACE_OUTER_BOUND('',#1215,.T.);
#971=FACE_OUTER_BOUND('',#1216,.T.);
#972=FACE_OUTER_BOUND('',#1217,.T.);
#973=FACE_OUTER_BOUND('',#1218,.T.);
#974=FACE_OUTER_BOUND('',#1219,.T.);
#975=FACE_OUTER_BOUND('',#1220,.T.);
#976=FACE_OUTER_BOUND('',#1221,.T.);
#977=FACE_OUTER_BOUND('',#1222,.T.);
#978=FACE_OUTER_BOUND('',#1223,.T.);
#979=FACE_OUTER_BOUND('',#1224,.T.);
#980=FACE_OUTER_BOUND('',#1225,.T.);
#981=FACE_OUTER_BOUND('',#1226,.T.);
#982=FACE_OUTER_BOUND('',#1227,.T.);
#983=FACE_OUTER_BOUND('',#1228,.T.);
#984=FACE_OUTER_BOUND('',#1229,.T.);
#985=FACE_OUTER_BOUND('',#1230,.T.);
#986=FACE_OUTER_BOUND('',#1231,.T.);
#987=FACE_OUTER_BOUND('',#1232,.T.);
#988=FACE_OUTER_BOUND('',#1233,.T.);
#989=FACE_OUTER_BOUND('',#1234,.T.);
#990=FACE_OUTER_BOUND('',#1235,.T.);
#991=FACE_OUTER_BOUND('',#1236,.T.);
#992=FACE_OUTER_BOUND('',#1237,.T.);
#993=FACE_OUTER_BOUND('',#1238,.T.);
#994=FACE_OUTER_BOUND('',#1239,.T.);
#995=FACE_OUTER_BOUND('',#1240,.T.);
#996=FACE_OUTER_BOUND('',#1241,.T.);
#997=FACE_OUTER_BOUND('',#1242,.T.);
#998=FACE_OUTER_BOUND('',#1243,.T.);
#999=FACE_OUTER_BOUND('',#1244,.T.);
#1000=FACE_OUTER_BOUND('',#1245,.T.);
#1001=FACE_OUTER_BOUND('',#1246,.T.);
#1002=FACE_OUTER_BOUND('',#1247,.T.);
#1003=FACE_OUTER_BOUND('',#1248,.T.);
#1004=FACE_OUTER_BOUND('',#1249,.T.);
#1005=FACE_OUTER_BOUND('',#1250,.T.);
#1006=FACE_OUTER_BOUND('',#1251,.T.);
#1007=FACE_OUTER_BOUND('',#1252,.T.);
#1008=FACE_OUTER_BOUND('',#1253,.T.);
#1009=FACE_OUTER_BOUND('',#1254,.T.);
#1010=EDGE_LOOP('',(#2434,#2435,#2436));
#1011=EDGE_LOOP('',(#2437,#2438,#2439,#2440));
#1012=EDGE_LOOP('',(#2441,#2442,#2443,#2444));
#1013=EDGE_LOOP('',(#2445,#2446,#2447,#2448));
#1014=EDGE_LOOP('',(#2449,#2450,#2451,#2452));
#1015=EDGE_LOOP('',(#2453,#2454,#2455,#2456));
#1016=EDGE_LOOP('',(#2457,#2458,#2459,#2460));
#1017=EDGE_LOOP('',(#2461,#2462,#2463,#2464));
#1018=EDGE_LOOP('',(#2465,#2466,#2467,#2468));
#1019=EDGE_LOOP('',(#2469,#2470,#2471,#2472));
#1020=EDGE_LOOP('',(#2473,#2474,#2475,#2476));
#1021=EDGE_LOOP('',(#2477,#2478,#2479,#2480));
#1022=EDGE_LOOP('',(#2481,#2482,#2483,#2484));
#1023=EDGE_LOOP('',(#2485,#2486,#2487,#2488));
#1024=EDGE_LOOP('',(#2489,#2490,#2491,#2492));
#1025=EDGE_LOOP('',(#2493,#2494,#2495,#2496));
#1026=EDGE_LOOP('',(#2497,#2498,#2499,#2500,#2501));
#1027=EDGE_LOOP('',(#2502,#2503,#2504,#2505));
#1028=EDGE_LOOP('',(#2506,#2507,#2508,#2509,#2510,#2511,#2512,#2513,#2514,
#2515,#2516,#2517));
#1029=EDGE_LOOP('',(#2518,#2519,#2520,#2521));
#1030=EDGE_LOOP('',(#2522,#2523,#2524,#2525,#2526,#2527,#2528,#2529,#2530,
#2531,#2532,#2533));
#1031=EDGE_LOOP('',(#2534,#2535,#2536,#2537));
#1032=EDGE_LOOP('',(#2538,#2539,#2540,#2541));
#1033=EDGE_LOOP('',(#2542,#2543,#2544,#2545));
#1034=EDGE_LOOP('',(#2546,#2547,#2548,#2549,#2550,#2551,#2552,#2553,#2554,
#2555,#2556,#2557,#2558,#2559,#2560,#2561));
#1035=EDGE_LOOP('',(#2562,#2563,#2564,#2565));
#1036=EDGE_LOOP('',(#2566,#2567,#2568,#2569,#2570));
#1037=EDGE_LOOP('',(#2571,#2572,#2573,#2574));
#1038=EDGE_LOOP('',(#2575,#2576,#2577,#2578,#2579));
#1039=EDGE_LOOP('',(#2580,#2581,#2582,#2583));
#1040=EDGE_LOOP('',(#2584,#2585,#2586,#2587));
#1041=EDGE_LOOP('',(#2588,#2589,#2590,#2591));
#1042=EDGE_LOOP('',(#2592,#2593,#2594,#2595));
#1043=EDGE_LOOP('',(#2596,#2597,#2598,#2599));
#1044=EDGE_LOOP('',(#2600,#2601,#2602,#2603));
#1045=EDGE_LOOP('',(#2604,#2605,#2606,#2607));
#1046=EDGE_LOOP('',(#2608,#2609,#2610,#2611));
#1047=EDGE_LOOP('',(#2612,#2613,#2614,#2615));
#1048=EDGE_LOOP('',(#2616,#2617,#2618,#2619));
#1049=EDGE_LOOP('',(#2620,#2621,#2622,#2623));
#1050=EDGE_LOOP('',(#2624,#2625,#2626,#2627));
#1051=EDGE_LOOP('',(#2628,#2629,#2630,#2631));
#1052=EDGE_LOOP('',(#2632,#2633,#2634,#2635));
#1053=EDGE_LOOP('',(#2636,#2637,#2638,#2639));
#1054=EDGE_LOOP('',(#2640,#2641,#2642,#2643));
#1055=EDGE_LOOP('',(#2644,#2645,#2646));
#1056=EDGE_LOOP('',(#2647,#2648,#2649,#2650,#2651));
#1057=EDGE_LOOP('',(#2652,#2653,#2654,#2655));
#1058=EDGE_LOOP('',(#2656,#2657,#2658,#2659,#2660));
#1059=EDGE_LOOP('',(#2661,#2662,#2663,#2664));
#1060=EDGE_LOOP('',(#2665,#2666,#2667,#2668));
#1061=EDGE_LOOP('',(#2669,#2670,#2671,#2672));
#1062=EDGE_LOOP('',(#2673,#2674,#2675,#2676));
#1063=EDGE_LOOP('',(#2677,#2678,#2679,#2680));
#1064=EDGE_LOOP('',(#2681,#2682,#2683,#2684,#2685,#2686,#2687,#2688,#2689,
#2690,#2691,#2692));
#1065=EDGE_LOOP('',(#2693,#2694,#2695,#2696));
#1066=EDGE_LOOP('',(#2697,#2698,#2699,#2700,#2701));
#1067=EDGE_LOOP('',(#2702,#2703,#2704,#2705,#2706,#2707));
#1068=EDGE_LOOP('',(#2708,#2709,#2710,#2711,#2712));
#1069=EDGE_LOOP('',(#2713,#2714,#2715,#2716,#2717));
#1070=EDGE_LOOP('',(#2718,#2719,#2720,#2721));
#1071=EDGE_LOOP('',(#2722,#2723,#2724,#2725));
#1072=EDGE_LOOP('',(#2726,#2727,#2728,#2729));
#1073=EDGE_LOOP('',(#2730,#2731,#2732,#2733));
#1074=EDGE_LOOP('',(#2734,#2735,#2736,#2737));
#1075=EDGE_LOOP('',(#2738,#2739,#2740,#2741));
#1076=EDGE_LOOP('',(#2742,#2743,#2744,#2745));
#1077=EDGE_LOOP('',(#2746,#2747,#2748,#2749));
#1078=EDGE_LOOP('',(#2750,#2751,#2752,#2753));
#1079=EDGE_LOOP('',(#2754,#2755,#2756,#2757));
#1080=EDGE_LOOP('',(#2758,#2759,#2760,#2761));
#1081=EDGE_LOOP('',(#2762,#2763,#2764,#2765));
#1082=EDGE_LOOP('',(#2766,#2767,#2768,#2769));
#1083=EDGE_LOOP('',(#2770,#2771,#2772,#2773));
#1084=EDGE_LOOP('',(#2774,#2775,#2776));
#1085=EDGE_LOOP('',(#2777,#2778,#2779,#2780));
#1086=EDGE_LOOP('',(#2781,#2782,#2783));
#1087=EDGE_LOOP('',(#2784,#2785,#2786,#2787,#2788));
#1088=EDGE_LOOP('',(#2789,#2790,#2791,#2792,#2793,#2794));
#1089=EDGE_LOOP('',(#2795,#2796,#2797,#2798,#2799,#2800,#2801,#2802,#2803,
#2804,#2805,#2806,#2807,#2808,#2809,#2810,#2811,#2812,#2813,#2814,#2815,
#2816,#2817,#2818,#2819,#2820,#2821));
#1090=EDGE_LOOP('',(#2822,#2823,#2824));
#1091=EDGE_LOOP('',(#2825,#2826,#2827,#2828,#2829));
#1092=EDGE_LOOP('',(#2830,#2831,#2832,#2833));
#1093=EDGE_LOOP('',(#2834,#2835,#2836,#2837));
#1094=EDGE_LOOP('',(#2838,#2839,#2840,#2841));
#1095=EDGE_LOOP('',(#2842,#2843,#2844));
#1096=EDGE_LOOP('',(#2845,#2846,#2847,#2848));
#1097=EDGE_LOOP('',(#2849,#2850,#2851,#2852,#2853,#2854,#2855,#2856,#2857,
#2858,#2859,#2860,#2861,#2862,#2863,#2864,#2865,#2866,#2867,#2868,#2869,
#2870,#2871,#2872,#2873,#2874,#2875));
#1098=EDGE_LOOP('',(#2876,#2877,#2878,#2879,#2880));
#1099=EDGE_LOOP('',(#2881,#2882,#2883));
#1100=EDGE_LOOP('',(#2884,#2885,#2886,#2887,#2888));
#1101=EDGE_LOOP('',(#2889,#2890,#2891,#2892));
#1102=EDGE_LOOP('',(#2893,#2894,#2895,#2896));
#1103=EDGE_LOOP('',(#2897,#2898,#2899,#2900));
#1104=EDGE_LOOP('',(#2901,#2902,#2903));
#1105=EDGE_LOOP('',(#2904,#2905,#2906,#2907));
#1106=EDGE_LOOP('',(#2908,#2909,#2910,#2911));
#1107=EDGE_LOOP('',(#2912,#2913,#2914,#2915,#2916));
#1108=EDGE_LOOP('',(#2917,#2918,#2919,#2920));
#1109=EDGE_LOOP('',(#2921,#2922,#2923,#2924,#2925,#2926));
#1110=EDGE_LOOP('',(#2927,#2928,#2929,#2930,#2931));
#1111=EDGE_LOOP('',(#2932,#2933,#2934,#2935));
#1112=EDGE_LOOP('',(#2936,#2937,#2938));
#1113=EDGE_LOOP('',(#2939,#2940,#2941,#2942));
#1114=EDGE_LOOP('',(#2943,#2944,#2945,#2946,#2947));
#1115=EDGE_LOOP('',(#2948,#2949,#2950));
#1116=EDGE_LOOP('',(#2951,#2952,#2953,#2954));
#1117=EDGE_LOOP('',(#2955,#2956,#2957,#2958));
#1118=EDGE_LOOP('',(#2959,#2960,#2961,#2962,#2963,#2964,#2965,#2966,#2967,
#2968,#2969,#2970,#2971,#2972,#2973,#2974,#2975,#2976,#2977,#2978,#2979,
#2980,#2981,#2982,#2983,#2984));
#1119=EDGE_LOOP('',(#2985));
#1120=EDGE_LOOP('',(#2986));
#1121=EDGE_LOOP('',(#2987,#2988,#2989,#2990));
#1122=EDGE_LOOP('',(#2991,#2992,#2993,#2994,#2995,#2996,#2997,#2998,#2999,
#3000,#3001,#3002));
#1123=EDGE_LOOP('',(#3003,#3004,#3005,#3006));
#1124=EDGE_LOOP('',(#3007,#3008,#3009,#3010,#3011));
#1125=EDGE_LOOP('',(#3012,#3013,#3014,#3015,#3016,#3017));
#1126=EDGE_LOOP('',(#3018,#3019,#3020,#3021,#3022,#3023));
#1127=EDGE_LOOP('',(#3024,#3025,#3026));
#1128=EDGE_LOOP('',(#3027,#3028,#3029,#3030,#3031));
#1129=EDGE_LOOP('',(#3032,#3033,#3034,#3035,#3036));
#1130=EDGE_LOOP('',(#3037,#3038,#3039,#3040));
#1131=EDGE_LOOP('',(#3041,#3042,#3043,#3044));
#1132=EDGE_LOOP('',(#3045,#3046,#3047));
#1133=EDGE_LOOP('',(#3048,#3049,#3050,#3051,#3052));
#1134=EDGE_LOOP('',(#3053,#3054,#3055,#3056,#3057));
#1135=EDGE_LOOP('',(#3058,#3059,#3060,#3061));
#1136=EDGE_LOOP('',(#3062,#3063,#3064));
#1137=EDGE_LOOP('',(#3065,#3066,#3067,#3068));
#1138=EDGE_LOOP('',(#3069,#3070,#3071,#3072));
#1139=EDGE_LOOP('',(#3073,#3074,#3075));
#1140=EDGE_LOOP('',(#3076,#3077,#3078,#3079));
#1141=EDGE_LOOP('',(#3080,#3081,#3082,#3083));
#1142=EDGE_LOOP('',(#3084,#3085,#3086));
#1143=EDGE_LOOP('',(#3087,#3088,#3089,#3090));
#1144=EDGE_LOOP('',(#3091,#3092,#3093,#3094));
#1145=EDGE_LOOP('',(#3095,#3096,#3097,#3098));
#1146=EDGE_LOOP('',(#3099,#3100,#3101,#3102));
#1147=EDGE_LOOP('',(#3103,#3104,#3105,#3106,#3107));
#1148=EDGE_LOOP('',(#3108,#3109,#3110,#3111));
#1149=EDGE_LOOP('',(#3112,#3113,#3114));
#1150=EDGE_LOOP('',(#3115,#3116,#3117,#3118));
#1151=EDGE_LOOP('',(#3119,#3120,#3121,#3122));
#1152=EDGE_LOOP('',(#3123,#3124,#3125,#3126));
#1153=EDGE_LOOP('',(#3127,#3128,#3129,#3130));
#1154=EDGE_LOOP('',(#3131,#3132,#3133,#3134,#3135));
#1155=EDGE_LOOP('',(#3136,#3137,#3138,#3139));
#1156=EDGE_LOOP('',(#3140,#3141,#3142));
#1157=EDGE_LOOP('',(#3143,#3144,#3145));
#1158=EDGE_LOOP('',(#3146,#3147,#3148,#3149));
#1159=EDGE_LOOP('',(#3150,#3151,#3152));
#1160=EDGE_LOOP('',(#3153,#3154,#3155,#3156));
#1161=EDGE_LOOP('',(#3157,#3158,#3159,#3160));
#1162=EDGE_LOOP('',(#3161,#3162,#3163,#3164));
#1163=EDGE_LOOP('',(#3165,#3166,#3167,#3168));
#1164=EDGE_LOOP('',(#3169,#3170,#3171,#3172));
#1165=EDGE_LOOP('',(#3173,#3174,#3175,#3176,#3177,#3178,#3179,#3180,#3181,
#3182));
#1166=EDGE_LOOP('',(#3183,#3184,#3185,#3186));
#1167=EDGE_LOOP('',(#3187,#3188,#3189,#3190));
#1168=EDGE_LOOP('',(#3191,#3192,#3193,#3194));
#1169=EDGE_LOOP('',(#3195,#3196,#3197,#3198));
#1170=EDGE_LOOP('',(#3199,#3200,#3201,#3202));
#1171=EDGE_LOOP('',(#3203,#3204,#3205,#3206));
#1172=EDGE_LOOP('',(#3207,#3208,#3209,#3210,#3211,#3212,#3213,#3214));
#1173=EDGE_LOOP('',(#3215,#3216,#3217,#3218));
#1174=EDGE_LOOP('',(#3219,#3220,#3221,#3222,#3223));
#1175=EDGE_LOOP('',(#3224,#3225,#3226,#3227));
#1176=EDGE_LOOP('',(#3228,#3229,#3230,#3231));
#1177=EDGE_LOOP('',(#3232,#3233,#3234,#3235));
#1178=EDGE_LOOP('',(#3236,#3237,#3238,#3239));
#1179=EDGE_LOOP('',(#3240,#3241,#3242,#3243));
#1180=EDGE_LOOP('',(#3244,#3245,#3246,#3247));
#1181=EDGE_LOOP('',(#3248,#3249,#3250,#3251));
#1182=EDGE_LOOP('',(#3252,#3253,#3254,#3255,#3256,#3257,#3258,#3259,#3260,
#3261,#3262,#3263,#3264,#3265,#3266,#3267,#3268,#3269,#3270,#3271));
#1183=EDGE_LOOP('',(#3272));
#1184=EDGE_LOOP('',(#3273));
#1185=EDGE_LOOP('',(#3274,#3275,#3276,#3277));
#1186=EDGE_LOOP('',(#3278,#3279,#3280,#3281));
#1187=EDGE_LOOP('',(#3282,#3283,#3284,#3285));
#1188=EDGE_LOOP('',(#3286,#3287,#3288,#3289,#3290,#3291));
#1189=EDGE_LOOP('',(#3292,#3293,#3294,#3295));
#1190=EDGE_LOOP('',(#3296,#3297,#3298,#3299));
#1191=EDGE_LOOP('',(#3300,#3301,#3302,#3303));
#1192=EDGE_LOOP('',(#3304,#3305,#3306,#3307));
#1193=EDGE_LOOP('',(#3308,#3309,#3310));
#1194=EDGE_LOOP('',(#3311,#3312,#3313,#3314));
#1195=EDGE_LOOP('',(#3315,#3316,#3317,#3318));
#1196=EDGE_LOOP('',(#3319,#3320,#3321,#3322));
#1197=EDGE_LOOP('',(#3323,#3324,#3325,#3326));
#1198=EDGE_LOOP('',(#3327,#3328,#3329,#3330,#3331));
#1199=EDGE_LOOP('',(#3332,#3333,#3334,#3335));
#1200=EDGE_LOOP('',(#3336,#3337,#3338,#3339,#3340,#3341,#3342,#3343,#3344,
#3345));
#1201=EDGE_LOOP('',(#3346,#3347,#3348,#3349));
#1202=EDGE_LOOP('',(#3350,#3351,#3352,#3353));
#1203=EDGE_LOOP('',(#3354,#3355,#3356,#3357));
#1204=EDGE_LOOP('',(#3358,#3359,#3360,#3361,#3362));
#1205=EDGE_LOOP('',(#3363,#3364,#3365,#3366));
#1206=EDGE_LOOP('',(#3367,#3368,#3369,#3370));
#1207=EDGE_LOOP('',(#3371,#3372,#3373,#3374,#3375,#3376,#3377));
#1208=EDGE_LOOP('',(#3378,#3379,#3380,#3381));
#1209=EDGE_LOOP('',(#3382,#3383,#3384,#3385));
#1210=EDGE_LOOP('',(#3386,#3387,#3388,#3389));
#1211=EDGE_LOOP('',(#3390,#3391,#3392,#3393,#3394));
#1212=EDGE_LOOP('',(#3395,#3396,#3397));
#1213=EDGE_LOOP('',(#3398,#3399,#3400,#3401));
#1214=EDGE_LOOP('',(#3402,#3403,#3404));
#1215=EDGE_LOOP('',(#3405,#3406,#3407,#3408));
#1216=EDGE_LOOP('',(#3409,#3410,#3411,#3412));
#1217=EDGE_LOOP('',(#3413,#3414,#3415));
#1218=EDGE_LOOP('',(#3416,#3417,#3418,#3419));
#1219=EDGE_LOOP('',(#3420,#3421,#3422,#3423));
#1220=EDGE_LOOP('',(#3424,#3425,#3426,#3427));
#1221=EDGE_LOOP('',(#3428,#3429,#3430,#3431));
#1222=EDGE_LOOP('',(#3432,#3433,#3434,#3435));
#1223=EDGE_LOOP('',(#3436,#3437,#3438));
#1224=EDGE_LOOP('',(#3439,#3440,#3441,#3442));
#1225=EDGE_LOOP('',(#3443,#3444,#3445,#3446));
#1226=EDGE_LOOP('',(#3447,#3448,#3449,#3450));
#1227=EDGE_LOOP('',(#3451,#3452,#3453,#3454));
#1228=EDGE_LOOP('',(#3455,#3456,#3457,#3458));
#1229=EDGE_LOOP('',(#3459,#3460,#3461,#3462));
#1230=EDGE_LOOP('',(#3463,#3464,#3465,#3466));
#1231=EDGE_LOOP('',(#3467,#3468,#3469,#3470));
#1232=EDGE_LOOP('',(#3471,#3472,#3473,#3474));
#1233=EDGE_LOOP('',(#3475,#3476,#3477,#3478));
#1234=EDGE_LOOP('',(#3479,#3480,#3481,#3482));
#1235=EDGE_LOOP('',(#3483,#3484,#3485,#3486));
#1236=EDGE_LOOP('',(#3487,#3488,#3489,#3490));
#1237=EDGE_LOOP('',(#3491,#3492,#3493,#3494));
#1238=EDGE_LOOP('',(#3495,#3496,#3497,#3498,#3499));
#1239=EDGE_LOOP('',(#3500,#3501,#3502,#3503,#3504,#3505,#3506));
#1240=EDGE_LOOP('',(#3507,#3508,#3509,#3510,#3511));
#1241=EDGE_LOOP('',(#3512,#3513,#3514,#3515,#3516,#3517,#3518));
#1242=EDGE_LOOP('',(#3519,#3520,#3521,#3522,#3523));
#1243=EDGE_LOOP('',(#3524,#3525,#3526,#3527,#3528));
#1244=EDGE_LOOP('',(#3529,#3530,#3531,#3532,#3533));
#1245=EDGE_LOOP('',(#3534,#3535,#3536,#3537,#3538));
#1246=EDGE_LOOP('',(#3539,#3540,#3541,#3542));
#1247=EDGE_LOOP('',(#3543));
#1248=EDGE_LOOP('',(#3544));
#1249=EDGE_LOOP('',(#3545,#3546));
#1250=EDGE_LOOP('',(#3547,#3548,#3549,#3550));
#1251=EDGE_LOOP('',(#3551,#3552,#3553));
#1252=EDGE_LOOP('',(#3554));
#1253=EDGE_LOOP('',(#3555,#3556,#3557,#3558,#3559));
#1254=EDGE_LOOP('',(#3560,#3561,#3562,#3563));
#1255=CIRCLE('',#3846,0.900000000000004);
#1256=CIRCLE('',#3848,0.899999999999991);
#1257=CIRCLE('',#3849,0.900000000000001);
#1258=CIRCLE('',#3851,0.900000000000008);
#1259=CIRCLE('',#3852,3.5);
#1260=CIRCLE('',#3853,2.6);
#1261=CIRCLE('',#3855,0.900000000000001);
#1262=CIRCLE('',#3856,0.899999999999996);
#1263=CIRCLE('',#3857,0.1);
#1264=CIRCLE('',#3858,1.);
#1265=CIRCLE('',#3860,0.900000000000002);
#1266=CIRCLE('',#3862,0.900000000000001);
#1267=CIRCLE('',#3863,1.65);
#1268=CIRCLE('',#3864,0.75);
#1269=CIRCLE('',#3866,0.9);
#1270=CIRCLE('',#3868,0.900000000000001);
#1271=CIRCLE('',#3869,1.65);
#1272=CIRCLE('',#3870,0.75);
#1273=CIRCLE('',#3872,0.900000000000004);
#1274=CIRCLE('',#3873,0.9);
#1275=CIRCLE('',#3874,0.0999999999999998);
#1276=CIRCLE('',#3875,1.);
#1277=CIRCLE('',#3877,0.9);
#1278=CIRCLE('',#3879,0.899999999999998);
#1279=CIRCLE('',#3880,3.5);
#1280=CIRCLE('',#3881,2.6);
#1281=CIRCLE('',#3882,0.900000000000001);
#1282=CIRCLE('',#3886,1.);
#1283=CIRCLE('',#3888,2.00000000000001);
#1284=CIRCLE('',#3889,6.);
#1285=CIRCLE('',#3890,2.);
#1286=CIRCLE('',#3894,1.75);
#1287=CIRCLE('',#3895,1.75);
#1288=CIRCLE('',#3897,0.750000000000005);
#1289=CIRCLE('',#3900,0.749999999999997);
#1290=CIRCLE('',#3904,1.75);
#1291=CIRCLE('',#3905,1.75);
#1292=CIRCLE('',#3912,1.);
#1293=CIRCLE('',#3914,0.900000000000001);
#1294=CIRCLE('',#3915,0.9);
#1295=CIRCLE('',#3917,0.9);
#1296=CIRCLE('',#3918,3.5);
#1297=CIRCLE('',#3919,2.6);
#1298=CIRCLE('',#3921,0.900000000000001);
#1299=CIRCLE('',#3922,0.899999999999991);
#1300=CIRCLE('',#3923,0.1);
#1301=CIRCLE('',#3924,1.);
#1302=CIRCLE('',#3926,0.900000000000001);
#1303=CIRCLE('',#3928,0.899999999999999);
#1304=CIRCLE('',#3929,1.65);
#1305=CIRCLE('',#3930,0.75);
#1306=CIRCLE('',#3932,0.9);
#1307=CIRCLE('',#3934,0.900000000000004);
#1308=CIRCLE('',#3935,1.65);
#1309=CIRCLE('',#3936,0.75);
#1310=CIRCLE('',#3938,0.900000000000004);
#1311=CIRCLE('',#3939,0.9);
#1312=CIRCLE('',#3940,0.0999999999999999);
#1313=CIRCLE('',#3941,1.);
#1314=CIRCLE('',#3943,0.900000000000001);
#1315=CIRCLE('',#3945,0.900000000000002);
#1316=CIRCLE('',#3946,3.5);
#1317=CIRCLE('',#3947,2.6);
#1318=CIRCLE('',#3948,0.899999999999998);
#1319=CIRCLE('',#3950,0.899999999999988);
#1320=CIRCLE('',#3958,0.749999999999989);
#1321=CIRCLE('',#3961,0.749999999999999);
#1322=CIRCLE('',#3965,2.);
#1323=CIRCLE('',#3966,6.);
#1324=CIRCLE('',#3967,2.);
#1325=CIRCLE('',#3969,0.999999999999998);
#1326=CIRCLE('',#3972,2.21966991411007);
#1327=CIRCLE('',#3973,0.75);
#1328=CIRCLE('',#3974,2.);
#1329=CIRCLE('',#3975,2.);
#1330=CIRCLE('',#3976,2.21966991411007);
#1331=CIRCLE('',#3978,2.99999999999999);
#1332=CIRCLE('',#3980,2.);
#1333=CIRCLE('',#3982,0.750000000000013);
#1334=CIRCLE('',#3983,1.);
#1335=CIRCLE('',#3985,0.75);
#1336=CIRCLE('',#3987,1.);
#1337=CIRCLE('',#3989,0.749999999999989);
#1338=CIRCLE('',#3990,1.);
#1339=CIRCLE('',#3992,0.749999999999989);
#1340=CIRCLE('',#3994,1.);
#1341=CIRCLE('',#3996,0.749999999999997);
#1342=CIRCLE('',#3998,0.75);
#1343=CIRCLE('',#4001,0.749999999999999);
#1344=CIRCLE('',#4002,0.75);
#1345=CIRCLE('',#4007,0.75);
#1346=CIRCLE('',#4009,0.749999999999991);
#1347=CIRCLE('',#4011,0.75);
#1348=CIRCLE('',#4013,1.);
#1349=CIRCLE('',#4015,0.749999999999999);
#1350=CIRCLE('',#4017,1.);
#1351=CIRCLE('',#4019,1.);
#1352=CIRCLE('',#4021,1.);
#1353=CIRCLE('',#4022,1.);
#1354=CIRCLE('',#4024,4.5);
#1355=CIRCLE('',#4025,2.00000000000001);
#1356=CIRCLE('',#4026,2.);
#1357=CIRCLE('',#4027,0.25);
#1358=CIRCLE('',#4028,2.5);
#1359=CIRCLE('',#4029,2.5);
#1360=CIRCLE('',#4031,0.75);
#1361=CIRCLE('',#4033,0.750000000000001);
#1362=CIRCLE('',#4034,0.75);
#1363=CIRCLE('',#4035,1.);
#1364=CIRCLE('',#4036,0.25);
#1365=CIRCLE('',#4038,0.75);
#1366=CIRCLE('',#4040,1.);
#1367=CIRCLE('',#4041,1.00000000000001);
#1368=CIRCLE('',#4042,2.);
#1369=CIRCLE('',#4044,2.5);
#1370=CIRCLE('',#4045,2.5);
#1371=CIRCLE('',#4046,2.);
#1372=CIRCLE('',#4047,1.99999999999999);
#1373=CIRCLE('',#4048,4.5);
#1374=CIRCLE('',#4050,0.999999999999997);
#1375=CIRCLE('',#4051,0.999999999999996);
#1376=CIRCLE('',#4053,0.75);
#1377=CIRCLE('',#4055,0.75);
#1378=CIRCLE('',#4056,0.75);
#1379=CIRCLE('',#4057,1.);
#1380=CIRCLE('',#4059,0.75);
#1381=CIRCLE('',#4061,2.);
#1382=CIRCLE('',#4063,0.999999999999998);
#1383=CIRCLE('',#4065,1.00000000000001);
#1384=CIRCLE('',#4068,1.);
#1385=CIRCLE('',#4069,0.999999999999996);
#1386=CIRCLE('',#4071,0.999999999999999);
#1387=CIRCLE('',#4072,1.);
#1388=CIRCLE('',#4074,1.);
#1389=CIRCLE('',#4076,1.);
#1390=CIRCLE('',#4078,1.);
#1391=CIRCLE('',#4079,1.);
#1392=CIRCLE('',#4081,1.);
#1393=CIRCLE('',#4084,1.);
#1394=CIRCLE('',#4086,1.);
#1395=CIRCLE('',#4087,1.);
#1396=CIRCLE('',#4088,1.);
#1397=CIRCLE('',#4089,1.);
#1398=CIRCLE('',#4090,3.);
#1399=CIRCLE('',#4091,3.);
#1400=CIRCLE('',#4094,3.5);
#1401=CIRCLE('',#4095,3.5);
#1402=CIRCLE('',#4098,1.);
#1403=CIRCLE('',#4101,0.999999999999994);
#1404=CIRCLE('',#4102,0.999999999999999);
#1405=CIRCLE('',#4117,2.);
#1406=CIRCLE('',#4119,0.999999999999996);
#1407=CIRCLE('',#4121,1.);
#1408=CIRCLE('',#4122,2.);
#1409=CIRCLE('',#4125,0.999999999999988);
#1410=CIRCLE('',#4126,1.);
#1411=CIRCLE('',#4127,2.);
#1412=CIRCLE('',#4131,1.);
#1413=CIRCLE('',#4132,1.);
#1414=CIRCLE('',#4136,0.999999999999999);
#1415=CIRCLE('',#4140,3.5);
#1416=CIRCLE('',#4141,1.);
#1417=CIRCLE('',#4144,1.);
#1418=CIRCLE('',#4147,1.);
#1419=CIRCLE('',#4150,1.);
#1420=CIRCLE('',#4151,2.);
#1421=CIRCLE('',#4155,0.999999999999996);
#1422=CIRCLE('',#4159,0.999999999999993);
#1423=CIRCLE('',#4166,1.);
#1424=CIRCLE('',#4169,1.);
#1425=CIRCLE('',#4171,3.5);
#1426=CIRCLE('',#4172,3.5);
#1427=CIRCLE('',#4175,1.);
#1428=CIRCLE('',#4177,1.);
#1429=CIRCLE('',#4181,0.999999999999998);
#1430=CIRCLE('',#4184,0.999999999999997);
#1431=CIRCLE('',#4187,1.);
#1432=CIRCLE('',#4190,1.);
#1433=CIRCLE('',#4192,1.);
#1434=CIRCLE('',#4194,1.);
#1435=CIRCLE('',#4195,0.999999999999999);
#1436=CIRCLE('',#4199,0.999999999999999);
#1437=CIRCLE('',#4202,3.);
#1438=CIRCLE('',#4204,0.999999999999998);
#1439=CIRCLE('',#4205,3.5);
#1440=CIRCLE('',#4207,1.);
#1441=CIRCLE('',#4209,3.5);
#1442=CIRCLE('',#4213,3.5);
#1443=CIRCLE('',#4218,1.);
#1444=CIRCLE('',#4221,0.999999999999998);
#1445=CIRCLE('',#4224,1.);
#1446=CIRCLE('',#4226,2.5);
#1447=CIRCLE('',#4228,5.);
#1448=CIRCLE('',#4229,6.);
#1449=CIRCLE('',#4231,6.);
#1450=CIRCLE('',#4235,0.999999999999995);
#1451=CIRCLE('',#4238,2.5);
#1452=CIRCLE('',#4240,1.);
#1453=CIRCLE('',#4242,5.);
#1454=CIRCLE('',#4249,0.999999999999996);
#1455=CIRCLE('',#4250,1.);
#1456=CIRCLE('',#4251,1.);
#1457=CIRCLE('',#4254,1.);
#1458=CIRCLE('',#4255,1.);
#1459=CIRCLE('',#4258,0.999999999999998);
#1460=CIRCLE('',#4259,0.999999999999998);
#1461=CIRCLE('',#4261,0.999999999999998);
#1462=CIRCLE('',#4262,1.);
#1463=CIRCLE('',#4263,1.);
#1464=CIRCLE('',#4266,1.);
#1465=CIRCLE('',#4269,0.999999999999999);
#1466=CIRCLE('',#4270,3.5);
#1467=CIRCLE('',#4273,1.);
#1468=CIRCLE('',#4274,1.);
#1469=CIRCLE('',#4276,1.);
#1470=CIRCLE('',#4277,1.);
#1471=CIRCLE('',#4278,0.999999999999998);
#1472=CIRCLE('',#4280,1.);
#1473=CIRCLE('',#4282,1.);
#1474=CIRCLE('',#4283,3.5);
#1475=CIRCLE('',#4299,2.);
#1476=CIRCLE('',#4300,2.);
#1477=CIRCLE('',#4302,2.);
#1478=CIRCLE('',#4304,2.);
#1479=CIRCLE('',#4306,2.);
#1480=CIRCLE('',#4307,2.);
#1481=CIRCLE('',#4309,2.);
#1482=CIRCLE('',#4311,2.);
#1483=CIRCLE('',#4312,2.);
#1484=CIRCLE('',#4314,2.);
#1485=B_SPLINE_CURVE_WITH_KNOTS('',3,(#5593,#5594,#5595,#5596,#5597,#5598,
#5599,#5600,#5601,#5602,#5603,#5604),.UNSPECIFIED.,.F.,.F.,(4,1,1,1,1,1,
1,2,4),(0.,0.0393122439811149,0.0786244879622297,0.0982806099527871,0.117936731943345,
0.157248975924459,0.176905097915017,0.196561219905574,0.196909233454189),
 .UNSPECIFIED.);
#1486=B_SPLINE_CURVE_WITH_KNOTS('',3,(#5606,#5607,#5608,#5609,#5610,#5611,
#5612,#5613,#5614,#5615,#5616,#5617),.UNSPECIFIED.,.F.,.F.,(4,2,1,1,1,1,
1,1,4),(-0.196909233454189,-0.196561219905574,-0.176905097915017,-0.157248975924459,
-0.117936731943345,-0.0982806099527871,-0.0786244879622297,-0.0393122439811149,
0.),.UNSPECIFIED.);
#1487=B_SPLINE_CURVE_WITH_KNOTS('',3,(#5656,#5657,#5658,#5659,#5660,#5661),
 .UNSPECIFIED.,.F.,.F.,(4,1,1,4),(-0.0159816434262091,-0.0114154595901493,
-0.00684927575408961,0.),.UNSPECIFIED.);
#1488=B_SPLINE_CURVE_WITH_KNOTS('',3,(#5664,#5665,#5666,#5667,#5668,#5669),
 .UNSPECIFIED.,.F.,.F.,(4,1,1,4),(0.,0.00684927575408961,0.0114154595901493,
0.0159816434262091),.UNSPECIFIED.);
#1489=B_SPLINE_CURVE_WITH_KNOTS('',3,(#5778,#5779,#5780,#5781,#5782),
 .UNSPECIFIED.,.F.,.F.,(4,1,4),(-0.0159814280680073,-0.00684918345771742,
0.),.UNSPECIFIED.);
#1490=B_SPLINE_CURVE_WITH_KNOTS('',3,(#5785,#5786,#5787,#5788,#5789),
 .UNSPECIFIED.,.F.,.F.,(4,1,4),(0.,0.00684918345771742,0.0159814280680073),
 .UNSPECIFIED.);
#1491=B_SPLINE_CURVE_WITH_KNOTS('',3,(#5793,#5794,#5795,#5796,#5797,#5798,
#5799,#5800,#5801,#5802,#5803,#5804),.UNSPECIFIED.,.F.,.F.,(4,2,2,2,2,4),
(-0.145192044729211,-0.144649490550792,-0.113022833129909,-0.0814812909589928,
-0.0353649469727371,0.),.UNSPECIFIED.);
#1492=B_SPLINE_CURVE_WITH_KNOTS('',3,(#5814,#5815,#5816,#5817,#5818,#5819),
 .UNSPECIFIED.,.F.,.F.,(4,2,4),(0.186527992702707,0.236452007961401,0.244614984869927),
 .UNSPECIFIED.);
#1493=B_SPLINE_CURVE_WITH_KNOTS('',3,(#5920,#5921,#5922,#5923,#5924,#5925),
 .UNSPECIFIED.,.F.,.F.,(4,1,1,4),(2.44573445486243,2.57933850752732,2.64614053385976,
2.69980857766484),.UNSPECIFIED.);
#1494=B_SPLINE_CURVE_WITH_KNOTS('',3,(#5965,#5966,#5967,#5968,#5969,#5970,
#5971,#5972,#5973,#5974,#5975,#5976,#5977,#5978,#5979,#5980,#5981,#5982,
#5983,#5984,#5985,#5986,#5987,#5988,#5989,#5990,#5991,#5992,#5993,#5994,
#5995,#5996,#5997,#5998,#5999,#6000,#6001,#6002,#6003,#6004,#6005,#6006,
#6007,#6008,#6009,#6010,#6011,#6012,#6013,#6014,#6015,#6016,#6017,#6018,
#6019,#6020,#6021,#6022,#6023,#6024,#6025,#6026,#6027,#6028,#6029,#6030,
#6031),.UNSPECIFIED.,.F.,.F.,(4,3,3,3,3,3,3,3,3,3,3,3,3,3,3,3,3,3,3,3,3,
3,4),(-2.91334863918922,-2.8944801878945,-2.88874898934138,-2.85333383651906,
-2.82184333567167,-2.78814521881513,-2.77958498857097,-2.74512929176417,
-2.717224508636,-2.68856846936379,-2.65859980523277,-2.65578698443352,-2.64586048966375,
-2.61631089094334,-2.58586783062488,-2.57915644765806,-2.56974847139686,
-2.56280266313741,-2.55800627503716,-2.5152392707694,-2.48048686281591,
-2.47195068713406,-2.44573445486243),.UNSPECIFIED.);
#1495=B_SPLINE_CURVE_WITH_KNOTS('',3,(#6040,#6041,#6042,#6043,#6044,#6045,
#6046,#6047,#6048,#6049,#6050,#6051),.UNSPECIFIED.,.F.,.F.,(4,2,2,2,2,4),
(-0.145767216021091,-0.110128999492366,-0.0636563085036774,-0.0318710407241752,
0.,0.000546746565131537),.UNSPECIFIED.);
#1496=B_SPLINE_CURVE_WITH_KNOTS('',3,(#6079,#6080,#6081,#6082,#6083),
 .UNSPECIFIED.,.F.,.F.,(4,1,4),(-0.0159816434262098,-0.00913236767211989,
0.),.UNSPECIFIED.);
#1497=B_SPLINE_CURVE_WITH_KNOTS('',3,(#6086,#6087,#6088,#6089,#6090),
 .UNSPECIFIED.,.F.,.F.,(4,1,4),(0.,0.00913236767211989,0.0159816434262098),
 .UNSPECIFIED.);
#1498=B_SPLINE_CURVE_WITH_KNOTS('',3,(#6193,#6194,#6195,#6196,#6197),
 .UNSPECIFIED.,.F.,.F.,(4,1,4),(-0.015981428068008,-0.00684918345771769,
0.),.UNSPECIFIED.);
#1499=B_SPLINE_CURVE_WITH_KNOTS('',3,(#6200,#6201,#6202,#6203,#6204),
 .UNSPECIFIED.,.F.,.F.,(4,1,4),(0.,0.00684918345771769,0.015981428068008),
 .UNSPECIFIED.);
#1500=B_SPLINE_CURVE_WITH_KNOTS('',3,(#6264,#6265,#6266,#6267,#6268,#6269,
#6270,#6271,#6272,#6273,#6274,#6275,#6276),.UNSPECIFIED.,.F.,.F.,(4,1,1,
1,1,1,1,1,2,4),(-0.196561219815869,-0.157248975852695,-0.117936731889521,
-0.0982806099079345,-0.0786244879263476,-0.0589683659447607,-0.0393122439631738,
-0.0196561219815869,0.,0.000348013566663241),.UNSPECIFIED.);
#1501=B_SPLINE_CURVE_WITH_KNOTS('',3,(#6277,#6278,#6279,#6280,#6281,#6282,
#6283,#6284,#6285,#6286,#6287,#6288,#6289),.UNSPECIFIED.,.F.,.F.,(4,2,1,
1,1,1,1,1,1,4),(-0.000348013566663241,0.,0.0196561219815869,0.0393122439631738,
0.0589683659447607,0.0786244879263476,0.0982806099079345,0.117936731889521,
0.157248975852695,0.196561219815869),.UNSPECIFIED.);
#1502=B_SPLINE_CURVE_WITH_KNOTS('',3,(#6297,#6298,#6299,#6300,#6301),
 .UNSPECIFIED.,.F.,.F.,(4,1,4),(0.321052508473524,0.441664889640286,0.575268941650291),
 .UNSPECIFIED.);
#1503=B_SPLINE_CURVE_WITH_KNOTS('',3,(#6350,#6351,#6352,#6353,#6354,#6355),
 .UNSPECIFIED.,.F.,.F.,(4,2,4),(1.15776349632405,1.16592647323258,1.21585048849127),
 .UNSPECIFIED.);
#1504=B_SPLINE_CURVE_WITH_KNOTS('',3,(#6481,#6482,#6483,#6484,#6485,#6486,
#6487,#6488,#6489,#6490,#6491,#6492),.UNSPECIFIED.,.F.,.F.,(4,2,2,2,2,4),
(0.0112734648768089,0.0223975331562069,0.0447950663124138,0.0895901326248276,
0.12262875599269,0.155667379360553),.UNSPECIFIED.);
#1505=B_SPLINE_CURVE_WITH_KNOTS('',3,(#6498,#6499,#6500,#6501,#6502,#6503),
 .UNSPECIFIED.,.F.,.F.,(4,2,4),(-0.00042640100591121,0.,0.00942865742717918),
 .UNSPECIFIED.);
#1506=B_SPLINE_CURVE_WITH_KNOTS('',3,(#6507,#6508,#6509,#6510,#6511,#6512,
#6513,#6514,#6515,#6516,#6517,#6518),.UNSPECIFIED.,.F.,.F.,(4,2,2,2,2,4),
(0.115028280077658,0.148066903445521,0.181105526813383,0.225900593125797,
0.248298126282003,0.259422194561335),.UNSPECIFIED.);
#1507=B_SPLINE_CURVE_WITH_KNOTS('',3,(#6524,#6525,#6526,#6527,#6528,#6529),
 .UNSPECIFIED.,.F.,.F.,(4,2,4),(0.504700731259297,0.514129388686395,0.514555789692261),
 .UNSPECIFIED.);
#1508=B_SPLINE_CURVE_WITH_KNOTS('',3,(#6574,#6575,#6576,#6577,#6578,#6579,
#6580,#6581,#6582,#6583,#6584,#6585),.UNSPECIFIED.,.F.,.F.,(4,2,1,1,1,1,
1,1,4),(-0.283171131637913,-0.282579516141188,-0.22606361291295,-0.197805661298831,
-0.169547709684713,-0.141289758070594,-0.113031806456475,-0.0565159032282375,
0.),.UNSPECIFIED.);
#1509=B_SPLINE_CURVE_WITH_KNOTS('',3,(#6606,#6607,#6608,#6609,#6610,#6611,
#6612,#6613,#6614,#6615),.UNSPECIFIED.,.F.,.F.,(4,2,2,2,4),(0.24236808189328,
0.255289224930528,0.307695426048845,0.325180425312033,0.336518790148622),
 .UNSPECIFIED.);
#1510=B_SPLINE_CURVE_WITH_KNOTS('',3,(#6616,#6617,#6618,#6619,#6620,#6621,
#6622,#6623,#6624,#6625,#6626,#6627,#6628,#6629,#6630,#6631,#6632,#6633,
#6634,#6635,#6636,#6637,#6638,#6639,#6640,#6641,#6642,#6643,#6644,#6645,
#6646),.UNSPECIFIED.,.F.,.F.,(4,3,3,3,3,3,3,3,3,3,4),(0.0967119310346323,
0.0989094549502801,0.103997793558266,0.116532523774018,0.127147070187138,
0.129067253989771,0.138694948608584,0.148202232120066,0.157056116264549,
0.165417938422387,0.165910000409032),.UNSPECIFIED.);
#1511=B_SPLINE_CURVE_WITH_KNOTS('',3,(#6684,#6685,#6686,#6687,#6688,#6689),
 .UNSPECIFIED.,.F.,.F.,(4,1,1,4),(0.147852405335732,0.17367568777675,0.206184943556546,
0.292876292302668),.UNSPECIFIED.);
#1512=B_SPLINE_CURVE_WITH_KNOTS('',3,(#6692,#6693,#6694,#6695,#6696),
 .UNSPECIFIED.,.F.,.F.,(4,1,4),(-0.292876292302668,-0.206184943556546,-0.193406760220265),
 .UNSPECIFIED.);
#1513=B_SPLINE_CURVE_WITH_KNOTS('',3,(#6697,#6698,#6699,#6700,#6701,#6702,
#6703,#6704),.UNSPECIFIED.,.F.,.F.,(4,2,2,4),(0.,0.0366743593979338,0.0746534098097403,
0.0970631204685549),.UNSPECIFIED.);
#1514=B_SPLINE_CURVE_WITH_KNOTS('',3,(#6793,#6794,#6795,#6796,#6797,#6798,
#6799,#6800,#6801,#6802,#6803),.UNSPECIFIED.,.F.,.F.,(4,1,1,1,1,1,2,4),
(-0.282579516141201,-0.226063612912961,-0.169547709684721,-0.141289758070601,
-0.113031806456481,-0.0565159032282403,0.,0.00059161549671115),
 .UNSPECIFIED.);
#1515=B_SPLINE_CURVE_WITH_KNOTS('',3,(#6804,#6805,#6806,#6807,#6808,#6809,
#6810,#6811,#6812,#6813,#6814),.UNSPECIFIED.,.F.,.F.,(4,2,1,1,1,1,1,4),
(-0.00059161549671115,0.,0.0565159032282403,0.113031806456481,0.141289758070601,
0.169547709684721,0.226063612912961,0.282579516141201),.UNSPECIFIED.);
#1516=B_SPLINE_CURVE_WITH_KNOTS('',3,(#6869,#6870,#6871,#6872,#6873,#6874,
#6875,#6876),.UNSPECIFIED.,.F.,.F.,(4,2,2,4),(0.,0.0258265137685313,0.0502203886756777,
0.0689548059307718),.UNSPECIFIED.);
#1517=B_SPLINE_CURVE_WITH_KNOTS('',3,(#6877,#6878,#6879,#6880,#6881,#6882,
#6883,#6884,#6885,#6886),.UNSPECIFIED.,.F.,.F.,(4,2,2,2,4),(0.336518790148622,
0.347857154985211,0.365342154248398,0.417748355366716,0.430669498403964),
 .UNSPECIFIED.);
#1518=B_SPLINE_CURVE_WITH_KNOTS('',3,(#6923,#6924,#6925,#6926,#6927,#6928,
#6929,#6930,#6931,#6932),.UNSPECIFIED.,.F.,.F.,(4,2,2,2,4),(0.307362566067948,
0.308293233676779,0.343187716086103,0.374469385780719,0.403888240254377),
 .UNSPECIFIED.);
#1519=B_SPLINE_CURVE_WITH_KNOTS('',3,(#6934,#6935,#6936,#6937,#6938),
 .UNSPECIFIED.,.F.,.F.,(4,1,4),(0.193406546360512,0.206020955533957,0.292876292302666),
 .UNSPECIFIED.);
#1520=B_SPLINE_CURVE_WITH_KNOTS('',3,(#6940,#6941,#6942,#6943,#6944,#6945),
 .UNSPECIFIED.,.F.,.F.,(4,1,1,4),(-0.292876292302666,-0.206020955533957,
-0.173450204245691,-0.147851403823778),.UNSPECIFIED.);
#1521=B_SPLINE_CURVE_WITH_KNOTS('',3,(#7032,#7033,#7034,#7035,#7036,#7037,
#7038,#7039,#7040,#7041,#7042,#7043),.UNSPECIFIED.,.F.,.F.,(4,1,1,1,1,1,
1,2,4),(0.,0.0565159032282375,0.113031806456475,0.141289758070594,0.169547709684713,
0.197805661298831,0.22606361291295,0.282579516141188,0.283171131637913),
 .UNSPECIFIED.);
#1522=B_SPLINE_CURVE_WITH_KNOTS('',3,(#7092,#7093,#7094,#7095,#7096,#7097,
#7098),.UNSPECIFIED.,.F.,.F.,(4,1,1,1,4),(-0.575268941650291,-0.441664889640286,
-0.308060837630281,-0.174456785620276,-0.107654759615274),.UNSPECIFIED.);
#1523=B_SPLINE_CURVE_WITH_KNOTS('',3,(#7135,#7136,#7137,#7138,#7139,#7140),
 .UNSPECIFIED.,.F.,.F.,(4,2,4),(0.,0.117562819132908,0.194026045695578),
 .UNSPECIFIED.);
#1524=B_SPLINE_CURVE_WITH_KNOTS('',3,(#7144,#7145,#7146,#7147,#7148,#7149),
 .UNSPECIFIED.,.F.,.F.,(4,2,4),(0.50553224003851,0.581995466601179,0.699558285734088),
 .UNSPECIFIED.);
#1525=B_SPLINE_CURVE_WITH_KNOTS('',3,(#7161,#7162,#7163,#7164,#7165,#7166,
#7167,#7168),.UNSPECIFIED.,.F.,.F.,(4,2,2,4),(0.234246260030289,0.266928929446181,
0.302889014623173,0.337257478983372),.UNSPECIFIED.);
#1526=B_SPLINE_CURVE_WITH_KNOTS('',3,(#7172,#7173,#7174,#7175,#7176,#7177,
#7178,#7179),.UNSPECIFIED.,.F.,.F.,(4,2,2,4),(0.,0.0435088816192775,0.0877774159072943,
0.103063376129396),.UNSPECIFIED.);
#1527=B_SPLINE_CURVE_WITH_KNOTS('',3,(#7191,#7192,#7193,#7194,#7195,#7196),
 .UNSPECIFIED.,.F.,.F.,(4,2,4),(0.,0.117562819132909,0.194026045695578),
 .UNSPECIFIED.);
#1528=B_SPLINE_CURVE_WITH_KNOTS('',3,(#7200,#7201,#7202,#7203,#7204,#7205),
 .UNSPECIFIED.,.F.,.F.,(4,2,4),(0.50553224003851,0.58199546660118,0.699558285734087),
 .UNSPECIFIED.);
#1529=B_SPLINE_CURVE_WITH_KNOTS('',3,(#7251,#7252,#7253,#7254,#7255),
 .UNSPECIFIED.,.F.,.F.,(4,1,4),(0.310545849259864,0.330540258308849,0.420845587761164),
 .UNSPECIFIED.);
#1530=B_SPLINE_CURVE_WITH_KNOTS('',3,(#7324,#7325,#7326,#7327,#7328,#7329),
 .UNSPECIFIED.,.F.,.F.,(4,2,4),(0.136665581504709,0.191523495400615,0.191992406168084),
 .UNSPECIFIED.);
#1531=B_SPLINE_CURVE_WITH_KNOTS('',3,(#7330,#7331,#7332,#7333,#7334),
 .UNSPECIFIED.,.F.,.F.,(4,1,4),(-0.316068653083103,-0.135457994178473,-1.27462143404071E-16),
 .UNSPECIFIED.);
#1532=B_SPLINE_CURVE_WITH_KNOTS('',3,(#7335,#7336,#7337,#7338),
 .UNSPECIFIED.,.F.,.F.,(4,4),(1.27462143404071E-16,0.110151597030515),
 .UNSPECIFIED.);
#1533=B_SPLINE_CURVE_WITH_KNOTS('',3,(#7385,#7386,#7387,#7388,#7389,#7390),
 .UNSPECIFIED.,.F.,.F.,(4,1,1,4),(-0.420845587761164,-0.330540258308849,
-0.240234928856534,-0.104776934678061),.UNSPECIFIED.);
#1534=B_SPLINE_CURVE_WITH_KNOTS('',3,(#7391,#7392,#7393,#7394,#7395,#7396),
 .UNSPECIFIED.,.F.,.F.,(4,2,4),(-0.000563951395585816,0.,0.0659767065858149),
 .UNSPECIFIED.);
#1535=B_SPLINE_CURVE_WITH_KNOTS('',3,(#7486,#7487,#7488,#7489,#7490,#7491,
#7492,#7493,#7494,#7495),.UNSPECIFIED.,.F.,.F.,(4,2,2,2,4),(-0.15168430137392,
-0.11360529012359,-0.0755262788732595,-0.0377631394366298,0.),
 .UNSPECIFIED.);
#1536=B_SPLINE_CURVE_WITH_KNOTS('',3,(#7498,#7499,#7500,#7501,#7502,#7503,
#7504,#7505,#7506,#7507,#7508,#7509,#7510,#7511),.UNSPECIFIED.,.F.,.F.,
(4,2,2,2,2,2,4),(-0.157800926279296,-0.119422079670553,-0.0806180485510939,
-0.0410937229118871,-0.0205525236682759,0.,0.000678638082826148),
 .UNSPECIFIED.);
#1537=B_SPLINE_CURVE_WITH_KNOTS('',3,(#7525,#7526,#7527,#7528,#7529,#7530,
#7531,#7532,#7533,#7534),.UNSPECIFIED.,.F.,.F.,(4,2,2,2,4),(0.,0.0377631394366297,
0.0755262788732594,0.11360529012359,0.15168430137392),.UNSPECIFIED.);
#1538=B_SPLINE_CURVE_WITH_KNOTS('',3,(#7535,#7536,#7537,#7538,#7539,#7540,
#7541,#7542,#7543,#7544,#7545,#7546,#7547,#7548),.UNSPECIFIED.,.F.,.F.,
(4,2,2,2,2,2,4),(-0.158420652930833,-0.157742267109414,-0.137197383489939,
-0.116663819992016,-0.0771541866649087,-0.0383645801036635,0.),
 .UNSPECIFIED.);
#1539=B_SPLINE_CURVE_WITH_KNOTS('',3,(#7641,#7642,#7643,#7644,#7645,#7646,
#7647,#7648,#7649,#7650),.UNSPECIFIED.,.F.,.F.,(4,2,2,2,4),(0.455930422564715,
0.495106411528453,0.533200519537867,0.570402361861308,0.607004427535796),
 .UNSPECIFIED.);
#1540=B_SPLINE_CURVE_WITH_KNOTS('',3,(#7680,#7681,#7682,#7683,#7684,#7685,
#7686,#7687,#7688,#7689),.UNSPECIFIED.,.F.,.F.,(4,2,2,2,4),(0.,0.0366020656744879,
0.0738039079979292,0.111898016007343,0.151074004971081),.UNSPECIFIED.);
#1541=VERTEX_POINT('',#5591);
#1542=VERTEX_POINT('',#5592);
#1543=VERTEX_POINT('',#5605);
#1544=VERTEX_POINT('',#5620);
#1545=VERTEX_POINT('',#5621);
#1546=VERTEX_POINT('',#5655);
#1547=VERTEX_POINT('',#5662);
#1548=VERTEX_POINT('',#5671);
#1549=VERTEX_POINT('',#5672);
#1550=VERTEX_POINT('',#5677);
#1551=VERTEX_POINT('',#5678);
#1552=VERTEX_POINT('',#5691);
#1553=VERTEX_POINT('',#5692);
#1554=VERTEX_POINT('',#5697);
#1555=VERTEX_POINT('',#5698);
#1556=VERTEX_POINT('',#5703);
#1557=VERTEX_POINT('',#5704);
#1558=VERTEX_POINT('',#5709);
#1559=VERTEX_POINT('',#5710);
#1560=VERTEX_POINT('',#5715);
#1561=VERTEX_POINT('',#5716);
#1562=VERTEX_POINT('',#5721);
#1563=VERTEX_POINT('',#5722);
#1564=VERTEX_POINT('',#5735);
#1565=VERTEX_POINT('',#5736);
#1566=VERTEX_POINT('',#5741);
#1567=VERTEX_POINT('',#5742);
#1568=VERTEX_POINT('',#5747);
#1569=VERTEX_POINT('',#5748);
#1570=VERTEX_POINT('',#5777);
#1571=VERTEX_POINT('',#5783);
#1572=VERTEX_POINT('',#5791);
#1573=VERTEX_POINT('',#5792);
#1574=VERTEX_POINT('',#5808);
#1575=VERTEX_POINT('',#5810);
#1576=VERTEX_POINT('',#5812);
#1577=VERTEX_POINT('',#5821);
#1578=VERTEX_POINT('',#5825);
#1579=VERTEX_POINT('',#5827);
#1580=VERTEX_POINT('',#5829);
#1581=VERTEX_POINT('',#5831);
#1582=VERTEX_POINT('',#5833);
#1583=VERTEX_POINT('',#5835);
#1584=VERTEX_POINT('',#5837);
#1585=VERTEX_POINT('',#5839);
#1586=VERTEX_POINT('',#5843);
#1587=VERTEX_POINT('',#5847);
#1588=VERTEX_POINT('',#5849);
#1589=VERTEX_POINT('',#5851);
#1590=VERTEX_POINT('',#5853);
#1591=VERTEX_POINT('',#5855);
#1592=VERTEX_POINT('',#5857);
#1593=VERTEX_POINT('',#5859);
#1594=VERTEX_POINT('',#5861);
#1595=VERTEX_POINT('',#5863);
#1596=VERTEX_POINT('',#5867);
#1597=VERTEX_POINT('',#5871);
#1598=VERTEX_POINT('',#5875);
#1599=VERTEX_POINT('',#5879);
#1600=VERTEX_POINT('',#5881);
#1601=VERTEX_POINT('',#5883);
#1602=VERTEX_POINT('',#5885);
#1603=VERTEX_POINT('',#5887);
#1604=VERTEX_POINT('',#5889);
#1605=VERTEX_POINT('',#5891);
#1606=VERTEX_POINT('',#5893);
#1607=VERTEX_POINT('',#5895);
#1608=VERTEX_POINT('',#5897);
#1609=VERTEX_POINT('',#5899);
#1610=VERTEX_POINT('',#5901);
#1611=VERTEX_POINT('',#5903);
#1612=VERTEX_POINT('',#5907);
#1613=VERTEX_POINT('',#5911);
#1614=VERTEX_POINT('',#5915);
#1615=VERTEX_POINT('',#5919);
#1616=VERTEX_POINT('',#5926);
#1617=VERTEX_POINT('',#5964);
#1618=VERTEX_POINT('',#6034);
#1619=VERTEX_POINT('',#6035);
#1620=VERTEX_POINT('',#6037);
#1621=VERTEX_POINT('',#6039);
#1622=VERTEX_POINT('',#6078);
#1623=VERTEX_POINT('',#6084);
#1624=VERTEX_POINT('',#6092);
#1625=VERTEX_POINT('',#6093);
#1626=VERTEX_POINT('',#6098);
#1627=VERTEX_POINT('',#6099);
#1628=VERTEX_POINT('',#6112);
#1629=VERTEX_POINT('',#6117);
#1630=VERTEX_POINT('',#6121);
#1631=VERTEX_POINT('',#6122);
#1632=VERTEX_POINT('',#6127);
#1633=VERTEX_POINT('',#6128);
#1634=VERTEX_POINT('',#6133);
#1635=VERTEX_POINT('',#6138);
#1636=VERTEX_POINT('',#6150);
#1637=VERTEX_POINT('',#6151);
#1638=VERTEX_POINT('',#6156);
#1639=VERTEX_POINT('',#6157);
#1640=VERTEX_POINT('',#6162);
#1641=VERTEX_POINT('',#6163);
#1642=VERTEX_POINT('',#6192);
#1643=VERTEX_POINT('',#6198);
#1644=VERTEX_POINT('',#6206);
#1645=VERTEX_POINT('',#6207);
#1646=VERTEX_POINT('',#6263);
#1647=VERTEX_POINT('',#6291);
#1648=VERTEX_POINT('',#6293);
#1649=VERTEX_POINT('',#6295);
#1650=VERTEX_POINT('',#6303);
#1651=VERTEX_POINT('',#6307);
#1652=VERTEX_POINT('',#6313);
#1653=VERTEX_POINT('',#6317);
#1654=VERTEX_POINT('',#6323);
#1655=VERTEX_POINT('',#6327);
#1656=VERTEX_POINT('',#6329);
#1657=VERTEX_POINT('',#6331);
#1658=VERTEX_POINT('',#6333);
#1659=VERTEX_POINT('',#6335);
#1660=VERTEX_POINT('',#6337);
#1661=VERTEX_POINT('',#6339);
#1662=VERTEX_POINT('',#6341);
#1663=VERTEX_POINT('',#6345);
#1664=VERTEX_POINT('',#6349);
#1665=VERTEX_POINT('',#6356);
#1666=VERTEX_POINT('',#6360);
#1667=VERTEX_POINT('',#6361);
#1668=VERTEX_POINT('',#6363);
#1669=VERTEX_POINT('',#6365);
#1670=VERTEX_POINT('',#6370);
#1671=VERTEX_POINT('',#6374);
#1672=VERTEX_POINT('',#6378);
#1673=VERTEX_POINT('',#6382);
#1674=VERTEX_POINT('',#6388);
#1675=VERTEX_POINT('',#6392);
#1676=VERTEX_POINT('',#6398);
#1677=VERTEX_POINT('',#6400);
#1678=VERTEX_POINT('',#6428);
#1679=VERTEX_POINT('',#6432);
#1680=VERTEX_POINT('',#6460);
#1681=VERTEX_POINT('',#6464);
#1682=VERTEX_POINT('',#6468);
#1683=VERTEX_POINT('',#6470);
#1684=VERTEX_POINT('',#6474);
#1685=VERTEX_POINT('',#6476);
#1686=VERTEX_POINT('',#6480);
#1687=VERTEX_POINT('',#6493);
#1688=VERTEX_POINT('',#6497);
#1689=VERTEX_POINT('',#6506);
#1690=VERTEX_POINT('',#6519);
#1691=VERTEX_POINT('',#6523);
#1692=VERTEX_POINT('',#6535);
#1693=VERTEX_POINT('',#6537);
#1694=VERTEX_POINT('',#6539);
#1695=VERTEX_POINT('',#6541);
#1696=VERTEX_POINT('',#6545);
#1697=VERTEX_POINT('',#6547);
#1698=VERTEX_POINT('',#6549);
#1699=VERTEX_POINT('',#6551);
#1700=VERTEX_POINT('',#6553);
#1701=VERTEX_POINT('',#6555);
#1702=VERTEX_POINT('',#6557);
#1703=VERTEX_POINT('',#6559);
#1704=VERTEX_POINT('',#6561);
#1705=VERTEX_POINT('',#6563);
#1706=VERTEX_POINT('',#6565);
#1707=VERTEX_POINT('',#6567);
#1708=VERTEX_POINT('',#6569);
#1709=VERTEX_POINT('',#6571);
#1710=VERTEX_POINT('',#6573);
#1711=VERTEX_POINT('',#6586);
#1712=VERTEX_POINT('',#6588);
#1713=VERTEX_POINT('',#6590);
#1714=VERTEX_POINT('',#6592);
#1715=VERTEX_POINT('',#6594);
#1716=VERTEX_POINT('',#6596);
#1717=VERTEX_POINT('',#6598);
#1718=VERTEX_POINT('',#6602);
#1719=VERTEX_POINT('',#6603);
#1720=VERTEX_POINT('',#6605);
#1721=VERTEX_POINT('',#6683);
#1722=VERTEX_POINT('',#6690);
#1723=VERTEX_POINT('',#6706);
#1724=VERTEX_POINT('',#6707);
#1725=VERTEX_POINT('',#6726);
#1726=VERTEX_POINT('',#6727);
#1727=VERTEX_POINT('',#6732);
#1728=VERTEX_POINT('',#6733);
#1729=VERTEX_POINT('',#6792);
#1730=VERTEX_POINT('',#6816);
#1731=VERTEX_POINT('',#6818);
#1732=VERTEX_POINT('',#6822);
#1733=VERTEX_POINT('',#6824);
#1734=VERTEX_POINT('',#6826);
#1735=VERTEX_POINT('',#6828);
#1736=VERTEX_POINT('',#6830);
#1737=VERTEX_POINT('',#6832);
#1738=VERTEX_POINT('',#6834);
#1739=VERTEX_POINT('',#6836);
#1740=VERTEX_POINT('',#6839);
#1741=VERTEX_POINT('',#6841);
#1742=VERTEX_POINT('',#6843);
#1743=VERTEX_POINT('',#6845);
#1744=VERTEX_POINT('',#6847);
#1745=VERTEX_POINT('',#6849);
#1746=VERTEX_POINT('',#6851);
#1747=VERTEX_POINT('',#6853);
#1748=VERTEX_POINT('',#6855);
#1749=VERTEX_POINT('',#6857);
#1750=VERTEX_POINT('',#6861);
#1751=VERTEX_POINT('',#6865);
#1752=VERTEX_POINT('',#6866);
#1753=VERTEX_POINT('',#6868);
#1754=VERTEX_POINT('',#6933);
#1755=VERTEX_POINT('',#6947);
#1756=VERTEX_POINT('',#6965);
#1757=VERTEX_POINT('',#6969);
#1758=VERTEX_POINT('',#7045);
#1759=VERTEX_POINT('',#7047);
#1760=VERTEX_POINT('',#7051);
#1761=VERTEX_POINT('',#7101);
#1762=VERTEX_POINT('',#7103);
#1763=VERTEX_POINT('',#7105);
#1764=VERTEX_POINT('',#7116);
#1765=VERTEX_POINT('',#7119);
#1766=VERTEX_POINT('',#7125);
#1767=VERTEX_POINT('',#7132);
#1768=VERTEX_POINT('',#7134);
#1769=VERTEX_POINT('',#7141);
#1770=VERTEX_POINT('',#7143);
#1771=VERTEX_POINT('',#7150);
#1772=VERTEX_POINT('',#7152);
#1773=VERTEX_POINT('',#7154);
#1774=VERTEX_POINT('',#7156);
#1775=VERTEX_POINT('',#7158);
#1776=VERTEX_POINT('',#7160);
#1777=VERTEX_POINT('',#7169);
#1778=VERTEX_POINT('',#7171);
#1779=VERTEX_POINT('',#7180);
#1780=VERTEX_POINT('',#7182);
#1781=VERTEX_POINT('',#7184);
#1782=VERTEX_POINT('',#7186);
#1783=VERTEX_POINT('',#7188);
#1784=VERTEX_POINT('',#7190);
#1785=VERTEX_POINT('',#7197);
#1786=VERTEX_POINT('',#7199);
#1787=VERTEX_POINT('',#7207);
#1788=VERTEX_POINT('',#7209);
#1789=VERTEX_POINT('',#7215);
#1790=VERTEX_POINT('',#7226);
#1791=VERTEX_POINT('',#7231);
#1792=VERTEX_POINT('',#7233);
#1793=VERTEX_POINT('',#7235);
#1794=VERTEX_POINT('',#7239);
#1795=VERTEX_POINT('',#7240);
#1796=VERTEX_POINT('',#7243);
#1797=VERTEX_POINT('',#7257);
#1798=VERTEX_POINT('',#7258);
#1799=VERTEX_POINT('',#7261);
#1800=VERTEX_POINT('',#7265);
#1801=VERTEX_POINT('',#7267);
#1802=VERTEX_POINT('',#7269);
#1803=VERTEX_POINT('',#7323);
#1804=VERTEX_POINT('',#7340);
#1805=VERTEX_POINT('',#7384);
#1806=VERTEX_POINT('',#7429);
#1807=VERTEX_POINT('',#7430);
#1808=VERTEX_POINT('',#7435);
#1809=VERTEX_POINT('',#7437);
#1810=VERTEX_POINT('',#7473);
#1811=VERTEX_POINT('',#7475);
#1812=VERTEX_POINT('',#7481);
#1813=VERTEX_POINT('',#7485);
#1814=VERTEX_POINT('',#7496);
#1815=VERTEX_POINT('',#7515);
#1816=VERTEX_POINT('',#7517);
#1817=VERTEX_POINT('',#7522);
#1818=VERTEX_POINT('',#7523);
#1819=VERTEX_POINT('',#7552);
#1820=VERTEX_POINT('',#7556);
#1821=VERTEX_POINT('',#7560);
#1822=VERTEX_POINT('',#7564);
#1823=VERTEX_POINT('',#7566);
#1824=VERTEX_POINT('',#7576);
#1825=VERTEX_POINT('',#7580);
#1826=VERTEX_POINT('',#7584);
#1827=VERTEX_POINT('',#7595);
#1828=VERTEX_POINT('',#7598);
#1829=VERTEX_POINT('',#7602);
#1830=VERTEX_POINT('',#7610);
#1831=VERTEX_POINT('',#7623);
#1832=VERTEX_POINT('',#7624);
#1833=VERTEX_POINT('',#7626);
#1834=VERTEX_POINT('',#7628);
#1835=VERTEX_POINT('',#7632);
#1836=VERTEX_POINT('',#7639);
#1837=VERTEX_POINT('',#7640);
#1838=VERTEX_POINT('',#7655);
#1839=VERTEX_POINT('',#7657);
#1840=VERTEX_POINT('',#7661);
#1841=VERTEX_POINT('',#7667);
#1842=VERTEX_POINT('',#7669);
#1843=VERTEX_POINT('',#7675);
#1844=VERTEX_POINT('',#7679);
#1845=VERTEX_POINT('',#7700);
#1846=VERTEX_POINT('',#7701);
#1847=VERTEX_POINT('',#7708);
#1848=VERTEX_POINT('',#7714);
#1849=VERTEX_POINT('',#7718);
#1850=VERTEX_POINT('',#7719);
#1851=VERTEX_POINT('',#7726);
#1852=VERTEX_POINT('',#7731);
#1853=VERTEX_POINT('',#7737);
#1854=VERTEX_POINT('',#7741);
#1855=VERTEX_POINT('',#7742);
#1856=VERTEX_POINT('',#7747);
#1857=VERTEX_POINT('',#7751);
#1858=VERTEX_POINT('',#7781);
#1859=VERTEX_POINT('',#7783);
#1860=VERTEX_POINT('',#7787);
#1861=VERTEX_POINT('',#7789);
#1862=VERTEX_POINT('',#7791);
#1863=VERTEX_POINT('',#7795);
#1864=VERTEX_POINT('',#7797);
#1865=VERTEX_POINT('',#7801);
#1866=VERTEX_POINT('',#7805);
#1867=VERTEX_POINT('',#7807);
#1868=VERTEX_POINT('',#7811);
#1869=EDGE_CURVE('',#1541,#1542,#1485,.T.);
#1870=EDGE_CURVE('',#1542,#1543,#1486,.T.);
#1871=EDGE_CURVE('',#1543,#1541,#1255,.T.);
#1872=EDGE_CURVE('',#1544,#1545,#1256,.T.);
#1873=EDGE_CURVE('',#1545,#1541,#161,.T.);
#1874=EDGE_CURVE('',#1543,#1544,#162,.T.);
#1875=EDGE_CURVE('',#1544,#1546,#1487,.T.);
#1876=EDGE_CURVE('',#1546,#1547,#1257,.T.);
#1877=EDGE_CURVE('',#1547,#1545,#1488,.T.);
#1878=EDGE_CURVE('',#1548,#1549,#1258,.T.);
#1879=EDGE_CURVE('',#1549,#1547,#1259,.T.);
#1880=EDGE_CURVE('',#1546,#1548,#1260,.T.);
#1881=EDGE_CURVE('',#1550,#1551,#1261,.T.);
#1882=EDGE_CURVE('',#1551,#1549,#163,.T.);
#1883=EDGE_CURVE('',#1548,#1550,#164,.T.);
#1884=EDGE_CURVE('',#1552,#1553,#1262,.T.);
#1885=EDGE_CURVE('',#1553,#1551,#1263,.T.);
#1886=EDGE_CURVE('',#1550,#1552,#1264,.T.);
#1887=EDGE_CURVE('',#1554,#1555,#1265,.T.);
#1888=EDGE_CURVE('',#1555,#1553,#165,.T.);
#1889=EDGE_CURVE('',#1552,#1554,#166,.T.);
#1890=EDGE_CURVE('',#1556,#1557,#1266,.T.);
#1891=EDGE_CURVE('',#1557,#1555,#1267,.T.);
#1892=EDGE_CURVE('',#1554,#1556,#1268,.T.);
#1893=EDGE_CURVE('',#1558,#1559,#1269,.T.);
#1894=EDGE_CURVE('',#1559,#1557,#167,.T.);
#1895=EDGE_CURVE('',#1556,#1558,#168,.T.);
#1896=EDGE_CURVE('',#1560,#1561,#1270,.T.);
#1897=EDGE_CURVE('',#1561,#1559,#1271,.T.);
#1898=EDGE_CURVE('',#1558,#1560,#1272,.T.);
#1899=EDGE_CURVE('',#1562,#1563,#1273,.T.);
#1900=EDGE_CURVE('',#1563,#1561,#169,.T.);
#1901=EDGE_CURVE('',#1560,#1562,#170,.T.);
#1902=EDGE_CURVE('',#1564,#1565,#1274,.T.);
#1903=EDGE_CURVE('',#1565,#1563,#1275,.T.);
#1904=EDGE_CURVE('',#1562,#1564,#1276,.T.);
#1905=EDGE_CURVE('',#1566,#1567,#1277,.T.);
#1906=EDGE_CURVE('',#1567,#1565,#171,.T.);
#1907=EDGE_CURVE('',#1564,#1566,#172,.T.);
#1908=EDGE_CURVE('',#1568,#1569,#1278,.T.);
#1909=EDGE_CURVE('',#1569,#1567,#1279,.T.);
#1910=EDGE_CURVE('',#1566,#1568,#1280,.T.);
#1911=EDGE_CURVE('',#1568,#1570,#1489,.T.);
#1912=EDGE_CURVE('',#1570,#1571,#1281,.T.);
#1913=EDGE_CURVE('',#1571,#1569,#1490,.T.);
#1914=EDGE_CURVE('',#1572,#1573,#1491,.F.);
#1915=EDGE_CURVE('',#1573,#1571,#173,.T.);
#1916=EDGE_CURVE('',#1570,#1572,#174,.T.);
#1917=EDGE_CURVE('',#1574,#1570,#175,.T.);
#1918=EDGE_CURVE('',#1575,#1574,#176,.T.);
#1919=EDGE_CURVE('',#1576,#1575,#177,.T.);
#1920=EDGE_CURVE('',#1572,#1576,#1492,.F.);
#1921=EDGE_CURVE('',#1568,#1577,#178,.T.);
#1922=EDGE_CURVE('',#1577,#1574,#1282,.T.);
#1923=EDGE_CURVE('',#1578,#1564,#179,.T.);
#1924=EDGE_CURVE('',#1579,#1578,#180,.T.);
#1925=EDGE_CURVE('',#1580,#1579,#1283,.T.);
#1926=EDGE_CURVE('',#1581,#1580,#181,.T.);
#1927=EDGE_CURVE('',#1582,#1581,#182,.T.);
#1928=EDGE_CURVE('',#1583,#1582,#183,.T.);
#1929=EDGE_CURVE('',#1584,#1583,#1284,.T.);
#1930=EDGE_CURVE('',#1585,#1584,#184,.T.);
#1931=EDGE_CURVE('',#1577,#1585,#1285,.T.);
#1932=EDGE_CURVE('',#1562,#1586,#185,.T.);
#1933=EDGE_CURVE('',#1586,#1578,#29,.T.);
#1934=EDGE_CURVE('',#1587,#1560,#186,.T.);
#1935=EDGE_CURVE('',#1588,#1587,#1286,.T.);
#1936=EDGE_CURVE('',#1589,#1588,#187,.T.);
#1937=EDGE_CURVE('',#1590,#1589,#1287,.T.);
#1938=EDGE_CURVE('',#1591,#1590,#188,.T.);
#1939=EDGE_CURVE('',#1592,#1591,#189,.T.);
#1940=EDGE_CURVE('',#1593,#1592,#190,.T.);
#1941=EDGE_CURVE('',#1594,#1593,#191,.T.);
#1942=EDGE_CURVE('',#1595,#1594,#192,.T.);
#1943=EDGE_CURVE('',#1586,#1595,#193,.T.);
#1944=EDGE_CURVE('',#1558,#1596,#194,.T.);
#1945=EDGE_CURVE('',#1587,#1596,#1288,.T.);
#1946=EDGE_CURVE('',#1597,#1556,#195,.T.);
#1947=EDGE_CURVE('',#1596,#1597,#196,.T.);
#1948=EDGE_CURVE('',#1554,#1598,#197,.T.);
#1949=EDGE_CURVE('',#1598,#1597,#1289,.T.);
#1950=EDGE_CURVE('',#1599,#1552,#198,.T.);
#1951=EDGE_CURVE('',#1600,#1599,#199,.T.);
#1952=EDGE_CURVE('',#1601,#1600,#200,.T.);
#1953=EDGE_CURVE('',#1602,#1601,#30,.T.);
#1954=EDGE_CURVE('',#1603,#1602,#201,.T.);
#1955=EDGE_CURVE('',#1604,#1603,#31,.T.);
#1956=EDGE_CURVE('',#1605,#1604,#202,.T.);
#1957=EDGE_CURVE('',#1606,#1605,#203,.T.);
#1958=EDGE_CURVE('',#1607,#1606,#204,.T.);
#1959=EDGE_CURVE('',#1608,#1607,#205,.T.);
#1960=EDGE_CURVE('',#1609,#1608,#206,.T.);
#1961=EDGE_CURVE('',#1610,#1609,#1290,.T.);
#1962=EDGE_CURVE('',#1611,#1610,#207,.T.);
#1963=EDGE_CURVE('',#1598,#1611,#1291,.T.);
#1964=EDGE_CURVE('',#1550,#1612,#208,.T.);
#1965=EDGE_CURVE('',#1612,#1599,#32,.T.);
#1966=EDGE_CURVE('',#1613,#1546,#209,.T.);
#1967=EDGE_CURVE('',#1612,#1613,#210,.T.);
#1968=EDGE_CURVE('',#1544,#1614,#211,.T.);
#1969=EDGE_CURVE('',#1614,#1613,#33,.T.);
#1970=EDGE_CURVE('',#1615,#1543,#1493,.T.);
#1971=EDGE_CURVE('',#1616,#1615,#212,.T.);
#1972=EDGE_CURVE('',#1614,#1616,#213,.T.);
#1973=EDGE_CURVE('',#1542,#1617,#1494,.T.);
#1974=EDGE_CURVE('',#1617,#1615,#1292,.T.);
#1975=EDGE_CURVE('',#1618,#1619,#1293,.T.);
#1976=EDGE_CURVE('',#1619,#1620,#214,.T.);
#1977=EDGE_CURVE('',#1620,#1621,#1495,.F.);
#1978=EDGE_CURVE('',#1621,#1618,#215,.T.);
#1979=EDGE_CURVE('',#1618,#1622,#1496,.T.);
#1980=EDGE_CURVE('',#1622,#1623,#1294,.T.);
#1981=EDGE_CURVE('',#1623,#1619,#1497,.T.);
#1982=EDGE_CURVE('',#1624,#1625,#1295,.T.);
#1983=EDGE_CURVE('',#1625,#1623,#1296,.T.);
#1984=EDGE_CURVE('',#1622,#1624,#1297,.T.);
#1985=EDGE_CURVE('',#1626,#1627,#1298,.T.);
#1986=EDGE_CURVE('',#1627,#1625,#216,.T.);
#1987=EDGE_CURVE('',#1624,#1626,#217,.T.);
#1988=EDGE_CURVE('',#1592,#1628,#1299,.T.);
#1989=EDGE_CURVE('',#1628,#1627,#1300,.T.);
#1990=EDGE_CURVE('',#1626,#1592,#1301,.T.);
#1991=EDGE_CURVE('',#1591,#1629,#1302,.T.);
#1992=EDGE_CURVE('',#1629,#1628,#218,.T.);
#1993=EDGE_CURVE('',#1630,#1631,#1303,.T.);
#1994=EDGE_CURVE('',#1631,#1629,#1304,.T.);
#1995=EDGE_CURVE('',#1591,#1630,#1305,.T.);
#1996=EDGE_CURVE('',#1632,#1633,#1306,.T.);
#1997=EDGE_CURVE('',#1633,#1631,#219,.T.);
#1998=EDGE_CURVE('',#1630,#1632,#220,.T.);
#1999=EDGE_CURVE('',#1608,#1634,#1307,.T.);
#2000=EDGE_CURVE('',#1634,#1633,#1308,.T.);
#2001=EDGE_CURVE('',#1632,#1608,#1309,.T.);
#2002=EDGE_CURVE('',#1607,#1635,#1310,.T.);
#2003=EDGE_CURVE('',#1635,#1634,#221,.T.);
#2004=EDGE_CURVE('',#1636,#1637,#1311,.T.);
#2005=EDGE_CURVE('',#1637,#1635,#1312,.T.);
#2006=EDGE_CURVE('',#1607,#1636,#1313,.T.);
#2007=EDGE_CURVE('',#1638,#1639,#1314,.T.);
#2008=EDGE_CURVE('',#1639,#1637,#222,.T.);
#2009=EDGE_CURVE('',#1636,#1638,#223,.T.);
#2010=EDGE_CURVE('',#1640,#1641,#1315,.T.);
#2011=EDGE_CURVE('',#1641,#1639,#1316,.T.);
#2012=EDGE_CURVE('',#1638,#1640,#1317,.T.);
#2013=EDGE_CURVE('',#1640,#1642,#1498,.T.);
#2014=EDGE_CURVE('',#1642,#1643,#1318,.T.);
#2015=EDGE_CURVE('',#1643,#1641,#1499,.T.);
#2016=EDGE_CURVE('',#1644,#1645,#1319,.T.);
#2017=EDGE_CURVE('',#1645,#1643,#224,.T.);
#2018=EDGE_CURVE('',#1642,#1644,#225,.T.);
#2019=EDGE_CURVE('',#1644,#1646,#1500,.T.);
#2020=EDGE_CURVE('',#1646,#1645,#1501,.T.);
#2021=EDGE_CURVE('',#1647,#1642,#226,.T.);
#2022=EDGE_CURVE('',#1648,#1647,#227,.T.);
#2023=EDGE_CURVE('',#1649,#1648,#228,.T.);
#2024=EDGE_CURVE('',#1644,#1649,#1502,.T.);
#2025=EDGE_CURVE('',#1640,#1650,#229,.T.);
#2026=EDGE_CURVE('',#1650,#1647,#34,.T.);
#2027=EDGE_CURVE('',#1651,#1636,#230,.T.);
#2028=EDGE_CURVE('',#1650,#1651,#231,.T.);
#2029=EDGE_CURVE('',#1606,#1651,#35,.T.);
#2030=EDGE_CURVE('',#1632,#1652,#232,.T.);
#2031=EDGE_CURVE('',#1609,#1652,#1320,.T.);
#2032=EDGE_CURVE('',#1653,#1630,#233,.T.);
#2033=EDGE_CURVE('',#1652,#1653,#234,.T.);
#2034=EDGE_CURVE('',#1590,#1653,#1321,.T.);
#2035=EDGE_CURVE('',#1626,#1654,#235,.T.);
#2036=EDGE_CURVE('',#1654,#1593,#36,.T.);
#2037=EDGE_CURVE('',#1655,#1622,#236,.T.);
#2038=EDGE_CURVE('',#1656,#1655,#1322,.T.);
#2039=EDGE_CURVE('',#1657,#1656,#237,.T.);
#2040=EDGE_CURVE('',#1658,#1657,#1323,.T.);
#2041=EDGE_CURVE('',#1659,#1658,#238,.T.);
#2042=EDGE_CURVE('',#1660,#1659,#239,.T.);
#2043=EDGE_CURVE('',#1661,#1660,#240,.T.);
#2044=EDGE_CURVE('',#1662,#1661,#1324,.T.);
#2045=EDGE_CURVE('',#1654,#1662,#241,.T.);
#2046=EDGE_CURVE('',#1618,#1663,#242,.T.);
#2047=EDGE_CURVE('',#1663,#1655,#1325,.T.);
#2048=EDGE_CURVE('',#1664,#1621,#1503,.F.);
#2049=EDGE_CURVE('',#1665,#1664,#243,.T.);
#2050=EDGE_CURVE('',#1663,#1665,#244,.T.);
#2051=EDGE_CURVE('',#1666,#1667,#1326,.T.);
#2052=EDGE_CURVE('',#1667,#1668,#1327,.T.);
#2053=EDGE_CURVE('',#1668,#1669,#1328,.T.);
#2054=EDGE_CURVE('',#1669,#1668,#1329,.T.);
#2055=EDGE_CURVE('',#1667,#1666,#1330,.T.);
#2056=EDGE_CURVE('',#1670,#1670,#1331,.T.);
#2057=EDGE_CURVE('',#1670,#1666,#245,.T.);
#2058=EDGE_CURVE('',#1669,#1671,#246,.T.);
#2059=EDGE_CURVE('',#1671,#1671,#1332,.T.);
#2060=EDGE_CURVE('',#1589,#1672,#1333,.T.);
#2061=EDGE_CURVE('',#1672,#1653,#1334,.T.);
#2062=EDGE_CURVE('',#1588,#1673,#1335,.T.);
#2063=EDGE_CURVE('',#1673,#1672,#247,.T.);
#2064=EDGE_CURVE('',#1596,#1673,#1336,.T.);
#2065=EDGE_CURVE('',#1611,#1674,#1337,.T.);
#2066=EDGE_CURVE('',#1674,#1597,#1338,.T.);
#2067=EDGE_CURVE('',#1610,#1675,#1339,.T.);
#2068=EDGE_CURVE('',#1675,#1674,#248,.T.);
#2069=EDGE_CURVE('',#1652,#1675,#1340,.T.);
#2070=EDGE_CURVE('',#1604,#1676,#1341,.T.);
#2071=EDGE_CURVE('',#1676,#1677,#249,.T.);
#2072=EDGE_CURVE('',#1677,#1605,#37,.T.);
#2073=EDGE_CURVE('',#1603,#1678,#1342,.T.);
#2074=EDGE_CURVE('',#1678,#1676,#38,.T.);
#2075=EDGE_CURVE('',#1602,#1679,#1343,.T.);
#2076=EDGE_CURVE('',#1679,#1678,#250,.T.);
#2077=EDGE_CURVE('',#1601,#1680,#1344,.T.);
#2078=EDGE_CURVE('',#1680,#1679,#39,.T.);
#2079=EDGE_CURVE('',#1681,#1680,#251,.T.);
#2080=EDGE_CURVE('',#1600,#1681,#40,.T.);
#2081=EDGE_CURVE('',#1677,#1682,#252,.T.);
#2082=EDGE_CURVE('',#1682,#1683,#1345,.T.);
#2083=EDGE_CURVE('',#1683,#1605,#253,.T.);
#2084=EDGE_CURVE('',#1600,#1684,#254,.T.);
#2085=EDGE_CURVE('',#1684,#1685,#1346,.T.);
#2086=EDGE_CURVE('',#1685,#1681,#255,.T.);
#2087=EDGE_CURVE('',#1686,#1683,#1504,.T.);
#2088=EDGE_CURVE('',#1682,#1687,#256,.T.);
#2089=EDGE_CURVE('',#1687,#1686,#1347,.T.);
#2090=EDGE_CURVE('',#1688,#1686,#1505,.T.);
#2091=EDGE_CURVE('',#1687,#1688,#1348,.T.);
#2092=EDGE_CURVE('',#1689,#1684,#1506,.F.);
#2093=EDGE_CURVE('',#1689,#1690,#1349,.T.);
#2094=EDGE_CURVE('',#1690,#1685,#257,.T.);
#2095=EDGE_CURVE('',#1691,#1689,#1507,.F.);
#2096=EDGE_CURVE('',#1691,#1690,#1350,.T.);
#2097=EDGE_CURVE('',#1683,#1648,#1351,.F.);
#2098=EDGE_CURVE('',#1606,#1647,#258,.T.);
#2099=EDGE_CURVE('',#1692,#1688,#259,.T.);
#2100=EDGE_CURVE('',#1687,#1693,#260,.T.);
#2101=EDGE_CURVE('',#1693,#1694,#1352,.T.);
#2102=EDGE_CURVE('',#1694,#1695,#261,.T.);
#2103=EDGE_CURVE('',#1692,#1695,#1353,.T.);
#2104=EDGE_CURVE('',#1696,#1676,#262,.T.);
#2105=EDGE_CURVE('',#1697,#1696,#263,.T.);
#2106=EDGE_CURVE('',#1698,#1697,#264,.T.);
#2107=EDGE_CURVE('',#1699,#1698,#265,.T.);
#2108=EDGE_CURVE('',#1700,#1699,#1354,.T.);
#2109=EDGE_CURVE('',#1701,#1700,#266,.T.);
#2110=EDGE_CURVE('',#1702,#1701,#267,.T.);
#2111=EDGE_CURVE('',#1703,#1702,#1355,.T.);
#2112=EDGE_CURVE('',#1704,#1703,#268,.T.);
#2113=EDGE_CURVE('',#1705,#1704,#269,.T.);
#2114=EDGE_CURVE('',#1706,#1705,#1356,.T.);
#2115=EDGE_CURVE('',#1707,#1706,#270,.T.);
#2116=EDGE_CURVE('',#1708,#1707,#1357,.T.);
#2117=EDGE_CURVE('',#1709,#1708,#271,.T.);
#2118=EDGE_CURVE('',#1710,#1709,#1508,.T.);
#2119=EDGE_CURVE('',#1711,#1710,#272,.T.);
#2120=EDGE_CURVE('',#1712,#1711,#273,.T.);
#2121=EDGE_CURVE('',#1713,#1712,#274,.T.);
#2122=EDGE_CURVE('',#1714,#1713,#275,.T.);
#2123=EDGE_CURVE('',#1715,#1714,#276,.T.);
#2124=EDGE_CURVE('',#1716,#1715,#1358,.T.);
#2125=EDGE_CURVE('',#1717,#1716,#277,.T.);
#2126=EDGE_CURVE('',#1693,#1717,#1359,.T.);
#2127=EDGE_CURVE('',#1718,#1719,#278,.F.);
#2128=EDGE_CURVE('',#1720,#1718,#1509,.T.);
#2129=EDGE_CURVE('',#1719,#1720,#1510,.T.);
#2130=EDGE_CURVE('',#1720,#1721,#1511,.T.);
#2131=EDGE_CURVE('',#1721,#1722,#1360,.T.);
#2132=EDGE_CURVE('',#1722,#1595,#1512,.T.);
#2133=EDGE_CURVE('',#1719,#1595,#1513,.F.);
#2134=EDGE_CURVE('',#1723,#1724,#1361,.T.);
#2135=EDGE_CURVE('',#1724,#1722,#279,.T.);
#2136=EDGE_CURVE('',#1721,#1723,#280,.T.);
#2137=EDGE_CURVE('',#1725,#1726,#1362,.T.);
#2138=EDGE_CURVE('',#1726,#1724,#1363,.T.);
#2139=EDGE_CURVE('',#1723,#1725,#1364,.T.);
#2140=EDGE_CURVE('',#1727,#1728,#1365,.T.);
#2141=EDGE_CURVE('',#1728,#1726,#281,.T.);
#2142=EDGE_CURVE('',#1725,#1727,#282,.T.);
#2143=EDGE_CURVE('',#1727,#1729,#1514,.T.);
#2144=EDGE_CURVE('',#1729,#1728,#1515,.T.);
#2145=EDGE_CURVE('',#1729,#1730,#1366,.T.);
#2146=EDGE_CURVE('',#1730,#1731,#1367,.T.);
#2147=EDGE_CURVE('',#1731,#1728,#1368,.T.);
#2148=EDGE_CURVE('',#1732,#1690,#283,.T.);
#2149=EDGE_CURVE('',#1733,#1732,#1369,.T.);
#2150=EDGE_CURVE('',#1734,#1733,#284,.T.);
#2151=EDGE_CURVE('',#1735,#1734,#1370,.T.);
#2152=EDGE_CURVE('',#1736,#1735,#285,.T.);
#2153=EDGE_CURVE('',#1737,#1736,#286,.T.);
#2154=EDGE_CURVE('',#1738,#1737,#287,.T.);
#2155=EDGE_CURVE('',#1739,#1738,#288,.T.);
#2156=EDGE_CURVE('',#1729,#1739,#289,.T.);
#2157=EDGE_CURVE('',#1740,#1721,#1371,.T.);
#2158=EDGE_CURVE('',#1741,#1740,#290,.T.);
#2159=EDGE_CURVE('',#1742,#1741,#291,.T.);
#2160=EDGE_CURVE('',#1743,#1742,#1372,.T.);
#2161=EDGE_CURVE('',#1744,#1743,#292,.T.);
#2162=EDGE_CURVE('',#1745,#1744,#293,.T.);
#2163=EDGE_CURVE('',#1746,#1745,#1373,.T.);
#2164=EDGE_CURVE('',#1747,#1746,#294,.T.);
#2165=EDGE_CURVE('',#1748,#1747,#295,.T.);
#2166=EDGE_CURVE('',#1749,#1748,#296,.T.);
#2167=EDGE_CURVE('',#1680,#1749,#297,.T.);
#2168=EDGE_CURVE('',#1718,#1750,#1374,.T.);
#2169=EDGE_CURVE('',#1750,#1740,#1375,.T.);
#2170=EDGE_CURVE('',#1751,#1752,#298,.T.);
#2171=EDGE_CURVE('',#1752,#1753,#1516,.F.);
#2172=EDGE_CURVE('',#1751,#1753,#1517,.T.);
#2173=EDGE_CURVE('',#1752,#1594,#1518,.T.);
#2174=EDGE_CURVE('',#1594,#1754,#1519,.T.);
#2175=EDGE_CURVE('',#1754,#1706,#1376,.T.);
#2176=EDGE_CURVE('',#1706,#1753,#1520,.T.);
#2177=EDGE_CURVE('',#1755,#1707,#1377,.T.);
#2178=EDGE_CURVE('',#1754,#1755,#299,.T.);
#2179=EDGE_CURVE('',#1756,#1708,#1378,.T.);
#2180=EDGE_CURVE('',#1755,#1756,#1379,.T.);
#2181=EDGE_CURVE('',#1757,#1709,#1380,.T.);
#2182=EDGE_CURVE('',#1756,#1757,#300,.T.);
#2183=EDGE_CURVE('',#1757,#1710,#1521,.T.);
#2184=EDGE_CURVE('',#1758,#1756,#301,.T.);
#2185=EDGE_CURVE('',#1759,#1758,#302,.T.);
#2186=EDGE_CURVE('',#1757,#1759,#1381,.T.);
#2187=EDGE_CURVE('',#1755,#1760,#303,.T.);
#2188=EDGE_CURVE('',#1760,#1758,#1382,.F.);
#2189=EDGE_CURVE('',#1760,#1593,#304,.T.);
#2190=EDGE_CURVE('',#1649,#1692,#1383,.T.);
#2191=EDGE_CURVE('',#1692,#1646,#1522,.T.);
#2192=EDGE_CURVE('',#1659,#1761,#1384,.T.);
#2193=EDGE_CURVE('',#1761,#1762,#305,.T.);
#2194=EDGE_CURVE('',#1763,#1762,#306,.T.);
#2195=EDGE_CURVE('',#1763,#1660,#1385,.T.);
#2196=EDGE_CURVE('',#1759,#1763,#1386,.T.);
#2197=EDGE_CURVE('',#1763,#1710,#1387,.T.);
#2198=EDGE_CURVE('',#1759,#1660,#1388,.T.);
#2199=EDGE_CURVE('',#1758,#1661,#1389,.T.);
#2200=EDGE_CURVE('',#1764,#1582,#1390,.T.);
#2201=EDGE_CURVE('',#1581,#1730,#1391,.T.);
#2202=EDGE_CURVE('',#1765,#1730,#307,.T.);
#2203=EDGE_CURVE('',#1765,#1764,#308,.T.);
#2204=EDGE_CURVE('',#1581,#1731,#1392,.T.);
#2205=EDGE_CURVE('',#1766,#1731,#309,.T.);
#2206=EDGE_CURVE('',#1726,#1766,#310,.T.);
#2207=EDGE_CURVE('',#1580,#1766,#1393,.T.);
#2208=EDGE_CURVE('',#1583,#1658,#311,.T.);
#2209=EDGE_CURVE('',#1764,#1767,#312,.T.);
#2210=EDGE_CURVE('',#1768,#1767,#1523,.T.);
#2211=EDGE_CURVE('',#1769,#1768,#313,.T.);
#2212=EDGE_CURVE('',#1770,#1769,#1524,.T.);
#2213=EDGE_CURVE('',#1770,#1771,#314,.T.);
#2214=EDGE_CURVE('',#1772,#1771,#1394,.T.);
#2215=EDGE_CURVE('',#1772,#1773,#315,.T.);
#2216=EDGE_CURVE('',#1774,#1773,#1395,.T.);
#2217=EDGE_CURVE('',#1774,#1775,#316,.T.);
#2218=EDGE_CURVE('',#1775,#1776,#1525,.F.);
#2219=EDGE_CURVE('',#1776,#1777,#317,.F.);
#2220=EDGE_CURVE('',#1778,#1777,#1526,.T.);
#2221=EDGE_CURVE('',#1778,#1779,#318,.T.);
#2222=EDGE_CURVE('',#1780,#1779,#1396,.T.);
#2223=EDGE_CURVE('',#1780,#1781,#319,.T.);
#2224=EDGE_CURVE('',#1782,#1781,#1397,.T.);
#2225=EDGE_CURVE('',#1782,#1783,#320,.T.);
#2226=EDGE_CURVE('',#1784,#1783,#1527,.T.);
#2227=EDGE_CURVE('',#1785,#1784,#321,.T.);
#2228=EDGE_CURVE('',#1786,#1785,#1528,.T.);
#2229=EDGE_CURVE('',#1786,#1761,#322,.T.);
#2230=EDGE_CURVE('',#1787,#1787,#1398,.T.);
#2231=EDGE_CURVE('',#1788,#1788,#1399,.T.);
#2232=EDGE_CURVE('',#1549,#1639,#323,.T.);
#2233=EDGE_CURVE('',#1695,#1646,#1400,.T.);
#2234=EDGE_CURVE('',#1695,#1789,#324,.T.);
#2235=EDGE_CURVE('',#1542,#1789,#1401,.T.);
#2236=EDGE_CURVE('',#1614,#1599,#325,.T.);
#2237=EDGE_CURVE('',#1684,#1616,#1402,.T.);
#2238=EDGE_CURVE('',#1691,#1617,#326,.T.);
#2239=EDGE_CURVE('',#1789,#1617,#1403,.T.);
#2240=EDGE_CURVE('',#1789,#1790,#327,.T.);
#2241=EDGE_CURVE('',#1790,#1732,#1404,.T.);
#2242=EDGE_CURVE('',#1791,#1772,#328,.T.);
#2243=EDGE_CURVE('',#1771,#1792,#329,.T.);
#2244=EDGE_CURVE('',#1793,#1792,#330,.T.);
#2245=EDGE_CURVE('',#1793,#1791,#41,.T.);
#2246=EDGE_CURVE('',#1794,#1795,#331,.T.);
#2247=EDGE_CURVE('',#1794,#1774,#332,.T.);
#2248=EDGE_CURVE('',#1773,#1796,#333,.T.);
#2249=EDGE_CURVE('',#1796,#1795,#42,.T.);
#2250=EDGE_CURVE('',#1795,#1793,#334,.T.);
#2251=EDGE_CURVE('',#1796,#1791,#335,.T.);
#2252=EDGE_CURVE('',#1775,#1794,#1529,.T.);
#2253=EDGE_CURVE('',#1797,#1798,#336,.T.);
#2254=EDGE_CURVE('',#1797,#1782,#337,.T.);
#2255=EDGE_CURVE('',#1781,#1799,#338,.T.);
#2256=EDGE_CURVE('',#1799,#1798,#43,.T.);
#2257=EDGE_CURVE('',#1800,#1780,#339,.T.);
#2258=EDGE_CURVE('',#1779,#1801,#340,.T.);
#2259=EDGE_CURVE('',#1802,#1801,#341,.T.);
#2260=EDGE_CURVE('',#1802,#1800,#44,.T.);
#2261=EDGE_CURVE('',#1799,#1800,#342,.T.);
#2262=EDGE_CURVE('',#1798,#1802,#343,.T.);
#2263=EDGE_CURVE('',#1783,#1797,#1405,.T.);
#2264=EDGE_CURVE('',#1762,#1711,#1406,.T.);
#2265=EDGE_CURVE('',#1785,#1711,#1407,.T.);
#2266=EDGE_CURVE('',#1762,#1786,#1408,.T.);
#2267=EDGE_CURVE('',#1765,#1739,#1409,.T.);
#2268=EDGE_CURVE('',#1739,#1768,#1410,.T.);
#2269=EDGE_CURVE('',#1767,#1765,#1411,.T.);
#2270=EDGE_CURVE('',#1797,#1712,#1412,.T.);
#2271=EDGE_CURVE('',#1712,#1784,#1413,.T.);
#2272=EDGE_CURVE('',#1798,#1713,#45,.T.);
#2273=EDGE_CURVE('',#1801,#1715,#1414,.T.);
#2274=EDGE_CURVE('',#1714,#1802,#46,.T.);
#2275=EDGE_CURVE('',#1803,#1777,#1530,.F.);
#2276=EDGE_CURVE('',#1803,#1715,#1531,.T.);
#2277=EDGE_CURVE('',#1801,#1778,#1532,.T.);
#2278=EDGE_CURVE('',#1803,#1804,#1415,.T.);
#2279=EDGE_CURVE('',#1716,#1804,#1416,.T.);
#2280=EDGE_CURVE('',#1735,#1794,#1417,.T.);
#2281=EDGE_CURVE('',#1795,#1736,#47,.T.);
#2282=EDGE_CURVE('',#1792,#1738,#1418,.T.);
#2283=EDGE_CURVE('',#1737,#1793,#48,.T.);
#2284=EDGE_CURVE('',#1769,#1738,#1419,.T.);
#2285=EDGE_CURVE('',#1792,#1770,#1420,.T.);
#2286=EDGE_CURVE('',#1735,#1805,#1533,.T.);
#2287=EDGE_CURVE('',#1805,#1776,#1534,.T.);
#2288=EDGE_CURVE('',#1806,#1807,#1421,.T.);
#2289=EDGE_CURVE('',#1807,#1748,#49,.T.);
#2290=EDGE_CURVE('',#1748,#1806,#50,.T.);
#2291=EDGE_CURVE('',#1806,#1808,#344,.T.);
#2292=EDGE_CURVE('',#1808,#1809,#1422,.T.);
#2293=EDGE_CURVE('',#1809,#1807,#345,.T.);
#2294=EDGE_CURVE('',#1808,#1697,#51,.T.);
#2295=EDGE_CURVE('',#1697,#1809,#52,.T.);
#2296=EDGE_CURVE('',#1810,#1806,#346,.T.);
#2297=EDGE_CURVE('',#1811,#1810,#347,.T.);
#2298=EDGE_CURVE('',#1808,#1811,#348,.T.);
#2299=EDGE_CURVE('',#1747,#1810,#53,.T.);
#2300=EDGE_CURVE('',#1807,#1812,#349,.T.);
#2301=EDGE_CURVE('',#1812,#1749,#1423,.F.);
#2302=EDGE_CURVE('',#1584,#1813,#1535,.T.);
#2303=EDGE_CURVE('',#1813,#1814,#350,.T.);
#2304=EDGE_CURVE('',#1814,#1585,#1536,.T.);
#2305=EDGE_CURVE('',#1814,#1574,#1424,.T.);
#2306=EDGE_CURVE('',#1815,#1573,#1425,.T.);
#2307=EDGE_CURVE('',#1815,#1816,#351,.T.);
#2308=EDGE_CURVE('',#1620,#1816,#1426,.T.);
#2309=EDGE_CURVE('',#1625,#1567,#352,.T.);
#2310=EDGE_CURVE('',#1817,#1818,#353,.T.);
#2311=EDGE_CURVE('',#1818,#1657,#1537,.T.);
#2312=EDGE_CURVE('',#1656,#1817,#1538,.T.);
#2313=EDGE_CURVE('',#1663,#1817,#1427,.T.);
#2314=EDGE_CURVE('',#1819,#1665,#1428,.T.);
#2315=EDGE_CURVE('',#1819,#1817,#354,.T.);
#2316=EDGE_CURVE('',#1820,#1741,#54,.T.);
#2317=EDGE_CURVE('',#1750,#1820,#355,.T.);
#2318=EDGE_CURVE('',#1820,#1821,#356,.T.);
#2319=EDGE_CURVE('',#1821,#1742,#1429,.T.);
#2320=EDGE_CURVE('',#1822,#1750,#357,.T.);
#2321=EDGE_CURVE('',#1823,#1822,#358,.T.);
#2322=EDGE_CURVE('',#1823,#1820,#359,.T.);
#2323=EDGE_CURVE('',#1822,#1751,#1430,.T.);
#2324=EDGE_CURVE('',#1704,#1823,#55,.T.);
#2325=EDGE_CURVE('',#1822,#1705,#1431,.T.);
#2326=EDGE_CURVE('',#1703,#1824,#1432,.T.);
#2327=EDGE_CURVE('',#1824,#1823,#360,.T.);
#2328=EDGE_CURVE('',#1814,#1825,#361,.T.);
#2329=EDGE_CURVE('',#1575,#1825,#1433,.T.);
#2330=EDGE_CURVE('',#1826,#1579,#1434,.T.);
#2331=EDGE_CURVE('',#1766,#1826,#1435,.F.);
#2332=EDGE_CURVE('',#1586,#1826,#362,.T.);
#2333=EDGE_CURVE('',#1826,#1724,#363,.T.);
#2334=EDGE_CURVE('',#1662,#1760,#1436,.T.);
#2335=EDGE_CURVE('',#1827,#1827,#1437,.T.);
#2336=EDGE_CURVE('',#1828,#1733,#1438,.T.);
#2337=EDGE_CURVE('',#1790,#1828,#1439,.T.);
#2338=EDGE_CURVE('',#1829,#1734,#1440,.T.);
#2339=EDGE_CURVE('',#1828,#1829,#364,.T.);
#2340=EDGE_CURVE('',#1829,#1805,#1441,.T.);
#2341=EDGE_CURVE('',#1829,#1804,#365,.T.);
#2342=EDGE_CURVE('',#1830,#1828,#366,.T.);
#2343=EDGE_CURVE('',#1804,#1830,#367,.T.);
#2344=EDGE_CURVE('',#1790,#1694,#368,.T.);
#2345=EDGE_CURVE('',#1830,#1694,#1442,.T.);
#2346=EDGE_CURVE('',#1717,#1830,#1443,.T.);
#2347=EDGE_CURVE('',#1831,#1832,#369,.T.);
#2348=EDGE_CURVE('',#1832,#1833,#1444,.T.);
#2349=EDGE_CURVE('',#1833,#1834,#370,.T.);
#2350=EDGE_CURVE('',#1834,#1831,#56,.T.);
#2351=EDGE_CURVE('',#1834,#1835,#371,.T.);
#2352=EDGE_CURVE('',#1835,#1816,#1445,.T.);
#2353=EDGE_CURVE('',#1816,#1831,#372,.T.);
#2354=EDGE_CURVE('',#1835,#1664,#1446,.T.);
#2355=EDGE_CURVE('',#1836,#1837,#1539,.F.);
#2356=EDGE_CURVE('',#1837,#1833,#1447,.T.);
#2357=EDGE_CURVE('',#1832,#1836,#1448,.T.);
#2358=EDGE_CURVE('',#1818,#1836,#373,.T.);
#2359=EDGE_CURVE('',#1832,#1838,#374,.T.);
#2360=EDGE_CURVE('',#1839,#1838,#1449,.T.);
#2361=EDGE_CURVE('',#1839,#1813,#375,.T.);
#2362=EDGE_CURVE('',#1831,#1840,#376,.T.);
#2363=EDGE_CURVE('',#1838,#1840,#377,.T.);
#2364=EDGE_CURVE('',#1840,#1815,#378,.T.);
#2365=EDGE_CURVE('',#1815,#1841,#1450,.T.);
#2366=EDGE_CURVE('',#1841,#1842,#379,.T.);
#2367=EDGE_CURVE('',#1842,#1840,#57,.T.);
#2368=EDGE_CURVE('',#1576,#1841,#1451,.T.);
#2369=EDGE_CURVE('',#1842,#1843,#380,.T.);
#2370=EDGE_CURVE('',#1843,#1838,#1452,.T.);
#2371=EDGE_CURVE('',#1844,#1839,#1540,.F.);
#2372=EDGE_CURVE('',#1843,#1844,#1453,.T.);
#2373=EDGE_CURVE('',#1825,#1844,#381,.T.);
#2374=EDGE_CURVE('',#1672,#1675,#382,.T.);
#2375=EDGE_CURVE('',#1674,#1673,#383,.T.);
#2376=EDGE_CURVE('',#1845,#1846,#1454,.F.);
#2377=EDGE_CURVE('',#1696,#1845,#1455,.F.);
#2378=EDGE_CURVE('',#1846,#1696,#1456,.F.);
#2379=EDGE_CURVE('',#1845,#1809,#384,.T.);
#2380=EDGE_CURVE('',#1847,#1812,#1457,.F.);
#2381=EDGE_CURVE('',#1749,#1847,#1458,.F.);
#2382=EDGE_CURVE('',#1847,#1679,#385,.T.);
#2383=EDGE_CURVE('',#1848,#1702,#1459,.T.);
#2384=EDGE_CURVE('',#1824,#1848,#1460,.F.);
#2385=EDGE_CURVE('',#1849,#1850,#1461,.F.);
#2386=EDGE_CURVE('',#1701,#1849,#1462,.F.);
#2387=EDGE_CURVE('',#1850,#1701,#1463,.F.);
#2388=EDGE_CURVE('',#1849,#1848,#386,.T.);
#2389=EDGE_CURVE('',#1811,#1851,#387,.T.);
#2390=EDGE_CURVE('',#1851,#1699,#1464,.T.);
#2391=EDGE_CURVE('',#1698,#1811,#58,.T.);
#2392=EDGE_CURVE('',#1852,#1700,#1465,.T.);
#2393=EDGE_CURVE('',#1851,#1852,#1466,.T.);
#2394=EDGE_CURVE('',#1852,#1850,#388,.T.);
#2395=EDGE_CURVE('',#1853,#1821,#1467,.F.);
#2396=EDGE_CURVE('',#1743,#1853,#1468,.T.);
#2397=EDGE_CURVE('',#1854,#1855,#1469,.F.);
#2398=EDGE_CURVE('',#1744,#1854,#1470,.F.);
#2399=EDGE_CURVE('',#1855,#1744,#1471,.F.);
#2400=EDGE_CURVE('',#1856,#1745,#1472,.T.);
#2401=EDGE_CURVE('',#1854,#1856,#389,.T.);
#2402=EDGE_CURVE('',#1857,#1746,#1473,.T.);
#2403=EDGE_CURVE('',#1856,#1857,#1474,.T.);
#2404=EDGE_CURVE('',#1857,#1810,#390,.T.);
#2405=EDGE_CURVE('',#1853,#1855,#391,.T.);
#2406=EDGE_CURVE('',#1850,#1854,#392,.T.);
#2407=EDGE_CURVE('',#1855,#1849,#393,.T.);
#2408=EDGE_CURVE('',#1848,#1853,#394,.T.);
#2409=EDGE_CURVE('',#1821,#1824,#395,.T.);
#2410=EDGE_CURVE('',#1846,#1847,#396,.T.);
#2411=EDGE_CURVE('',#1812,#1845,#397,.T.);
#2412=EDGE_CURVE('',#1678,#1846,#398,.T.);
#2413=EDGE_CURVE('',#1851,#1857,#399,.T.);
#2414=EDGE_CURVE('',#1856,#1852,#400,.T.);
#2415=EDGE_CURVE('',#1837,#1819,#401,.T.);
#2416=EDGE_CURVE('',#1788,#1858,#402,.T.);
#2417=EDGE_CURVE('',#1858,#1859,#1475,.T.);
#2418=EDGE_CURVE('',#1859,#1858,#1476,.T.);
#2419=EDGE_CURVE('',#1859,#1860,#403,.T.);
#2420=EDGE_CURVE('',#1860,#1861,#1477,.T.);
#2421=EDGE_CURVE('',#1861,#1862,#59,.T.);
#2422=EDGE_CURVE('',#1862,#1860,#1478,.T.);
#2423=EDGE_CURVE('',#1787,#1863,#404,.T.);
#2424=EDGE_CURVE('',#1863,#1864,#1479,.T.);
#2425=EDGE_CURVE('',#1864,#1863,#1480,.T.);
#2426=EDGE_CURVE('',#1864,#1865,#405,.T.);
#2427=EDGE_CURVE('',#1865,#1865,#1481,.T.);
#2428=EDGE_CURVE('',#1827,#1866,#406,.T.);
#2429=EDGE_CURVE('',#1866,#1867,#1482,.T.);
#2430=EDGE_CURVE('',#1867,#1866,#1483,.T.);
#2431=EDGE_CURVE('',#1867,#1868,#407,.T.);
#2432=EDGE_CURVE('',#1868,#1868,#1484,.T.);
#2433=EDGE_CURVE('',#1862,#1861,#408,.T.);
#2434=ORIENTED_EDGE('',*,*,#1869,.T.);
#2435=ORIENTED_EDGE('',*,*,#1870,.T.);
#2436=ORIENTED_EDGE('',*,*,#1871,.T.);
#2437=ORIENTED_EDGE('',*,*,#1872,.T.);
#2438=ORIENTED_EDGE('',*,*,#1873,.T.);
#2439=ORIENTED_EDGE('',*,*,#1871,.F.);
#2440=ORIENTED_EDGE('',*,*,#1874,.T.);
#2441=ORIENTED_EDGE('',*,*,#1872,.F.);
#2442=ORIENTED_EDGE('',*,*,#1875,.T.);
#2443=ORIENTED_EDGE('',*,*,#1876,.T.);
#2444=ORIENTED_EDGE('',*,*,#1877,.T.);
#2445=ORIENTED_EDGE('',*,*,#1878,.T.);
#2446=ORIENTED_EDGE('',*,*,#1879,.T.);
#2447=ORIENTED_EDGE('',*,*,#1876,.F.);
#2448=ORIENTED_EDGE('',*,*,#1880,.T.);
#2449=ORIENTED_EDGE('',*,*,#1881,.T.);
#2450=ORIENTED_EDGE('',*,*,#1882,.T.);
#2451=ORIENTED_EDGE('',*,*,#1878,.F.);
#2452=ORIENTED_EDGE('',*,*,#1883,.T.);
#2453=ORIENTED_EDGE('',*,*,#1884,.T.);
#2454=ORIENTED_EDGE('',*,*,#1885,.T.);
#2455=ORIENTED_EDGE('',*,*,#1881,.F.);
#2456=ORIENTED_EDGE('',*,*,#1886,.T.);
#2457=ORIENTED_EDGE('',*,*,#1887,.T.);
#2458=ORIENTED_EDGE('',*,*,#1888,.T.);
#2459=ORIENTED_EDGE('',*,*,#1884,.F.);
#2460=ORIENTED_EDGE('',*,*,#1889,.T.);
#2461=ORIENTED_EDGE('',*,*,#1890,.T.);
#2462=ORIENTED_EDGE('',*,*,#1891,.T.);
#2463=ORIENTED_EDGE('',*,*,#1887,.F.);
#2464=ORIENTED_EDGE('',*,*,#1892,.T.);
#2465=ORIENTED_EDGE('',*,*,#1893,.T.);
#2466=ORIENTED_EDGE('',*,*,#1894,.T.);
#2467=ORIENTED_EDGE('',*,*,#1890,.F.);
#2468=ORIENTED_EDGE('',*,*,#1895,.T.);
#2469=ORIENTED_EDGE('',*,*,#1896,.T.);
#2470=ORIENTED_EDGE('',*,*,#1897,.T.);
#2471=ORIENTED_EDGE('',*,*,#1893,.F.);
#2472=ORIENTED_EDGE('',*,*,#1898,.T.);
#2473=ORIENTED_EDGE('',*,*,#1899,.T.);
#2474=ORIENTED_EDGE('',*,*,#1900,.T.);
#2475=ORIENTED_EDGE('',*,*,#1896,.F.);
#2476=ORIENTED_EDGE('',*,*,#1901,.T.);
#2477=ORIENTED_EDGE('',*,*,#1902,.T.);
#2478=ORIENTED_EDGE('',*,*,#1903,.T.);
#2479=ORIENTED_EDGE('',*,*,#1899,.F.);
#2480=ORIENTED_EDGE('',*,*,#1904,.T.);
#2481=ORIENTED_EDGE('',*,*,#1905,.T.);
#2482=ORIENTED_EDGE('',*,*,#1906,.T.);
#2483=ORIENTED_EDGE('',*,*,#1902,.F.);
#2484=ORIENTED_EDGE('',*,*,#1907,.T.);
#2485=ORIENTED_EDGE('',*,*,#1908,.T.);
#2486=ORIENTED_EDGE('',*,*,#1909,.T.);
#2487=ORIENTED_EDGE('',*,*,#1905,.F.);
#2488=ORIENTED_EDGE('',*,*,#1910,.T.);
#2489=ORIENTED_EDGE('',*,*,#1908,.F.);
#2490=ORIENTED_EDGE('',*,*,#1911,.T.);
#2491=ORIENTED_EDGE('',*,*,#1912,.T.);
#2492=ORIENTED_EDGE('',*,*,#1913,.T.);
#2493=ORIENTED_EDGE('',*,*,#1914,.T.);
#2494=ORIENTED_EDGE('',*,*,#1915,.T.);
#2495=ORIENTED_EDGE('',*,*,#1912,.F.);
#2496=ORIENTED_EDGE('',*,*,#1916,.T.);
#2497=ORIENTED_EDGE('',*,*,#1916,.F.);
#2498=ORIENTED_EDGE('',*,*,#1917,.F.);
#2499=ORIENTED_EDGE('',*,*,#1918,.F.);
#2500=ORIENTED_EDGE('',*,*,#1919,.F.);
#2501=ORIENTED_EDGE('',*,*,#1920,.F.);
#2502=ORIENTED_EDGE('',*,*,#1911,.F.);
#2503=ORIENTED_EDGE('',*,*,#1921,.T.);
#2504=ORIENTED_EDGE('',*,*,#1922,.T.);
#2505=ORIENTED_EDGE('',*,*,#1917,.T.);
#2506=ORIENTED_EDGE('',*,*,#1910,.F.);
#2507=ORIENTED_EDGE('',*,*,#1907,.F.);
#2508=ORIENTED_EDGE('',*,*,#1923,.F.);
#2509=ORIENTED_EDGE('',*,*,#1924,.F.);
#2510=ORIENTED_EDGE('',*,*,#1925,.F.);
#2511=ORIENTED_EDGE('',*,*,#1926,.F.);
#2512=ORIENTED_EDGE('',*,*,#1927,.F.);
#2513=ORIENTED_EDGE('',*,*,#1928,.F.);
#2514=ORIENTED_EDGE('',*,*,#1929,.F.);
#2515=ORIENTED_EDGE('',*,*,#1930,.F.);
#2516=ORIENTED_EDGE('',*,*,#1931,.F.);
#2517=ORIENTED_EDGE('',*,*,#1921,.F.);
#2518=ORIENTED_EDGE('',*,*,#1904,.F.);
#2519=ORIENTED_EDGE('',*,*,#1932,.T.);
#2520=ORIENTED_EDGE('',*,*,#1933,.T.);
#2521=ORIENTED_EDGE('',*,*,#1923,.T.);
#2522=ORIENTED_EDGE('',*,*,#1901,.F.);
#2523=ORIENTED_EDGE('',*,*,#1934,.F.);
#2524=ORIENTED_EDGE('',*,*,#1935,.F.);
#2525=ORIENTED_EDGE('',*,*,#1936,.F.);
#2526=ORIENTED_EDGE('',*,*,#1937,.F.);
#2527=ORIENTED_EDGE('',*,*,#1938,.F.);
#2528=ORIENTED_EDGE('',*,*,#1939,.F.);
#2529=ORIENTED_EDGE('',*,*,#1940,.F.);
#2530=ORIENTED_EDGE('',*,*,#1941,.F.);
#2531=ORIENTED_EDGE('',*,*,#1942,.F.);
#2532=ORIENTED_EDGE('',*,*,#1943,.F.);
#2533=ORIENTED_EDGE('',*,*,#1932,.F.);
#2534=ORIENTED_EDGE('',*,*,#1898,.F.);
#2535=ORIENTED_EDGE('',*,*,#1944,.T.);
#2536=ORIENTED_EDGE('',*,*,#1945,.F.);
#2537=ORIENTED_EDGE('',*,*,#1934,.T.);
#2538=ORIENTED_EDGE('',*,*,#1895,.F.);
#2539=ORIENTED_EDGE('',*,*,#1946,.F.);
#2540=ORIENTED_EDGE('',*,*,#1947,.F.);
#2541=ORIENTED_EDGE('',*,*,#1944,.F.);
#2542=ORIENTED_EDGE('',*,*,#1892,.F.);
#2543=ORIENTED_EDGE('',*,*,#1948,.T.);
#2544=ORIENTED_EDGE('',*,*,#1949,.T.);
#2545=ORIENTED_EDGE('',*,*,#1946,.T.);
#2546=ORIENTED_EDGE('',*,*,#1889,.F.);
#2547=ORIENTED_EDGE('',*,*,#1950,.F.);
#2548=ORIENTED_EDGE('',*,*,#1951,.F.);
#2549=ORIENTED_EDGE('',*,*,#1952,.F.);
#2550=ORIENTED_EDGE('',*,*,#1953,.F.);
#2551=ORIENTED_EDGE('',*,*,#1954,.F.);
#2552=ORIENTED_EDGE('',*,*,#1955,.F.);
#2553=ORIENTED_EDGE('',*,*,#1956,.F.);
#2554=ORIENTED_EDGE('',*,*,#1957,.F.);
#2555=ORIENTED_EDGE('',*,*,#1958,.F.);
#2556=ORIENTED_EDGE('',*,*,#1959,.F.);
#2557=ORIENTED_EDGE('',*,*,#1960,.F.);
#2558=ORIENTED_EDGE('',*,*,#1961,.F.);
#2559=ORIENTED_EDGE('',*,*,#1962,.F.);
#2560=ORIENTED_EDGE('',*,*,#1963,.F.);
#2561=ORIENTED_EDGE('',*,*,#1948,.F.);
#2562=ORIENTED_EDGE('',*,*,#1886,.F.);
#2563=ORIENTED_EDGE('',*,*,#1964,.T.);
#2564=ORIENTED_EDGE('',*,*,#1965,.T.);
#2565=ORIENTED_EDGE('',*,*,#1950,.T.);
#2566=ORIENTED_EDGE('',*,*,#1883,.F.);
#2567=ORIENTED_EDGE('',*,*,#1880,.F.);
#2568=ORIENTED_EDGE('',*,*,#1966,.F.);
#2569=ORIENTED_EDGE('',*,*,#1967,.F.);
#2570=ORIENTED_EDGE('',*,*,#1964,.F.);
#2571=ORIENTED_EDGE('',*,*,#1875,.F.);
#2572=ORIENTED_EDGE('',*,*,#1968,.T.);
#2573=ORIENTED_EDGE('',*,*,#1969,.T.);
#2574=ORIENTED_EDGE('',*,*,#1966,.T.);
#2575=ORIENTED_EDGE('',*,*,#1874,.F.);
#2576=ORIENTED_EDGE('',*,*,#1970,.F.);
#2577=ORIENTED_EDGE('',*,*,#1971,.F.);
#2578=ORIENTED_EDGE('',*,*,#1972,.F.);
#2579=ORIENTED_EDGE('',*,*,#1968,.F.);
#2580=ORIENTED_EDGE('',*,*,#1870,.F.);
#2581=ORIENTED_EDGE('',*,*,#1973,.T.);
#2582=ORIENTED_EDGE('',*,*,#1974,.T.);
#2583=ORIENTED_EDGE('',*,*,#1970,.T.);
#2584=ORIENTED_EDGE('',*,*,#1975,.T.);
#2585=ORIENTED_EDGE('',*,*,#1976,.T.);
#2586=ORIENTED_EDGE('',*,*,#1977,.T.);
#2587=ORIENTED_EDGE('',*,*,#1978,.T.);
#2588=ORIENTED_EDGE('',*,*,#1975,.F.);
#2589=ORIENTED_EDGE('',*,*,#1979,.T.);
#2590=ORIENTED_EDGE('',*,*,#1980,.T.);
#2591=ORIENTED_EDGE('',*,*,#1981,.T.);
#2592=ORIENTED_EDGE('',*,*,#1982,.T.);
#2593=ORIENTED_EDGE('',*,*,#1983,.T.);
#2594=ORIENTED_EDGE('',*,*,#1980,.F.);
#2595=ORIENTED_EDGE('',*,*,#1984,.T.);
#2596=ORIENTED_EDGE('',*,*,#1985,.T.);
#2597=ORIENTED_EDGE('',*,*,#1986,.T.);
#2598=ORIENTED_EDGE('',*,*,#1982,.F.);
#2599=ORIENTED_EDGE('',*,*,#1987,.T.);
#2600=ORIENTED_EDGE('',*,*,#1988,.T.);
#2601=ORIENTED_EDGE('',*,*,#1989,.T.);
#2602=ORIENTED_EDGE('',*,*,#1985,.F.);
#2603=ORIENTED_EDGE('',*,*,#1990,.T.);
#2604=ORIENTED_EDGE('',*,*,#1991,.T.);
#2605=ORIENTED_EDGE('',*,*,#1992,.T.);
#2606=ORIENTED_EDGE('',*,*,#1988,.F.);
#2607=ORIENTED_EDGE('',*,*,#1939,.T.);
#2608=ORIENTED_EDGE('',*,*,#1993,.T.);
#2609=ORIENTED_EDGE('',*,*,#1994,.T.);
#2610=ORIENTED_EDGE('',*,*,#1991,.F.);
#2611=ORIENTED_EDGE('',*,*,#1995,.T.);
#2612=ORIENTED_EDGE('',*,*,#1996,.T.);
#2613=ORIENTED_EDGE('',*,*,#1997,.T.);
#2614=ORIENTED_EDGE('',*,*,#1993,.F.);
#2615=ORIENTED_EDGE('',*,*,#1998,.T.);
#2616=ORIENTED_EDGE('',*,*,#1999,.T.);
#2617=ORIENTED_EDGE('',*,*,#2000,.T.);
#2618=ORIENTED_EDGE('',*,*,#1996,.F.);
#2619=ORIENTED_EDGE('',*,*,#2001,.T.);
#2620=ORIENTED_EDGE('',*,*,#2002,.T.);
#2621=ORIENTED_EDGE('',*,*,#2003,.T.);
#2622=ORIENTED_EDGE('',*,*,#1999,.F.);
#2623=ORIENTED_EDGE('',*,*,#1959,.T.);
#2624=ORIENTED_EDGE('',*,*,#2004,.T.);
#2625=ORIENTED_EDGE('',*,*,#2005,.T.);
#2626=ORIENTED_EDGE('',*,*,#2002,.F.);
#2627=ORIENTED_EDGE('',*,*,#2006,.T.);
#2628=ORIENTED_EDGE('',*,*,#2007,.T.);
#2629=ORIENTED_EDGE('',*,*,#2008,.T.);
#2630=ORIENTED_EDGE('',*,*,#2004,.F.);
#2631=ORIENTED_EDGE('',*,*,#2009,.T.);
#2632=ORIENTED_EDGE('',*,*,#2010,.T.);
#2633=ORIENTED_EDGE('',*,*,#2011,.T.);
#2634=ORIENTED_EDGE('',*,*,#2007,.F.);
#2635=ORIENTED_EDGE('',*,*,#2012,.T.);
#2636=ORIENTED_EDGE('',*,*,#2010,.F.);
#2637=ORIENTED_EDGE('',*,*,#2013,.T.);
#2638=ORIENTED_EDGE('',*,*,#2014,.T.);
#2639=ORIENTED_EDGE('',*,*,#2015,.T.);
#2640=ORIENTED_EDGE('',*,*,#2016,.T.);
#2641=ORIENTED_EDGE('',*,*,#2017,.T.);
#2642=ORIENTED_EDGE('',*,*,#2014,.F.);
#2643=ORIENTED_EDGE('',*,*,#2018,.T.);
#2644=ORIENTED_EDGE('',*,*,#2016,.F.);
#2645=ORIENTED_EDGE('',*,*,#2019,.T.);
#2646=ORIENTED_EDGE('',*,*,#2020,.T.);
#2647=ORIENTED_EDGE('',*,*,#2018,.F.);
#2648=ORIENTED_EDGE('',*,*,#2021,.F.);
#2649=ORIENTED_EDGE('',*,*,#2022,.F.);
#2650=ORIENTED_EDGE('',*,*,#2023,.F.);
#2651=ORIENTED_EDGE('',*,*,#2024,.F.);
#2652=ORIENTED_EDGE('',*,*,#2013,.F.);
#2653=ORIENTED_EDGE('',*,*,#2025,.T.);
#2654=ORIENTED_EDGE('',*,*,#2026,.T.);
#2655=ORIENTED_EDGE('',*,*,#2021,.T.);
#2656=ORIENTED_EDGE('',*,*,#2012,.F.);
#2657=ORIENTED_EDGE('',*,*,#2009,.F.);
#2658=ORIENTED_EDGE('',*,*,#2027,.F.);
#2659=ORIENTED_EDGE('',*,*,#2028,.F.);
#2660=ORIENTED_EDGE('',*,*,#2025,.F.);
#2661=ORIENTED_EDGE('',*,*,#2006,.F.);
#2662=ORIENTED_EDGE('',*,*,#1958,.T.);
#2663=ORIENTED_EDGE('',*,*,#2029,.T.);
#2664=ORIENTED_EDGE('',*,*,#2027,.T.);
#2665=ORIENTED_EDGE('',*,*,#2001,.F.);
#2666=ORIENTED_EDGE('',*,*,#2030,.T.);
#2667=ORIENTED_EDGE('',*,*,#2031,.F.);
#2668=ORIENTED_EDGE('',*,*,#1960,.T.);
#2669=ORIENTED_EDGE('',*,*,#1998,.F.);
#2670=ORIENTED_EDGE('',*,*,#2032,.F.);
#2671=ORIENTED_EDGE('',*,*,#2033,.F.);
#2672=ORIENTED_EDGE('',*,*,#2030,.F.);
#2673=ORIENTED_EDGE('',*,*,#1995,.F.);
#2674=ORIENTED_EDGE('',*,*,#1938,.T.);
#2675=ORIENTED_EDGE('',*,*,#2034,.T.);
#2676=ORIENTED_EDGE('',*,*,#2032,.T.);
#2677=ORIENTED_EDGE('',*,*,#1990,.F.);
#2678=ORIENTED_EDGE('',*,*,#2035,.T.);
#2679=ORIENTED_EDGE('',*,*,#2036,.T.);
#2680=ORIENTED_EDGE('',*,*,#1940,.T.);
#2681=ORIENTED_EDGE('',*,*,#1987,.F.);
#2682=ORIENTED_EDGE('',*,*,#1984,.F.);
#2683=ORIENTED_EDGE('',*,*,#2037,.F.);
#2684=ORIENTED_EDGE('',*,*,#2038,.F.);
#2685=ORIENTED_EDGE('',*,*,#2039,.F.);
#2686=ORIENTED_EDGE('',*,*,#2040,.F.);
#2687=ORIENTED_EDGE('',*,*,#2041,.F.);
#2688=ORIENTED_EDGE('',*,*,#2042,.F.);
#2689=ORIENTED_EDGE('',*,*,#2043,.F.);
#2690=ORIENTED_EDGE('',*,*,#2044,.F.);
#2691=ORIENTED_EDGE('',*,*,#2045,.F.);
#2692=ORIENTED_EDGE('',*,*,#2035,.F.);
#2693=ORIENTED_EDGE('',*,*,#1979,.F.);
#2694=ORIENTED_EDGE('',*,*,#2046,.T.);
#2695=ORIENTED_EDGE('',*,*,#2047,.T.);
#2696=ORIENTED_EDGE('',*,*,#2037,.T.);
#2697=ORIENTED_EDGE('',*,*,#1978,.F.);
#2698=ORIENTED_EDGE('',*,*,#2048,.F.);
#2699=ORIENTED_EDGE('',*,*,#2049,.F.);
#2700=ORIENTED_EDGE('',*,*,#2050,.F.);
#2701=ORIENTED_EDGE('',*,*,#2046,.F.);
#2702=ORIENTED_EDGE('',*,*,#2051,.T.);
#2703=ORIENTED_EDGE('',*,*,#2052,.T.);
#2704=ORIENTED_EDGE('',*,*,#2053,.T.);
#2705=ORIENTED_EDGE('',*,*,#2054,.T.);
#2706=ORIENTED_EDGE('',*,*,#2052,.F.);
#2707=ORIENTED_EDGE('',*,*,#2055,.T.);
#2708=ORIENTED_EDGE('',*,*,#2056,.T.);
#2709=ORIENTED_EDGE('',*,*,#2057,.T.);
#2710=ORIENTED_EDGE('',*,*,#2055,.F.);
#2711=ORIENTED_EDGE('',*,*,#2051,.F.);
#2712=ORIENTED_EDGE('',*,*,#2057,.F.);
#2713=ORIENTED_EDGE('',*,*,#2054,.F.);
#2714=ORIENTED_EDGE('',*,*,#2058,.T.);
#2715=ORIENTED_EDGE('',*,*,#2059,.T.);
#2716=ORIENTED_EDGE('',*,*,#2058,.F.);
#2717=ORIENTED_EDGE('',*,*,#2053,.F.);
#2718=ORIENTED_EDGE('',*,*,#2060,.T.);
#2719=ORIENTED_EDGE('',*,*,#2061,.T.);
#2720=ORIENTED_EDGE('',*,*,#2034,.F.);
#2721=ORIENTED_EDGE('',*,*,#1937,.T.);
#2722=ORIENTED_EDGE('',*,*,#2062,.T.);
#2723=ORIENTED_EDGE('',*,*,#2063,.T.);
#2724=ORIENTED_EDGE('',*,*,#2060,.F.);
#2725=ORIENTED_EDGE('',*,*,#1936,.T.);
#2726=ORIENTED_EDGE('',*,*,#1945,.T.);
#2727=ORIENTED_EDGE('',*,*,#2064,.T.);
#2728=ORIENTED_EDGE('',*,*,#2062,.F.);
#2729=ORIENTED_EDGE('',*,*,#1935,.T.);
#2730=ORIENTED_EDGE('',*,*,#2065,.T.);
#2731=ORIENTED_EDGE('',*,*,#2066,.T.);
#2732=ORIENTED_EDGE('',*,*,#1949,.F.);
#2733=ORIENTED_EDGE('',*,*,#1963,.T.);
#2734=ORIENTED_EDGE('',*,*,#2067,.T.);
#2735=ORIENTED_EDGE('',*,*,#2068,.T.);
#2736=ORIENTED_EDGE('',*,*,#2065,.F.);
#2737=ORIENTED_EDGE('',*,*,#1962,.T.);
#2738=ORIENTED_EDGE('',*,*,#2031,.T.);
#2739=ORIENTED_EDGE('',*,*,#2069,.T.);
#2740=ORIENTED_EDGE('',*,*,#2067,.F.);
#2741=ORIENTED_EDGE('',*,*,#1961,.T.);
#2742=ORIENTED_EDGE('',*,*,#1956,.T.);
#2743=ORIENTED_EDGE('',*,*,#2070,.T.);
#2744=ORIENTED_EDGE('',*,*,#2071,.T.);
#2745=ORIENTED_EDGE('',*,*,#2072,.T.);
#2746=ORIENTED_EDGE('',*,*,#2073,.T.);
#2747=ORIENTED_EDGE('',*,*,#2074,.T.);
#2748=ORIENTED_EDGE('',*,*,#2070,.F.);
#2749=ORIENTED_EDGE('',*,*,#1955,.T.);
#2750=ORIENTED_EDGE('',*,*,#2075,.T.);
#2751=ORIENTED_EDGE('',*,*,#2076,.T.);
#2752=ORIENTED_EDGE('',*,*,#2073,.F.);
#2753=ORIENTED_EDGE('',*,*,#1954,.T.);
#2754=ORIENTED_EDGE('',*,*,#2077,.T.);
#2755=ORIENTED_EDGE('',*,*,#2078,.T.);
#2756=ORIENTED_EDGE('',*,*,#2075,.F.);
#2757=ORIENTED_EDGE('',*,*,#1953,.T.);
#2758=ORIENTED_EDGE('',*,*,#2079,.T.);
#2759=ORIENTED_EDGE('',*,*,#2077,.F.);
#2760=ORIENTED_EDGE('',*,*,#1952,.T.);
#2761=ORIENTED_EDGE('',*,*,#2080,.T.);
#2762=ORIENTED_EDGE('',*,*,#2081,.T.);
#2763=ORIENTED_EDGE('',*,*,#2082,.T.);
#2764=ORIENTED_EDGE('',*,*,#2083,.T.);
#2765=ORIENTED_EDGE('',*,*,#2072,.F.);
#2766=ORIENTED_EDGE('',*,*,#2084,.T.);
#2767=ORIENTED_EDGE('',*,*,#2085,.T.);
#2768=ORIENTED_EDGE('',*,*,#2086,.T.);
#2769=ORIENTED_EDGE('',*,*,#2080,.F.);
#2770=ORIENTED_EDGE('',*,*,#2087,.T.);
#2771=ORIENTED_EDGE('',*,*,#2082,.F.);
#2772=ORIENTED_EDGE('',*,*,#2088,.T.);
#2773=ORIENTED_EDGE('',*,*,#2089,.T.);
#2774=ORIENTED_EDGE('',*,*,#2090,.T.);
#2775=ORIENTED_EDGE('',*,*,#2089,.F.);
#2776=ORIENTED_EDGE('',*,*,#2091,.T.);
#2777=ORIENTED_EDGE('',*,*,#2092,.F.);
#2778=ORIENTED_EDGE('',*,*,#2093,.T.);
#2779=ORIENTED_EDGE('',*,*,#2094,.T.);
#2780=ORIENTED_EDGE('',*,*,#2085,.F.);
#2781=ORIENTED_EDGE('',*,*,#2095,.F.);
#2782=ORIENTED_EDGE('',*,*,#2096,.T.);
#2783=ORIENTED_EDGE('',*,*,#2093,.F.);
#2784=ORIENTED_EDGE('',*,*,#2083,.F.);
#2785=ORIENTED_EDGE('',*,*,#2097,.T.);
#2786=ORIENTED_EDGE('',*,*,#2022,.T.);
#2787=ORIENTED_EDGE('',*,*,#2098,.F.);
#2788=ORIENTED_EDGE('',*,*,#1957,.T.);
#2789=ORIENTED_EDGE('',*,*,#2099,.T.);
#2790=ORIENTED_EDGE('',*,*,#2091,.F.);
#2791=ORIENTED_EDGE('',*,*,#2100,.T.);
#2792=ORIENTED_EDGE('',*,*,#2101,.T.);
#2793=ORIENTED_EDGE('',*,*,#2102,.T.);
#2794=ORIENTED_EDGE('',*,*,#2103,.F.);
#2795=ORIENTED_EDGE('',*,*,#2088,.F.);
#2796=ORIENTED_EDGE('',*,*,#2081,.F.);
#2797=ORIENTED_EDGE('',*,*,#2071,.F.);
#2798=ORIENTED_EDGE('',*,*,#2104,.F.);
#2799=ORIENTED_EDGE('',*,*,#2105,.F.);
#2800=ORIENTED_EDGE('',*,*,#2106,.F.);
#2801=ORIENTED_EDGE('',*,*,#2107,.F.);
#2802=ORIENTED_EDGE('',*,*,#2108,.F.);
#2803=ORIENTED_EDGE('',*,*,#2109,.F.);
#2804=ORIENTED_EDGE('',*,*,#2110,.F.);
#2805=ORIENTED_EDGE('',*,*,#2111,.F.);
#2806=ORIENTED_EDGE('',*,*,#2112,.F.);
#2807=ORIENTED_EDGE('',*,*,#2113,.F.);
#2808=ORIENTED_EDGE('',*,*,#2114,.F.);
#2809=ORIENTED_EDGE('',*,*,#2115,.F.);
#2810=ORIENTED_EDGE('',*,*,#2116,.F.);
#2811=ORIENTED_EDGE('',*,*,#2117,.F.);
#2812=ORIENTED_EDGE('',*,*,#2118,.F.);
#2813=ORIENTED_EDGE('',*,*,#2119,.F.);
#2814=ORIENTED_EDGE('',*,*,#2120,.F.);
#2815=ORIENTED_EDGE('',*,*,#2121,.F.);
#2816=ORIENTED_EDGE('',*,*,#2122,.F.);
#2817=ORIENTED_EDGE('',*,*,#2123,.F.);
#2818=ORIENTED_EDGE('',*,*,#2124,.F.);
#2819=ORIENTED_EDGE('',*,*,#2125,.F.);
#2820=ORIENTED_EDGE('',*,*,#2126,.F.);
#2821=ORIENTED_EDGE('',*,*,#2100,.F.);
#2822=ORIENTED_EDGE('',*,*,#2127,.F.);
#2823=ORIENTED_EDGE('',*,*,#2128,.F.);
#2824=ORIENTED_EDGE('',*,*,#2129,.F.);
#2825=ORIENTED_EDGE('',*,*,#2129,.T.);
#2826=ORIENTED_EDGE('',*,*,#2130,.T.);
#2827=ORIENTED_EDGE('',*,*,#2131,.T.);
#2828=ORIENTED_EDGE('',*,*,#2132,.T.);
#2829=ORIENTED_EDGE('',*,*,#2133,.F.);
#2830=ORIENTED_EDGE('',*,*,#2134,.T.);
#2831=ORIENTED_EDGE('',*,*,#2135,.T.);
#2832=ORIENTED_EDGE('',*,*,#2131,.F.);
#2833=ORIENTED_EDGE('',*,*,#2136,.T.);
#2834=ORIENTED_EDGE('',*,*,#2137,.T.);
#2835=ORIENTED_EDGE('',*,*,#2138,.T.);
#2836=ORIENTED_EDGE('',*,*,#2134,.F.);
#2837=ORIENTED_EDGE('',*,*,#2139,.T.);
#2838=ORIENTED_EDGE('',*,*,#2140,.T.);
#2839=ORIENTED_EDGE('',*,*,#2141,.T.);
#2840=ORIENTED_EDGE('',*,*,#2137,.F.);
#2841=ORIENTED_EDGE('',*,*,#2142,.T.);
#2842=ORIENTED_EDGE('',*,*,#2143,.T.);
#2843=ORIENTED_EDGE('',*,*,#2144,.T.);
#2844=ORIENTED_EDGE('',*,*,#2140,.F.);
#2845=ORIENTED_EDGE('',*,*,#2144,.F.);
#2846=ORIENTED_EDGE('',*,*,#2145,.T.);
#2847=ORIENTED_EDGE('',*,*,#2146,.T.);
#2848=ORIENTED_EDGE('',*,*,#2147,.T.);
#2849=ORIENTED_EDGE('',*,*,#2094,.F.);
#2850=ORIENTED_EDGE('',*,*,#2148,.F.);
#2851=ORIENTED_EDGE('',*,*,#2149,.F.);
#2852=ORIENTED_EDGE('',*,*,#2150,.F.);
#2853=ORIENTED_EDGE('',*,*,#2151,.F.);
#2854=ORIENTED_EDGE('',*,*,#2152,.F.);
#2855=ORIENTED_EDGE('',*,*,#2153,.F.);
#2856=ORIENTED_EDGE('',*,*,#2154,.F.);
#2857=ORIENTED_EDGE('',*,*,#2155,.F.);
#2858=ORIENTED_EDGE('',*,*,#2156,.F.);
#2859=ORIENTED_EDGE('',*,*,#2143,.F.);
#2860=ORIENTED_EDGE('',*,*,#2142,.F.);
#2861=ORIENTED_EDGE('',*,*,#2139,.F.);
#2862=ORIENTED_EDGE('',*,*,#2136,.F.);
#2863=ORIENTED_EDGE('',*,*,#2157,.F.);
#2864=ORIENTED_EDGE('',*,*,#2158,.F.);
#2865=ORIENTED_EDGE('',*,*,#2159,.F.);
#2866=ORIENTED_EDGE('',*,*,#2160,.F.);
#2867=ORIENTED_EDGE('',*,*,#2161,.F.);
#2868=ORIENTED_EDGE('',*,*,#2162,.F.);
#2869=ORIENTED_EDGE('',*,*,#2163,.F.);
#2870=ORIENTED_EDGE('',*,*,#2164,.F.);
#2871=ORIENTED_EDGE('',*,*,#2165,.F.);
#2872=ORIENTED_EDGE('',*,*,#2166,.F.);
#2873=ORIENTED_EDGE('',*,*,#2167,.F.);
#2874=ORIENTED_EDGE('',*,*,#2079,.F.);
#2875=ORIENTED_EDGE('',*,*,#2086,.F.);
#2876=ORIENTED_EDGE('',*,*,#2130,.F.);
#2877=ORIENTED_EDGE('',*,*,#2128,.T.);
#2878=ORIENTED_EDGE('',*,*,#2168,.T.);
#2879=ORIENTED_EDGE('',*,*,#2169,.T.);
#2880=ORIENTED_EDGE('',*,*,#2157,.T.);
#2881=ORIENTED_EDGE('',*,*,#2170,.T.);
#2882=ORIENTED_EDGE('',*,*,#2171,.T.);
#2883=ORIENTED_EDGE('',*,*,#2172,.F.);
#2884=ORIENTED_EDGE('',*,*,#2173,.T.);
#2885=ORIENTED_EDGE('',*,*,#2174,.T.);
#2886=ORIENTED_EDGE('',*,*,#2175,.T.);
#2887=ORIENTED_EDGE('',*,*,#2176,.T.);
#2888=ORIENTED_EDGE('',*,*,#2171,.F.);
#2889=ORIENTED_EDGE('',*,*,#2177,.T.);
#2890=ORIENTED_EDGE('',*,*,#2115,.T.);
#2891=ORIENTED_EDGE('',*,*,#2175,.F.);
#2892=ORIENTED_EDGE('',*,*,#2178,.T.);
#2893=ORIENTED_EDGE('',*,*,#2179,.T.);
#2894=ORIENTED_EDGE('',*,*,#2116,.T.);
#2895=ORIENTED_EDGE('',*,*,#2177,.F.);
#2896=ORIENTED_EDGE('',*,*,#2180,.T.);
#2897=ORIENTED_EDGE('',*,*,#2181,.T.);
#2898=ORIENTED_EDGE('',*,*,#2117,.T.);
#2899=ORIENTED_EDGE('',*,*,#2179,.F.);
#2900=ORIENTED_EDGE('',*,*,#2182,.T.);
#2901=ORIENTED_EDGE('',*,*,#2181,.F.);
#2902=ORIENTED_EDGE('',*,*,#2183,.T.);
#2903=ORIENTED_EDGE('',*,*,#2118,.T.);
#2904=ORIENTED_EDGE('',*,*,#2182,.F.);
#2905=ORIENTED_EDGE('',*,*,#2184,.F.);
#2906=ORIENTED_EDGE('',*,*,#2185,.F.);
#2907=ORIENTED_EDGE('',*,*,#2186,.F.);
#2908=ORIENTED_EDGE('',*,*,#2180,.F.);
#2909=ORIENTED_EDGE('',*,*,#2187,.T.);
#2910=ORIENTED_EDGE('',*,*,#2188,.T.);
#2911=ORIENTED_EDGE('',*,*,#2184,.T.);
#2912=ORIENTED_EDGE('',*,*,#2178,.F.);
#2913=ORIENTED_EDGE('',*,*,#2174,.F.);
#2914=ORIENTED_EDGE('',*,*,#1941,.T.);
#2915=ORIENTED_EDGE('',*,*,#2189,.F.);
#2916=ORIENTED_EDGE('',*,*,#2187,.F.);
#2917=ORIENTED_EDGE('',*,*,#2019,.F.);
#2918=ORIENTED_EDGE('',*,*,#2024,.T.);
#2919=ORIENTED_EDGE('',*,*,#2190,.T.);
#2920=ORIENTED_EDGE('',*,*,#2191,.T.);
#2921=ORIENTED_EDGE('',*,*,#2099,.F.);
#2922=ORIENTED_EDGE('',*,*,#2190,.F.);
#2923=ORIENTED_EDGE('',*,*,#2023,.T.);
#2924=ORIENTED_EDGE('',*,*,#2097,.F.);
#2925=ORIENTED_EDGE('',*,*,#2087,.F.);
#2926=ORIENTED_EDGE('',*,*,#2090,.F.);
#2927=ORIENTED_EDGE('',*,*,#2192,.T.);
#2928=ORIENTED_EDGE('',*,*,#2193,.T.);
#2929=ORIENTED_EDGE('',*,*,#2194,.F.);
#2930=ORIENTED_EDGE('',*,*,#2195,.T.);
#2931=ORIENTED_EDGE('',*,*,#2042,.T.);
#2932=ORIENTED_EDGE('',*,*,#2183,.F.);
#2933=ORIENTED_EDGE('',*,*,#2186,.T.);
#2934=ORIENTED_EDGE('',*,*,#2196,.T.);
#2935=ORIENTED_EDGE('',*,*,#2197,.T.);
#2936=ORIENTED_EDGE('',*,*,#2196,.F.);
#2937=ORIENTED_EDGE('',*,*,#2198,.T.);
#2938=ORIENTED_EDGE('',*,*,#2195,.F.);
#2939=ORIENTED_EDGE('',*,*,#2198,.F.);
#2940=ORIENTED_EDGE('',*,*,#2185,.T.);
#2941=ORIENTED_EDGE('',*,*,#2199,.T.);
#2942=ORIENTED_EDGE('',*,*,#2043,.T.);
#2943=ORIENTED_EDGE('',*,*,#2200,.T.);
#2944=ORIENTED_EDGE('',*,*,#1927,.T.);
#2945=ORIENTED_EDGE('',*,*,#2201,.T.);
#2946=ORIENTED_EDGE('',*,*,#2202,.F.);
#2947=ORIENTED_EDGE('',*,*,#2203,.T.);
#2948=ORIENTED_EDGE('',*,*,#2201,.F.);
#2949=ORIENTED_EDGE('',*,*,#2204,.T.);
#2950=ORIENTED_EDGE('',*,*,#2146,.F.);
#2951=ORIENTED_EDGE('',*,*,#2141,.F.);
#2952=ORIENTED_EDGE('',*,*,#2147,.F.);
#2953=ORIENTED_EDGE('',*,*,#2205,.F.);
#2954=ORIENTED_EDGE('',*,*,#2206,.F.);
#2955=ORIENTED_EDGE('',*,*,#2204,.F.);
#2956=ORIENTED_EDGE('',*,*,#1926,.T.);
#2957=ORIENTED_EDGE('',*,*,#2207,.T.);
#2958=ORIENTED_EDGE('',*,*,#2205,.T.);
#2959=ORIENTED_EDGE('',*,*,#2192,.F.);
#2960=ORIENTED_EDGE('',*,*,#2041,.T.);
#2961=ORIENTED_EDGE('',*,*,#2208,.F.);
#2962=ORIENTED_EDGE('',*,*,#1928,.T.);
#2963=ORIENTED_EDGE('',*,*,#2200,.F.);
#2964=ORIENTED_EDGE('',*,*,#2209,.T.);
#2965=ORIENTED_EDGE('',*,*,#2210,.F.);
#2966=ORIENTED_EDGE('',*,*,#2211,.F.);
#2967=ORIENTED_EDGE('',*,*,#2212,.F.);
#2968=ORIENTED_EDGE('',*,*,#2213,.T.);
#2969=ORIENTED_EDGE('',*,*,#2214,.F.);
#2970=ORIENTED_EDGE('',*,*,#2215,.T.);
#2971=ORIENTED_EDGE('',*,*,#2216,.F.);
#2972=ORIENTED_EDGE('',*,*,#2217,.T.);
#2973=ORIENTED_EDGE('',*,*,#2218,.T.);
#2974=ORIENTED_EDGE('',*,*,#2219,.T.);
#2975=ORIENTED_EDGE('',*,*,#2220,.F.);
#2976=ORIENTED_EDGE('',*,*,#2221,.T.);
#2977=ORIENTED_EDGE('',*,*,#2222,.F.);
#2978=ORIENTED_EDGE('',*,*,#2223,.T.);
#2979=ORIENTED_EDGE('',*,*,#2224,.F.);
#2980=ORIENTED_EDGE('',*,*,#2225,.T.);
#2981=ORIENTED_EDGE('',*,*,#2226,.F.);
#2982=ORIENTED_EDGE('',*,*,#2227,.F.);
#2983=ORIENTED_EDGE('',*,*,#2228,.F.);
#2984=ORIENTED_EDGE('',*,*,#2229,.T.);
#2985=ORIENTED_EDGE('',*,*,#2230,.F.);
#2986=ORIENTED_EDGE('',*,*,#2231,.F.);
#2987=ORIENTED_EDGE('',*,*,#2098,.T.);
#2988=ORIENTED_EDGE('',*,*,#2026,.F.);
#2989=ORIENTED_EDGE('',*,*,#2028,.T.);
#2990=ORIENTED_EDGE('',*,*,#2029,.F.);
#2991=ORIENTED_EDGE('',*,*,#1879,.F.);
#2992=ORIENTED_EDGE('',*,*,#2232,.T.);
#2993=ORIENTED_EDGE('',*,*,#2011,.F.);
#2994=ORIENTED_EDGE('',*,*,#2015,.F.);
#2995=ORIENTED_EDGE('',*,*,#2017,.F.);
#2996=ORIENTED_EDGE('',*,*,#2020,.F.);
#2997=ORIENTED_EDGE('',*,*,#2233,.F.);
#2998=ORIENTED_EDGE('',*,*,#2234,.T.);
#2999=ORIENTED_EDGE('',*,*,#2235,.F.);
#3000=ORIENTED_EDGE('',*,*,#1869,.F.);
#3001=ORIENTED_EDGE('',*,*,#1873,.F.);
#3002=ORIENTED_EDGE('',*,*,#1877,.F.);
#3003=ORIENTED_EDGE('',*,*,#1967,.T.);
#3004=ORIENTED_EDGE('',*,*,#1969,.F.);
#3005=ORIENTED_EDGE('',*,*,#2236,.T.);
#3006=ORIENTED_EDGE('',*,*,#1965,.F.);
#3007=ORIENTED_EDGE('',*,*,#2084,.F.);
#3008=ORIENTED_EDGE('',*,*,#1951,.T.);
#3009=ORIENTED_EDGE('',*,*,#2236,.F.);
#3010=ORIENTED_EDGE('',*,*,#1972,.T.);
#3011=ORIENTED_EDGE('',*,*,#2237,.F.);
#3012=ORIENTED_EDGE('',*,*,#2237,.T.);
#3013=ORIENTED_EDGE('',*,*,#1971,.T.);
#3014=ORIENTED_EDGE('',*,*,#1974,.F.);
#3015=ORIENTED_EDGE('',*,*,#2238,.F.);
#3016=ORIENTED_EDGE('',*,*,#2095,.T.);
#3017=ORIENTED_EDGE('',*,*,#2092,.T.);
#3018=ORIENTED_EDGE('',*,*,#2238,.T.);
#3019=ORIENTED_EDGE('',*,*,#2239,.F.);
#3020=ORIENTED_EDGE('',*,*,#2240,.T.);
#3021=ORIENTED_EDGE('',*,*,#2241,.T.);
#3022=ORIENTED_EDGE('',*,*,#2148,.T.);
#3023=ORIENTED_EDGE('',*,*,#2096,.F.);
#3024=ORIENTED_EDGE('',*,*,#1973,.F.);
#3025=ORIENTED_EDGE('',*,*,#2235,.T.);
#3026=ORIENTED_EDGE('',*,*,#2239,.T.);
#3027=ORIENTED_EDGE('',*,*,#2242,.T.);
#3028=ORIENTED_EDGE('',*,*,#2214,.T.);
#3029=ORIENTED_EDGE('',*,*,#2243,.T.);
#3030=ORIENTED_EDGE('',*,*,#2244,.F.);
#3031=ORIENTED_EDGE('',*,*,#2245,.T.);
#3032=ORIENTED_EDGE('',*,*,#2246,.F.);
#3033=ORIENTED_EDGE('',*,*,#2247,.T.);
#3034=ORIENTED_EDGE('',*,*,#2216,.T.);
#3035=ORIENTED_EDGE('',*,*,#2248,.T.);
#3036=ORIENTED_EDGE('',*,*,#2249,.T.);
#3037=ORIENTED_EDGE('',*,*,#2250,.F.);
#3038=ORIENTED_EDGE('',*,*,#2249,.F.);
#3039=ORIENTED_EDGE('',*,*,#2251,.T.);
#3040=ORIENTED_EDGE('',*,*,#2245,.F.);
#3041=ORIENTED_EDGE('',*,*,#2242,.F.);
#3042=ORIENTED_EDGE('',*,*,#2251,.F.);
#3043=ORIENTED_EDGE('',*,*,#2248,.F.);
#3044=ORIENTED_EDGE('',*,*,#2215,.F.);
#3045=ORIENTED_EDGE('',*,*,#2247,.F.);
#3046=ORIENTED_EDGE('',*,*,#2252,.F.);
#3047=ORIENTED_EDGE('',*,*,#2217,.F.);
#3048=ORIENTED_EDGE('',*,*,#2253,.F.);
#3049=ORIENTED_EDGE('',*,*,#2254,.T.);
#3050=ORIENTED_EDGE('',*,*,#2224,.T.);
#3051=ORIENTED_EDGE('',*,*,#2255,.T.);
#3052=ORIENTED_EDGE('',*,*,#2256,.T.);
#3053=ORIENTED_EDGE('',*,*,#2257,.T.);
#3054=ORIENTED_EDGE('',*,*,#2222,.T.);
#3055=ORIENTED_EDGE('',*,*,#2258,.T.);
#3056=ORIENTED_EDGE('',*,*,#2259,.F.);
#3057=ORIENTED_EDGE('',*,*,#2260,.T.);
#3058=ORIENTED_EDGE('',*,*,#2261,.T.);
#3059=ORIENTED_EDGE('',*,*,#2260,.F.);
#3060=ORIENTED_EDGE('',*,*,#2262,.F.);
#3061=ORIENTED_EDGE('',*,*,#2256,.F.);
#3062=ORIENTED_EDGE('',*,*,#2254,.F.);
#3063=ORIENTED_EDGE('',*,*,#2263,.F.);
#3064=ORIENTED_EDGE('',*,*,#2225,.F.);
#3065=ORIENTED_EDGE('',*,*,#2197,.F.);
#3066=ORIENTED_EDGE('',*,*,#2194,.T.);
#3067=ORIENTED_EDGE('',*,*,#2264,.T.);
#3068=ORIENTED_EDGE('',*,*,#2119,.T.);
#3069=ORIENTED_EDGE('',*,*,#2228,.T.);
#3070=ORIENTED_EDGE('',*,*,#2265,.T.);
#3071=ORIENTED_EDGE('',*,*,#2264,.F.);
#3072=ORIENTED_EDGE('',*,*,#2266,.T.);
#3073=ORIENTED_EDGE('',*,*,#2193,.F.);
#3074=ORIENTED_EDGE('',*,*,#2229,.F.);
#3075=ORIENTED_EDGE('',*,*,#2266,.F.);
#3076=ORIENTED_EDGE('',*,*,#2267,.T.);
#3077=ORIENTED_EDGE('',*,*,#2268,.T.);
#3078=ORIENTED_EDGE('',*,*,#2210,.T.);
#3079=ORIENTED_EDGE('',*,*,#2269,.T.);
#3080=ORIENTED_EDGE('',*,*,#2145,.F.);
#3081=ORIENTED_EDGE('',*,*,#2156,.T.);
#3082=ORIENTED_EDGE('',*,*,#2267,.F.);
#3083=ORIENTED_EDGE('',*,*,#2202,.T.);
#3084=ORIENTED_EDGE('',*,*,#2203,.F.);
#3085=ORIENTED_EDGE('',*,*,#2269,.F.);
#3086=ORIENTED_EDGE('',*,*,#2209,.F.);
#3087=ORIENTED_EDGE('',*,*,#2270,.T.);
#3088=ORIENTED_EDGE('',*,*,#2271,.T.);
#3089=ORIENTED_EDGE('',*,*,#2226,.T.);
#3090=ORIENTED_EDGE('',*,*,#2263,.T.);
#3091=ORIENTED_EDGE('',*,*,#2121,.T.);
#3092=ORIENTED_EDGE('',*,*,#2270,.F.);
#3093=ORIENTED_EDGE('',*,*,#2253,.T.);
#3094=ORIENTED_EDGE('',*,*,#2272,.T.);
#3095=ORIENTED_EDGE('',*,*,#2259,.T.);
#3096=ORIENTED_EDGE('',*,*,#2273,.T.);
#3097=ORIENTED_EDGE('',*,*,#2123,.T.);
#3098=ORIENTED_EDGE('',*,*,#2274,.T.);
#3099=ORIENTED_EDGE('',*,*,#2262,.T.);
#3100=ORIENTED_EDGE('',*,*,#2274,.F.);
#3101=ORIENTED_EDGE('',*,*,#2122,.T.);
#3102=ORIENTED_EDGE('',*,*,#2272,.F.);
#3103=ORIENTED_EDGE('',*,*,#2275,.F.);
#3104=ORIENTED_EDGE('',*,*,#2276,.T.);
#3105=ORIENTED_EDGE('',*,*,#2273,.F.);
#3106=ORIENTED_EDGE('',*,*,#2277,.T.);
#3107=ORIENTED_EDGE('',*,*,#2220,.T.);
#3108=ORIENTED_EDGE('',*,*,#2276,.F.);
#3109=ORIENTED_EDGE('',*,*,#2278,.T.);
#3110=ORIENTED_EDGE('',*,*,#2279,.F.);
#3111=ORIENTED_EDGE('',*,*,#2124,.T.);
#3112=ORIENTED_EDGE('',*,*,#2258,.F.);
#3113=ORIENTED_EDGE('',*,*,#2221,.F.);
#3114=ORIENTED_EDGE('',*,*,#2277,.F.);
#3115=ORIENTED_EDGE('',*,*,#2152,.T.);
#3116=ORIENTED_EDGE('',*,*,#2280,.T.);
#3117=ORIENTED_EDGE('',*,*,#2246,.T.);
#3118=ORIENTED_EDGE('',*,*,#2281,.T.);
#3119=ORIENTED_EDGE('',*,*,#2244,.T.);
#3120=ORIENTED_EDGE('',*,*,#2282,.T.);
#3121=ORIENTED_EDGE('',*,*,#2154,.T.);
#3122=ORIENTED_EDGE('',*,*,#2283,.T.);
#3123=ORIENTED_EDGE('',*,*,#2212,.T.);
#3124=ORIENTED_EDGE('',*,*,#2284,.T.);
#3125=ORIENTED_EDGE('',*,*,#2282,.F.);
#3126=ORIENTED_EDGE('',*,*,#2285,.T.);
#3127=ORIENTED_EDGE('',*,*,#2250,.T.);
#3128=ORIENTED_EDGE('',*,*,#2283,.F.);
#3129=ORIENTED_EDGE('',*,*,#2153,.T.);
#3130=ORIENTED_EDGE('',*,*,#2281,.F.);
#3131=ORIENTED_EDGE('',*,*,#2218,.F.);
#3132=ORIENTED_EDGE('',*,*,#2252,.T.);
#3133=ORIENTED_EDGE('',*,*,#2280,.F.);
#3134=ORIENTED_EDGE('',*,*,#2286,.T.);
#3135=ORIENTED_EDGE('',*,*,#2287,.T.);
#3136=ORIENTED_EDGE('',*,*,#2268,.F.);
#3137=ORIENTED_EDGE('',*,*,#2155,.T.);
#3138=ORIENTED_EDGE('',*,*,#2284,.F.);
#3139=ORIENTED_EDGE('',*,*,#2211,.T.);
#3140=ORIENTED_EDGE('',*,*,#2243,.F.);
#3141=ORIENTED_EDGE('',*,*,#2213,.F.);
#3142=ORIENTED_EDGE('',*,*,#2285,.F.);
#3143=ORIENTED_EDGE('',*,*,#2288,.T.);
#3144=ORIENTED_EDGE('',*,*,#2289,.T.);
#3145=ORIENTED_EDGE('',*,*,#2290,.T.);
#3146=ORIENTED_EDGE('',*,*,#2288,.F.);
#3147=ORIENTED_EDGE('',*,*,#2291,.T.);
#3148=ORIENTED_EDGE('',*,*,#2292,.T.);
#3149=ORIENTED_EDGE('',*,*,#2293,.T.);
#3150=ORIENTED_EDGE('',*,*,#2292,.F.);
#3151=ORIENTED_EDGE('',*,*,#2294,.T.);
#3152=ORIENTED_EDGE('',*,*,#2295,.T.);
#3153=ORIENTED_EDGE('',*,*,#2291,.F.);
#3154=ORIENTED_EDGE('',*,*,#2296,.F.);
#3155=ORIENTED_EDGE('',*,*,#2297,.F.);
#3156=ORIENTED_EDGE('',*,*,#2298,.F.);
#3157=ORIENTED_EDGE('',*,*,#2290,.F.);
#3158=ORIENTED_EDGE('',*,*,#2165,.T.);
#3159=ORIENTED_EDGE('',*,*,#2299,.T.);
#3160=ORIENTED_EDGE('',*,*,#2296,.T.);
#3161=ORIENTED_EDGE('',*,*,#2289,.F.);
#3162=ORIENTED_EDGE('',*,*,#2300,.T.);
#3163=ORIENTED_EDGE('',*,*,#2301,.T.);
#3164=ORIENTED_EDGE('',*,*,#2166,.T.);
#3165=ORIENTED_EDGE('',*,*,#1930,.T.);
#3166=ORIENTED_EDGE('',*,*,#2302,.T.);
#3167=ORIENTED_EDGE('',*,*,#2303,.T.);
#3168=ORIENTED_EDGE('',*,*,#2304,.T.);
#3169=ORIENTED_EDGE('',*,*,#2305,.T.);
#3170=ORIENTED_EDGE('',*,*,#1922,.F.);
#3171=ORIENTED_EDGE('',*,*,#1931,.T.);
#3172=ORIENTED_EDGE('',*,*,#2304,.F.);
#3173=ORIENTED_EDGE('',*,*,#2306,.F.);
#3174=ORIENTED_EDGE('',*,*,#2307,.T.);
#3175=ORIENTED_EDGE('',*,*,#2308,.F.);
#3176=ORIENTED_EDGE('',*,*,#1976,.F.);
#3177=ORIENTED_EDGE('',*,*,#1981,.F.);
#3178=ORIENTED_EDGE('',*,*,#1983,.F.);
#3179=ORIENTED_EDGE('',*,*,#2309,.T.);
#3180=ORIENTED_EDGE('',*,*,#1909,.F.);
#3181=ORIENTED_EDGE('',*,*,#1913,.F.);
#3182=ORIENTED_EDGE('',*,*,#1915,.F.);
#3183=ORIENTED_EDGE('',*,*,#2310,.T.);
#3184=ORIENTED_EDGE('',*,*,#2311,.T.);
#3185=ORIENTED_EDGE('',*,*,#2039,.T.);
#3186=ORIENTED_EDGE('',*,*,#2312,.T.);
#3187=ORIENTED_EDGE('',*,*,#2038,.T.);
#3188=ORIENTED_EDGE('',*,*,#2047,.F.);
#3189=ORIENTED_EDGE('',*,*,#2313,.T.);
#3190=ORIENTED_EDGE('',*,*,#2312,.F.);
#3191=ORIENTED_EDGE('',*,*,#2313,.F.);
#3192=ORIENTED_EDGE('',*,*,#2050,.T.);
#3193=ORIENTED_EDGE('',*,*,#2314,.F.);
#3194=ORIENTED_EDGE('',*,*,#2315,.T.);
#3195=ORIENTED_EDGE('',*,*,#2316,.T.);
#3196=ORIENTED_EDGE('',*,*,#2158,.T.);
#3197=ORIENTED_EDGE('',*,*,#2169,.F.);
#3198=ORIENTED_EDGE('',*,*,#2317,.T.);
#3199=ORIENTED_EDGE('',*,*,#2316,.F.);
#3200=ORIENTED_EDGE('',*,*,#2318,.T.);
#3201=ORIENTED_EDGE('',*,*,#2319,.T.);
#3202=ORIENTED_EDGE('',*,*,#2159,.T.);
#3203=ORIENTED_EDGE('',*,*,#2317,.F.);
#3204=ORIENTED_EDGE('',*,*,#2320,.F.);
#3205=ORIENTED_EDGE('',*,*,#2321,.F.);
#3206=ORIENTED_EDGE('',*,*,#2322,.T.);
#3207=ORIENTED_EDGE('',*,*,#1942,.T.);
#3208=ORIENTED_EDGE('',*,*,#2173,.F.);
#3209=ORIENTED_EDGE('',*,*,#2170,.F.);
#3210=ORIENTED_EDGE('',*,*,#2323,.F.);
#3211=ORIENTED_EDGE('',*,*,#2320,.T.);
#3212=ORIENTED_EDGE('',*,*,#2168,.F.);
#3213=ORIENTED_EDGE('',*,*,#2127,.T.);
#3214=ORIENTED_EDGE('',*,*,#2133,.T.);
#3215=ORIENTED_EDGE('',*,*,#2324,.T.);
#3216=ORIENTED_EDGE('',*,*,#2321,.T.);
#3217=ORIENTED_EDGE('',*,*,#2325,.T.);
#3218=ORIENTED_EDGE('',*,*,#2113,.T.);
#3219=ORIENTED_EDGE('',*,*,#2176,.F.);
#3220=ORIENTED_EDGE('',*,*,#2114,.T.);
#3221=ORIENTED_EDGE('',*,*,#2325,.F.);
#3222=ORIENTED_EDGE('',*,*,#2323,.T.);
#3223=ORIENTED_EDGE('',*,*,#2172,.T.);
#3224=ORIENTED_EDGE('',*,*,#2324,.F.);
#3225=ORIENTED_EDGE('',*,*,#2112,.T.);
#3226=ORIENTED_EDGE('',*,*,#2326,.T.);
#3227=ORIENTED_EDGE('',*,*,#2327,.T.);
#3228=ORIENTED_EDGE('',*,*,#2305,.F.);
#3229=ORIENTED_EDGE('',*,*,#2328,.T.);
#3230=ORIENTED_EDGE('',*,*,#2329,.F.);
#3231=ORIENTED_EDGE('',*,*,#1918,.T.);
#3232=ORIENTED_EDGE('',*,*,#1925,.T.);
#3233=ORIENTED_EDGE('',*,*,#2330,.F.);
#3234=ORIENTED_EDGE('',*,*,#2331,.F.);
#3235=ORIENTED_EDGE('',*,*,#2207,.F.);
#3236=ORIENTED_EDGE('',*,*,#2332,.T.);
#3237=ORIENTED_EDGE('',*,*,#2330,.T.);
#3238=ORIENTED_EDGE('',*,*,#1924,.T.);
#3239=ORIENTED_EDGE('',*,*,#1933,.F.);
#3240=ORIENTED_EDGE('',*,*,#2138,.F.);
#3241=ORIENTED_EDGE('',*,*,#2206,.T.);
#3242=ORIENTED_EDGE('',*,*,#2331,.T.);
#3243=ORIENTED_EDGE('',*,*,#2333,.T.);
#3244=ORIENTED_EDGE('',*,*,#2044,.T.);
#3245=ORIENTED_EDGE('',*,*,#2199,.F.);
#3246=ORIENTED_EDGE('',*,*,#2188,.F.);
#3247=ORIENTED_EDGE('',*,*,#2334,.F.);
#3248=ORIENTED_EDGE('',*,*,#2045,.T.);
#3249=ORIENTED_EDGE('',*,*,#2334,.T.);
#3250=ORIENTED_EDGE('',*,*,#2189,.T.);
#3251=ORIENTED_EDGE('',*,*,#2036,.F.);
#3252=ORIENTED_EDGE('',*,*,#1906,.F.);
#3253=ORIENTED_EDGE('',*,*,#2309,.F.);
#3254=ORIENTED_EDGE('',*,*,#1986,.F.);
#3255=ORIENTED_EDGE('',*,*,#1989,.F.);
#3256=ORIENTED_EDGE('',*,*,#1992,.F.);
#3257=ORIENTED_EDGE('',*,*,#1994,.F.);
#3258=ORIENTED_EDGE('',*,*,#1997,.F.);
#3259=ORIENTED_EDGE('',*,*,#2000,.F.);
#3260=ORIENTED_EDGE('',*,*,#2003,.F.);
#3261=ORIENTED_EDGE('',*,*,#2005,.F.);
#3262=ORIENTED_EDGE('',*,*,#2008,.F.);
#3263=ORIENTED_EDGE('',*,*,#2232,.F.);
#3264=ORIENTED_EDGE('',*,*,#1882,.F.);
#3265=ORIENTED_EDGE('',*,*,#1885,.F.);
#3266=ORIENTED_EDGE('',*,*,#1888,.F.);
#3267=ORIENTED_EDGE('',*,*,#1891,.F.);
#3268=ORIENTED_EDGE('',*,*,#1894,.F.);
#3269=ORIENTED_EDGE('',*,*,#1897,.F.);
#3270=ORIENTED_EDGE('',*,*,#1900,.F.);
#3271=ORIENTED_EDGE('',*,*,#1903,.F.);
#3272=ORIENTED_EDGE('',*,*,#2335,.F.);
#3273=ORIENTED_EDGE('',*,*,#2056,.F.);
#3274=ORIENTED_EDGE('',*,*,#2336,.T.);
#3275=ORIENTED_EDGE('',*,*,#2149,.T.);
#3276=ORIENTED_EDGE('',*,*,#2241,.F.);
#3277=ORIENTED_EDGE('',*,*,#2337,.T.);
#3278=ORIENTED_EDGE('',*,*,#2338,.T.);
#3279=ORIENTED_EDGE('',*,*,#2150,.T.);
#3280=ORIENTED_EDGE('',*,*,#2336,.F.);
#3281=ORIENTED_EDGE('',*,*,#2339,.T.);
#3282=ORIENTED_EDGE('',*,*,#2286,.F.);
#3283=ORIENTED_EDGE('',*,*,#2151,.T.);
#3284=ORIENTED_EDGE('',*,*,#2338,.F.);
#3285=ORIENTED_EDGE('',*,*,#2340,.T.);
#3286=ORIENTED_EDGE('',*,*,#2340,.F.);
#3287=ORIENTED_EDGE('',*,*,#2341,.T.);
#3288=ORIENTED_EDGE('',*,*,#2278,.F.);
#3289=ORIENTED_EDGE('',*,*,#2275,.T.);
#3290=ORIENTED_EDGE('',*,*,#2219,.F.);
#3291=ORIENTED_EDGE('',*,*,#2287,.F.);
#3292=ORIENTED_EDGE('',*,*,#2339,.F.);
#3293=ORIENTED_EDGE('',*,*,#2342,.F.);
#3294=ORIENTED_EDGE('',*,*,#2343,.F.);
#3295=ORIENTED_EDGE('',*,*,#2341,.F.);
#3296=ORIENTED_EDGE('',*,*,#2337,.F.);
#3297=ORIENTED_EDGE('',*,*,#2344,.T.);
#3298=ORIENTED_EDGE('',*,*,#2345,.F.);
#3299=ORIENTED_EDGE('',*,*,#2342,.T.);
#3300=ORIENTED_EDGE('',*,*,#2240,.F.);
#3301=ORIENTED_EDGE('',*,*,#2234,.F.);
#3302=ORIENTED_EDGE('',*,*,#2102,.F.);
#3303=ORIENTED_EDGE('',*,*,#2344,.F.);
#3304=ORIENTED_EDGE('',*,*,#2265,.F.);
#3305=ORIENTED_EDGE('',*,*,#2227,.T.);
#3306=ORIENTED_EDGE('',*,*,#2271,.F.);
#3307=ORIENTED_EDGE('',*,*,#2120,.T.);
#3308=ORIENTED_EDGE('',*,*,#2191,.F.);
#3309=ORIENTED_EDGE('',*,*,#2103,.T.);
#3310=ORIENTED_EDGE('',*,*,#2233,.T.);
#3311=ORIENTED_EDGE('',*,*,#2346,.T.);
#3312=ORIENTED_EDGE('',*,*,#2345,.T.);
#3313=ORIENTED_EDGE('',*,*,#2101,.F.);
#3314=ORIENTED_EDGE('',*,*,#2126,.T.);
#3315=ORIENTED_EDGE('',*,*,#2279,.T.);
#3316=ORIENTED_EDGE('',*,*,#2343,.T.);
#3317=ORIENTED_EDGE('',*,*,#2346,.F.);
#3318=ORIENTED_EDGE('',*,*,#2125,.T.);
#3319=ORIENTED_EDGE('',*,*,#2347,.T.);
#3320=ORIENTED_EDGE('',*,*,#2348,.T.);
#3321=ORIENTED_EDGE('',*,*,#2349,.T.);
#3322=ORIENTED_EDGE('',*,*,#2350,.T.);
#3323=ORIENTED_EDGE('',*,*,#2351,.T.);
#3324=ORIENTED_EDGE('',*,*,#2352,.T.);
#3325=ORIENTED_EDGE('',*,*,#2353,.T.);
#3326=ORIENTED_EDGE('',*,*,#2350,.F.);
#3327=ORIENTED_EDGE('',*,*,#2048,.T.);
#3328=ORIENTED_EDGE('',*,*,#1977,.F.);
#3329=ORIENTED_EDGE('',*,*,#2308,.T.);
#3330=ORIENTED_EDGE('',*,*,#2352,.F.);
#3331=ORIENTED_EDGE('',*,*,#2354,.T.);
#3332=ORIENTED_EDGE('',*,*,#2355,.T.);
#3333=ORIENTED_EDGE('',*,*,#2356,.T.);
#3334=ORIENTED_EDGE('',*,*,#2348,.F.);
#3335=ORIENTED_EDGE('',*,*,#2357,.T.);
#3336=ORIENTED_EDGE('',*,*,#2302,.F.);
#3337=ORIENTED_EDGE('',*,*,#1929,.T.);
#3338=ORIENTED_EDGE('',*,*,#2208,.T.);
#3339=ORIENTED_EDGE('',*,*,#2040,.T.);
#3340=ORIENTED_EDGE('',*,*,#2311,.F.);
#3341=ORIENTED_EDGE('',*,*,#2358,.T.);
#3342=ORIENTED_EDGE('',*,*,#2357,.F.);
#3343=ORIENTED_EDGE('',*,*,#2359,.T.);
#3344=ORIENTED_EDGE('',*,*,#2360,.F.);
#3345=ORIENTED_EDGE('',*,*,#2361,.T.);
#3346=ORIENTED_EDGE('',*,*,#2347,.F.);
#3347=ORIENTED_EDGE('',*,*,#2362,.T.);
#3348=ORIENTED_EDGE('',*,*,#2363,.F.);
#3349=ORIENTED_EDGE('',*,*,#2359,.F.);
#3350=ORIENTED_EDGE('',*,*,#2353,.F.);
#3351=ORIENTED_EDGE('',*,*,#2307,.F.);
#3352=ORIENTED_EDGE('',*,*,#2364,.F.);
#3353=ORIENTED_EDGE('',*,*,#2362,.F.);
#3354=ORIENTED_EDGE('',*,*,#2364,.T.);
#3355=ORIENTED_EDGE('',*,*,#2365,.T.);
#3356=ORIENTED_EDGE('',*,*,#2366,.T.);
#3357=ORIENTED_EDGE('',*,*,#2367,.T.);
#3358=ORIENTED_EDGE('',*,*,#1920,.T.);
#3359=ORIENTED_EDGE('',*,*,#2368,.T.);
#3360=ORIENTED_EDGE('',*,*,#2365,.F.);
#3361=ORIENTED_EDGE('',*,*,#2306,.T.);
#3362=ORIENTED_EDGE('',*,*,#1914,.F.);
#3363=ORIENTED_EDGE('',*,*,#2369,.T.);
#3364=ORIENTED_EDGE('',*,*,#2370,.T.);
#3365=ORIENTED_EDGE('',*,*,#2363,.T.);
#3366=ORIENTED_EDGE('',*,*,#2367,.F.);
#3367=ORIENTED_EDGE('',*,*,#2371,.T.);
#3368=ORIENTED_EDGE('',*,*,#2360,.T.);
#3369=ORIENTED_EDGE('',*,*,#2370,.F.);
#3370=ORIENTED_EDGE('',*,*,#2372,.T.);
#3371=ORIENTED_EDGE('',*,*,#2329,.T.);
#3372=ORIENTED_EDGE('',*,*,#2373,.T.);
#3373=ORIENTED_EDGE('',*,*,#2372,.F.);
#3374=ORIENTED_EDGE('',*,*,#2369,.F.);
#3375=ORIENTED_EDGE('',*,*,#2366,.F.);
#3376=ORIENTED_EDGE('',*,*,#2368,.F.);
#3377=ORIENTED_EDGE('',*,*,#1919,.T.);
#3378=ORIENTED_EDGE('',*,*,#2061,.F.);
#3379=ORIENTED_EDGE('',*,*,#2374,.T.);
#3380=ORIENTED_EDGE('',*,*,#2069,.F.);
#3381=ORIENTED_EDGE('',*,*,#2033,.T.);
#3382=ORIENTED_EDGE('',*,*,#2063,.F.);
#3383=ORIENTED_EDGE('',*,*,#2375,.F.);
#3384=ORIENTED_EDGE('',*,*,#2068,.F.);
#3385=ORIENTED_EDGE('',*,*,#2374,.F.);
#3386=ORIENTED_EDGE('',*,*,#2064,.F.);
#3387=ORIENTED_EDGE('',*,*,#1947,.T.);
#3388=ORIENTED_EDGE('',*,*,#2066,.F.);
#3389=ORIENTED_EDGE('',*,*,#2375,.T.);
#3390=ORIENTED_EDGE('',*,*,#2135,.F.);
#3391=ORIENTED_EDGE('',*,*,#2333,.F.);
#3392=ORIENTED_EDGE('',*,*,#2332,.F.);
#3393=ORIENTED_EDGE('',*,*,#1943,.T.);
#3394=ORIENTED_EDGE('',*,*,#2132,.F.);
#3395=ORIENTED_EDGE('',*,*,#2376,.F.);
#3396=ORIENTED_EDGE('',*,*,#2377,.F.);
#3397=ORIENTED_EDGE('',*,*,#2378,.F.);
#3398=ORIENTED_EDGE('',*,*,#2295,.F.);
#3399=ORIENTED_EDGE('',*,*,#2105,.T.);
#3400=ORIENTED_EDGE('',*,*,#2377,.T.);
#3401=ORIENTED_EDGE('',*,*,#2379,.T.);
#3402=ORIENTED_EDGE('',*,*,#2380,.F.);
#3403=ORIENTED_EDGE('',*,*,#2381,.F.);
#3404=ORIENTED_EDGE('',*,*,#2301,.F.);
#3405=ORIENTED_EDGE('',*,*,#2078,.F.);
#3406=ORIENTED_EDGE('',*,*,#2167,.T.);
#3407=ORIENTED_EDGE('',*,*,#2381,.T.);
#3408=ORIENTED_EDGE('',*,*,#2382,.T.);
#3409=ORIENTED_EDGE('',*,*,#2111,.T.);
#3410=ORIENTED_EDGE('',*,*,#2383,.F.);
#3411=ORIENTED_EDGE('',*,*,#2384,.F.);
#3412=ORIENTED_EDGE('',*,*,#2326,.F.);
#3413=ORIENTED_EDGE('',*,*,#2385,.F.);
#3414=ORIENTED_EDGE('',*,*,#2386,.F.);
#3415=ORIENTED_EDGE('',*,*,#2387,.F.);
#3416=ORIENTED_EDGE('',*,*,#2383,.T.);
#3417=ORIENTED_EDGE('',*,*,#2110,.T.);
#3418=ORIENTED_EDGE('',*,*,#2386,.T.);
#3419=ORIENTED_EDGE('',*,*,#2388,.T.);
#3420=ORIENTED_EDGE('',*,*,#2389,.T.);
#3421=ORIENTED_EDGE('',*,*,#2390,.T.);
#3422=ORIENTED_EDGE('',*,*,#2107,.T.);
#3423=ORIENTED_EDGE('',*,*,#2391,.T.);
#3424=ORIENTED_EDGE('',*,*,#2392,.T.);
#3425=ORIENTED_EDGE('',*,*,#2108,.T.);
#3426=ORIENTED_EDGE('',*,*,#2390,.F.);
#3427=ORIENTED_EDGE('',*,*,#2393,.T.);
#3428=ORIENTED_EDGE('',*,*,#2387,.T.);
#3429=ORIENTED_EDGE('',*,*,#2109,.T.);
#3430=ORIENTED_EDGE('',*,*,#2392,.F.);
#3431=ORIENTED_EDGE('',*,*,#2394,.T.);
#3432=ORIENTED_EDGE('',*,*,#2395,.F.);
#3433=ORIENTED_EDGE('',*,*,#2396,.F.);
#3434=ORIENTED_EDGE('',*,*,#2160,.T.);
#3435=ORIENTED_EDGE('',*,*,#2319,.F.);
#3436=ORIENTED_EDGE('',*,*,#2397,.F.);
#3437=ORIENTED_EDGE('',*,*,#2398,.F.);
#3438=ORIENTED_EDGE('',*,*,#2399,.F.);
#3439=ORIENTED_EDGE('',*,*,#2400,.T.);
#3440=ORIENTED_EDGE('',*,*,#2162,.T.);
#3441=ORIENTED_EDGE('',*,*,#2398,.T.);
#3442=ORIENTED_EDGE('',*,*,#2401,.T.);
#3443=ORIENTED_EDGE('',*,*,#2402,.T.);
#3444=ORIENTED_EDGE('',*,*,#2163,.T.);
#3445=ORIENTED_EDGE('',*,*,#2400,.F.);
#3446=ORIENTED_EDGE('',*,*,#2403,.T.);
#3447=ORIENTED_EDGE('',*,*,#2164,.T.);
#3448=ORIENTED_EDGE('',*,*,#2402,.F.);
#3449=ORIENTED_EDGE('',*,*,#2404,.T.);
#3450=ORIENTED_EDGE('',*,*,#2299,.F.);
#3451=ORIENTED_EDGE('',*,*,#2399,.T.);
#3452=ORIENTED_EDGE('',*,*,#2161,.T.);
#3453=ORIENTED_EDGE('',*,*,#2396,.T.);
#3454=ORIENTED_EDGE('',*,*,#2405,.T.);
#3455=ORIENTED_EDGE('',*,*,#2385,.T.);
#3456=ORIENTED_EDGE('',*,*,#2406,.T.);
#3457=ORIENTED_EDGE('',*,*,#2397,.T.);
#3458=ORIENTED_EDGE('',*,*,#2407,.T.);
#3459=ORIENTED_EDGE('',*,*,#2384,.T.);
#3460=ORIENTED_EDGE('',*,*,#2408,.T.);
#3461=ORIENTED_EDGE('',*,*,#2395,.T.);
#3462=ORIENTED_EDGE('',*,*,#2409,.T.);
#3463=ORIENTED_EDGE('',*,*,#2294,.F.);
#3464=ORIENTED_EDGE('',*,*,#2298,.T.);
#3465=ORIENTED_EDGE('',*,*,#2391,.F.);
#3466=ORIENTED_EDGE('',*,*,#2106,.T.);
#3467=ORIENTED_EDGE('',*,*,#2376,.T.);
#3468=ORIENTED_EDGE('',*,*,#2410,.T.);
#3469=ORIENTED_EDGE('',*,*,#2380,.T.);
#3470=ORIENTED_EDGE('',*,*,#2411,.T.);
#3471=ORIENTED_EDGE('',*,*,#2074,.F.);
#3472=ORIENTED_EDGE('',*,*,#2412,.T.);
#3473=ORIENTED_EDGE('',*,*,#2378,.T.);
#3474=ORIENTED_EDGE('',*,*,#2104,.T.);
#3475=ORIENTED_EDGE('',*,*,#2293,.F.);
#3476=ORIENTED_EDGE('',*,*,#2379,.F.);
#3477=ORIENTED_EDGE('',*,*,#2411,.F.);
#3478=ORIENTED_EDGE('',*,*,#2300,.F.);
#3479=ORIENTED_EDGE('',*,*,#2076,.F.);
#3480=ORIENTED_EDGE('',*,*,#2382,.F.);
#3481=ORIENTED_EDGE('',*,*,#2410,.F.);
#3482=ORIENTED_EDGE('',*,*,#2412,.F.);
#3483=ORIENTED_EDGE('',*,*,#2405,.F.);
#3484=ORIENTED_EDGE('',*,*,#2408,.F.);
#3485=ORIENTED_EDGE('',*,*,#2388,.F.);
#3486=ORIENTED_EDGE('',*,*,#2407,.F.);
#3487=ORIENTED_EDGE('',*,*,#2393,.F.);
#3488=ORIENTED_EDGE('',*,*,#2413,.T.);
#3489=ORIENTED_EDGE('',*,*,#2403,.F.);
#3490=ORIENTED_EDGE('',*,*,#2414,.T.);
#3491=ORIENTED_EDGE('',*,*,#2389,.F.);
#3492=ORIENTED_EDGE('',*,*,#2297,.T.);
#3493=ORIENTED_EDGE('',*,*,#2404,.F.);
#3494=ORIENTED_EDGE('',*,*,#2413,.F.);
#3495=ORIENTED_EDGE('',*,*,#2303,.F.);
#3496=ORIENTED_EDGE('',*,*,#2361,.F.);
#3497=ORIENTED_EDGE('',*,*,#2371,.F.);
#3498=ORIENTED_EDGE('',*,*,#2373,.F.);
#3499=ORIENTED_EDGE('',*,*,#2328,.F.);
#3500=ORIENTED_EDGE('',*,*,#2314,.T.);
#3501=ORIENTED_EDGE('',*,*,#2049,.T.);
#3502=ORIENTED_EDGE('',*,*,#2354,.F.);
#3503=ORIENTED_EDGE('',*,*,#2351,.F.);
#3504=ORIENTED_EDGE('',*,*,#2349,.F.);
#3505=ORIENTED_EDGE('',*,*,#2356,.F.);
#3506=ORIENTED_EDGE('',*,*,#2415,.T.);
#3507=ORIENTED_EDGE('',*,*,#2231,.T.);
#3508=ORIENTED_EDGE('',*,*,#2416,.T.);
#3509=ORIENTED_EDGE('',*,*,#2417,.T.);
#3510=ORIENTED_EDGE('',*,*,#2418,.T.);
#3511=ORIENTED_EDGE('',*,*,#2416,.F.);
#3512=ORIENTED_EDGE('',*,*,#2417,.F.);
#3513=ORIENTED_EDGE('',*,*,#2418,.F.);
#3514=ORIENTED_EDGE('',*,*,#2419,.T.);
#3515=ORIENTED_EDGE('',*,*,#2420,.T.);
#3516=ORIENTED_EDGE('',*,*,#2421,.T.);
#3517=ORIENTED_EDGE('',*,*,#2422,.T.);
#3518=ORIENTED_EDGE('',*,*,#2419,.F.);
#3519=ORIENTED_EDGE('',*,*,#2230,.T.);
#3520=ORIENTED_EDGE('',*,*,#2423,.T.);
#3521=ORIENTED_EDGE('',*,*,#2424,.T.);
#3522=ORIENTED_EDGE('',*,*,#2425,.T.);
#3523=ORIENTED_EDGE('',*,*,#2423,.F.);
#3524=ORIENTED_EDGE('',*,*,#2424,.F.);
#3525=ORIENTED_EDGE('',*,*,#2425,.F.);
#3526=ORIENTED_EDGE('',*,*,#2426,.T.);
#3527=ORIENTED_EDGE('',*,*,#2427,.T.);
#3528=ORIENTED_EDGE('',*,*,#2426,.F.);
#3529=ORIENTED_EDGE('',*,*,#2335,.T.);
#3530=ORIENTED_EDGE('',*,*,#2428,.T.);
#3531=ORIENTED_EDGE('',*,*,#2429,.T.);
#3532=ORIENTED_EDGE('',*,*,#2430,.T.);
#3533=ORIENTED_EDGE('',*,*,#2428,.F.);
#3534=ORIENTED_EDGE('',*,*,#2429,.F.);
#3535=ORIENTED_EDGE('',*,*,#2430,.F.);
#3536=ORIENTED_EDGE('',*,*,#2431,.T.);
#3537=ORIENTED_EDGE('',*,*,#2432,.T.);
#3538=ORIENTED_EDGE('',*,*,#2431,.F.);
#3539=ORIENTED_EDGE('',*,*,#2318,.F.);
#3540=ORIENTED_EDGE('',*,*,#2322,.F.);
#3541=ORIENTED_EDGE('',*,*,#2327,.F.);
#3542=ORIENTED_EDGE('',*,*,#2409,.F.);
#3543=ORIENTED_EDGE('',*,*,#2432,.F.);
#3544=ORIENTED_EDGE('',*,*,#2059,.F.);
#3545=ORIENTED_EDGE('',*,*,#2421,.F.);
#3546=ORIENTED_EDGE('',*,*,#2433,.F.);
#3547=ORIENTED_EDGE('',*,*,#2394,.F.);
#3548=ORIENTED_EDGE('',*,*,#2414,.F.);
#3549=ORIENTED_EDGE('',*,*,#2401,.F.);
#3550=ORIENTED_EDGE('',*,*,#2406,.F.);
#3551=ORIENTED_EDGE('',*,*,#2433,.T.);
#3552=ORIENTED_EDGE('',*,*,#2420,.F.);
#3553=ORIENTED_EDGE('',*,*,#2422,.F.);
#3554=ORIENTED_EDGE('',*,*,#2427,.F.);
#3555=ORIENTED_EDGE('',*,*,#2310,.F.);
#3556=ORIENTED_EDGE('',*,*,#2315,.F.);
#3557=ORIENTED_EDGE('',*,*,#2415,.F.);
#3558=ORIENTED_EDGE('',*,*,#2355,.F.);
#3559=ORIENTED_EDGE('',*,*,#2358,.F.);
#3560=ORIENTED_EDGE('',*,*,#2255,.F.);
#3561=ORIENTED_EDGE('',*,*,#2223,.F.);
#3562=ORIENTED_EDGE('',*,*,#2257,.F.);
#3563=ORIENTED_EDGE('',*,*,#2261,.F.);
#3564=B_SPLINE_SURFACE_WITH_KNOTS('',3,3,((#5531,#5532,#5533,#5534,#5535,
#5536,#5537,#5538,#5539,#5540,#5541,#5542),(#5543,#5544,#5545,#5546,#5547,
#5548,#5549,#5550,#5551,#5552,#5553,#5554),(#5555,#5556,#5557,#5558,#5559,
#5560,#5561,#5562,#5563,#5564,#5565,#5566),(#5567,#5568,#5569,#5570,#5571,
#5572,#5573,#5574,#5575,#5576,#5577,#5578),(#5579,#5580,#5581,#5582,#5583,
#5584,#5585,#5586,#5587,#5588,#5589,#5590)),.UNSPECIFIED.,.F.,.F.,.F.,(4,
1,4),(4,1,1,1,1,1,1,2,4),(0.,0.5,1.),(0.,0.0393122439811149,0.0786244879622297,
0.0982806099527871,0.117936731943345,0.157248975924459,0.176905097915017,
0.196561219905574,0.196909233454189),.UNSPECIFIED.);
#3565=B_SPLINE_SURFACE_WITH_KNOTS('',3,3,((#5625,#5626,#5627,#5628,#5629,
#5630),(#5631,#5632,#5633,#5634,#5635,#5636),(#5637,#5638,#5639,#5640,#5641,
#5642),(#5643,#5644,#5645,#5646,#5647,#5648),(#5649,#5650,#5651,#5652,#5653,
#5654)),.UNSPECIFIED.,.F.,.F.,.F.,(4,1,4),(4,1,1,4),(0.,0.571428571428571,
1.),(0.,0.00684927575408961,0.0114154595901493,0.0159816434262091),
 .UNSPECIFIED.);
#3566=B_SPLINE_SURFACE_WITH_KNOTS('',3,3,((#5752,#5753,#5754,#5755,#5756),
(#5757,#5758,#5759,#5760,#5761),(#5762,#5763,#5764,#5765,#5766),(#5767,
#5768,#5769,#5770,#5771),(#5772,#5773,#5774,#5775,#5776)),.UNSPECIFIED.,
 .F.,.F.,.F.,(4,1,4),(4,1,4),(0.,0.571428571428571,1.),(0.,0.00684918345771742,
0.0159814280680073),.UNSPECIFIED.);
#3567=B_SPLINE_SURFACE_WITH_KNOTS('',3,3,((#5929,#5930,#5931,#5932,#5933,
#5934,#5935),(#5936,#5937,#5938,#5939,#5940,#5941,#5942),(#5943,#5944,#5945,
#5946,#5947,#5948,#5949),(#5950,#5951,#5952,#5953,#5954,#5955,#5956),(#5957,
#5958,#5959,#5960,#5961,#5962,#5963)),.UNSPECIFIED.,.F.,.F.,.F.,(4,1,4),
(4,1,1,1,4),(0.,0.571428571428571,1.),(2.44573445486243,2.57933850752732,
2.64614053385976,2.77974458652465,2.91334863918954),.UNSPECIFIED.);
#3568=B_SPLINE_SURFACE_WITH_KNOTS('',3,3,((#6053,#6054,#6055,#6056,#6057),
(#6058,#6059,#6060,#6061,#6062),(#6063,#6064,#6065,#6066,#6067),(#6068,
#6069,#6070,#6071,#6072),(#6073,#6074,#6075,#6076,#6077)),.UNSPECIFIED.,
 .F.,.F.,.F.,(4,1,4),(4,1,4),(0.,0.571428571428571,1.),(0.,0.00913236767211989,
0.0159816434262098),.UNSPECIFIED.);
#3569=B_SPLINE_SURFACE_WITH_KNOTS('',3,3,((#6167,#6168,#6169,#6170,#6171),
(#6172,#6173,#6174,#6175,#6176),(#6177,#6178,#6179,#6180,#6181),(#6182,
#6183,#6184,#6185,#6186),(#6187,#6188,#6189,#6190,#6191)),.UNSPECIFIED.,
 .F.,.F.,.F.,(4,1,4),(4,1,4),(0.,0.571428571428571,1.),(0.,0.00684918345771769,
0.015981428068008),.UNSPECIFIED.);
#3570=B_SPLINE_SURFACE_WITH_KNOTS('',3,3,((#6211,#6212,#6213,#6214,#6215,
#6216,#6217,#6218,#6219,#6220,#6221,#6222,#6223),(#6224,#6225,#6226,#6227,
#6228,#6229,#6230,#6231,#6232,#6233,#6234,#6235,#6236),(#6237,#6238,#6239,
#6240,#6241,#6242,#6243,#6244,#6245,#6246,#6247,#6248,#6249),(#6250,#6251,
#6252,#6253,#6254,#6255,#6256,#6257,#6258,#6259,#6260,#6261,#6262)),
 .UNSPECIFIED.,.F.,.F.,.F.,(4,4),(4,2,1,1,1,1,1,1,1,4),(0.,1.),(-0.000348013566663241,
0.,0.0196561219815869,0.0393122439631738,0.0589683659447607,0.0786244879263476,
0.0982806099079345,0.117936731889521,0.157248975852695,0.196561219815869),
 .UNSPECIFIED.);
#3571=B_SPLINE_SURFACE_WITH_KNOTS('',3,3,((#6403,#6404,#6405,#6406,#6407),
(#6408,#6409,#6410,#6411,#6412),(#6413,#6414,#6415,#6416,#6417),(#6418,
#6419,#6420,#6421,#6422),(#6423,#6424,#6425,#6426,#6427)),.UNSPECIFIED.,
 .F.,.F.,.F.,(4,1,4),(4,1,4),(0.,0.571428571428571,1.),(-1.57079632679489,
-0.897597901025653,3.1305186089353E-16),.UNSPECIFIED.);
#3572=B_SPLINE_SURFACE_WITH_KNOTS('',3,3,((#6435,#6436,#6437,#6438,#6439),
(#6440,#6441,#6442,#6443,#6444),(#6445,#6446,#6447,#6448,#6449),(#6450,
#6451,#6452,#6453,#6454),(#6455,#6456,#6457,#6458,#6459)),.UNSPECIFIED.,
 .F.,.F.,.F.,(4,1,4),(4,1,4),(0.,0.571428571428571,1.),(-3.20474742746036E-31,
0.673198425769242,1.5707963267949),.UNSPECIFIED.);
#3573=B_SPLINE_SURFACE_WITH_KNOTS('',3,3,((#6647,#6648,#6649,#6650,#6651,
#6652),(#6653,#6654,#6655,#6656,#6657,#6658),(#6659,#6660,#6661,#6662,#6663,
#6664),(#6665,#6666,#6667,#6668,#6669,#6670),(#6671,#6672,#6673,#6674,#6675,
#6676),(#6677,#6678,#6679,#6680,#6681,#6682)),.UNSPECIFIED.,.F.,.F.,.F.,
(4,1,1,4),(4,1,1,4),(0.,0.285714285714286,0.571428571428571,1.),(0.141166431996955,
0.17367568777675,0.206184943556546,0.292876292302668),.UNSPECIFIED.);
#3574=B_SPLINE_SURFACE_WITH_KNOTS('',3,3,((#6737,#6738,#6739,#6740,#6741,
#6742,#6743,#6744,#6745,#6746,#6747),(#6748,#6749,#6750,#6751,#6752,#6753,
#6754,#6755,#6756,#6757,#6758),(#6759,#6760,#6761,#6762,#6763,#6764,#6765,
#6766,#6767,#6768,#6769),(#6770,#6771,#6772,#6773,#6774,#6775,#6776,#6777,
#6778,#6779,#6780),(#6781,#6782,#6783,#6784,#6785,#6786,#6787,#6788,#6789,
#6790,#6791)),.UNSPECIFIED.,.F.,.F.,.F.,(4,1,4),(4,1,1,1,1,1,2,4),(0.,0.571428571428571,
1.),(-0.282579516141201,-0.226063612912961,-0.169547709684721,-0.141289758070601,
-0.113031806456481,-0.0565159032282403,0.,0.00059161549671115),
 .UNSPECIFIED.);
#3575=B_SPLINE_SURFACE_WITH_KNOTS('',3,3,((#6887,#6888,#6889,#6890,#6891,
#6892),(#6893,#6894,#6895,#6896,#6897,#6898),(#6899,#6900,#6901,#6902,#6903,
#6904),(#6905,#6906,#6907,#6908,#6909,#6910),(#6911,#6912,#6913,#6914,#6915,
#6916),(#6917,#6918,#6919,#6920,#6921,#6922)),.UNSPECIFIED.,.F.,.F.,.F.,
(4,1,1,4),(4,1,1,4),(0.,0.285714285714286,0.571428571428571,1.),(0.140879452957425,
0.173450204245691,0.206020955533957,0.292876292302666),.UNSPECIFIED.);
#3576=B_SPLINE_SURFACE_WITH_KNOTS('',3,3,((#6972,#6973,#6974,#6975,#6976,
#6977,#6978,#6979,#6980,#6981,#6982,#6983),(#6984,#6985,#6986,#6987,#6988,
#6989,#6990,#6991,#6992,#6993,#6994,#6995),(#6996,#6997,#6998,#6999,#7000,
#7001,#7002,#7003,#7004,#7005,#7006,#7007),(#7008,#7009,#7010,#7011,#7012,
#7013,#7014,#7015,#7016,#7017,#7018,#7019),(#7020,#7021,#7022,#7023,#7024,
#7025,#7026,#7027,#7028,#7029,#7030,#7031)),.UNSPECIFIED.,.F.,.F.,.F.,(4,
1,4),(4,2,1,1,1,1,1,1,4),(0.,0.571428571428571,1.),(-0.283171131637913,
-0.282579516141188,-0.22606361291295,-0.197805661298831,-0.169547709684713,
-0.141289758070594,-0.113031806456475,-0.0565159032282375,0.),
 .UNSPECIFIED.);
#3577=B_SPLINE_SURFACE_WITH_KNOTS('',3,3,((#7056,#7057,#7058,#7059,#7060,
#7061,#7062),(#7063,#7064,#7065,#7066,#7067,#7068,#7069),(#7070,#7071,#7072,
#7073,#7074,#7075,#7076),(#7077,#7078,#7079,#7080,#7081,#7082,#7083),(#7084,
#7085,#7086,#7087,#7088,#7089,#7090)),.UNSPECIFIED.,.F.,.F.,.F.,(4,1,4),
(4,1,1,1,4),(0.,0.571428571428571,1.),(0.107654759615274,0.174456785620276,
0.308060837630281,0.441664889640286,0.575268941650291),.UNSPECIFIED.);
#3578=B_SPLINE_SURFACE_WITH_KNOTS('',3,3,((#7298,#7299,#7300,#7301,#7302),
(#7303,#7304,#7305,#7306,#7307),(#7308,#7309,#7310,#7311,#7312),(#7313,
#7314,#7315,#7316,#7317),(#7318,#7319,#7320,#7321,#7322)),.UNSPECIFIED.,
 .F.,.F.,.F.,(4,1,4),(4,1,4),(0.,0.571428571428571,1.),(1.27462143404071E-16,
0.135457994178473,0.316068653083103),.UNSPECIFIED.);
#3579=B_SPLINE_SURFACE_WITH_KNOTS('',3,3,((#7354,#7355,#7356,#7357,#7358,
#7359),(#7360,#7361,#7362,#7363,#7364,#7365),(#7366,#7367,#7368,#7369,#7370,
#7371),(#7372,#7373,#7374,#7375,#7376,#7377),(#7378,#7379,#7380,#7381,#7382,
#7383)),.UNSPECIFIED.,.F.,.F.,.F.,(4,1,4),(4,1,1,4),(0.,0.571428571428571,
1.),(0.104776934678061,0.240234928856534,0.330540258308849,0.420845587761164),
 .UNSPECIFIED.);
#3580=B_SPLINE_SURFACE_WITH_KNOTS('',3,3,((#7399,#7400,#7401,#7402,#7403,
#7404),(#7405,#7406,#7407,#7408,#7409,#7410),(#7411,#7412,#7413,#7414,#7415,
#7416),(#7417,#7418,#7419,#7420,#7421,#7422),(#7423,#7424,#7425,#7426,#7427,
#7428)),.UNSPECIFIED.,.F.,.F.,.F.,(4,1,4),(4,1,1,4),(0.,0.571428571428571,
1.),(-1.5707963267949,-0.897597901025655,-0.448798950512827,1.10115507889352E-17),
 .UNSPECIFIED.);
#3581=B_SPLINE_SURFACE_WITH_KNOTS('',3,3,((#7440,#7441,#7442,#7443,#7444,
#7445),(#7446,#7447,#7448,#7449,#7450,#7451),(#7452,#7453,#7454,#7455,#7456,
#7457),(#7458,#7459,#7460,#7461,#7462,#7463),(#7464,#7465,#7466,#7467,#7468,
#7469)),.UNSPECIFIED.,.F.,.F.,.F.,(4,1,4),(4,1,1,4),(0.,0.571428571428571,
1.),(-6.74975886577265E-16,0.448798950512827,0.67319842576924,1.5707963267949),
 .UNSPECIFIED.);
#3582=ADVANCED_FACE('',(#769),#3564,.F.);
#3583=ADVANCED_FACE('',(#770),#657,.T.);
#3584=ADVANCED_FACE('',(#771),#3565,.F.);
#3585=ADVANCED_FACE('',(#772),#120,.T.);
#3586=ADVANCED_FACE('',(#773),#658,.T.);
#3587=ADVANCED_FACE('',(#774),#114,.F.);
#3588=ADVANCED_FACE('',(#775),#659,.T.);
#3589=ADVANCED_FACE('',(#776),#121,.T.);
#3590=ADVANCED_FACE('',(#777),#660,.T.);
#3591=ADVANCED_FACE('',(#778),#122,.T.);
#3592=ADVANCED_FACE('',(#779),#661,.T.);
#3593=ADVANCED_FACE('',(#780),#115,.F.);
#3594=ADVANCED_FACE('',(#781),#662,.T.);
#3595=ADVANCED_FACE('',(#782),#123,.T.);
#3596=ADVANCED_FACE('',(#783),#3566,.F.);
#3597=ADVANCED_FACE('',(#784),#663,.T.);
#3598=ADVANCED_FACE('',(#785),#60,.T.);
#3599=ADVANCED_FACE('',(#786),#664,.T.);
#3600=ADVANCED_FACE('',(#787),#61,.T.);
#3601=ADVANCED_FACE('',(#788),#665,.T.);
#3602=ADVANCED_FACE('',(#789),#62,.T.);
#3603=ADVANCED_FACE('',(#790),#666,.F.);
#3604=ADVANCED_FACE('',(#791),#63,.T.);
#3605=ADVANCED_FACE('',(#792),#667,.F.);
#3606=ADVANCED_FACE('',(#793),#64,.T.);
#3607=ADVANCED_FACE('',(#794),#668,.T.);
#3608=ADVANCED_FACE('',(#795),#65,.T.);
#3609=ADVANCED_FACE('',(#796),#669,.T.);
#3610=ADVANCED_FACE('',(#797),#66,.T.);
#3611=ADVANCED_FACE('',(#798),#3567,.T.);
#3612=ADVANCED_FACE('',(#799),#670,.T.);
#3613=ADVANCED_FACE('',(#800),#3568,.F.);
#3614=ADVANCED_FACE('',(#801),#124,.T.);
#3615=ADVANCED_FACE('',(#802),#671,.T.);
#3616=ADVANCED_FACE('',(#803),#116,.F.);
#3617=ADVANCED_FACE('',(#804),#672,.T.);
#3618=ADVANCED_FACE('',(#805),#125,.T.);
#3619=ADVANCED_FACE('',(#806),#673,.T.);
#3620=ADVANCED_FACE('',(#807),#126,.T.);
#3621=ADVANCED_FACE('',(#808),#674,.T.);
#3622=ADVANCED_FACE('',(#809),#117,.F.);
#3623=ADVANCED_FACE('',(#810),#675,.T.);
#3624=ADVANCED_FACE('',(#811),#127,.T.);
#3625=ADVANCED_FACE('',(#812),#3569,.F.);
#3626=ADVANCED_FACE('',(#813),#676,.T.);
#3627=ADVANCED_FACE('',(#814),#3570,.F.);
#3628=ADVANCED_FACE('',(#815),#67,.T.);
#3629=ADVANCED_FACE('',(#816),#677,.T.);
#3630=ADVANCED_FACE('',(#817),#68,.T.);
#3631=ADVANCED_FACE('',(#818),#678,.T.);
#3632=ADVANCED_FACE('',(#819),#679,.F.);
#3633=ADVANCED_FACE('',(#820),#69,.T.);
#3634=ADVANCED_FACE('',(#821),#680,.F.);
#3635=ADVANCED_FACE('',(#822),#681,.T.);
#3636=ADVANCED_FACE('',(#823),#70,.T.);
#3637=ADVANCED_FACE('',(#824),#682,.T.);
#3638=ADVANCED_FACE('',(#825),#71,.T.);
#3639=ADVANCED_FACE('',(#826),#128,.T.);
#3640=ADVANCED_FACE('',(#827),#25,.F.);
#3641=ADVANCED_FACE('',(#828),#683,.F.);
#3642=ADVANCED_FACE('',(#829),#129,.F.);
#3643=ADVANCED_FACE('',(#830),#684,.F.);
#3644=ADVANCED_FACE('',(#831),#130,.F.);
#3645=ADVANCED_FACE('',(#832),#131,.F.);
#3646=ADVANCED_FACE('',(#833),#685,.F.);
#3647=ADVANCED_FACE('',(#834),#132,.F.);
#3648=ADVANCED_FACE('',(#835),#686,.F.);
#3649=ADVANCED_FACE('',(#836),#3571,.T.);
#3650=ADVANCED_FACE('',(#837),#687,.F.);
#3651=ADVANCED_FACE('',(#838),#3572,.T.);
#3652=ADVANCED_FACE('',(#839),#688,.F.);
#3653=ADVANCED_FACE('',(#840),#689,.F.);
#3654=ADVANCED_FACE('',(#841),#690,.F.);
#3655=ADVANCED_FACE('',(#842),#691,.F.);
#3656=ADVANCED_FACE('',(#843),#133,.F.);
#3657=ADVANCED_FACE('',(#844),#692,.F.);
#3658=ADVANCED_FACE('',(#845),#134,.F.);
#3659=ADVANCED_FACE('',(#846),#72,.T.);
#3660=ADVANCED_FACE('',(#847),#693,.T.);
#3661=ADVANCED_FACE('',(#848),#73,.T.);
#3662=ADVANCED_FACE('',(#849),#74,.T.);
#3663=ADVANCED_FACE('',(#850),#3573,.T.);
#3664=ADVANCED_FACE('',(#851),#694,.F.);
#3665=ADVANCED_FACE('',(#852),#118,.T.);
#3666=ADVANCED_FACE('',(#853),#695,.F.);
#3667=ADVANCED_FACE('',(#854),#3574,.T.);
#3668=ADVANCED_FACE('',(#855),#135,.T.);
#3669=ADVANCED_FACE('',(#856),#75,.T.);
#3670=ADVANCED_FACE('',(#857),#136,.T.);
#3671=ADVANCED_FACE('',(#858),#76,.T.);
#3672=ADVANCED_FACE('',(#859),#3575,.T.);
#3673=ADVANCED_FACE('',(#860),#696,.F.);
#3674=ADVANCED_FACE('',(#861),#119,.T.);
#3675=ADVANCED_FACE('',(#862),#697,.F.);
#3676=ADVANCED_FACE('',(#863),#3576,.T.);
#3677=ADVANCED_FACE('',(#864),#77,.T.);
#3678=ADVANCED_FACE('',(#865),#698,.F.);
#3679=ADVANCED_FACE('',(#866),#78,.T.);
#3680=ADVANCED_FACE('',(#867),#3577,.T.);
#3681=ADVANCED_FACE('',(#868),#699,.F.);
#3682=ADVANCED_FACE('',(#869),#700,.T.);
#3683=ADVANCED_FACE('',(#870),#137,.T.);
#3684=ADVANCED_FACE('',(#871),#19,.T.);
#3685=ADVANCED_FACE('',(#872),#701,.T.);
#3686=ADVANCED_FACE('',(#873),#702,.T.);
#3687=ADVANCED_FACE('',(#874),#20,.T.);
#3688=ADVANCED_FACE('',(#875),#79,.T.);
#3689=ADVANCED_FACE('',(#876),#703,.T.);
#3690=ADVANCED_FACE('',(#877,#15,#16),#80,.T.);
#3691=ADVANCED_FACE('',(#878),#704,.T.);
#3692=ADVANCED_FACE('',(#879),#705,.T.);
#3693=ADVANCED_FACE('',(#880),#706,.T.);
#3694=ADVANCED_FACE('',(#881),#81,.T.);
#3695=ADVANCED_FACE('',(#882),#707,.F.);
#3696=ADVANCED_FACE('',(#883),#708,.T.);
#3697=ADVANCED_FACE('',(#884),#138,.T.);
#3698=ADVANCED_FACE('',(#885),#709,.T.);
#3699=ADVANCED_FACE('',(#886),#710,.T.);
#3700=ADVANCED_FACE('',(#887),#711,.T.);
#3701=ADVANCED_FACE('',(#888),#82,.T.);
#3702=ADVANCED_FACE('',(#889),#83,.T.);
#3703=ADVANCED_FACE('',(#890),#712,.T.);
#3704=ADVANCED_FACE('',(#891),#713,.T.);
#3705=ADVANCED_FACE('',(#892),#714,.T.);
#3706=ADVANCED_FACE('',(#893),#84,.T.);
#3707=ADVANCED_FACE('',(#894),#715,.F.);
#3708=ADVANCED_FACE('',(#895),#139,.F.);
#3709=ADVANCED_FACE('',(#896),#85,.T.);
#3710=ADVANCED_FACE('',(#897),#140,.F.);
#3711=ADVANCED_FACE('',(#898),#716,.F.);
#3712=ADVANCED_FACE('',(#899),#86,.T.);
#3713=ADVANCED_FACE('',(#900),#141,.F.);
#3714=ADVANCED_FACE('',(#901),#717,.F.);
#3715=ADVANCED_FACE('',(#902),#718,.F.);
#3716=ADVANCED_FACE('',(#903),#719,.F.);
#3717=ADVANCED_FACE('',(#904),#3578,.T.);
#3718=ADVANCED_FACE('',(#905),#142,.T.);
#3719=ADVANCED_FACE('',(#906),#87,.T.);
#3720=ADVANCED_FACE('',(#907),#720,.F.);
#3721=ADVANCED_FACE('',(#908),#721,.F.);
#3722=ADVANCED_FACE('',(#909),#143,.F.);
#3723=ADVANCED_FACE('',(#910),#722,.F.);
#3724=ADVANCED_FACE('',(#911),#3579,.T.);
#3725=ADVANCED_FACE('',(#912),#723,.T.);
#3726=ADVANCED_FACE('',(#913),#88,.T.);
#3727=ADVANCED_FACE('',(#914),#3580,.T.);
#3728=ADVANCED_FACE('',(#915),#724,.F.);
#3729=ADVANCED_FACE('',(#916),#3581,.T.);
#3730=ADVANCED_FACE('',(#917),#89,.F.);
#3731=ADVANCED_FACE('',(#918),#725,.T.);
#3732=ADVANCED_FACE('',(#919),#726,.T.);
#3733=ADVANCED_FACE('',(#920),#727,.T.);
#3734=ADVANCED_FACE('',(#921),#144,.T.);
#3735=ADVANCED_FACE('',(#922),#728,.T.);
#3736=ADVANCED_FACE('',(#923),#729,.T.);
#3737=ADVANCED_FACE('',(#924),#145,.T.);
#3738=ADVANCED_FACE('',(#925),#730,.F.);
#3739=ADVANCED_FACE('',(#926),#731,.T.);
#3740=ADVANCED_FACE('',(#927),#732,.T.);
#3741=ADVANCED_FACE('',(#928),#90,.F.);
#3742=ADVANCED_FACE('',(#929),#733,.F.);
#3743=ADVANCED_FACE('',(#930),#734,.T.);
#3744=ADVANCED_FACE('',(#931),#146,.T.);
#3745=ADVANCED_FACE('',(#932),#735,.T.);
#3746=ADVANCED_FACE('',(#933),#736,.F.);
#3747=ADVANCED_FACE('',(#934),#147,.T.);
#3748=ADVANCED_FACE('',(#935),#737,.T.);
#3749=ADVANCED_FACE('',(#936),#738,.F.);
#3750=ADVANCED_FACE('',(#937),#148,.T.);
#3751=ADVANCED_FACE('',(#938),#739,.T.);
#3752=ADVANCED_FACE('',(#939,#17,#18),#91,.T.);
#3753=ADVANCED_FACE('',(#940),#149,.T.);
#3754=ADVANCED_FACE('',(#941),#740,.T.);
#3755=ADVANCED_FACE('',(#942),#150,.T.);
#3756=ADVANCED_FACE('',(#943),#741,.T.);
#3757=ADVANCED_FACE('',(#944),#92,.T.);
#3758=ADVANCED_FACE('',(#945),#742,.T.);
#3759=ADVANCED_FACE('',(#946),#93,.T.);
#3760=ADVANCED_FACE('',(#947),#743,.T.);
#3761=ADVANCED_FACE('',(#948),#151,.T.);
#3762=ADVANCED_FACE('',(#949),#152,.T.);
#3763=ADVANCED_FACE('',(#950),#744,.T.);
#3764=ADVANCED_FACE('',(#951),#745,.T.);
#3765=ADVANCED_FACE('',(#952),#746,.T.);
#3766=ADVANCED_FACE('',(#953),#153,.T.);
#3767=ADVANCED_FACE('',(#954),#154,.T.);
#3768=ADVANCED_FACE('',(#955),#747,.T.);
#3769=ADVANCED_FACE('',(#956),#94,.T.);
#3770=ADVANCED_FACE('',(#957),#95,.T.);
#3771=ADVANCED_FACE('',(#958),#748,.T.);
#3772=ADVANCED_FACE('',(#959),#155,.T.);
#3773=ADVANCED_FACE('',(#960),#749,.T.);
#3774=ADVANCED_FACE('',(#961),#156,.T.);
#3775=ADVANCED_FACE('',(#962),#96,.T.);
#3776=ADVANCED_FACE('',(#963),#750,.T.);
#3777=ADVANCED_FACE('',(#964),#97,.F.);
#3778=ADVANCED_FACE('',(#965),#751,.T.);
#3779=ADVANCED_FACE('',(#966),#98,.T.);
#3780=ADVANCED_FACE('',(#967),#21,.T.);
#3781=ADVANCED_FACE('',(#968),#752,.T.);
#3782=ADVANCED_FACE('',(#969),#22,.T.);
#3783=ADVANCED_FACE('',(#970),#753,.T.);
#3784=ADVANCED_FACE('',(#971),#157,.T.);
#3785=ADVANCED_FACE('',(#972),#23,.T.);
#3786=ADVANCED_FACE('',(#973),#754,.T.);
#3787=ADVANCED_FACE('',(#974),#755,.T.);
#3788=ADVANCED_FACE('',(#975),#158,.T.);
#3789=ADVANCED_FACE('',(#976),#756,.T.);
#3790=ADVANCED_FACE('',(#977),#159,.T.);
#3791=ADVANCED_FACE('',(#978),#24,.T.);
#3792=ADVANCED_FACE('',(#979),#757,.T.);
#3793=ADVANCED_FACE('',(#980),#160,.T.);
#3794=ADVANCED_FACE('',(#981),#758,.T.);
#3795=ADVANCED_FACE('',(#982),#759,.T.);
#3796=ADVANCED_FACE('',(#983),#760,.T.);
#3797=ADVANCED_FACE('',(#984),#761,.F.);
#3798=ADVANCED_FACE('',(#985),#762,.T.);
#3799=ADVANCED_FACE('',(#986),#763,.T.);
#3800=ADVANCED_FACE('',(#987),#764,.T.);
#3801=ADVANCED_FACE('',(#988),#99,.F.);
#3802=ADVANCED_FACE('',(#989),#100,.F.);
#3803=ADVANCED_FACE('',(#990),#101,.F.);
#3804=ADVANCED_FACE('',(#991),#765,.F.);
#3805=ADVANCED_FACE('',(#992),#102,.F.);
#3806=ADVANCED_FACE('',(#993),#103,.T.);
#3807=ADVANCED_FACE('',(#994),#104,.T.);
#3808=ADVANCED_FACE('',(#995),#26,.F.);
#3809=ADVANCED_FACE('',(#996),#766,.F.);
#3810=ADVANCED_FACE('',(#997),#27,.F.);
#3811=ADVANCED_FACE('',(#998),#767,.F.);
#3812=ADVANCED_FACE('',(#999),#28,.F.);
#3813=ADVANCED_FACE('',(#1000),#768,.F.);
#3814=ADVANCED_FACE('',(#1001),#105,.F.);
#3815=ADVANCED_FACE('',(#1002),#106,.T.);
#3816=ADVANCED_FACE('',(#1003),#107,.T.);
#3817=ADVANCED_FACE('',(#1004),#108,.T.);
#3818=ADVANCED_FACE('',(#1005),#109,.F.);
#3819=ADVANCED_FACE('',(#1006),#110,.T.);
#3820=ADVANCED_FACE('',(#1007),#111,.T.);
#3821=ADVANCED_FACE('',(#1008),#112,.T.);
#3822=ADVANCED_FACE('',(#1009),#113,.T.);
#3823=CLOSED_SHELL('',(#3582,#3583,#3584,#3585,#3586,#3587,#3588,#3589,
#3590,#3591,#3592,#3593,#3594,#3595,#3596,#3597,#3598,#3599,#3600,#3601,
#3602,#3603,#3604,#3605,#3606,#3607,#3608,#3609,#3610,#3611,#3612,#3613,
#3614,#3615,#3616,#3617,#3618,#3619,#3620,#3621,#3622,#3623,#3624,#3625,
#3626,#3627,#3628,#3629,#3630,#3631,#3632,#3633,#3634,#3635,#3636,#3637,
#3638,#3639,#3640,#3641,#3642,#3643,#3644,#3645,#3646,#3647,#3648,#3649,
#3650,#3651,#3652,#3653,#3654,#3655,#3656,#3657,#3658,#3659,#3660,#3661,
#3662,#3663,#3664,#3665,#3666,#3667,#3668,#3669,#3670,#3671,#3672,#3673,
#3674,#3675,#3676,#3677,#3678,#3679,#3680,#3681,#3682,#3683,#3684,#3685,
#3686,#3687,#3688,#3689,#3690,#3691,#3692,#3693,#3694,#3695,#3696,#3697,
#3698,#3699,#3700,#3701,#3702,#3703,#3704,#3705,#3706,#3707,#3708,#3709,
#3710,#3711,#3712,#3713,#3714,#3715,#3716,#3717,#3718,#3719,#3720,#3721,
#3722,#3723,#3724,#3725,#3726,#3727,#3728,#3729,#3730,#3731,#3732,#3733,
#3734,#3735,#3736,#3737,#3738,#3739,#3740,#3741,#3742,#3743,#3744,#3745,
#3746,#3747,#3748,#3749,#3750,#3751,#3752,#3753,#3754,#3755,#3756,#3757,
#3758,#3759,#3760,#3761,#3762,#3763,#3764,#3765,#3766,#3767,#3768,#3769,
#3770,#3771,#3772,#3773,#3774,#3775,#3776,#3777,#3778,#3779,#3780,#3781,
#3782,#3783,#3784,#3785,#3786,#3787,#3788,#3789,#3790,#3791,#3792,#3793,
#3794,#3795,#3796,#3797,#3798,#3799,#3800,#3801,#3802,#3803,#3804,#3805,
#3806,#3807,#3808,#3809,#3810,#3811,#3812,#3813,#3814,#3815,#3816,#3817,
#3818,#3819,#3820,#3821,#3822));
#3824=DERIVED_UNIT_ELEMENT(#3827,1.);
#3825=DERIVED_UNIT_ELEMENT(#7829,-3.);
#3826=DIMENSIONAL_EXPONENTS(0.,1.,0.,0.,0.,0.,0.);
#3827=(
CONVERSION_BASED_UNIT('gram',#3829)
MASS_UNIT()
NAMED_UNIT(#3826)
);
#3828=(
MASS_UNIT()
NAMED_UNIT(*)
SI_UNIT(.KILO.,.GRAM.)
);
#3829=MASS_MEASURE_WITH_UNIT(MASS_MEASURE(0.001),#3828);
#3830=DERIVED_UNIT((#3824,#3825));
#3831=MEASURE_REPRESENTATION_ITEM('density measure',
POSITIVE_RATIO_MEASURE(0.93),#3830);
#3832=PROPERTY_DEFINITION_REPRESENTATION(#3837,#3834);
#3833=PROPERTY_DEFINITION_REPRESENTATION(#3838,#3835);
#3834=REPRESENTATION('material name',(#3836),#7826);
#3835=REPRESENTATION('density',(#3831),#7826);
#3836=DESCRIPTIVE_REPRESENTATION_ITEM('Gummi','Gummi');
#3837=PROPERTY_DEFINITION('material property','material name',#7836);
#3838=PROPERTY_DEFINITION('material property','density of part',#7836);
#3839=DATE_TIME_ROLE('creation_date');
#3840=APPLIED_DATE_AND_TIME_ASSIGNMENT(#3841,#3839,(#7836));
#3841=DATE_AND_TIME(#3842,#3843);
#3842=CALENDAR_DATE(2025,28,8);
#3843=LOCAL_TIME(0,0,0.,#3844);
#3844=COORDINATED_UNIVERSAL_TIME_OFFSET(0,0,.BEHIND.);
#3845=AXIS2_PLACEMENT_3D('',#5530,#4324,#4325);
#3846=AXIS2_PLACEMENT_3D('',#5618,#4326,#4327);
#3847=AXIS2_PLACEMENT_3D('',#5619,#4328,#4329);
#3848=AXIS2_PLACEMENT_3D('',#5622,#4330,#4331);
#3849=AXIS2_PLACEMENT_3D('',#5663,#4334,#4335);
#3850=AXIS2_PLACEMENT_3D('',#5670,#4336,#4337);
#3851=AXIS2_PLACEMENT_3D('',#5673,#4338,#4339);
#3852=AXIS2_PLACEMENT_3D('',#5674,#4340,#4341);
#3853=AXIS2_PLACEMENT_3D('',#5675,#4342,#4343);
#3854=AXIS2_PLACEMENT_3D('',#5676,#4344,#4345);
#3855=AXIS2_PLACEMENT_3D('',#5679,#4346,#4347);
#3856=AXIS2_PLACEMENT_3D('',#5693,#4350,#4351);
#3857=AXIS2_PLACEMENT_3D('',#5694,#4352,#4353);
#3858=AXIS2_PLACEMENT_3D('',#5695,#4354,#4355);
#3859=AXIS2_PLACEMENT_3D('',#5696,#4356,#4357);
#3860=AXIS2_PLACEMENT_3D('',#5699,#4358,#4359);
#3861=AXIS2_PLACEMENT_3D('',#5702,#4362,#4363);
#3862=AXIS2_PLACEMENT_3D('',#5705,#4364,#4365);
#3863=AXIS2_PLACEMENT_3D('',#5706,#4366,#4367);
#3864=AXIS2_PLACEMENT_3D('',#5707,#4368,#4369);
#3865=AXIS2_PLACEMENT_3D('',#5708,#4370,#4371);
#3866=AXIS2_PLACEMENT_3D('',#5711,#4372,#4373);
#3867=AXIS2_PLACEMENT_3D('',#5714,#4376,#4377);
#3868=AXIS2_PLACEMENT_3D('',#5717,#4378,#4379);
#3869=AXIS2_PLACEMENT_3D('',#5718,#4380,#4381);
#3870=AXIS2_PLACEMENT_3D('',#5719,#4382,#4383);
#3871=AXIS2_PLACEMENT_3D('',#5720,#4384,#4385);
#3872=AXIS2_PLACEMENT_3D('',#5723,#4386,#4387);
#3873=AXIS2_PLACEMENT_3D('',#5737,#4390,#4391);
#3874=AXIS2_PLACEMENT_3D('',#5738,#4392,#4393);
#3875=AXIS2_PLACEMENT_3D('',#5739,#4394,#4395);
#3876=AXIS2_PLACEMENT_3D('',#5740,#4396,#4397);
#3877=AXIS2_PLACEMENT_3D('',#5743,#4398,#4399);
#3878=AXIS2_PLACEMENT_3D('',#5746,#4402,#4403);
#3879=AXIS2_PLACEMENT_3D('',#5749,#4404,#4405);
#3880=AXIS2_PLACEMENT_3D('',#5750,#4406,#4407);
#3881=AXIS2_PLACEMENT_3D('',#5751,#4408,#4409);
#3882=AXIS2_PLACEMENT_3D('',#5784,#4410,#4411);
#3883=AXIS2_PLACEMENT_3D('',#5790,#4412,#4413);
#3884=AXIS2_PLACEMENT_3D('',#5807,#4416,#4417);
#3885=AXIS2_PLACEMENT_3D('',#5820,#4421,#4422);
#3886=AXIS2_PLACEMENT_3D('',#5823,#4424,#4425);
#3887=AXIS2_PLACEMENT_3D('',#5824,#4426,#4427);
#3888=AXIS2_PLACEMENT_3D('',#5830,#4430,#4431);
#3889=AXIS2_PLACEMENT_3D('',#5838,#4435,#4436);
#3890=AXIS2_PLACEMENT_3D('',#5841,#4438,#4439);
#3891=AXIS2_PLACEMENT_3D('',#5842,#4440,#4441);
#3892=AXIS2_PLACEMENT_3D('',#5845,#4443,#4444);
#3893=AXIS2_PLACEMENT_3D('',#5846,#4445,#4446);
#3894=AXIS2_PLACEMENT_3D('',#5850,#4448,#4449);
#3895=AXIS2_PLACEMENT_3D('',#5854,#4451,#4452);
#3896=AXIS2_PLACEMENT_3D('',#5866,#4459,#4460);
#3897=AXIS2_PLACEMENT_3D('',#5869,#4462,#4463);
#3898=AXIS2_PLACEMENT_3D('',#5870,#4464,#4465);
#3899=AXIS2_PLACEMENT_3D('',#5874,#4468,#4469);
#3900=AXIS2_PLACEMENT_3D('',#5877,#4471,#4472);
#3901=AXIS2_PLACEMENT_3D('',#5878,#4473,#4474);
#3902=AXIS2_PLACEMENT_3D('',#5886,#4478,#4479);
#3903=AXIS2_PLACEMENT_3D('',#5890,#4481,#4482);
#3904=AXIS2_PLACEMENT_3D('',#5902,#4488,#4489);
#3905=AXIS2_PLACEMENT_3D('',#5905,#4491,#4492);
#3906=AXIS2_PLACEMENT_3D('',#5906,#4493,#4494);
#3907=AXIS2_PLACEMENT_3D('',#5909,#4496,#4497);
#3908=AXIS2_PLACEMENT_3D('',#5910,#4498,#4499);
#3909=AXIS2_PLACEMENT_3D('',#5914,#4502,#4503);
#3910=AXIS2_PLACEMENT_3D('',#5917,#4505,#4506);
#3911=AXIS2_PLACEMENT_3D('',#5918,#4507,#4508);
#3912=AXIS2_PLACEMENT_3D('',#6032,#4511,#4512);
#3913=AXIS2_PLACEMENT_3D('',#6033,#4513,#4514);
#3914=AXIS2_PLACEMENT_3D('',#6036,#4515,#4516);
#3915=AXIS2_PLACEMENT_3D('',#6085,#4519,#4520);
#3916=AXIS2_PLACEMENT_3D('',#6091,#4521,#4522);
#3917=AXIS2_PLACEMENT_3D('',#6094,#4523,#4524);
#3918=AXIS2_PLACEMENT_3D('',#6095,#4525,#4526);
#3919=AXIS2_PLACEMENT_3D('',#6096,#4527,#4528);
#3920=AXIS2_PLACEMENT_3D('',#6097,#4529,#4530);
#3921=AXIS2_PLACEMENT_3D('',#6100,#4531,#4532);
#3922=AXIS2_PLACEMENT_3D('',#6113,#4535,#4536);
#3923=AXIS2_PLACEMENT_3D('',#6114,#4537,#4538);
#3924=AXIS2_PLACEMENT_3D('',#6115,#4539,#4540);
#3925=AXIS2_PLACEMENT_3D('',#6116,#4541,#4542);
#3926=AXIS2_PLACEMENT_3D('',#6118,#4543,#4544);
#3927=AXIS2_PLACEMENT_3D('',#6120,#4546,#4547);
#3928=AXIS2_PLACEMENT_3D('',#6123,#4548,#4549);
#3929=AXIS2_PLACEMENT_3D('',#6124,#4550,#4551);
#3930=AXIS2_PLACEMENT_3D('',#6125,#4552,#4553);
#3931=AXIS2_PLACEMENT_3D('',#6126,#4554,#4555);
#3932=AXIS2_PLACEMENT_3D('',#6129,#4556,#4557);
#3933=AXIS2_PLACEMENT_3D('',#6132,#4560,#4561);
#3934=AXIS2_PLACEMENT_3D('',#6134,#4562,#4563);
#3935=AXIS2_PLACEMENT_3D('',#6135,#4564,#4565);
#3936=AXIS2_PLACEMENT_3D('',#6136,#4566,#4567);
#3937=AXIS2_PLACEMENT_3D('',#6137,#4568,#4569);
#3938=AXIS2_PLACEMENT_3D('',#6139,#4570,#4571);
#3939=AXIS2_PLACEMENT_3D('',#6152,#4573,#4574);
#3940=AXIS2_PLACEMENT_3D('',#6153,#4575,#4576);
#3941=AXIS2_PLACEMENT_3D('',#6154,#4577,#4578);
#3942=AXIS2_PLACEMENT_3D('',#6155,#4579,#4580);
#3943=AXIS2_PLACEMENT_3D('',#6158,#4581,#4582);
#3944=AXIS2_PLACEMENT_3D('',#6161,#4585,#4586);
#3945=AXIS2_PLACEMENT_3D('',#6164,#4587,#4588);
#3946=AXIS2_PLACEMENT_3D('',#6165,#4589,#4590);
#3947=AXIS2_PLACEMENT_3D('',#6166,#4591,#4592);
#3948=AXIS2_PLACEMENT_3D('',#6199,#4593,#4594);
#3949=AXIS2_PLACEMENT_3D('',#6205,#4595,#4596);
#3950=AXIS2_PLACEMENT_3D('',#6208,#4597,#4598);
#3951=AXIS2_PLACEMENT_3D('',#6290,#4601,#4602);
#3952=AXIS2_PLACEMENT_3D('',#6302,#4606,#4607);
#3953=AXIS2_PLACEMENT_3D('',#6305,#4609,#4610);
#3954=AXIS2_PLACEMENT_3D('',#6306,#4611,#4612);
#3955=AXIS2_PLACEMENT_3D('',#6310,#4615,#4616);
#3956=AXIS2_PLACEMENT_3D('',#6311,#4617,#4618);
#3957=AXIS2_PLACEMENT_3D('',#6312,#4619,#4620);
#3958=AXIS2_PLACEMENT_3D('',#6315,#4622,#4623);
#3959=AXIS2_PLACEMENT_3D('',#6316,#4624,#4625);
#3960=AXIS2_PLACEMENT_3D('',#6320,#4628,#4629);
#3961=AXIS2_PLACEMENT_3D('',#6321,#4630,#4631);
#3962=AXIS2_PLACEMENT_3D('',#6322,#4632,#4633);
#3963=AXIS2_PLACEMENT_3D('',#6325,#4635,#4636);
#3964=AXIS2_PLACEMENT_3D('',#6326,#4637,#4638);
#3965=AXIS2_PLACEMENT_3D('',#6330,#4640,#4641);
#3966=AXIS2_PLACEMENT_3D('',#6334,#4643,#4644);
#3967=AXIS2_PLACEMENT_3D('',#6342,#4648,#4649);
#3968=AXIS2_PLACEMENT_3D('',#6344,#4651,#4652);
#3969=AXIS2_PLACEMENT_3D('',#6347,#4654,#4655);
#3970=AXIS2_PLACEMENT_3D('',#6348,#4656,#4657);
#3971=AXIS2_PLACEMENT_3D('',#6359,#4660,#4661);
#3972=AXIS2_PLACEMENT_3D('',#6362,#4662,#4663);
#3973=AXIS2_PLACEMENT_3D('',#6364,#4664,#4665);
#3974=AXIS2_PLACEMENT_3D('',#6366,#4666,#4667);
#3975=AXIS2_PLACEMENT_3D('',#6367,#4668,#4669);
#3976=AXIS2_PLACEMENT_3D('',#6368,#4670,#4671);
#3977=AXIS2_PLACEMENT_3D('',#6369,#4672,#4673);
#3978=AXIS2_PLACEMENT_3D('',#6371,#4674,#4675);
#3979=AXIS2_PLACEMENT_3D('',#6373,#4677,#4678);
#3980=AXIS2_PLACEMENT_3D('',#6376,#4680,#4681);
#3981=AXIS2_PLACEMENT_3D('',#6377,#4682,#4683);
#3982=AXIS2_PLACEMENT_3D('',#6379,#4684,#4685);
#3983=AXIS2_PLACEMENT_3D('',#6380,#4686,#4687);
#3984=AXIS2_PLACEMENT_3D('',#6381,#4688,#4689);
#3985=AXIS2_PLACEMENT_3D('',#6383,#4690,#4691);
#3986=AXIS2_PLACEMENT_3D('',#6385,#4693,#4694);
#3987=AXIS2_PLACEMENT_3D('',#6386,#4695,#4696);
#3988=AXIS2_PLACEMENT_3D('',#6387,#4697,#4698);
#3989=AXIS2_PLACEMENT_3D('',#6389,#4699,#4700);
#3990=AXIS2_PLACEMENT_3D('',#6390,#4701,#4702);
#3991=AXIS2_PLACEMENT_3D('',#6391,#4703,#4704);
#3992=AXIS2_PLACEMENT_3D('',#6393,#4705,#4706);
#3993=AXIS2_PLACEMENT_3D('',#6395,#4708,#4709);
#3994=AXIS2_PLACEMENT_3D('',#6396,#4710,#4711);
#3995=AXIS2_PLACEMENT_3D('',#6397,#4712,#4713);
#3996=AXIS2_PLACEMENT_3D('',#6399,#4714,#4715);
#3997=AXIS2_PLACEMENT_3D('',#6402,#4717,#4718);
#3998=AXIS2_PLACEMENT_3D('',#6429,#4719,#4720);
#3999=AXIS2_PLACEMENT_3D('',#6430,#4721,#4722);
#4000=AXIS2_PLACEMENT_3D('',#6431,#4723,#4724);
#4001=AXIS2_PLACEMENT_3D('',#6433,#4725,#4726);
#4002=AXIS2_PLACEMENT_3D('',#6461,#4728,#4729);
#4003=AXIS2_PLACEMENT_3D('',#6462,#4730,#4731);
#4004=AXIS2_PLACEMENT_3D('',#6463,#4732,#4733);
#4005=AXIS2_PLACEMENT_3D('',#6466,#4735,#4736);
#4006=AXIS2_PLACEMENT_3D('',#6467,#4737,#4738);
#4007=AXIS2_PLACEMENT_3D('',#6471,#4740,#4741);
#4008=AXIS2_PLACEMENT_3D('',#6473,#4743,#4744);
#4009=AXIS2_PLACEMENT_3D('',#6477,#4746,#4747);
#4010=AXIS2_PLACEMENT_3D('',#6479,#4749,#4750);
#4011=AXIS2_PLACEMENT_3D('',#6495,#4752,#4753);
#4012=AXIS2_PLACEMENT_3D('',#6496,#4754,#4755);
#4013=AXIS2_PLACEMENT_3D('',#6504,#4756,#4757);
#4014=AXIS2_PLACEMENT_3D('',#6505,#4758,#4759);
#4015=AXIS2_PLACEMENT_3D('',#6520,#4760,#4761);
#4016=AXIS2_PLACEMENT_3D('',#6522,#4763,#4764);
#4017=AXIS2_PLACEMENT_3D('',#6530,#4765,#4766);
#4018=AXIS2_PLACEMENT_3D('',#6531,#4767,#4768);
#4019=AXIS2_PLACEMENT_3D('',#6532,#4769,#4770);
#4020=AXIS2_PLACEMENT_3D('',#6534,#4772,#4773);
#4021=AXIS2_PLACEMENT_3D('',#6540,#4776,#4777);
#4022=AXIS2_PLACEMENT_3D('',#6543,#4779,#4780);
#4023=AXIS2_PLACEMENT_3D('',#6544,#4781,#4782);
#4024=AXIS2_PLACEMENT_3D('',#6554,#4787,#4788);
#4025=AXIS2_PLACEMENT_3D('',#6560,#4791,#4792);
#4026=AXIS2_PLACEMENT_3D('',#6566,#4795,#4796);
#4027=AXIS2_PLACEMENT_3D('',#6570,#4798,#4799);
#4028=AXIS2_PLACEMENT_3D('',#6597,#4806,#4807);
#4029=AXIS2_PLACEMENT_3D('',#6600,#4809,#4810);
#4030=AXIS2_PLACEMENT_3D('',#6601,#4811,#4812);
#4031=AXIS2_PLACEMENT_3D('',#6691,#4814,#4815);
#4032=AXIS2_PLACEMENT_3D('',#6705,#4816,#4817);
#4033=AXIS2_PLACEMENT_3D('',#6708,#4818,#4819);
#4034=AXIS2_PLACEMENT_3D('',#6728,#4822,#4823);
#4035=AXIS2_PLACEMENT_3D('',#6729,#4824,#4825);
#4036=AXIS2_PLACEMENT_3D('',#6730,#4826,#4827);
#4037=AXIS2_PLACEMENT_3D('',#6731,#4828,#4829);
#4038=AXIS2_PLACEMENT_3D('',#6734,#4830,#4831);
#4039=AXIS2_PLACEMENT_3D('',#6815,#4834,#4835);
#4040=AXIS2_PLACEMENT_3D('',#6817,#4836,#4837);
#4041=AXIS2_PLACEMENT_3D('',#6819,#4838,#4839);
#4042=AXIS2_PLACEMENT_3D('',#6820,#4840,#4841);
#4043=AXIS2_PLACEMENT_3D('',#6821,#4842,#4843);
#4044=AXIS2_PLACEMENT_3D('',#6825,#4845,#4846);
#4045=AXIS2_PLACEMENT_3D('',#6829,#4848,#4849);
#4046=AXIS2_PLACEMENT_3D('',#6840,#4855,#4856);
#4047=AXIS2_PLACEMENT_3D('',#6846,#4859,#4860);
#4048=AXIS2_PLACEMENT_3D('',#6852,#4863,#4864);
#4049=AXIS2_PLACEMENT_3D('',#6860,#4869,#4870);
#4050=AXIS2_PLACEMENT_3D('',#6862,#4871,#4872);
#4051=AXIS2_PLACEMENT_3D('',#6863,#4873,#4874);
#4052=AXIS2_PLACEMENT_3D('',#6864,#4875,#4876);
#4053=AXIS2_PLACEMENT_3D('',#6939,#4878,#4879);
#4054=AXIS2_PLACEMENT_3D('',#6946,#4880,#4881);
#4055=AXIS2_PLACEMENT_3D('',#6948,#4882,#4883);
#4056=AXIS2_PLACEMENT_3D('',#6966,#4885,#4886);
#4057=AXIS2_PLACEMENT_3D('',#6967,#4887,#4888);
#4058=AXIS2_PLACEMENT_3D('',#6968,#4889,#4890);
#4059=AXIS2_PLACEMENT_3D('',#6970,#4891,#4892);
#4060=AXIS2_PLACEMENT_3D('',#7044,#4894,#4895);
#4061=AXIS2_PLACEMENT_3D('',#7049,#4898,#4899);
#4062=AXIS2_PLACEMENT_3D('',#7050,#4900,#4901);
#4063=AXIS2_PLACEMENT_3D('',#7053,#4903,#4904);
#4064=AXIS2_PLACEMENT_3D('',#7054,#4905,#4906);
#4065=AXIS2_PLACEMENT_3D('',#7091,#4908,#4909);
#4066=AXIS2_PLACEMENT_3D('',#7099,#4910,#4911);
#4067=AXIS2_PLACEMENT_3D('',#7100,#4912,#4913);
#4068=AXIS2_PLACEMENT_3D('',#7102,#4914,#4915);
#4069=AXIS2_PLACEMENT_3D('',#7107,#4918,#4919);
#4070=AXIS2_PLACEMENT_3D('',#7108,#4920,#4921);
#4071=AXIS2_PLACEMENT_3D('',#7109,#4922,#4923);
#4072=AXIS2_PLACEMENT_3D('',#7110,#4924,#4925);
#4073=AXIS2_PLACEMENT_3D('',#7111,#4926,#4927);
#4074=AXIS2_PLACEMENT_3D('',#7112,#4928,#4929);
#4075=AXIS2_PLACEMENT_3D('',#7113,#4930,#4931);
#4076=AXIS2_PLACEMENT_3D('',#7114,#4932,#4933);
#4077=AXIS2_PLACEMENT_3D('',#7115,#4934,#4935);
#4078=AXIS2_PLACEMENT_3D('',#7117,#4936,#4937);
#4079=AXIS2_PLACEMENT_3D('',#7118,#4938,#4939);
#4080=AXIS2_PLACEMENT_3D('',#7122,#4942,#4943);
#4081=AXIS2_PLACEMENT_3D('',#7123,#4944,#4945);
#4082=AXIS2_PLACEMENT_3D('',#7124,#4946,#4947);
#4083=AXIS2_PLACEMENT_3D('',#7128,#4950,#4951);
#4084=AXIS2_PLACEMENT_3D('',#7129,#4952,#4953);
#4085=AXIS2_PLACEMENT_3D('',#7130,#4954,#4955);
#4086=AXIS2_PLACEMENT_3D('',#7153,#4960,#4961);
#4087=AXIS2_PLACEMENT_3D('',#7157,#4963,#4964);
#4088=AXIS2_PLACEMENT_3D('',#7183,#4968,#4969);
#4089=AXIS2_PLACEMENT_3D('',#7187,#4971,#4972);
#4090=AXIS2_PLACEMENT_3D('',#7208,#4976,#4977);
#4091=AXIS2_PLACEMENT_3D('',#7210,#4978,#4979);
#4092=AXIS2_PLACEMENT_3D('',#7211,#4980,#4981);
#4093=AXIS2_PLACEMENT_3D('',#7212,#4982,#4983);
#4094=AXIS2_PLACEMENT_3D('',#7214,#4985,#4986);
#4095=AXIS2_PLACEMENT_3D('',#7217,#4988,#4989);
#4096=AXIS2_PLACEMENT_3D('',#7218,#4990,#4991);
#4097=AXIS2_PLACEMENT_3D('',#7220,#4993,#4994);
#4098=AXIS2_PLACEMENT_3D('',#7221,#4995,#4996);
#4099=AXIS2_PLACEMENT_3D('',#7222,#4997,#4998);
#4100=AXIS2_PLACEMENT_3D('',#7224,#5000,#5001);
#4101=AXIS2_PLACEMENT_3D('',#7225,#5002,#5003);
#4102=AXIS2_PLACEMENT_3D('',#7228,#5005,#5006);
#4103=AXIS2_PLACEMENT_3D('',#7229,#5007,#5008);
#4104=AXIS2_PLACEMENT_3D('',#7230,#5009,#5010);
#4105=AXIS2_PLACEMENT_3D('',#7237,#5014,#5015);
#4106=AXIS2_PLACEMENT_3D('',#7238,#5016,#5017);
#4107=AXIS2_PLACEMENT_3D('',#7245,#5021,#5022);
#4108=AXIS2_PLACEMENT_3D('',#7246,#5023,#5024);
#4109=AXIS2_PLACEMENT_3D('',#7249,#5027,#5028);
#4110=AXIS2_PLACEMENT_3D('',#7250,#5029,#5030);
#4111=AXIS2_PLACEMENT_3D('',#7256,#5031,#5032);
#4112=AXIS2_PLACEMENT_3D('',#7263,#5036,#5037);
#4113=AXIS2_PLACEMENT_3D('',#7264,#5038,#5039);
#4114=AXIS2_PLACEMENT_3D('',#7271,#5043,#5044);
#4115=AXIS2_PLACEMENT_3D('',#7272,#5045,#5046);
#4116=AXIS2_PLACEMENT_3D('',#7275,#5049,#5050);
#4117=AXIS2_PLACEMENT_3D('',#7276,#5051,#5052);
#4118=AXIS2_PLACEMENT_3D('',#7277,#5053,#5054);
#4119=AXIS2_PLACEMENT_3D('',#7278,#5055,#5056);
#4120=AXIS2_PLACEMENT_3D('',#7279,#5057,#5058);
#4121=AXIS2_PLACEMENT_3D('',#7280,#5059,#5060);
#4122=AXIS2_PLACEMENT_3D('',#7281,#5061,#5062);
#4123=AXIS2_PLACEMENT_3D('',#7282,#5063,#5064);
#4124=AXIS2_PLACEMENT_3D('',#7283,#5065,#5066);
#4125=AXIS2_PLACEMENT_3D('',#7284,#5067,#5068);
#4126=AXIS2_PLACEMENT_3D('',#7285,#5069,#5070);
#4127=AXIS2_PLACEMENT_3D('',#7286,#5071,#5072);
#4128=AXIS2_PLACEMENT_3D('',#7287,#5073,#5074);
#4129=AXIS2_PLACEMENT_3D('',#7288,#5075,#5076);
#4130=AXIS2_PLACEMENT_3D('',#7289,#5077,#5078);
#4131=AXIS2_PLACEMENT_3D('',#7290,#5079,#5080);
#4132=AXIS2_PLACEMENT_3D('',#7291,#5081,#5082);
#4133=AXIS2_PLACEMENT_3D('',#7292,#5083,#5084);
#4134=AXIS2_PLACEMENT_3D('',#7293,#5085,#5086);
#4135=AXIS2_PLACEMENT_3D('',#7294,#5087,#5088);
#4136=AXIS2_PLACEMENT_3D('',#7295,#5089,#5090);
#4137=AXIS2_PLACEMENT_3D('',#7296,#5091,#5092);
#4138=AXIS2_PLACEMENT_3D('',#7297,#5093,#5094);
#4139=AXIS2_PLACEMENT_3D('',#7339,#5095,#5096);
#4140=AXIS2_PLACEMENT_3D('',#7341,#5097,#5098);
#4141=AXIS2_PLACEMENT_3D('',#7342,#5099,#5100);
#4142=AXIS2_PLACEMENT_3D('',#7343,#5101,#5102);
#4143=AXIS2_PLACEMENT_3D('',#7344,#5103,#5104);
#4144=AXIS2_PLACEMENT_3D('',#7345,#5105,#5106);
#4145=AXIS2_PLACEMENT_3D('',#7346,#5107,#5108);
#4146=AXIS2_PLACEMENT_3D('',#7347,#5109,#5110);
#4147=AXIS2_PLACEMENT_3D('',#7348,#5111,#5112);
#4148=AXIS2_PLACEMENT_3D('',#7349,#5113,#5114);
#4149=AXIS2_PLACEMENT_3D('',#7350,#5115,#5116);
#4150=AXIS2_PLACEMENT_3D('',#7351,#5117,#5118);
#4151=AXIS2_PLACEMENT_3D('',#7352,#5119,#5120);
#4152=AXIS2_PLACEMENT_3D('',#7353,#5121,#5122);
#4153=AXIS2_PLACEMENT_3D('',#7397,#5123,#5124);
#4154=AXIS2_PLACEMENT_3D('',#7398,#5125,#5126);
#4155=AXIS2_PLACEMENT_3D('',#7431,#5127,#5128);
#4156=AXIS2_PLACEMENT_3D('',#7432,#5129,#5130);
#4157=AXIS2_PLACEMENT_3D('',#7433,#5131,#5132);
#4158=AXIS2_PLACEMENT_3D('',#7434,#5133,#5134);
#4159=AXIS2_PLACEMENT_3D('',#7438,#5136,#5137);
#4160=AXIS2_PLACEMENT_3D('',#7470,#5139,#5140);
#4161=AXIS2_PLACEMENT_3D('',#7471,#5141,#5142);
#4162=AXIS2_PLACEMENT_3D('',#7472,#5143,#5144);
#4163=AXIS2_PLACEMENT_3D('',#7478,#5148,#5149);
#4164=AXIS2_PLACEMENT_3D('',#7479,#5150,#5151);
#4165=AXIS2_PLACEMENT_3D('',#7480,#5152,#5153);
#4166=AXIS2_PLACEMENT_3D('',#7483,#5155,#5156);
#4167=AXIS2_PLACEMENT_3D('',#7484,#5157,#5158);
#4168=AXIS2_PLACEMENT_3D('',#7512,#5160,#5161);
#4169=AXIS2_PLACEMENT_3D('',#7513,#5162,#5163);
#4170=AXIS2_PLACEMENT_3D('',#7514,#5164,#5165);
#4171=AXIS2_PLACEMENT_3D('',#7516,#5166,#5167);
#4172=AXIS2_PLACEMENT_3D('',#7519,#5169,#5170);
#4173=AXIS2_PLACEMENT_3D('',#7521,#5172,#5173);
#4174=AXIS2_PLACEMENT_3D('',#7549,#5175,#5176);
#4175=AXIS2_PLACEMENT_3D('',#7550,#5177,#5178);
#4176=AXIS2_PLACEMENT_3D('',#7551,#5179,#5180);
#4177=AXIS2_PLACEMENT_3D('',#7553,#5181,#5182);
#4178=AXIS2_PLACEMENT_3D('',#7555,#5184,#5185);
#4179=AXIS2_PLACEMENT_3D('',#7557,#5186,#5187);
#4180=AXIS2_PLACEMENT_3D('',#7559,#5189,#5190);
#4181=AXIS2_PLACEMENT_3D('',#7562,#5192,#5193);
#4182=AXIS2_PLACEMENT_3D('',#7563,#5194,#5195);
#4183=AXIS2_PLACEMENT_3D('',#7569,#5199,#5200);
#4184=AXIS2_PLACEMENT_3D('',#7570,#5201,#5202);
#4185=AXIS2_PLACEMENT_3D('',#7571,#5203,#5204);
#4186=AXIS2_PLACEMENT_3D('',#7572,#5205,#5206);
#4187=AXIS2_PLACEMENT_3D('',#7573,#5207,#5208);
#4188=AXIS2_PLACEMENT_3D('',#7574,#5209,#5210);
#4189=AXIS2_PLACEMENT_3D('',#7575,#5211,#5212);
#4190=AXIS2_PLACEMENT_3D('',#7577,#5213,#5214);
#4191=AXIS2_PLACEMENT_3D('',#7579,#5216,#5217);
#4192=AXIS2_PLACEMENT_3D('',#7582,#5219,#5220);
#4193=AXIS2_PLACEMENT_3D('',#7583,#5221,#5222);
#4194=AXIS2_PLACEMENT_3D('',#7585,#5223,#5224);
#4195=AXIS2_PLACEMENT_3D('',#7586,#5225,#5226);
#4196=AXIS2_PLACEMENT_3D('',#7587,#5227,#5228);
#4197=AXIS2_PLACEMENT_3D('',#7589,#5230,#5231);
#4198=AXIS2_PLACEMENT_3D('',#7591,#5233,#5234);
#4199=AXIS2_PLACEMENT_3D('',#7592,#5235,#5236);
#4200=AXIS2_PLACEMENT_3D('',#7593,#5237,#5238);
#4201=AXIS2_PLACEMENT_3D('',#7594,#5239,#5240);
#4202=AXIS2_PLACEMENT_3D('',#7596,#5241,#5242);
#4203=AXIS2_PLACEMENT_3D('',#7597,#5243,#5244);
#4204=AXIS2_PLACEMENT_3D('',#7599,#5245,#5246);
#4205=AXIS2_PLACEMENT_3D('',#7600,#5247,#5248);
#4206=AXIS2_PLACEMENT_3D('',#7601,#5249,#5250);
#4207=AXIS2_PLACEMENT_3D('',#7603,#5251,#5252);
#4208=AXIS2_PLACEMENT_3D('',#7605,#5254,#5255);
#4209=AXIS2_PLACEMENT_3D('',#7606,#5256,#5257);
#4210=AXIS2_PLACEMENT_3D('',#7607,#5258,#5259);
#4211=AXIS2_PLACEMENT_3D('',#7609,#5261,#5262);
#4212=AXIS2_PLACEMENT_3D('',#7613,#5265,#5266);
#4213=AXIS2_PLACEMENT_3D('',#7615,#5268,#5269);
#4214=AXIS2_PLACEMENT_3D('',#7616,#5270,#5271);
#4215=AXIS2_PLACEMENT_3D('',#7617,#5272,#5273);
#4216=AXIS2_PLACEMENT_3D('',#7618,#5274,#5275);
#4217=AXIS2_PLACEMENT_3D('',#7619,#5276,#5277);
#4218=AXIS2_PLACEMENT_3D('',#7620,#5278,#5279);
#4219=AXIS2_PLACEMENT_3D('',#7621,#5280,#5281);
#4220=AXIS2_PLACEMENT_3D('',#7622,#5282,#5283);
#4221=AXIS2_PLACEMENT_3D('',#7627,#5285,#5286);
#4222=AXIS2_PLACEMENT_3D('',#7630,#5288,#5289);
#4223=AXIS2_PLACEMENT_3D('',#7631,#5290,#5291);
#4224=AXIS2_PLACEMENT_3D('',#7634,#5293,#5294);
#4225=AXIS2_PLACEMENT_3D('',#7636,#5296,#5297);
#4226=AXIS2_PLACEMENT_3D('',#7637,#5298,#5299);
#4227=AXIS2_PLACEMENT_3D('',#7638,#5300,#5301);
#4228=AXIS2_PLACEMENT_3D('',#7651,#5302,#5303);
#4229=AXIS2_PLACEMENT_3D('',#7652,#5304,#5305);
#4230=AXIS2_PLACEMENT_3D('',#7653,#5306,#5307);
#4231=AXIS2_PLACEMENT_3D('',#7658,#5310,#5311);
#4232=AXIS2_PLACEMENT_3D('',#7660,#5313,#5314);
#4233=AXIS2_PLACEMENT_3D('',#7664,#5317,#5318);
#4234=AXIS2_PLACEMENT_3D('',#7666,#5320,#5321);
#4235=AXIS2_PLACEMENT_3D('',#7668,#5322,#5323);
#4236=AXIS2_PLACEMENT_3D('',#7671,#5325,#5326);
#4237=AXIS2_PLACEMENT_3D('',#7672,#5327,#5328);
#4238=AXIS2_PLACEMENT_3D('',#7673,#5329,#5330);
#4239=AXIS2_PLACEMENT_3D('',#7674,#5331,#5332);
#4240=AXIS2_PLACEMENT_3D('',#7677,#5334,#5335);
#4241=AXIS2_PLACEMENT_3D('',#7678,#5336,#5337);
#4242=AXIS2_PLACEMENT_3D('',#7690,#5338,#5339);
#4243=AXIS2_PLACEMENT_3D('',#7691,#5340,#5341);
#4244=AXIS2_PLACEMENT_3D('',#7693,#5343,#5344);
#4245=AXIS2_PLACEMENT_3D('',#7695,#5346,#5347);
#4246=AXIS2_PLACEMENT_3D('',#7697,#5349,#5350);
#4247=AXIS2_PLACEMENT_3D('',#7698,#5351,#5352);
#4248=AXIS2_PLACEMENT_3D('',#7699,#5353,#5354);
#4249=AXIS2_PLACEMENT_3D('',#7702,#5355,#5356);
#4250=AXIS2_PLACEMENT_3D('',#7703,#5357,#5358);
#4251=AXIS2_PLACEMENT_3D('',#7704,#5359,#5360);
#4252=AXIS2_PLACEMENT_3D('',#7705,#5361,#5362);
#4253=AXIS2_PLACEMENT_3D('',#7707,#5364,#5365);
#4254=AXIS2_PLACEMENT_3D('',#7709,#5366,#5367);
#4255=AXIS2_PLACEMENT_3D('',#7710,#5368,#5369);
#4256=AXIS2_PLACEMENT_3D('',#7711,#5370,#5371);
#4257=AXIS2_PLACEMENT_3D('',#7713,#5373,#5374);
#4258=AXIS2_PLACEMENT_3D('',#7715,#5375,#5376);
#4259=AXIS2_PLACEMENT_3D('',#7716,#5377,#5378);
#4260=AXIS2_PLACEMENT_3D('',#7717,#5379,#5380);
#4261=AXIS2_PLACEMENT_3D('',#7720,#5381,#5382);
#4262=AXIS2_PLACEMENT_3D('',#7721,#5383,#5384);
#4263=AXIS2_PLACEMENT_3D('',#7722,#5385,#5386);
#4264=AXIS2_PLACEMENT_3D('',#7723,#5387,#5388);
#4265=AXIS2_PLACEMENT_3D('',#7725,#5390,#5391);
#4266=AXIS2_PLACEMENT_3D('',#7728,#5393,#5394);
#4267=AXIS2_PLACEMENT_3D('',#7729,#5395,#5396);
#4268=AXIS2_PLACEMENT_3D('',#7730,#5397,#5398);
#4269=AXIS2_PLACEMENT_3D('',#7732,#5399,#5400);
#4270=AXIS2_PLACEMENT_3D('',#7733,#5401,#5402);
#4271=AXIS2_PLACEMENT_3D('',#7734,#5403,#5404);
#4272=AXIS2_PLACEMENT_3D('',#7736,#5406,#5407);
#4273=AXIS2_PLACEMENT_3D('',#7738,#5408,#5409);
#4274=AXIS2_PLACEMENT_3D('',#7739,#5410,#5411);
#4275=AXIS2_PLACEMENT_3D('',#7740,#5412,#5413);
#4276=AXIS2_PLACEMENT_3D('',#7743,#5414,#5415);
#4277=AXIS2_PLACEMENT_3D('',#7744,#5416,#5417);
#4278=AXIS2_PLACEMENT_3D('',#7745,#5418,#5419);
#4279=AXIS2_PLACEMENT_3D('',#7746,#5420,#5421);
#4280=AXIS2_PLACEMENT_3D('',#7748,#5422,#5423);
#4281=AXIS2_PLACEMENT_3D('',#7750,#5425,#5426);
#4282=AXIS2_PLACEMENT_3D('',#7752,#5427,#5428);
#4283=AXIS2_PLACEMENT_3D('',#7753,#5429,#5430);
#4284=AXIS2_PLACEMENT_3D('',#7754,#5431,#5432);
#4285=AXIS2_PLACEMENT_3D('',#7756,#5434,#5435);
#4286=AXIS2_PLACEMENT_3D('',#7758,#5437,#5438);
#4287=AXIS2_PLACEMENT_3D('',#7761,#5441,#5442);
#4288=AXIS2_PLACEMENT_3D('',#7764,#5445,#5446);
#4289=AXIS2_PLACEMENT_3D('',#7765,#5447,#5448);
#4290=AXIS2_PLACEMENT_3D('',#7768,#5451,#5452);
#4291=AXIS2_PLACEMENT_3D('',#7770,#5454,#5455);
#4292=AXIS2_PLACEMENT_3D('',#7771,#5456,#5457);
#4293=AXIS2_PLACEMENT_3D('',#7772,#5458,#5459);
#4294=AXIS2_PLACEMENT_3D('',#7773,#5460,#5461);
#4295=AXIS2_PLACEMENT_3D('',#7776,#5464,#5465);
#4296=AXIS2_PLACEMENT_3D('',#7777,#5466,#5467);
#4297=AXIS2_PLACEMENT_3D('',#7778,#5468,#5469);
#4298=AXIS2_PLACEMENT_3D('',#7780,#5471,#5472);
#4299=AXIS2_PLACEMENT_3D('',#7784,#5474,#5475);
#4300=AXIS2_PLACEMENT_3D('',#7785,#5476,#5477);
#4301=AXIS2_PLACEMENT_3D('',#7786,#5478,#5479);
#4302=AXIS2_PLACEMENT_3D('',#7790,#5481,#5482);
#4303=AXIS2_PLACEMENT_3D('',#7792,#5483,#5484);
#4304=AXIS2_PLACEMENT_3D('',#7793,#5485,#5486);
#4305=AXIS2_PLACEMENT_3D('',#7794,#5487,#5488);
#4306=AXIS2_PLACEMENT_3D('',#7798,#5490,#5491);
#4307=AXIS2_PLACEMENT_3D('',#7799,#5492,#5493);
#4308=AXIS2_PLACEMENT_3D('',#7800,#5494,#5495);
#4309=AXIS2_PLACEMENT_3D('',#7803,#5497,#5498);
#4310=AXIS2_PLACEMENT_3D('',#7804,#5499,#5500);
#4311=AXIS2_PLACEMENT_3D('',#7808,#5502,#5503);
#4312=AXIS2_PLACEMENT_3D('',#7809,#5504,#5505);
#4313=AXIS2_PLACEMENT_3D('',#7810,#5506,#5507);
#4314=AXIS2_PLACEMENT_3D('',#7813,#5509,#5510);
#4315=AXIS2_PLACEMENT_3D('',#7814,#5511,#5512);
#4316=AXIS2_PLACEMENT_3D('',#7815,#5513,#5514);
#4317=AXIS2_PLACEMENT_3D('',#7816,#5515,#5516);
#4318=AXIS2_PLACEMENT_3D('',#7817,#5517,#5518);
#4319=AXIS2_PLACEMENT_3D('',#7819,#5520,#5521);
#4320=AXIS2_PLACEMENT_3D('',#7820,#5522,#5523);
#4321=AXIS2_PLACEMENT_3D('',#7821,#5524,#5525);
#4322=AXIS2_PLACEMENT_3D('',#7822,#5526,#5527);
#4323=AXIS2_PLACEMENT_3D('',#7823,#5528,#5529);
#4324=DIRECTION('axis',(0.,0.,1.));
#4325=DIRECTION('refdir',(1.,0.,0.));
#4326=DIRECTION('center_axis',(7.27105120418526E-13,-3.99872355480877E-13,
-1.));
#4327=DIRECTION('ref_axis',(-0.707106781187152,0.707106781185943,-7.96893415453164E-13));
#4328=DIRECTION('center_axis',(4.05197899923742E-16,-2.22839083549768E-16,
1.));
#4329=DIRECTION('ref_axis',(-0.140826513272283,0.990034288880729,2.77680941048543E-16));
#4330=DIRECTION('center_axis',(-5.62774861005205E-16,3.09498727152455E-16,
-1.));
#4331=DIRECTION('ref_axis',(-0.70710678118655,0.707106781186545,6.16790569236204E-16));
#4332=DIRECTION('',(0.,0.,-1.));
#4333=DIRECTION('',(4.05197899923742E-16,-2.22839083549768E-16,1.));
#4334=DIRECTION('center_axis',(-0.856350390002066,0.516395206739286,-1.9811104603109E-13));
#4335=DIRECTION('ref_axis',(-1.48029736616687E-13,1.38161087508908E-13,
1.));
#4336=DIRECTION('center_axis',(-6.2803698347351E-16,6.2803698347351E-16,
-1.));
#4337=DIRECTION('ref_axis',(-1.,0.,7.61295788314393E-16));
#4338=DIRECTION('center_axis',(-0.707106781186545,0.70710678118655,0.));
#4339=DIRECTION('ref_axis',(0.,0.,1.));
#4340=DIRECTION('center_axis',(6.2803698347351E-16,-6.2803698347351E-16,
1.));
#4341=DIRECTION('ref_axis',(0.640869944461656,0.767649473578738,7.93016446160825E-17));
#4342=DIRECTION('center_axis',(-6.2803698347351E-16,6.2803698347351E-16,
-1.));
#4343=DIRECTION('ref_axis',(0.640869944461656,0.767649473578738,7.9622233032884E-17));
#4344=DIRECTION('center_axis',(0.707106781186548,-0.707106781186547,-8.88178419700125E-16));
#4345=DIRECTION('ref_axis',(0.499999999999997,0.499999999999997,0.707106781186552));
#4346=DIRECTION('center_axis',(-0.707106781186548,0.707106781186548,-1.22118302342071E-14));
#4347=DIRECTION('ref_axis',(-7.40148683083437E-15,9.86864910777916E-15,
1.));
#4348=DIRECTION('',(-0.707106781186548,0.707106781186547,8.88178419700125E-16));
#4349=DIRECTION('',(0.707106781186548,-0.707106781186547,-8.88178419700125E-16));
#4350=DIRECTION('center_axis',(0.,0.,1.));
#4351=DIRECTION('ref_axis',(0.707106781186554,-0.707106781186541,0.));
#4352=DIRECTION('center_axis',(-0.707106781186547,-0.707106781186548,0.));
#4353=DIRECTION('ref_axis',(0.500000000000001,-0.500000000000001,0.707106781186546));
#4354=DIRECTION('center_axis',(0.707106781186547,0.707106781186548,0.));
#4355=DIRECTION('ref_axis',(0.500000000000001,-0.500000000000001,0.707106781186547));
#4356=DIRECTION('center_axis',(0.,0.,-1.));
#4357=DIRECTION('ref_axis',(1.,-1.39563774105225E-14,0.));
#4358=DIRECTION('center_axis',(0.,0.,1.));
#4359=DIRECTION('ref_axis',(0.707106781186549,-0.707106781186546,0.));
#4360=DIRECTION('',(0.,0.,1.));
#4361=DIRECTION('',(0.,0.,-1.));
#4362=DIRECTION('center_axis',(0.707106781186547,0.707106781186548,0.));
#4363=DIRECTION('ref_axis',(0.,0.,-1.));
#4364=DIRECTION('center_axis',(-0.70710678118655,0.707106781186545,0.));
#4365=DIRECTION('ref_axis',(0.,0.,1.));
#4366=DIRECTION('center_axis',(0.707106781186547,0.707106781186548,0.));
#4367=DIRECTION('ref_axis',(-0.5,0.5,-0.707106781186547));
#4368=DIRECTION('center_axis',(-0.707106781186547,-0.707106781186548,0.));
#4369=DIRECTION('ref_axis',(-0.500000000000001,0.5,-0.707106781186547));
#4370=DIRECTION('center_axis',(-0.707106781186548,0.707106781186547,0.));
#4371=DIRECTION('ref_axis',(0.499999999999995,0.500000000000002,0.70710678118655));
#4372=DIRECTION('center_axis',(-0.707106781186548,0.707106781186548,0.));
#4373=DIRECTION('ref_axis',(0.,0.,1.));
#4374=DIRECTION('',(-0.707106781186548,0.707106781186547,0.));
#4375=DIRECTION('',(0.707106781186548,-0.707106781186547,0.));
#4376=DIRECTION('center_axis',(0.707106781186547,0.707106781186548,0.));
#4377=DIRECTION('ref_axis',(0.,0.,-1.));
#4378=DIRECTION('center_axis',(1.30841038223648E-15,-1.30841038223647E-15,
-1.));
#4379=DIRECTION('ref_axis',(-0.707106781186548,0.707106781186548,-1.85037170770859E-15));
#4380=DIRECTION('center_axis',(0.707106781186547,0.707106781186548,0.));
#4381=DIRECTION('ref_axis',(0.499999999999998,-0.499999999999998,-0.70710678118655));
#4382=DIRECTION('center_axis',(-0.707106781186547,-0.707106781186548,0.));
#4383=DIRECTION('ref_axis',(0.499999999999998,-0.499999999999998,-0.70710678118655));
#4384=DIRECTION('center_axis',(-1.25607396694702E-15,1.25607396694702E-15,
1.));
#4385=DIRECTION('ref_axis',(0.,1.,-1.30841038223648E-15));
#4386=DIRECTION('center_axis',(1.30841038223647E-15,-1.30841038223647E-15,
-1.));
#4387=DIRECTION('ref_axis',(-0.707106781186545,0.70710678118655,-1.85037170770859E-15));
#4388=DIRECTION('',(1.25607396694702E-15,-1.25607396694702E-15,-1.));
#4389=DIRECTION('',(-1.25607396694702E-15,1.25607396694702E-15,1.));
#4390=DIRECTION('center_axis',(-0.707106781186548,0.707106781186548,-3.48909435263061E-15));
#4391=DIRECTION('ref_axis',(0.,4.93432455388959E-15,1.));
#4392=DIRECTION('center_axis',(-0.707106781186547,-0.707106781186548,0.));
#4393=DIRECTION('ref_axis',(-0.500000000000002,0.500000000000002,0.707106781186545));
#4394=DIRECTION('center_axis',(0.707106781186547,0.707106781186548,0.));
#4395=DIRECTION('ref_axis',(-0.500000000000002,0.500000000000002,0.707106781186545));
#4396=DIRECTION('center_axis',(0.707106781186548,-0.707106781186547,-7.85046229341887E-17));
#4397=DIRECTION('ref_axis',(0.499999999999995,0.500000000000002,0.70710678118655));
#4398=DIRECTION('center_axis',(-0.70710678118655,0.707106781186545,0.));
#4399=DIRECTION('ref_axis',(0.,0.,1.));
#4400=DIRECTION('',(-0.707106781186548,0.707106781186547,7.85046229341887E-17));
#4401=DIRECTION('',(0.707106781186548,-0.707106781186547,-7.85046229341887E-17));
#4402=DIRECTION('center_axis',(-1.11022302462516E-16,0.,-1.));
#4403=DIRECTION('ref_axis',(-1.,0.,0.));
#4404=DIRECTION('center_axis',(-0.516395206739296,0.85635039000206,-2.11275537806005E-15));
#4405=DIRECTION('ref_axis',(0.,2.4671622769448E-15,1.));
#4406=DIRECTION('center_axis',(1.11022302462516E-16,0.,1.));
#4407=DIRECTION('ref_axis',(0.767649473578739,0.640869944461655,-7.93016446160826E-17));
#4408=DIRECTION('center_axis',(-1.11022302462516E-16,0.,-1.));
#4409=DIRECTION('ref_axis',(0.767649473578739,0.640869944461655,-8.52262120408496E-17));
#4410=DIRECTION('center_axis',(4.54150308977329E-16,4.54150308977329E-16,
1.));
#4411=DIRECTION('ref_axis',(0.707106781186548,-0.707106781186548,0.));
#4412=DIRECTION('center_axis',(0.,0.,-1.));
#4413=DIRECTION('ref_axis',(0.99003428888073,-0.140826513272279,0.));
#4414=DIRECTION('',(0.,0.,1.));
#4415=DIRECTION('',(0.,0.,-1.));
#4416=DIRECTION('center_axis',(0.707106781186547,-0.707106781186548,0.));
#4417=DIRECTION('ref_axis',(0.,0.,1.));
#4418=DIRECTION('',(0.707106781186548,0.707106781186547,-7.85046229341887E-17));
#4419=DIRECTION('',(-4.44089209850063E-16,-4.44089209850063E-16,1.));
#4420=DIRECTION('',(-0.707106781186548,-0.707106781186547,0.));
#4421=DIRECTION('center_axis',(-0.707106781186548,-0.707106781186547,7.85046229341887E-17));
#4422=DIRECTION('ref_axis',(0.5,-0.5,0.707106781186548));
#4423=DIRECTION('',(-0.707106781186548,-0.707106781186547,7.85046229341887E-17));
#4424=DIRECTION('center_axis',(0.70710678118655,0.707106781186545,0.));
#4425=DIRECTION('ref_axis',(0.,0.,1.));
#4426=DIRECTION('center_axis',(1.11022302462516E-16,0.,1.));
#4427=DIRECTION('ref_axis',(1.,1.83697019872103E-16,-1.11022302462516E-16));
#4428=DIRECTION('',(0.707106781186548,0.707106781186547,-7.85046229341887E-17));
#4429=DIRECTION('',(-0.707106781186547,0.707106781186548,7.85046229341887E-17));
#4430=DIRECTION('center_axis',(1.11022302462516E-16,0.,1.));
#4431=DIRECTION('ref_axis',(0.923879532511285,-0.382683432365095,1.45057628672826E-15));
#4432=DIRECTION('',(1.,0.,-1.11022302462516E-16));
#4433=DIRECTION('',(0.,1.,0.));
#4434=DIRECTION('',(-1.,-1.83697019872103E-16,1.11022302462516E-16));
#4435=DIRECTION('center_axis',(-1.11022302462516E-16,0.,-1.));
#4436=DIRECTION('ref_axis',(0.923879532511287,-0.382683432365089,0.));
#4437=DIRECTION('',(0.,-1.,0.));
#4438=DIRECTION('center_axis',(1.11022302462516E-16,0.,1.));
#4439=DIRECTION('ref_axis',(-0.980170211558285,0.198157403025443,1.08820753692372E-16));
#4440=DIRECTION('center_axis',(-0.707106781186548,-0.707106781186547,7.85046229341887E-17));
#4441=DIRECTION('ref_axis',(-0.5,0.5,0.707106781186548));
#4442=DIRECTION('',(-0.707106781186548,-0.707106781186547,7.85046229341887E-17));
#4443=DIRECTION('center_axis',(-7.85046229341874E-15,1.,0.));
#4444=DIRECTION('ref_axis',(1.,7.85046229341874E-15,-1.11022302462515E-16));
#4445=DIRECTION('center_axis',(-0.707106781186547,0.707106781186548,-1.77635683940025E-15));
#4446=DIRECTION('ref_axis',(1.25607396694702E-15,-1.25607396694702E-15,
-1.));
#4447=DIRECTION('',(0.707106781186548,0.707106781186547,0.));
#4448=DIRECTION('center_axis',(-0.707106781186547,0.707106781186548,-1.77635683940025E-15));
#4449=DIRECTION('ref_axis',(-0.499999999999998,-0.499999999999996,0.707106781186552));
#4450=DIRECTION('',(-1.25607396694702E-15,1.25607396694702E-15,1.));
#4451=DIRECTION('center_axis',(-0.707106781186547,0.707106781186548,-1.77635683940025E-15));
#4452=DIRECTION('ref_axis',(-0.499999999999995,-0.499999999999997,-0.707106781186553));
#4453=DIRECTION('',(-0.707106781186548,-0.707106781186547,0.));
#4454=DIRECTION('',(-1.25607396694702E-15,1.25607396694702E-15,1.));
#4455=DIRECTION('',(0.707106781186548,0.707106781186547,2.35513868802566E-16));
#4456=DIRECTION('',(1.25607396694702E-15,-1.25607396694702E-15,-1.));
#4457=DIRECTION('',(1.25607396694702E-15,-1.25607396694702E-15,-1.));
#4458=DIRECTION('',(1.25607396694702E-15,-1.25607396694702E-15,-1.));
#4459=DIRECTION('center_axis',(0.707106781186548,0.707106781186547,0.));
#4460=DIRECTION('ref_axis',(0.500000000000006,-0.499999999999998,-0.707106781186545));
#4461=DIRECTION('',(-0.707106781186548,-0.707106781186547,0.));
#4462=DIRECTION('center_axis',(0.707106781186553,0.707106781186542,-4.1869132231567E-15));
#4463=DIRECTION('ref_axis',(0.707106781186542,-0.707106781186553,2.2204460492503E-15));
#4464=DIRECTION('center_axis',(0.,0.,1.));
#4465=DIRECTION('ref_axis',(1.,0.,0.));
#4466=DIRECTION('',(0.707106781186547,0.707106781186548,0.));
#4467=DIRECTION('',(-0.707106781186548,0.707106781186547,0.));
#4468=DIRECTION('center_axis',(-0.707106781186547,-0.707106781186548,0.));
#4469=DIRECTION('ref_axis',(-0.499999999999998,0.500000000000006,-0.707106781186545));
#4470=DIRECTION('',(-0.707106781186547,-0.707106781186548,0.));
#4471=DIRECTION('center_axis',(-0.707106781186549,-0.707106781186546,2.09345661157837E-15));
#4472=DIRECTION('ref_axis',(-0.707106781186546,0.707106781186549,0.));
#4473=DIRECTION('center_axis',(0.707106781186548,-0.707106781186547,0.));
#4474=DIRECTION('ref_axis',(0.,0.,1.));
#4475=DIRECTION('',(0.707106781186547,0.707106781186548,0.));
#4476=DIRECTION('',(0.,0.,1.));
#4477=DIRECTION('',(-0.707106781186547,-0.707106781186548,0.));
#4478=DIRECTION('center_axis',(0.707106781186548,-0.707106781186547,0.));
#4479=DIRECTION('ref_axis',(0.707106781186547,0.707106781186548,5.60747306672777E-17));
#4480=DIRECTION('',(0.,0.,1.));
#4481=DIRECTION('center_axis',(0.707106781186548,-0.707106781186547,0.));
#4482=DIRECTION('ref_axis',(0.707106781186547,0.707106781186548,-5.60747306672777E-17));
#4483=DIRECTION('',(0.707106781186547,0.707106781186548,0.));
#4484=DIRECTION('',(0.,0.,1.));
#4485=DIRECTION('',(-0.707106781186547,-0.707106781186548,-9.86076131526265E-32));
#4486=DIRECTION('',(0.,0.,-1.));
#4487=DIRECTION('',(0.707106781186547,0.707106781186548,0.));
#4488=DIRECTION('center_axis',(0.707106781186548,-0.707106781186547,0.));
#4489=DIRECTION('ref_axis',(-0.499999999999999,-0.499999999999999,-0.707106781186549));
#4490=DIRECTION('',(0.,0.,-1.));
#4491=DIRECTION('center_axis',(0.707106781186548,-0.707106781186547,0.));
#4492=DIRECTION('ref_axis',(-0.499999999999998,-0.499999999999999,0.70710678118655));
#4493=DIRECTION('center_axis',(-0.707106781186547,-0.707106781186548,0.));
#4494=DIRECTION('ref_axis',(0.500000000000002,-0.499999999999999,0.707106781186547));
#4495=DIRECTION('',(-0.707106781186547,-0.707106781186548,0.));
#4496=DIRECTION('center_axis',(1.,-1.57009245868378E-15,-4.44089209850063E-15));
#4497=DIRECTION('ref_axis',(1.5700924586838E-15,1.,4.44089209850061E-15));
#4498=DIRECTION('center_axis',(6.2803698347351E-16,-6.2803698347351E-16,
1.));
#4499=DIRECTION('ref_axis',(-0.707106781186548,0.707106781186547,8.88178419700125E-16));
#4500=DIRECTION('',(0.707106781186547,0.707106781186548,0.));
#4501=DIRECTION('',(-0.707106781186548,0.707106781186547,8.88178419700125E-16));
#4502=DIRECTION('center_axis',(-0.707106781186547,-0.707106781186548,0.));
#4503=DIRECTION('ref_axis',(-0.499999999999999,0.499999999999999,0.707106781186549));
#4504=DIRECTION('',(-0.707106781186547,-0.707106781186548,0.));
#4505=DIRECTION('center_axis',(0.,1.,0.));
#4506=DIRECTION('ref_axis',(1.,0.,0.));
#4507=DIRECTION('center_axis',(-0.707106781186548,0.707106781186547,4.44089209850063E-16));
#4508=DIRECTION('ref_axis',(-3.14018491736755E-16,3.14018491736755E-16,
-1.));
#4509=DIRECTION('',(0.707106781186547,0.707106781186548,1.4791141972894E-31));
#4510=DIRECTION('',(-3.14018491736755E-16,3.14018491736755E-16,-1.));
#4511=DIRECTION('center_axis',(-0.707106781186548,-0.707106781186548,-5.50767271338978E-15));
#4512=DIRECTION('ref_axis',(0.0441941738241602,-0.0441941738241525,-0.998044963916957));
#4513=DIRECTION('center_axis',(0.,0.,-1.));
#4514=DIRECTION('ref_axis',(0.99003428888073,-0.140826513272279,0.));
#4515=DIRECTION('center_axis',(0.,0.,1.));
#4516=DIRECTION('ref_axis',(0.707106781186548,-0.707106781186548,0.));
#4517=DIRECTION('',(0.,0.,1.));
#4518=DIRECTION('',(0.,0.,-1.));
#4519=DIRECTION('center_axis',(0.516395206739281,-0.856350390002069,1.64678490679932E-13));
#4520=DIRECTION('ref_axis',(1.1842378929335E-13,-1.20890951570295E-13,-1.));
#4521=DIRECTION('center_axis',(-3.33066907387547E-16,0.,1.));
#4522=DIRECTION('ref_axis',(1.,0.,2.53765262771464E-16));
#4523=DIRECTION('center_axis',(0.707106781186549,-0.707106781186546,0.));
#4524=DIRECTION('ref_axis',(0.,0.,-1.));
#4525=DIRECTION('center_axis',(3.33066907387547E-16,0.,-1.));
#4526=DIRECTION('ref_axis',(0.767649473578739,0.640869944461655,2.37904933848248E-16));
#4527=DIRECTION('center_axis',(-3.33066907387547E-16,0.,1.));
#4528=DIRECTION('ref_axis',(0.767649473578739,0.640869944461655,2.55678636122549E-16));
#4529=DIRECTION('center_axis',(-0.707106781186548,0.707106781186547,-2.35513868802566E-16));
#4530=DIRECTION('ref_axis',(0.500000000000004,0.500000000000001,-0.707106781186544));
#4531=DIRECTION('center_axis',(0.707106781186543,-0.707106781186553,0.));
#4532=DIRECTION('ref_axis',(0.,0.,-1.));
#4533=DIRECTION('',(0.707106781186548,-0.707106781186547,2.35513868802566E-16));
#4534=DIRECTION('',(-0.707106781186548,0.707106781186547,-2.35513868802566E-16));
#4535=DIRECTION('center_axis',(1.30841038223649E-15,-1.3084103822365E-15,
-1.));
#4536=DIRECTION('ref_axis',(-0.707106781186545,0.70710678118655,-1.85037170770861E-15));
#4537=DIRECTION('center_axis',(-0.707106781186547,-0.707106781186548,0.));
#4538=DIRECTION('ref_axis',(-0.499999999999998,0.499999999999998,-0.70710678118655));
#4539=DIRECTION('center_axis',(0.707106781186547,0.707106781186548,0.));
#4540=DIRECTION('ref_axis',(-0.499999999999999,0.499999999999998,-0.70710678118655));
#4541=DIRECTION('center_axis',(-1.25607396694702E-15,1.25607396694702E-15,
1.));
#4542=DIRECTION('ref_axis',(0.,1.,-1.30841038223648E-15));
#4543=DIRECTION('center_axis',(1.7445471763153E-15,-1.7445471763153E-15,
-1.));
#4544=DIRECTION('ref_axis',(-0.707106781186548,0.707106781186548,-2.46716227694479E-15));
#4545=DIRECTION('',(1.25607396694702E-15,-1.25607396694702E-15,-1.));
#4546=DIRECTION('center_axis',(0.707106781186547,0.707106781186548,0.));
#4547=DIRECTION('ref_axis',(0.,0.,-1.));
#4548=DIRECTION('center_axis',(0.70710678118655,-0.707106781186545,0.));
#4549=DIRECTION('ref_axis',(0.,0.,-1.));
#4550=DIRECTION('center_axis',(0.707106781186547,0.707106781186548,0.));
#4551=DIRECTION('ref_axis',(0.499999999999998,-0.499999999999998,0.707106781186551));
#4552=DIRECTION('center_axis',(-0.707106781186547,-0.707106781186548,0.));
#4553=DIRECTION('ref_axis',(0.499999999999998,-0.499999999999998,0.707106781186551));
#4554=DIRECTION('center_axis',(0.707106781186548,-0.707106781186547,0.));
#4555=DIRECTION('ref_axis',(0.499999999999995,0.500000000000002,-0.70710678118655));
#4556=DIRECTION('center_axis',(0.707106781186543,-0.707106781186552,0.));
#4557=DIRECTION('ref_axis',(0.,0.,-1.));
#4558=DIRECTION('',(0.707106781186548,-0.707106781186547,0.));
#4559=DIRECTION('',(-0.707106781186548,0.707106781186547,0.));
#4560=DIRECTION('center_axis',(0.707106781186547,0.707106781186548,0.));
#4561=DIRECTION('ref_axis',(0.,0.,-1.));
#4562=DIRECTION('center_axis',(4.36136794078826E-16,-4.36136794078823E-16,
1.));
#4563=DIRECTION('ref_axis',(0.70710678118655,-0.707106781186545,-6.16790569236195E-16));
#4564=DIRECTION('center_axis',(0.707106781186547,0.707106781186548,0.));
#4565=DIRECTION('ref_axis',(-0.5,0.5,0.707106781186547));
#4566=DIRECTION('center_axis',(-0.707106781186547,-0.707106781186548,0.));
#4567=DIRECTION('ref_axis',(-0.500000000000001,0.5,0.707106781186547));
#4568=DIRECTION('center_axis',(0.,0.,-1.));
#4569=DIRECTION('ref_axis',(1.,-1.39563774105225E-14,0.));
#4570=DIRECTION('center_axis',(0.,0.,1.));
#4571=DIRECTION('ref_axis',(0.70710678118655,-0.707106781186545,0.));
#4572=DIRECTION('',(0.,0.,1.));
#4573=DIRECTION('center_axis',(0.707106781186548,-0.707106781186548,0.));
#4574=DIRECTION('ref_axis',(0.,0.,-1.));
#4575=DIRECTION('center_axis',(-0.707106781186547,-0.707106781186548,0.));
#4576=DIRECTION('ref_axis',(0.5,-0.5,-0.707106781186548));
#4577=DIRECTION('center_axis',(0.707106781186547,0.707106781186548,0.));
#4578=DIRECTION('ref_axis',(0.5,-0.5,-0.707106781186548));
#4579=DIRECTION('center_axis',(-0.707106781186548,0.707106781186547,9.99200722162641E-16));
#4580=DIRECTION('ref_axis',(0.500000000000004,0.500000000000004,-0.707106781186543));
#4581=DIRECTION('center_axis',(0.707106781186549,-0.707106781186546,0.));
#4582=DIRECTION('ref_axis',(0.,0.,-1.));
#4583=DIRECTION('',(0.707106781186548,-0.707106781186547,-9.99200722162641E-16));
#4584=DIRECTION('',(-0.707106781186548,0.707106781186547,9.99200722162641E-16));
#4585=DIRECTION('center_axis',(7.06541606407699E-16,-7.06541606407698E-16,
1.));
#4586=DIRECTION('ref_axis',(1.,0.,-7.61295788314393E-16));
#4587=DIRECTION('center_axis',(0.856350390002058,-0.516395206739299,6.3382661341801E-15));
#4588=DIRECTION('ref_axis',(7.40148683083436E-15,0.,-1.));
#4589=DIRECTION('center_axis',(-7.06541606407699E-16,7.06541606407698E-16,
-1.));
#4590=DIRECTION('ref_axis',(0.640869944461656,0.767649473578738,7.93016446160826E-17));
#4591=DIRECTION('center_axis',(7.06541606407699E-16,-7.06541606407698E-16,
1.));
#4592=DIRECTION('ref_axis',(0.640869944461656,0.767649473578738,8.95750121619949E-17));
#4593=DIRECTION('center_axis',(-5.62774861005199E-16,3.09498727152453E-16,
-1.));
#4594=DIRECTION('ref_axis',(-0.707106781186555,0.70710678118654,6.167905692362E-16));
#4595=DIRECTION('center_axis',(4.05197899923742E-16,-2.22839083549768E-16,
1.));
#4596=DIRECTION('ref_axis',(-0.140826513272283,0.990034288880729,2.77680941048543E-16));
#4597=DIRECTION('center_axis',(-5.62774861005119E-16,3.09498727152411E-16,
-1.));
#4598=DIRECTION('ref_axis',(-0.707106781186923,0.707106781186173,6.16790569236206E-16));
#4599=DIRECTION('',(0.,0.,-1.));
#4600=DIRECTION('',(4.05197899923742E-16,-2.22839083549768E-16,1.));
#4601=DIRECTION('center_axis',(-0.707106781186548,0.707106781186547,4.44089209850063E-16));
#4602=DIRECTION('ref_axis',(-3.14018491736755E-16,3.14018491736755E-16,
-1.));
#4603=DIRECTION('',(0.707106781186547,0.707106781186548,9.86076131526265E-32));
#4604=DIRECTION('',(-3.14018491736755E-16,3.14018491736755E-16,-1.));
#4605=DIRECTION('',(-0.707106781186547,-0.707106781186548,-1.4791141972894E-31));
#4606=DIRECTION('center_axis',(-0.707106781186547,-0.707106781186548,-9.86076131526265E-32));
#4607=DIRECTION('ref_axis',(-0.5,0.5,-0.707106781186548));
#4608=DIRECTION('',(-0.707106781186547,-0.707106781186548,-9.86076131526265E-32));
#4609=DIRECTION('center_axis',(0.,1.,0.));
#4610=DIRECTION('ref_axis',(1.,0.,1.39452223873684E-31));
#4611=DIRECTION('center_axis',(-7.06541606407699E-16,7.06541606407698E-16,
-1.));
#4612=DIRECTION('ref_axis',(0.707106781186548,-0.707106781186547,-9.99200722162641E-16));
#4613=DIRECTION('',(0.707106781186547,0.707106781186548,9.86076131526265E-32));
#4614=DIRECTION('',(0.707106781186548,-0.707106781186547,-9.99200722162641E-16));
#4615=DIRECTION('center_axis',(-0.707106781186547,-0.707106781186548,-9.86076131526265E-32));
#4616=DIRECTION('ref_axis',(0.5,-0.5,-0.707106781186548));
#4617=DIRECTION('center_axis',(1.,-1.57009245868378E-15,2.22044604925031E-15));
#4618=DIRECTION('ref_axis',(1.57009245868378E-15,1.,-2.2204460492503E-15));
#4619=DIRECTION('center_axis',(0.707106781186547,0.707106781186548,0.));
#4620=DIRECTION('ref_axis',(-0.499999999999998,0.500000000000006,0.707106781186545));
#4621=DIRECTION('',(-0.707106781186547,-0.707106781186548,0.));
#4622=DIRECTION('center_axis',(0.707106781186545,0.70710678118655,0.));
#4623=DIRECTION('ref_axis',(-0.707106781186551,0.707106781186545,0.));
#4624=DIRECTION('center_axis',(0.,0.,-1.));
#4625=DIRECTION('ref_axis',(-1.,0.,0.));
#4626=DIRECTION('',(0.707106781186548,0.707106781186547,0.));
#4627=DIRECTION('',(0.707106781186548,-0.707106781186547,0.));
#4628=DIRECTION('center_axis',(-0.707106781186548,-0.707106781186547,0.));
#4629=DIRECTION('ref_axis',(0.499999999999993,-0.500000000000001,0.707106781186552));
#4630=DIRECTION('center_axis',(-0.707106781186548,-0.707106781186548,0.));
#4631=DIRECTION('ref_axis',(0.707106781186547,-0.707106781186547,1.48029736616688E-15));
#4632=DIRECTION('center_axis',(-0.707106781186548,-0.707106781186547,-2.35513868802566E-16));
#4633=DIRECTION('ref_axis',(-0.499999999999999,0.499999999999999,-0.707106781186549));
#4634=DIRECTION('',(-0.707106781186548,-0.707106781186547,-2.35513868802566E-16));
#4635=DIRECTION('center_axis',(-4.71027737605127E-15,1.,-2.22044604925031E-15));
#4636=DIRECTION('ref_axis',(1.,4.71027737605128E-15,2.55351295663784E-15));
#4637=DIRECTION('center_axis',(3.33066907387547E-16,0.,-1.));
#4638=DIRECTION('ref_axis',(-1.,-1.83697019872103E-16,-3.33066907387547E-16));
#4639=DIRECTION('',(0.707106781186548,0.707106781186547,2.35513868802566E-16));
#4640=DIRECTION('center_axis',(3.33066907387547E-16,0.,-1.));
#4641=DIRECTION('ref_axis',(-0.980170211558285,0.198157403025442,-3.26462261077115E-16));
#4642=DIRECTION('',(0.,1.,0.));
#4643=DIRECTION('center_axis',(-3.33066907387547E-16,0.,1.));
#4644=DIRECTION('ref_axis',(0.923879532511287,-0.382683432365089,0.));
#4645=DIRECTION('',(1.,1.83697019872103E-16,3.33066907387547E-16));
#4646=DIRECTION('',(0.,-1.,0.));
#4647=DIRECTION('',(-1.,0.,-3.33066907387547E-16));
#4648=DIRECTION('center_axis',(3.33066907387547E-16,0.,-1.));
#4649=DIRECTION('ref_axis',(0.923879532511287,-0.382683432365091,0.));
#4650=DIRECTION('',(0.707106781186547,-0.707106781186548,2.35513868802566E-16));
#4651=DIRECTION('center_axis',(-0.707106781186548,-0.707106781186547,-2.35513868802566E-16));
#4652=DIRECTION('ref_axis',(0.5,-0.5,-0.707106781186548));
#4653=DIRECTION('',(-0.707106781186548,-0.707106781186547,-2.35513868802566E-16));
#4654=DIRECTION('center_axis',(0.707106781186548,0.707106781186548,0.));
#4655=DIRECTION('ref_axis',(0.707106781186548,-0.707106781186548,5.55111512312579E-16));
#4656=DIRECTION('center_axis',(0.707106781186547,-0.707106781186548,0.));
#4657=DIRECTION('ref_axis',(0.,0.,1.));
#4658=DIRECTION('',(0.707106781186548,0.707106781186547,0.));
#4659=DIRECTION('',(-4.44089209850063E-16,-4.44089209850063E-16,1.));
#4660=DIRECTION('center_axis',(-0.707106781186547,-0.707106781186548,0.));
#4661=DIRECTION('ref_axis',(0.,0.,1.));
#4662=DIRECTION('center_axis',(0.707106781186545,0.70710678118655,0.));
#4663=DIRECTION('ref_axis',(0.70710678118655,-0.707106781186546,-6.12323399573677E-17));
#4664=DIRECTION('center_axis',(0.707106781186548,-0.707106781186547,0.));
#4665=DIRECTION('ref_axis',(0.,0.,-1.));
#4666=DIRECTION('center_axis',(-0.707106781186547,-0.707106781186548,0.));
#4667=DIRECTION('ref_axis',(0.707106781186548,-0.707106781186547,0.));
#4668=DIRECTION('center_axis',(-0.707106781186547,-0.707106781186548,0.));
#4669=DIRECTION('ref_axis',(0.707106781186548,-0.707106781186547,0.));
#4670=DIRECTION('center_axis',(0.707106781186545,0.70710678118655,0.));
#4671=DIRECTION('ref_axis',(0.70710678118655,-0.707106781186546,-6.12323399573677E-17));
#4672=DIRECTION('center_axis',(0.707106781186548,0.707106781186548,0.));
#4673=DIRECTION('ref_axis',(0.707106781186548,-0.707106781186547,0.));
#4674=DIRECTION('center_axis',(0.707106781186547,0.707106781186548,0.));
#4675=DIRECTION('ref_axis',(0.707106781186548,-0.707106781186548,0.));
#4676=DIRECTION('',(-2.74225087082414E-14,-1.,-8.6595605623547E-17));
#4677=DIRECTION('center_axis',(-0.707106781186547,-0.707106781186548,0.));
#4678=DIRECTION('ref_axis',(-0.707106781186548,0.707106781186547,0.));
#4679=DIRECTION('',(-0.707106781186547,-0.707106781186548,0.));
#4680=DIRECTION('center_axis',(-0.707106781186547,-0.707106781186548,0.));
#4681=DIRECTION('ref_axis',(-0.707106781186548,0.707106781186547,0.));
#4682=DIRECTION('center_axis',(-0.707106781186547,0.707106781186548,-1.77635683940025E-15));
#4683=DIRECTION('ref_axis',(0.,0.,1.));
#4684=DIRECTION('center_axis',(-7.85046229341869E-16,1.30841038223646E-15,
1.));
#4685=DIRECTION('ref_axis',(0.707106781186546,-0.707106781186549,1.48029736616685E-15));
#4686=DIRECTION('center_axis',(0.707106781186547,-0.707106781186548,1.77635683940025E-15));
#4687=DIRECTION('ref_axis',(-0.499999999999995,-0.499999999999996,-0.707106781186553));
#4688=DIRECTION('center_axis',(-1.25607396694702E-15,1.25607396694702E-15,
1.));
#4689=DIRECTION('ref_axis',(1.,0.,1.57009245868378E-15));
#4690=DIRECTION('center_axis',(-1.30841038223648E-15,1.30841038223648E-15,
1.));
#4691=DIRECTION('ref_axis',(0.707106781186546,-0.707106781186549,1.85037170770859E-15));
#4692=DIRECTION('',(1.25607396694702E-15,-1.25607396694702E-15,-1.));
#4693=DIRECTION('center_axis',(-0.707106781186547,0.707106781186548,-1.77635683940025E-15));
#4694=DIRECTION('ref_axis',(0.,0.,1.));
#4695=DIRECTION('center_axis',(0.707106781186547,-0.707106781186548,1.77635683940025E-15));
#4696=DIRECTION('ref_axis',(-0.499999999999998,-0.499999999999996,0.707106781186552));
#4697=DIRECTION('center_axis',(0.707106781186548,-0.707106781186547,0.));
#4698=DIRECTION('ref_axis',(0.,0.,-1.));
#4699=DIRECTION('center_axis',(-2.61682076447295E-16,-2.61682076447297E-16,
-1.));
#4700=DIRECTION('ref_axis',(-0.707106781186551,0.707106781186545,0.));
#4701=DIRECTION('center_axis',(-0.707106781186548,0.707106781186547,0.));
#4702=DIRECTION('ref_axis',(-0.499999999999998,-0.499999999999999,0.70710678118655));
#4703=DIRECTION('center_axis',(0.,0.,-1.));
#4704=DIRECTION('ref_axis',(8.37382644631362E-15,1.,0.));
#4705=DIRECTION('center_axis',(0.,0.,-1.));
#4706=DIRECTION('ref_axis',(-0.707106781186551,0.707106781186545,0.));
#4707=DIRECTION('',(0.,0.,1.));
#4708=DIRECTION('center_axis',(0.707106781186548,-0.707106781186547,0.));
#4709=DIRECTION('ref_axis',(0.,0.,-1.));
#4710=DIRECTION('center_axis',(-0.707106781186548,0.707106781186547,0.));
#4711=DIRECTION('ref_axis',(-0.499999999999998,-0.499999999999999,-0.707106781186549));
#4712=DIRECTION('center_axis',(0.707106781186547,0.707106781186548,0.));
#4713=DIRECTION('ref_axis',(-0.499999999999998,0.500000000000006,0.707106781186545));
#4714=DIRECTION('center_axis',(0.707106781186549,0.707106781186546,0.));
#4715=DIRECTION('ref_axis',(-0.707106781186546,0.707106781186549,0.));
#4716=DIRECTION('',(-0.707106781186547,-0.707106781186548,0.));
#4717=DIRECTION('center_axis',(-1.,-2.09345661157837E-15,2.96059473233375E-15));
#4718=DIRECTION('ref_axis',(2.09345661157836E-15,-1.,-2.96059473233376E-15));
#4719=DIRECTION('center_axis',(-3.70074341541719E-16,-3.70074341541721E-16,
1.));
#4720=DIRECTION('ref_axis',(-0.707106781186549,0.707106781186546,0.));
#4721=DIRECTION('center_axis',(-0.868243142124459,0.496138938356835,0.));
#4722=DIRECTION('ref_axis',(0.496138938356835,0.868243142124459,-1.3770621819421E-16));
#4723=DIRECTION('center_axis',(0.,0.,1.));
#4724=DIRECTION('ref_axis',(-0.923879532511284,0.382683432365095,0.));
#4725=DIRECTION('center_axis',(-3.70074341541719E-16,-3.70074341541719E-16,
1.));
#4726=DIRECTION('ref_axis',(-0.707106781186547,0.707106781186547,0.));
#4727=DIRECTION('',(0.,0.,-1.));
#4728=DIRECTION('center_axis',(-0.707106781186546,-0.707106781186549,0.));
#4729=DIRECTION('ref_axis',(-0.707106781186549,0.707106781186546,0.));
#4730=DIRECTION('center_axis',(-0.868243142124459,0.496138938356834,0.));
#4731=DIRECTION('ref_axis',(0.496138938356835,0.868243142124459,1.3770621819421E-16));
#4732=DIRECTION('center_axis',(-0.707106781186547,-0.707106781186548,0.));
#4733=DIRECTION('ref_axis',(-0.499999999999998,0.500000000000006,-0.707106781186545));
#4734=DIRECTION('',(0.707106781186547,0.707106781186548,0.));
#4735=DIRECTION('center_axis',(-1.,-2.09345661157837E-15,-2.96059473233375E-15));
#4736=DIRECTION('ref_axis',(-2.09345661157836E-15,1.,-2.96059473233376E-15));
#4737=DIRECTION('center_axis',(0.707106781186548,-0.707106781186547,0.));
#4738=DIRECTION('ref_axis',(0.500000000000001,0.499999999999993,0.707106781186552));
#4739=DIRECTION('',(-0.707106781186548,0.707106781186547,0.));
#4740=DIRECTION('center_axis',(-0.707106781186541,0.707106781186554,0.));
#4741=DIRECTION('ref_axis',(0.,0.,1.));
#4742=DIRECTION('',(0.707106781186548,-0.707106781186547,0.));
#4743=DIRECTION('center_axis',(-0.707106781186548,0.707106781186547,0.));
#4744=DIRECTION('ref_axis',(0.500000000000001,0.499999999999993,-0.707106781186552));
#4745=DIRECTION('',(-0.707106781186548,0.707106781186547,0.));
#4746=DIRECTION('center_axis',(-0.707106781186543,0.707106781186552,0.));
#4747=DIRECTION('ref_axis',(0.707106781186552,0.707106781186543,0.));
#4748=DIRECTION('',(0.707106781186548,-0.707106781186547,0.));
#4749=DIRECTION('center_axis',(0.707106781186548,-0.707106781186547,0.));
#4750=DIRECTION('ref_axis',(0.500000000000001,0.499999999999993,0.707106781186552));
#4751=DIRECTION('',(-0.707106781186548,0.707106781186547,0.));
#4752=DIRECTION('center_axis',(-0.707106781186548,0.707106781186548,0.));
#4753=DIRECTION('ref_axis',(0.,0.,1.));
#4754=DIRECTION('center_axis',(-0.707106781186547,-0.707106781186548,0.));
#4755=DIRECTION('ref_axis',(0.,0.,1.));
#4756=DIRECTION('center_axis',(0.707106781186547,0.707106781186548,0.));
#4757=DIRECTION('ref_axis',(-0.0221078949870989,0.0221078949870987,-0.999511121478135));
#4758=DIRECTION('center_axis',(-0.707106781186548,0.707106781186547,0.));
#4759=DIRECTION('ref_axis',(0.500000000000001,0.499999999999993,-0.707106781186552));
#4760=DIRECTION('center_axis',(-0.707106781186548,0.707106781186548,0.));
#4761=DIRECTION('ref_axis',(0.707106781186547,0.707106781186547,0.));
#4762=DIRECTION('',(0.707106781186548,-0.707106781186547,0.));
#4763=DIRECTION('center_axis',(-0.707106781186547,-0.707106781186548,0.));
#4764=DIRECTION('ref_axis',(0.,0.,1.));
#4765=DIRECTION('center_axis',(0.707106781186547,0.707106781186548,0.));
#4766=DIRECTION('ref_axis',(-0.0221078949871061,0.022107894987106,0.999511121478135));
#4767=DIRECTION('center_axis',(-0.707106781186547,-0.707106781186548,0.));
#4768=DIRECTION('ref_axis',(0.,0.,1.));
#4769=DIRECTION('center_axis',(-0.707106781186547,-0.707106781186548,0.));
#4770=DIRECTION('ref_axis',(0.515388203202207,-0.515388203202212,0.684653196881455));
#4771=DIRECTION('',(-0.707106781186548,0.707106781186547,9.99200722162641E-16));
#4772=DIRECTION('center_axis',(0.707106781186548,0.707106781186548,0.));
#4773=DIRECTION('ref_axis',(-0.499999999999999,0.499999999999999,-0.707106781186548));
#4774=DIRECTION('',(-0.707106781186548,-0.707106781186548,0.));
#4775=DIRECTION('',(-0.707106781186548,-0.707106781186548,0.));
#4776=DIRECTION('center_axis',(0.707106781186547,0.707106781186548,0.));
#4777=DIRECTION('ref_axis',(0.,0.,-1.));
#4778=DIRECTION('',(0.707106781186548,0.707106781186548,0.));
#4779=DIRECTION('center_axis',(0.70710678118655,0.707106781186545,0.));
#4780=DIRECTION('ref_axis',(0.,0.,-1.));
#4781=DIRECTION('center_axis',(0.,0.,-1.));
#4782=DIRECTION('ref_axis',(-1.,0.,0.));
#4783=DIRECTION('',(-1.51272987187068E-16,1.,0.));
#4784=DIRECTION('',(0.707106781186548,0.707106781186547,0.));
#4785=DIRECTION('',(-0.707106781186548,0.707106781186547,0.));
#4786=DIRECTION('',(-1.51272987187068E-16,1.,0.));
#4787=DIRECTION('center_axis',(0.,0.,-1.));
#4788=DIRECTION('ref_axis',(-0.707106781186548,-0.707106781186547,0.));
#4789=DIRECTION('',(-1.,0.,0.));
#4790=DIRECTION('',(-0.707106781186549,0.707106781186546,0.));
#4791=DIRECTION('center_axis',(0.,0.,-1.));
#4792=DIRECTION('ref_axis',(6.2803698347351E-15,-1.,0.));
#4793=DIRECTION('',(-0.707106781186547,-0.707106781186548,0.));
#4794=DIRECTION('',(-1.,0.,0.));
#4795=DIRECTION('center_axis',(0.,0.,-1.));
#4796=DIRECTION('ref_axis',(0.4837152253422,-0.875225445683651,0.));
#4797=DIRECTION('',(-0.707106781186547,0.707106781186548,0.));
#4798=DIRECTION('center_axis',(0.,0.,1.));
#4799=DIRECTION('ref_axis',(0.923879532511287,-0.38268343236509,0.));
#4800=DIRECTION('',(1.,0.,0.));
#4801=DIRECTION('',(0.,1.,0.));
#4802=DIRECTION('',(1.,1.83697019872103E-16,0.));
#4803=DIRECTION('',(2.22044604925031E-16,-1.,0.));
#4804=DIRECTION('',(1.,2.22044604925031E-16,0.));
#4805=DIRECTION('',(-2.22044604925031E-16,1.,0.));
#4806=DIRECTION('center_axis',(0.,0.,1.));
#4807=DIRECTION('ref_axis',(-0.707106781186546,-0.707106781186549,0.));
#4808=DIRECTION('',(4.05805272918407E-15,-1.,0.));
#4809=DIRECTION('center_axis',(0.,0.,1.));
#4810=DIRECTION('ref_axis',(-0.923879532511288,0.382683432365086,0.));
#4811=DIRECTION('center_axis',(-0.707106781186547,0.707106781186548,-1.77635683940025E-15));
#4812=DIRECTION('ref_axis',(1.25607396694702E-15,-1.25607396694702E-15,
-1.));
#4813=DIRECTION('',(1.25607396694702E-15,0.,-1.));
#4814=DIRECTION('center_axis',(0.707106781186549,-0.707106781186546,8.37382644631349E-15));
#4815=DIRECTION('ref_axis',(1.1842378929335E-14,0.,-1.));
#4816=DIRECTION('center_axis',(0.707106781186547,-0.707106781186548,0.));
#4817=DIRECTION('ref_axis',(0.500000000000008,0.499999999999991,-0.707106781186549));
#4818=DIRECTION('center_axis',(0.707106781186546,-0.707106781186549,0.));
#4819=DIRECTION('ref_axis',(0.,0.,-1.));
#4820=DIRECTION('',(-0.707106781186547,0.707106781186548,0.));
#4821=DIRECTION('',(0.707106781186547,-0.707106781186548,0.));
#4822=DIRECTION('center_axis',(-1.,0.,0.));
#4823=DIRECTION('ref_axis',(0.,0.,-1.));
#4824=DIRECTION('center_axis',(0.,0.,1.));
#4825=DIRECTION('ref_axis',(0.923879532511287,-0.382683432365088,0.));
#4826=DIRECTION('center_axis',(0.,0.,-1.));
#4827=DIRECTION('ref_axis',(0.923879532511288,-0.382683432365088,0.));
#4828=DIRECTION('center_axis',(1.,0.,0.));
#4829=DIRECTION('ref_axis',(0.,-0.707106781186548,-0.707106781186547));
#4830=DIRECTION('center_axis',(-1.,0.,0.));
#4831=DIRECTION('ref_axis',(0.,0.,-1.));
#4832=DIRECTION('',(1.,0.,0.));
#4833=DIRECTION('',(-1.,0.,0.));
#4834=DIRECTION('center_axis',(0.,1.,0.));
#4835=DIRECTION('ref_axis',(0.,0.,1.));
#4836=DIRECTION('center_axis',(0.,-1.,0.));
#4837=DIRECTION('ref_axis',(0.707106781186547,0.,-0.707106781186547));
#4838=DIRECTION('center_axis',(1.11022302462515E-15,2.22044604925032E-15,
-1.));
#4839=DIRECTION('ref_axis',(-1.,0.,-1.11022302462515E-15));
#4840=DIRECTION('center_axis',(0.,1.,0.));
#4841=DIRECTION('ref_axis',(0.707106781186548,0.,-0.707106781186548));
#4842=DIRECTION('center_axis',(0.,0.,1.));
#4843=DIRECTION('ref_axis',(1.,0.,0.));
#4844=DIRECTION('',(0.707106781186548,0.707106781186548,0.));
#4845=DIRECTION('center_axis',(0.,0.,-1.));
#4846=DIRECTION('ref_axis',(-0.923879532511288,0.382683432365086,0.));
#4847=DIRECTION('',(-4.05805272918407E-15,1.,0.));
#4848=DIRECTION('center_axis',(0.,0.,-1.));
#4849=DIRECTION('ref_axis',(-0.707106781186546,-0.707106781186549,0.));
#4850=DIRECTION('',(2.22044604925031E-16,-1.,0.));
#4851=DIRECTION('',(-1.,-2.22044604925031E-16,0.));
#4852=DIRECTION('',(-2.22044604925031E-16,1.,0.));
#4853=DIRECTION('',(-1.,-1.83697019872103E-16,0.));
#4854=DIRECTION('',(0.,-1.,0.));
#4855=DIRECTION('center_axis',(0.,0.,1.));
#4856=DIRECTION('ref_axis',(0.483715225342209,-0.875225445683646,0.));
#4857=DIRECTION('',(1.,0.,0.));
#4858=DIRECTION('',(0.707106781186547,0.707106781186548,0.));
#4859=DIRECTION('center_axis',(0.,0.,1.));
#4860=DIRECTION('ref_axis',(6.2803698347351E-15,-1.,0.));
#4861=DIRECTION('',(0.707106781186549,-0.707106781186546,0.));
#4862=DIRECTION('',(1.,0.,0.));
#4863=DIRECTION('center_axis',(0.,0.,1.));
#4864=DIRECTION('ref_axis',(-0.707106781186548,-0.707106781186547,0.));
#4865=DIRECTION('',(1.51272987187068E-16,-1.,0.));
#4866=DIRECTION('',(0.707106781186548,-0.707106781186547,0.));
#4867=DIRECTION('',(-0.707106781186548,-0.707106781186547,0.));
#4868=DIRECTION('',(1.51272987187068E-16,-1.,0.));
#4869=DIRECTION('center_axis',(0.,0.,-1.));
#4870=DIRECTION('ref_axis',(-1.,0.,0.));
#4871=DIRECTION('center_axis',(0.,0.,-1.));
#4872=DIRECTION('ref_axis',(0.483715225342209,-0.875225445683646,0.));
#4873=DIRECTION('center_axis',(1.,0.,0.));
#4874=DIRECTION('ref_axis',(0.,1.,0.));
#4875=DIRECTION('center_axis',(-0.707106781186547,0.707106781186548,-1.77635683940025E-15));
#4876=DIRECTION('ref_axis',(1.25607396694702E-15,-1.25607396694702E-15,
-1.));
#4877=DIRECTION('',(1.25607396694702E-15,0.,-1.));
#4878=DIRECTION('center_axis',(0.707106781186549,-0.707106781186546,1.67476528926269E-14));
#4879=DIRECTION('ref_axis',(0.707106781186546,0.707106781186549,0.));
#4880=DIRECTION('center_axis',(0.707106781186547,-0.707106781186548,0.));
#4881=DIRECTION('ref_axis',(0.500000000000006,0.499999999999997,0.707106781186546));
#4882=DIRECTION('center_axis',(0.707106781186549,-0.707106781186546,0.));
#4883=DIRECTION('ref_axis',(0.707106781186546,0.707106781186549,0.));
#4884=DIRECTION('',(0.707106781186547,-0.707106781186548,0.));
#4885=DIRECTION('center_axis',(-1.,0.,0.));
#4886=DIRECTION('ref_axis',(0.,-1.,0.));
#4887=DIRECTION('center_axis',(0.,0.,-1.));
#4888=DIRECTION('ref_axis',(0.923879532511287,-0.38268343236509,0.));
#4889=DIRECTION('center_axis',(-1.,0.,0.));
#4890=DIRECTION('ref_axis',(0.,-0.707106781186548,0.707106781186547));
#4891=DIRECTION('center_axis',(-1.,0.,0.));
#4892=DIRECTION('ref_axis',(0.,-1.,0.));
#4893=DIRECTION('',(-1.,0.,0.));
#4894=DIRECTION('center_axis',(0.,1.,0.));
#4895=DIRECTION('ref_axis',(0.,0.,1.));
#4896=DIRECTION('',(0.,0.,1.));
#4897=DIRECTION('',(1.,0.,3.33066907387547E-16));
#4898=DIRECTION('center_axis',(0.,1.,0.));
#4899=DIRECTION('ref_axis',(0.707106781186547,0.,0.707106781186548));
#4900=DIRECTION('center_axis',(0.,0.,-1.));
#4901=DIRECTION('ref_axis',(0.923879532511288,-0.382683432365088,0.));
#4902=DIRECTION('',(0.,0.,-1.));
#4903=DIRECTION('center_axis',(5.55111512312579E-16,-5.55111512312579E-16,
1.));
#4904=DIRECTION('ref_axis',(0.707106781186548,0.707106781186548,0.));
#4905=DIRECTION('center_axis',(-0.707106781186548,-0.707106781186547,0.));
#4906=DIRECTION('ref_axis',(0.,0.,1.));
#4907=DIRECTION('',(-0.707106781186547,0.707106781186548,-2.35513868802566E-16));
#4908=DIRECTION('center_axis',(-0.707106781186551,-0.707106781186544,-1.22754835623874E-15));
#4909=DIRECTION('ref_axis',(0.707106781186544,-0.707106781186551,0.));
#4910=DIRECTION('center_axis',(-0.707106781186548,-0.707106781186548,0.));
#4911=DIRECTION('ref_axis',(0.515388203202207,-0.515388203202212,0.684653196881455));
#4912=DIRECTION('center_axis',(0.,1.,0.));
#4913=DIRECTION('ref_axis',(-0.707106781186546,0.,-0.707106781186549));
#4914=DIRECTION('center_axis',(-1.83697019872103E-16,1.,0.));
#4915=DIRECTION('ref_axis',(-0.707106781186546,0.,-0.707106781186549));
#4916=DIRECTION('',(0.,1.,0.));
#4917=DIRECTION('',(0.,-1.,0.));
#4918=DIRECTION('center_axis',(0.,-1.,0.));
#4919=DIRECTION('ref_axis',(-1.,0.,-1.11022302462516E-15));
#4920=DIRECTION('center_axis',(0.,1.,0.));
#4921=DIRECTION('ref_axis',(0.,0.,1.));
#4922=DIRECTION('center_axis',(4.99600361081318E-15,0.,1.));
#4923=DIRECTION('ref_axis',(0.,1.,0.));
#4924=DIRECTION('center_axis',(0.,-1.,0.));
#4925=DIRECTION('ref_axis',(0.707106781186547,0.,0.707106781186548));
#4926=DIRECTION('center_axis',(-0.40824829046386,-0.816496580927725,-0.408248290463868));
#4927=DIRECTION('ref_axis',(-0.577350269189622,0.577350269189627,-0.577350269189628));
#4928=DIRECTION('center_axis',(-1.,0.,-3.33066907387547E-16));
#4929=DIRECTION('ref_axis',(0.,0.707106781186547,-0.707106781186548));
#4930=DIRECTION('center_axis',(-1.,0.,-3.33066907387547E-16));
#4931=DIRECTION('ref_axis',(0.,0.707106781186547,-0.707106781186548));
#4932=DIRECTION('center_axis',(-1.,0.,0.));
#4933=DIRECTION('ref_axis',(0.,1.,0.));
#4934=DIRECTION('center_axis',(0.,1.,0.));
#4935=DIRECTION('ref_axis',(-0.707106781186547,0.,0.707106781186548));
#4936=DIRECTION('center_axis',(-1.83697019872103E-16,1.,0.));
#4937=DIRECTION('ref_axis',(-0.707106781186547,0.,0.707106781186548));
#4938=DIRECTION('center_axis',(0.,-1.,0.));
#4939=DIRECTION('ref_axis',(0.,0.,1.));
#4940=DIRECTION('',(0.,1.,0.));
#4941=DIRECTION('',(0.,-1.,0.));
#4942=DIRECTION('center_axis',(-0.40824829046386,0.40824829046386,-0.816496580927729));
#4943=DIRECTION('ref_axis',(-0.577350269189624,0.577350269189628,0.577350269189625));
#4944=DIRECTION('center_axis',(-1.,0.,1.11022302462516E-16));
#4945=DIRECTION('ref_axis',(0.,0.707106781186547,0.707106781186548));
#4946=DIRECTION('center_axis',(0.,1.,0.));
#4947=DIRECTION('ref_axis',(0.,0.,1.));
#4948=DIRECTION('',(-1.,0.,1.11022302462516E-16));
#4949=DIRECTION('',(0.,0.,1.));
#4950=DIRECTION('center_axis',(1.,0.,-1.11022302462516E-16));
#4951=DIRECTION('ref_axis',(0.,0.707106781186547,0.707106781186548));
#4952=DIRECTION('center_axis',(-1.,0.,0.));
#4953=DIRECTION('ref_axis',(0.,0.,1.));
#4954=DIRECTION('center_axis',(1.83697019872103E-16,-1.,0.));
#4955=DIRECTION('ref_axis',(1.,1.83697019872103E-16,0.));
#4956=DIRECTION('',(0.,0.,-1.));
#4957=DIRECTION('',(8.88178419700124E-16,1.63155728813627E-31,-1.));
#4958=DIRECTION('',(1.,1.83697019872103E-16,0.));
#4959=DIRECTION('',(0.,0.,1.));
#4960=DIRECTION('center_axis',(-1.83697019872103E-16,1.,0.));
#4961=DIRECTION('ref_axis',(0.707106781186548,1.57009245868378E-16,0.707106781186547));
#4962=DIRECTION('',(-1.,-1.83697019872103E-16,-7.7715611723761E-16));
#4963=DIRECTION('center_axis',(-1.83697019872103E-16,1.,0.));
#4964=DIRECTION('ref_axis',(-0.707106781186548,-1.57009245868378E-16,0.707106781186547));
#4965=DIRECTION('',(5.55111512312579E-17,1.01972330508517E-32,-1.));
#4966=DIRECTION('',(0.,0.,1.));
#4967=DIRECTION('',(5.55111512312579E-17,1.01972330508517E-32,-1.));
#4968=DIRECTION('center_axis',(-1.83697019872103E-16,1.,0.));
#4969=DIRECTION('ref_axis',(-0.707106781186547,-1.57009245868377E-16,-0.707106781186548));
#4970=DIRECTION('',(1.,1.83697019872103E-16,6.66133814775094E-16));
#4971=DIRECTION('center_axis',(-1.83697019872103E-16,1.,0.));
#4972=DIRECTION('ref_axis',(0.707106781186548,1.57009245868378E-16,-0.707106781186547));
#4973=DIRECTION('',(0.,0.,1.));
#4974=DIRECTION('',(-1.,-1.83697019872103E-16,0.));
#4975=DIRECTION('',(8.88178419700124E-16,1.63155728813627E-31,-1.));
#4976=DIRECTION('center_axis',(1.83697019872103E-16,-1.,0.));
#4977=DIRECTION('ref_axis',(-1.,-1.83697019872103E-16,0.));
#4978=DIRECTION('center_axis',(1.83697019872103E-16,-1.,0.));
#4979=DIRECTION('ref_axis',(-1.,-1.83697019872103E-16,0.));
#4980=DIRECTION('center_axis',(0.707106781186548,-0.707106781186547,-9.99200722162641E-16));
#4981=DIRECTION('ref_axis',(-0.5,-0.5,-0.707106781186548));
#4982=DIRECTION('center_axis',(0.,0.,1.));
#4983=DIRECTION('ref_axis',(8.97195690676445E-16,1.,0.));
#4984=DIRECTION('',(0.,0.,-1.));
#4985=DIRECTION('center_axis',(0.,0.,-1.));
#4986=DIRECTION('ref_axis',(-0.23907584214778,0.971000896859179,0.));
#4987=DIRECTION('',(0.,0.,1.));
#4988=DIRECTION('center_axis',(0.,0.,1.));
#4989=DIRECTION('ref_axis',(-0.23907584214778,0.971000896859179,0.));
#4990=DIRECTION('center_axis',(-0.707106781186548,0.707106781186547,8.88178419700125E-16));
#4991=DIRECTION('ref_axis',(-0.5,-0.5,0.707106781186548));
#4992=DIRECTION('',(0.707106781186548,-0.707106781186547,-8.88178419700125E-16));
#4993=DIRECTION('center_axis',(-0.707106781186547,-0.707106781186548,0.));
#4994=DIRECTION('ref_axis',(0.,0.,1.));
#4995=DIRECTION('center_axis',(-0.707106781186547,-0.707106781186548,0.));
#4996=DIRECTION('ref_axis',(0.515388203202208,-0.515388203202204,-0.68465319688146));
#4997=DIRECTION('center_axis',(0.707106781186548,0.707106781186548,0.));
#4998=DIRECTION('ref_axis',(0.515388203202208,-0.515388203202204,-0.68465319688146));
#4999=DIRECTION('',(0.707106781186548,0.707106781186548,0.));
#5000=DIRECTION('center_axis',(-0.707106781186548,-0.707106781186548,0.));
#5001=DIRECTION('ref_axis',(-0.499999999999999,0.499999999999999,0.707106781186548));
#5002=DIRECTION('center_axis',(0.70710678118655,0.707106781186545,0.));
#5003=DIRECTION('ref_axis',(-0.707106781186545,0.70710678118655,0.));
#5004=DIRECTION('',(-0.707106781186548,-0.707106781186548,0.));
#5005=DIRECTION('center_axis',(0.707106781186547,0.707106781186548,0.));
#5006=DIRECTION('ref_axis',(-0.707106781186548,0.707106781186547,0.));
#5007=DIRECTION('center_axis',(0.,0.,-1.));
#5008=DIRECTION('ref_axis',(-1.,0.,0.));
#5009=DIRECTION('center_axis',(-2.22044604925031E-16,1.,0.));
#5010=DIRECTION('ref_axis',(0.707106781186548,1.57009245868378E-16,0.707106781186547));
#5011=DIRECTION('',(2.22044604925031E-16,-1.,0.));
#5012=DIRECTION('',(-2.22044604925031E-16,1.,0.));
#5013=DIRECTION('',(2.22044604925031E-16,-1.,0.));
#5014=DIRECTION('center_axis',(0.707106781186548,-0.707106781186547,0.));
#5015=DIRECTION('ref_axis',(-0.707106781186547,-0.707106781186548,0.));
#5016=DIRECTION('center_axis',(-2.22044604925031E-16,1.,0.));
#5017=DIRECTION('ref_axis',(-0.707106781186548,-1.57009245868378E-16,0.707106781186547));
#5018=DIRECTION('',(-2.22044604925031E-16,1.,0.));
#5019=DIRECTION('',(2.22044604925031E-16,-1.,0.));
#5020=DIRECTION('',(-2.22044604925031E-16,1.,0.));
#5021=DIRECTION('center_axis',(-0.707106781186548,-0.707106781186548,-7.85046229341887E-16));
#5022=DIRECTION('ref_axis',(0.707106781186548,-0.707106781186548,7.85046229341887E-16));
#5023=DIRECTION('center_axis',(1.,2.22044604925031E-16,7.7715611723761E-16));
#5024=DIRECTION('ref_axis',(0.,0.707106781186548,0.707106781186547));
#5025=DIRECTION('',(1.,2.22044604925031E-16,0.));
#5026=DIRECTION('',(1.,2.22044604925031E-16,7.7715611723761E-16));
#5027=DIRECTION('center_axis',(-7.7715611723761E-16,-1.72563323017096E-31,
1.));
#5028=DIRECTION('ref_axis',(1.,1.83697019872103E-16,7.7715611723761E-16));
#5029=DIRECTION('center_axis',(-1.,-2.22044604925031E-16,-5.55111512312579E-17));
#5030=DIRECTION('ref_axis',(-5.55111512312579E-17,-1.01972330508517E-32,
1.));
#5031=DIRECTION('center_axis',(-2.22044604925031E-16,1.,0.));
#5032=DIRECTION('ref_axis',(0.707106781186548,1.57009245868378E-16,-0.707106781186547));
#5033=DIRECTION('',(-2.22044604925031E-16,1.,0.));
#5034=DIRECTION('',(2.22044604925031E-16,-1.,0.));
#5035=DIRECTION('',(-2.22044604925031E-16,1.,0.));
#5036=DIRECTION('center_axis',(0.707106781186548,-0.707106781186548,0.));
#5037=DIRECTION('ref_axis',(-0.707106781186547,-0.707106781186547,0.));
#5038=DIRECTION('center_axis',(-2.22044604925031E-16,1.,0.));
#5039=DIRECTION('ref_axis',(-0.707106781186547,-1.57009245868377E-16,-0.707106781186548));
#5040=DIRECTION('',(2.22044604925031E-16,-1.,0.));
#5041=DIRECTION('',(-2.22044604925031E-16,1.,0.));
#5042=DIRECTION('',(2.22044604925031E-16,-1.,0.));
#5043=DIRECTION('center_axis',(-0.707106781186547,-0.707106781186548,-7.85046229341887E-16));
#5044=DIRECTION('ref_axis',(0.707106781186548,-0.707106781186547,7.85046229341888E-16));
#5045=DIRECTION('center_axis',(-1.,-2.22044604925031E-16,-6.66133814775094E-16));
#5046=DIRECTION('ref_axis',(0.,0.707106781186547,-0.707106781186548));
#5047=DIRECTION('',(-1.,-2.22044604925031E-16,-6.66133814775094E-16));
#5048=DIRECTION('',(-1.,-2.22044604925031E-16,0.));
#5049=DIRECTION('center_axis',(1.,2.22044604925031E-16,0.));
#5050=DIRECTION('ref_axis',(0.,0.,-1.));
#5051=DIRECTION('center_axis',(1.,2.22044604925031E-16,0.));
#5052=DIRECTION('ref_axis',(1.57009245868378E-16,-0.707106781186548,-0.707106781186547));
#5053=DIRECTION('center_axis',(0.,-1.,0.));
#5054=DIRECTION('ref_axis',(0.707106781186546,0.,0.707106781186549));
#5055=DIRECTION('center_axis',(-9.24446373305877E-31,-1.,8.32667268468868E-16));
#5056=DIRECTION('ref_axis',(1.,0.,1.11022302462516E-15));
#5057=DIRECTION('center_axis',(-1.,0.,-8.88178419700124E-16));
#5058=DIRECTION('ref_axis',(0.,0.,1.));
#5059=DIRECTION('center_axis',(1.,0.,8.88178419700124E-16));
#5060=DIRECTION('ref_axis',(6.93889390390722E-16,-0.707106781186547,-0.707106781186548));
#5061=DIRECTION('center_axis',(-1.,0.,-8.88178419700124E-16));
#5062=DIRECTION('ref_axis',(6.2803698347351E-16,-0.707106781186547,-0.707106781186548));
#5063=DIRECTION('center_axis',(-1.,0.,-8.88178419700124E-16));
#5064=DIRECTION('ref_axis',(-8.88178419700124E-16,-1.63155728813627E-31,
1.));
#5065=DIRECTION('center_axis',(-1.,0.,-8.88178419700124E-16));
#5066=DIRECTION('ref_axis',(0.,0.,1.));
#5067=DIRECTION('center_axis',(7.70371977754904E-32,1.,-1.38777878078145E-16));
#5068=DIRECTION('ref_axis',(1.,0.,5.55111512312585E-16));
#5069=DIRECTION('center_axis',(1.,0.,8.88178419700124E-16));
#5070=DIRECTION('ref_axis',(-6.93889390390723E-16,-0.707106781186548,0.707106781186547));
#5071=DIRECTION('center_axis',(-1.,0.,-8.88178419700124E-16));
#5072=DIRECTION('ref_axis',(-6.28036983473509E-16,-0.707106781186548,0.707106781186547));
#5073=DIRECTION('center_axis',(0.,1.,0.));
#5074=DIRECTION('ref_axis',(0.707106781186547,0.,-0.707106781186548));
#5075=DIRECTION('center_axis',(-1.,0.,-8.88178419700124E-16));
#5076=DIRECTION('ref_axis',(-8.88178419700124E-16,-1.63155728813627E-31,
1.));
#5077=DIRECTION('center_axis',(1.,2.22044604925031E-16,0.));
#5078=DIRECTION('ref_axis',(0.,0.,-1.));
#5079=DIRECTION('center_axis',(-2.77555756156289E-16,1.,1.38777878078145E-16));
#5080=DIRECTION('ref_axis',(-1.,-2.77555756156289E-16,0.));
#5081=DIRECTION('center_axis',(-1.,-2.22044604925031E-16,0.));
#5082=DIRECTION('ref_axis',(1.38777878078145E-16,-0.707106781186548,-0.707106781186547));
#5083=DIRECTION('center_axis',(-2.22044604925031E-16,1.,0.));
#5084=DIRECTION('ref_axis',(-0.707106781186548,0.,0.707106781186547));
#5085=DIRECTION('center_axis',(-0.707106781186548,0.707106781186548,0.));
#5086=DIRECTION('ref_axis',(-0.707106781186547,-0.707106781186547,0.));
#5087=DIRECTION('center_axis',(2.22044604925031E-16,-1.,0.));
#5088=DIRECTION('ref_axis',(0.707106781186547,0.,0.707106781186548));
#5089=DIRECTION('center_axis',(0.,-1.,8.32667268468868E-16));
#5090=DIRECTION('ref_axis',(1.,0.,0.));
#5091=DIRECTION('center_axis',(0.707106781186548,0.707106781186547,-1.57009245868378E-15));
#5092=DIRECTION('ref_axis',(-0.707106781186547,0.707106781186548,1.57009245868377E-15));
#5093=DIRECTION('center_axis',(-1.,-2.22044604925031E-16,0.));
#5094=DIRECTION('ref_axis',(0.,-0.707106781186548,0.707106781186547));
#5095=DIRECTION('center_axis',(0.,0.,1.));
#5096=DIRECTION('ref_axis',(1.,0.,0.));
#5097=DIRECTION('center_axis',(0.,0.,-1.));
#5098=DIRECTION('ref_axis',(-0.707106781186546,-0.707106781186549,0.));
#5099=DIRECTION('center_axis',(-1.11022302462515E-15,1.,0.));
#5100=DIRECTION('ref_axis',(0.,0.,-1.));
#5101=DIRECTION('center_axis',(-1.,-2.22044604925031E-16,-5.55111512312579E-17));
#5102=DIRECTION('ref_axis',(-5.55111512312579E-17,-1.01972330508517E-32,
1.));
#5103=DIRECTION('center_axis',(-2.22044604925031E-16,1.,0.));
#5104=DIRECTION('ref_axis',(0.707106781186547,0.,-0.707106781186548));
#5105=DIRECTION('center_axis',(0.,-1.,-8.32667268468868E-16));
#5106=DIRECTION('ref_axis',(-5.55111512312578E-16,8.32667268468868E-16,
-1.));
#5107=DIRECTION('center_axis',(0.707106781186548,0.707106781186547,1.57009245868378E-15));
#5108=DIRECTION('ref_axis',(0.707106781186547,-0.707106781186548,1.57009245868377E-15));
#5109=DIRECTION('center_axis',(2.22044604925031E-16,-1.,0.));
#5110=DIRECTION('ref_axis',(-0.707106781186548,0.,-0.707106781186547));
#5111=DIRECTION('center_axis',(0.,-1.,-9.71445146547012E-16));
#5112=DIRECTION('ref_axis',(-1.,0.,0.));
#5113=DIRECTION('center_axis',(-0.707106781186548,0.707106781186548,0.));
#5114=DIRECTION('ref_axis',(0.707106781186547,0.707106781186547,0.));
#5115=DIRECTION('center_axis',(1.,2.22044604925031E-16,0.));
#5116=DIRECTION('ref_axis',(0.,0.,-1.));
#5117=DIRECTION('center_axis',(-1.,-2.22044604925031E-16,0.));
#5118=DIRECTION('ref_axis',(1.38777878078145E-16,-0.707106781186548,0.707106781186547));
#5119=DIRECTION('center_axis',(1.,2.22044604925031E-16,0.));
#5120=DIRECTION('ref_axis',(1.57009245868378E-16,-0.707106781186548,0.707106781186547));
#5121=DIRECTION('center_axis',(1.,2.22044604925031E-16,0.));
#5122=DIRECTION('ref_axis',(0.,-0.707106781186548,-0.707106781186547));
#5123=DIRECTION('center_axis',(1.,1.83697019872103E-16,0.));
#5124=DIRECTION('ref_axis',(0.,-0.707106781186548,0.707106781186547));
#5125=DIRECTION('center_axis',(1.,2.22044604925031E-16,0.));
#5126=DIRECTION('ref_axis',(0.,0.,-1.));
#5127=DIRECTION('center_axis',(3.92523114670944E-16,1.84889274661175E-30,
-1.));
#5128=DIRECTION('ref_axis',(-0.707106781186546,-0.707106781186549,-2.7755575615629E-16));
#5129=DIRECTION('center_axis',(0.316227766016841,-0.948683298050513,-8.42600032458407E-15));
#5130=DIRECTION('ref_axis',(0.948683298050513,0.316227766016841,-1.24126707662363E-16));
#5131=DIRECTION('center_axis',(0.316227766016841,0.948683298050513,-1.05325004057302E-15));
#5132=DIRECTION('ref_axis',(0.948683298050513,-0.316227766016841,-1.24126707662363E-16));
#5133=DIRECTION('center_axis',(0.,0.,-1.));
#5134=DIRECTION('ref_axis',(-1.,0.,0.));
#5135=DIRECTION('',(0.,0.,-1.));
#5136=DIRECTION('center_axis',(0.,0.,-1.));
#5137=DIRECTION('ref_axis',(-0.707106781186544,-0.707106781186551,0.));
#5138=DIRECTION('',(0.,0.,1.));
#5139=DIRECTION('center_axis',(0.316227766016841,0.948683298050513,-1.05325004057302E-15));
#5140=DIRECTION('ref_axis',(0.948683298050513,-0.316227766016841,0.));
#5141=DIRECTION('center_axis',(0.316227766016843,-0.948683298050512,-8.42600032458407E-15));
#5142=DIRECTION('ref_axis',(0.948683298050512,0.316227766016843,0.));
#5143=DIRECTION('center_axis',(-0.707106781186547,-0.707106781186548,0.));
#5144=DIRECTION('ref_axis',(-0.707106781186548,0.707106781186547,0.));
#5145=DIRECTION('',(-0.707106781186548,0.707106781186547,0.));
#5146=DIRECTION('',(0.,0.,1.));
#5147=DIRECTION('',(0.707106781186548,-0.707106781186547,0.));
#5148=DIRECTION('center_axis',(-0.707106781186548,0.707106781186547,0.));
#5149=DIRECTION('ref_axis',(0.5,0.5,0.707106781186548));
#5150=DIRECTION('center_axis',(-0.382683432365083,0.92387953251129,0.));
#5151=DIRECTION('ref_axis',(0.923879532511289,0.382683432365083,0.));
#5152=DIRECTION('center_axis',(0.707106781186548,0.707106781186547,0.));
#5153=DIRECTION('ref_axis',(0.5,-0.5,0.707106781186548));
#5154=DIRECTION('',(0.707106781186548,0.707106781186547,0.));
#5155=DIRECTION('center_axis',(0.707106781186546,0.707106781186549,-1.09906472107864E-14));
#5156=DIRECTION('ref_axis',(0.707106781186549,-0.707106781186546,0.));
#5157=DIRECTION('center_axis',(0.,1.,0.));
#5158=DIRECTION('ref_axis',(0.707106781186546,0.,0.707106781186549));
#5159=DIRECTION('',(0.,1.,0.));
#5160=DIRECTION('center_axis',(1.11022302462516E-16,0.,1.));
#5161=DIRECTION('ref_axis',(-0.980170211558284,0.198157403025446,0.));
#5162=DIRECTION('center_axis',(-1.11022302462516E-16,0.,-1.));
#5163=DIRECTION('ref_axis',(-0.980170211558284,0.198157403025443,1.38777878078143E-16));
#5164=DIRECTION('center_axis',(0.,0.,1.));
#5165=DIRECTION('ref_axis',(1.,0.,0.));
#5166=DIRECTION('center_axis',(0.,0.,1.));
#5167=DIRECTION('ref_axis',(0.971000896859179,-0.23907584214778,0.));
#5168=DIRECTION('',(0.,0.,-1.));
#5169=DIRECTION('center_axis',(0.,0.,-1.));
#5170=DIRECTION('ref_axis',(0.971000896859179,-0.23907584214778,0.));
#5171=DIRECTION('',(0.,0.,1.));
#5172=DIRECTION('center_axis',(0.,1.,0.));
#5173=DIRECTION('ref_axis',(0.707106781186547,0.,-0.707106781186548));
#5174=DIRECTION('',(0.,-1.,0.));
#5175=DIRECTION('center_axis',(-3.33066907387547E-16,0.,1.));
#5176=DIRECTION('ref_axis',(-0.980170211558284,0.198157403025444,-2.96059473233374E-16));
#5177=DIRECTION('center_axis',(-3.33066907387547E-16,0.,1.));
#5178=DIRECTION('ref_axis',(-0.980170211558285,0.198157403025442,-2.77555756156288E-16));
#5179=DIRECTION('center_axis',(4.44089209850063E-16,4.44089209850063E-16,
-1.));
#5180=DIRECTION('ref_axis',(-0.926255616121308,-0.376895918794217,-1.11022302462515E-15));
#5181=DIRECTION('center_axis',(0.,0.,-1.));
#5182=DIRECTION('ref_axis',(-0.926255616121308,-0.376895918794217,-1.11022302462515E-15));
#5183=DIRECTION('',(8.88178419700125E-16,1.63155728813627E-31,-1.));
#5184=DIRECTION('center_axis',(-1.,0.,0.));
#5185=DIRECTION('ref_axis',(0.,0.707106781186548,0.707106781186547));
#5186=DIRECTION('center_axis',(0.923879532511284,0.382683432365097,0.));
#5187=DIRECTION('ref_axis',(-0.382683432365097,0.923879532511284,-2.56428082243488E-16));
#5188=DIRECTION('',(-1.,0.,0.));
#5189=DIRECTION('center_axis',(-0.707106781186547,-0.707106781186548,0.));
#5190=DIRECTION('ref_axis',(-0.5,0.5,0.707106781186548));
#5191=DIRECTION('',(-0.707106781186547,-0.707106781186548,0.));
#5192=DIRECTION('center_axis',(0.707106781186548,0.707106781186548,0.));
#5193=DIRECTION('ref_axis',(-0.707106781186548,0.707106781186548,0.));
#5194=DIRECTION('center_axis',(0.,-1.,0.));
#5195=DIRECTION('ref_axis',(1.,0.,0.));
#5196=DIRECTION('',(-1.25607396694702E-15,0.,1.));
#5197=DIRECTION('',(1.,0.,0.));
#5198=DIRECTION('',(0.,0.,1.));
#5199=DIRECTION('center_axis',(1.25607396694702E-15,0.,-1.));
#5200=DIRECTION('ref_axis',(0.846719747368197,-0.532039161544277,1.11022302462516E-15));
#5201=DIRECTION('center_axis',(0.,0.,1.));
#5202=DIRECTION('ref_axis',(0.4837152253422,-0.87522544568365,0.));
#5203=DIRECTION('center_axis',(1.,0.,0.));
#5204=DIRECTION('ref_axis',(0.,0.707106781186548,-0.707106781186547));
#5205=DIRECTION('center_axis',(0.92387953251129,0.382683432365083,0.));
#5206=DIRECTION('ref_axis',(-0.382683432365083,0.92387953251129,2.5642808224349E-16));
#5207=DIRECTION('center_axis',(-1.,0.,0.));
#5208=DIRECTION('ref_axis',(0.,1.,-2.77555756156289E-16));
#5209=DIRECTION('center_axis',(0.,0.,-1.));
#5210=DIRECTION('ref_axis',(-1.,0.,0.));
#5211=DIRECTION('center_axis',(0.707106781186547,0.707106781186548,0.));
#5212=DIRECTION('ref_axis',(-0.5,0.5,-0.707106781186548));
#5213=DIRECTION('center_axis',(0.707106781186548,0.707106781186548,0.));
#5214=DIRECTION('ref_axis',(0.,0.,-1.));
#5215=DIRECTION('',(0.707106781186547,0.707106781186548,0.));
#5216=DIRECTION('center_axis',(4.44089209850063E-16,4.44089209850063E-16,
-1.));
#5217=DIRECTION('ref_axis',(-0.926255616121308,-0.376895918794217,-1.11022302462515E-15));
#5218=DIRECTION('',(8.88178419700125E-16,1.63155728813627E-31,-1.));
#5219=DIRECTION('center_axis',(0.,0.,1.));
#5220=DIRECTION('ref_axis',(-0.926255616121308,-0.376895918794217,-1.11022302462515E-15));
#5221=DIRECTION('center_axis',(0.,0.,-1.));
#5222=DIRECTION('ref_axis',(0.923879532511288,-0.382683432365088,0.));
#5223=DIRECTION('center_axis',(-0.707106781186549,0.707106781186546,0.));
#5224=DIRECTION('ref_axis',(-0.707106781186546,-0.707106781186549,0.));
#5225=DIRECTION('center_axis',(-1.57009245868378E-15,0.,-1.));
#5226=DIRECTION('ref_axis',(0.,-1.,0.));
#5227=DIRECTION('center_axis',(-0.707106781186547,0.707106781186548,7.85046229341887E-17));
#5228=DIRECTION('ref_axis',(-0.5,-0.5,0.707106781186548));
#5229=DIRECTION('',(0.707106781186547,-0.707106781186548,-7.85046229341887E-17));
#5230=DIRECTION('center_axis',(0.,0.,-1.));
#5231=DIRECTION('ref_axis',(0.923879532511288,-0.382683432365088,0.));
#5232=DIRECTION('',(0.,0.,-1.));
#5233=DIRECTION('center_axis',(0.,0.,-1.));
#5234=DIRECTION('ref_axis',(0.923879532511288,-0.382683432365088,0.));
#5235=DIRECTION('center_axis',(-0.707106781186548,0.707106781186548,0.));
#5236=DIRECTION('ref_axis',(0.,0.,-1.));
#5237=DIRECTION('center_axis',(0.707106781186547,-0.707106781186548,2.35513868802566E-16));
#5238=DIRECTION('ref_axis',(-0.5,-0.5,-0.707106781186548));
#5239=DIRECTION('center_axis',(0.707106781186547,0.707106781186548,0.));
#5240=DIRECTION('ref_axis',(-0.707106781186548,0.707106781186547,0.));
#5241=DIRECTION('center_axis',(0.707106781186547,0.707106781186548,0.));
#5242=DIRECTION('ref_axis',(0.707106781186548,-0.707106781186547,0.));
#5243=DIRECTION('center_axis',(0.,0.,-1.));
#5244=DIRECTION('ref_axis',(-1.,0.,0.));
#5245=DIRECTION('center_axis',(0.,1.,0.));
#5246=DIRECTION('ref_axis',(-1.,0.,0.));
#5247=DIRECTION('center_axis',(0.,0.,1.));
#5248=DIRECTION('ref_axis',(-0.923879532511288,0.382683432365086,0.));
#5249=DIRECTION('center_axis',(4.05805272918407E-15,-1.,0.));
#5250=DIRECTION('ref_axis',(-0.707106781186548,0.,0.707106781186547));
#5251=DIRECTION('center_axis',(-1.11022302462515E-15,1.,0.));
#5252=DIRECTION('ref_axis',(-1.,-1.11022302462516E-15,0.));
#5253=DIRECTION('',(4.05805272918407E-15,-1.,0.));
#5254=DIRECTION('center_axis',(0.,0.,-1.));
#5255=DIRECTION('ref_axis',(-1.,0.,0.));
#5256=DIRECTION('center_axis',(0.,0.,1.));
#5257=DIRECTION('ref_axis',(-0.707106781186546,-0.707106781186549,0.));
#5258=DIRECTION('center_axis',(0.,0.,1.));
#5259=DIRECTION('ref_axis',(-0.707106781186546,-0.707106781186549,0.));
#5260=DIRECTION('',(0.,0.,-1.));
#5261=DIRECTION('center_axis',(-1.,-4.05805272918407E-15,0.));
#5262=DIRECTION('ref_axis',(4.05805272918407E-15,-1.,0.));
#5263=DIRECTION('',(0.,0.,1.));
#5264=DIRECTION('',(-4.05805272918407E-15,1.,0.));
#5265=DIRECTION('center_axis',(0.,0.,1.));
#5266=DIRECTION('ref_axis',(-0.923879532511288,0.382683432365087,0.));
#5267=DIRECTION('',(0.,0.,-1.));
#5268=DIRECTION('center_axis',(0.,0.,-1.));
#5269=DIRECTION('ref_axis',(-0.923879532511288,0.382683432365086,0.));
#5270=DIRECTION('center_axis',(-0.707106781186548,0.707106781186548,0.));
#5271=DIRECTION('ref_axis',(-0.707106781186548,-0.707106781186548,0.));
#5272=DIRECTION('center_axis',(-1.,-1.83697019872103E-16,0.));
#5273=DIRECTION('ref_axis',(0.,-0.707106781186548,-0.707106781186547));
#5274=DIRECTION('center_axis',(0.,0.,1.));
#5275=DIRECTION('ref_axis',(1.,0.,0.));
#5276=DIRECTION('center_axis',(0.,0.,1.));
#5277=DIRECTION('ref_axis',(1.,0.,0.));
#5278=DIRECTION('center_axis',(0.,1.,0.));
#5279=DIRECTION('ref_axis',(0.,0.,-1.));
#5280=DIRECTION('center_axis',(-4.05805272918407E-15,1.,0.));
#5281=DIRECTION('ref_axis',(-0.707106781186548,0.,-0.707106781186547));
#5282=DIRECTION('center_axis',(0.707106781186548,-0.707106781186547,0.));
#5283=DIRECTION('ref_axis',(0.499999999999999,0.499999999999999,-0.707106781186548));
#5284=DIRECTION('',(0.707106781186548,-0.707106781186547,0.));
#5285=DIRECTION('center_axis',(-0.707106781186548,0.707106781186548,0.));
#5286=DIRECTION('ref_axis',(0.707106781186548,0.707106781186548,0.));
#5287=DIRECTION('',(-0.707106781186548,0.707106781186547,0.));
#5288=DIRECTION('center_axis',(4.71027737605133E-15,-1.,0.));
#5289=DIRECTION('ref_axis',(-1.,-4.71027737605133E-15,0.));
#5290=DIRECTION('center_axis',(-0.707106781186547,-0.707106781186548,0.));
#5291=DIRECTION('ref_axis',(0.5,-0.499999999999997,-0.707106781186549));
#5292=DIRECTION('',(0.707106781186547,0.707106781186548,0.));
#5293=DIRECTION('center_axis',(-0.707106781186545,-0.70710678118655,0.));
#5294=DIRECTION('ref_axis',(0.,0.,-1.));
#5295=DIRECTION('',(-0.707106781186547,-0.707106781186548,0.));
#5296=DIRECTION('center_axis',(0.,0.,1.));
#5297=DIRECTION('ref_axis',(1.,0.,0.));
#5298=DIRECTION('center_axis',(0.,0.,1.));
#5299=DIRECTION('ref_axis',(0.971000896859179,-0.23907584214778,0.));
#5300=DIRECTION('center_axis',(0.,0.,1.));
#5301=DIRECTION('ref_axis',(1.,0.,0.));
#5302=DIRECTION('center_axis',(0.,0.,1.));
#5303=DIRECTION('ref_axis',(0.96440158043549,-0.264442038362909,0.));
#5304=DIRECTION('center_axis',(0.,0.,-1.));
#5305=DIRECTION('ref_axis',(0.96440158043549,-0.264442038362909,0.));
#5306=DIRECTION('center_axis',(0.,0.,-1.));
#5307=DIRECTION('ref_axis',(0.923879532511287,-0.382683432365089,0.));
#5308=DIRECTION('',(0.,0.,1.));
#5309=DIRECTION('',(0.,0.,1.));
#5310=DIRECTION('center_axis',(0.,0.,1.));
#5311=DIRECTION('ref_axis',(0.96440158043549,-0.264442038362909,0.));
#5312=DIRECTION('',(0.,0.,1.));
#5313=DIRECTION('center_axis',(0.707106781186547,0.707106781186548,0.));
#5314=DIRECTION('ref_axis',(-0.707106781186548,0.707106781186547,0.));
#5315=DIRECTION('',(0.,0.,1.));
#5316=DIRECTION('',(-0.707106781186548,0.707106781186547,0.));
#5317=DIRECTION('center_axis',(0.707106781186548,-0.707106781186547,0.));
#5318=DIRECTION('ref_axis',(0.707106781186547,0.707106781186548,0.));
#5319=DIRECTION('',(0.707106781186547,0.707106781186548,0.));
#5320=DIRECTION('center_axis',(0.707106781186547,0.707106781186548,0.));
#5321=DIRECTION('ref_axis',(0.5,-0.499999999999997,0.707106781186549));
#5322=DIRECTION('center_axis',(-0.707106781186545,-0.70710678118655,0.));
#5323=DIRECTION('ref_axis',(0.70710678118655,-0.707106781186545,0.));
#5324=DIRECTION('',(-0.707106781186547,-0.707106781186548,0.));
#5325=DIRECTION('center_axis',(-4.71027737605133E-15,1.,-2.22044604925031E-15));
#5326=DIRECTION('ref_axis',(-1.,-4.71027737605134E-15,-2.2204460492503E-15));
#5327=DIRECTION('center_axis',(0.,0.,-1.));
#5328=DIRECTION('ref_axis',(0.99003428888073,-0.140826513272282,0.));
#5329=DIRECTION('center_axis',(0.,0.,-1.));
#5330=DIRECTION('ref_axis',(0.971000896859179,-0.23907584214778,0.));
#5331=DIRECTION('center_axis',(-0.707106781186548,0.707106781186547,0.));
#5332=DIRECTION('ref_axis',(0.499999999999999,0.499999999999999,0.707106781186548));
#5333=DIRECTION('',(0.707106781186548,-0.707106781186547,0.));
#5334=DIRECTION('center_axis',(-0.707106781186548,0.707106781186548,0.));
#5335=DIRECTION('ref_axis',(0.,0.,1.));
#5336=DIRECTION('center_axis',(0.,0.,-1.));
#5337=DIRECTION('ref_axis',(0.96440158043549,-0.264442038362909,0.));
#5338=DIRECTION('center_axis',(0.,0.,-1.));
#5339=DIRECTION('ref_axis',(0.96440158043549,-0.264442038362909,0.));
#5340=DIRECTION('center_axis',(0.,0.,1.));
#5341=DIRECTION('ref_axis',(1.,0.,0.));
#5342=DIRECTION('',(0.,-1.,0.));
#5343=DIRECTION('center_axis',(-0.707106781186548,0.707106781186547,0.));
#5344=DIRECTION('ref_axis',(-0.499999999999999,-0.499999999999999,-0.707106781186548));
#5345=DIRECTION('',(-0.707106781186548,0.707106781186547,0.));
#5346=DIRECTION('center_axis',(0.707106781186547,0.707106781186548,0.));
#5347=DIRECTION('ref_axis',(-0.707106781186548,0.707106781186547,0.));
#5348=DIRECTION('',(0.707106781186548,-0.707106781186547,0.));
#5349=DIRECTION('center_axis',(0.707106781186548,-0.707106781186547,0.));
#5350=DIRECTION('ref_axis',(-0.499999999999999,-0.499999999999999,0.707106781186548));
#5351=DIRECTION('center_axis',(-0.707106781186548,-0.707106781186547,0.));
#5352=DIRECTION('ref_axis',(0.,0.,1.));
#5353=DIRECTION('center_axis',(-0.439732612032303,0.182143211721531,-0.879465224064609));
#5354=DIRECTION('ref_axis',(0.812519920068744,-0.336556770590782,-0.475963149477968));
#5355=DIRECTION('center_axis',(0.,0.,-1.));
#5356=DIRECTION('ref_axis',(0.707106781186546,-0.707106781186549,0.));
#5357=DIRECTION('center_axis',(0.707106781186554,0.707106781186541,0.));
#5358=DIRECTION('ref_axis',(0.,0.,-1.));
#5359=DIRECTION('center_axis',(0.,-1.,-8.88178419700125E-15));
#5360=DIRECTION('ref_axis',(1.,0.,0.));
#5361=DIRECTION('center_axis',(-0.707106781186548,-0.707106781186547,0.));
#5362=DIRECTION('ref_axis',(0.5,-0.5,-0.707106781186548));
#5363=DIRECTION('',(-0.707106781186548,-0.707106781186547,0.));
#5364=DIRECTION('center_axis',(0.439732612032303,-0.182143211721531,-0.879465224064609));
#5365=DIRECTION('ref_axis',(0.812519920068744,-0.336556770590782,0.475963149477968));
#5366=DIRECTION('center_axis',(0.,3.92523114670945E-16,1.));
#5367=DIRECTION('ref_axis',(1.,0.,0.));
#5368=DIRECTION('center_axis',(-8.88178419700124E-15,-1.,0.));
#5369=DIRECTION('ref_axis',(0.,0.,1.));
#5370=DIRECTION('center_axis',(-1.51272987187068E-16,1.,0.));
#5371=DIRECTION('ref_axis',(0.707106781186548,0.,0.707106781186547));
#5372=DIRECTION('',(-1.51272987187068E-16,1.,0.));
#5373=DIRECTION('center_axis',(0.,0.,-1.));
#5374=DIRECTION('ref_axis',(-1.,0.,0.));
#5375=DIRECTION('center_axis',(-0.707106781186548,0.707106781186548,0.));
#5376=DIRECTION('ref_axis',(0.707106781186548,0.707106781186548,0.));
#5377=DIRECTION('center_axis',(0.,0.,1.));
#5378=DIRECTION('ref_axis',(0.707106781186548,-0.707106781186548,0.));
#5379=DIRECTION('center_axis',(-0.941663177664661,0.2904000993404,-0.170112439679112));
#5380=DIRECTION('ref_axis',(0.336556770590775,0.812519920068746,-0.475963149477969));
#5381=DIRECTION('center_axis',(0.,0.,-1.));
#5382=DIRECTION('ref_axis',(0.707106781186548,0.707106781186548,0.));
#5383=DIRECTION('center_axis',(-0.707106781186548,0.707106781186548,0.));
#5384=DIRECTION('ref_axis',(0.,0.,-1.));
#5385=DIRECTION('center_axis',(1.,0.,0.));
#5386=DIRECTION('ref_axis',(0.,1.,0.));
#5387=DIRECTION('center_axis',(0.707106781186549,-0.707106781186546,0.));
#5388=DIRECTION('ref_axis',(0.5,0.5,-0.707106781186548));
#5389=DIRECTION('',(0.707106781186549,-0.707106781186546,0.));
#5390=DIRECTION('center_axis',(1.51272987187068E-16,-1.,0.));
#5391=DIRECTION('ref_axis',(0.707106781186548,0.,-0.707106781186547));
#5392=DIRECTION('',(1.51272987187068E-16,-1.,0.));
#5393=DIRECTION('center_axis',(0.,1.,0.));
#5394=DIRECTION('ref_axis',(1.,0.,0.));
#5395=DIRECTION('center_axis',(0.382683432365083,-0.92387953251129,0.));
#5396=DIRECTION('ref_axis',(0.923879532511289,0.382683432365083,0.));
#5397=DIRECTION('center_axis',(0.,0.,-1.));
#5398=DIRECTION('ref_axis',(-1.,0.,0.));
#5399=DIRECTION('center_axis',(-1.,0.,0.));
#5400=DIRECTION('ref_axis',(0.,1.,0.));
#5401=DIRECTION('center_axis',(0.,0.,1.));
#5402=DIRECTION('ref_axis',(-0.707106781186548,-0.707106781186547,0.));
#5403=DIRECTION('center_axis',(1.,0.,0.));
#5404=DIRECTION('ref_axis',(0.,0.707106781186548,-0.707106781186547));
#5405=DIRECTION('',(1.,0.,0.));
#5406=DIRECTION('center_axis',(0.,0.,-1.));
#5407=DIRECTION('ref_axis',(-1.,0.,0.));
#5408=DIRECTION('center_axis',(0.,0.,-1.));
#5409=DIRECTION('ref_axis',(-0.707106781186546,-0.707106781186549,0.));
#5410=DIRECTION('center_axis',(-0.707106781186546,0.707106781186549,0.));
#5411=DIRECTION('ref_axis',(0.,0.,1.));
#5412=DIRECTION('center_axis',(-0.941663177664661,0.2904000993404,0.170112439679112));
#5413=DIRECTION('ref_axis',(0.336556770590775,0.812519920068746,0.475963149477969));
#5414=DIRECTION('center_axis',(-3.92523114670945E-16,0.,1.));
#5415=DIRECTION('ref_axis',(0.,1.,0.));
#5416=DIRECTION('center_axis',(1.,0.,0.));
#5417=DIRECTION('ref_axis',(0.,0.,1.));
#5418=DIRECTION('center_axis',(-0.707106781186548,0.707106781186548,0.));
#5419=DIRECTION('ref_axis',(0.707106781186548,0.707106781186548,0.));
#5420=DIRECTION('center_axis',(-1.,0.,0.));
#5421=DIRECTION('ref_axis',(0.,0.707106781186548,0.707106781186547));
#5422=DIRECTION('center_axis',(1.,0.,0.));
#5423=DIRECTION('ref_axis',(0.,1.,0.));
#5424=DIRECTION('',(-1.,0.,0.));
#5425=DIRECTION('center_axis',(0.,0.,1.));
#5426=DIRECTION('ref_axis',(1.,0.,0.));
#5427=DIRECTION('center_axis',(0.,-1.,0.));
#5428=DIRECTION('ref_axis',(1.,0.,0.));
#5429=DIRECTION('center_axis',(0.,0.,-1.));
#5430=DIRECTION('ref_axis',(-0.707106781186548,-0.707106781186547,0.));
#5431=DIRECTION('center_axis',(-1.51272987187068E-16,1.,0.));
#5432=DIRECTION('ref_axis',(0.707106781186548,0.,0.707106781186547));
#5433=DIRECTION('',(-1.51272987187068E-16,1.,0.));
#5434=DIRECTION('center_axis',(-0.707106781186549,0.707106781186546,0.));
#5435=DIRECTION('ref_axis',(0.5,0.5,0.707106781186548));
#5436=DIRECTION('',(-0.707106781186549,0.707106781186546,0.));
#5437=DIRECTION('center_axis',(0.,0.,-1.));
#5438=DIRECTION('ref_axis',(0.382683432365089,0.923879532511287,0.));
#5439=DIRECTION('',(0.,0.,1.));
#5440=DIRECTION('',(0.,0.,-1.));
#5441=DIRECTION('center_axis',(0.,0.,-1.));
#5442=DIRECTION('ref_axis',(0.,-1.,0.));
#5443=DIRECTION('',(0.,0.,1.));
#5444=DIRECTION('',(0.,0.,-1.));
#5445=DIRECTION('center_axis',(0.707106781186548,-0.707106781186547,0.));
#5446=DIRECTION('ref_axis',(0.5,0.5,-0.707106781186548));
#5447=DIRECTION('center_axis',(0.,0.,-1.));
#5448=DIRECTION('ref_axis',(0.923879532511287,-0.382683432365089,0.));
#5449=DIRECTION('',(0.,0.,1.));
#5450=DIRECTION('',(0.,0.,-1.));
#5451=DIRECTION('center_axis',(1.51272987187068E-16,-1.,0.));
#5452=DIRECTION('ref_axis',(0.707106781186548,0.,-0.707106781186547));
#5453=DIRECTION('',(1.51272987187068E-16,-1.,0.));
#5454=DIRECTION('center_axis',(-0.707106781186547,0.707106781186548,0.));
#5455=DIRECTION('ref_axis',(0.707106781186548,0.707106781186547,0.));
#5456=DIRECTION('center_axis',(-1.,-1.51272987187068E-16,0.));
#5457=DIRECTION('ref_axis',(1.51272987187068E-16,-1.,0.));
#5458=DIRECTION('center_axis',(-0.707106781186546,-0.707106781186549,0.));
#5459=DIRECTION('ref_axis',(-0.707106781186549,0.707106781186546,0.));
#5460=DIRECTION('center_axis',(0.,0.,1.));
#5461=DIRECTION('ref_axis',(-0.707106781186547,-0.707106781186548,0.));
#5462=DIRECTION('',(0.,0.,1.));
#5463=DIRECTION('',(0.,0.,-1.));
#5464=DIRECTION('center_axis',(-1.,-1.51272987187068E-16,0.));
#5465=DIRECTION('ref_axis',(1.51272987187068E-16,-1.,0.));
#5466=DIRECTION('center_axis',(1.,0.,8.88178419700125E-16));
#5467=DIRECTION('ref_axis',(8.88178419700125E-16,1.63155728813627E-31,-1.));
#5468=DIRECTION('center_axis',(0.,0.,-1.));
#5469=DIRECTION('ref_axis',(-1.,0.,0.));
#5470=DIRECTION('',(0.,1.,0.));
#5471=DIRECTION('center_axis',(0.,-1.,0.));
#5472=DIRECTION('ref_axis',(-1.,-1.10218211923262E-16,0.));
#5473=DIRECTION('',(-0.707106781186555,0.70710678118654,-8.65956056235503E-17));
#5474=DIRECTION('center_axis',(-1.83697019872103E-16,1.,0.));
#5475=DIRECTION('ref_axis',(-1.,0.,0.));
#5476=DIRECTION('center_axis',(-1.83697019872103E-16,1.,0.));
#5477=DIRECTION('ref_axis',(-1.,0.,0.));
#5478=DIRECTION('center_axis',(0.,1.,0.));
#5479=DIRECTION('ref_axis',(1.,0.,0.));
#5480=DIRECTION('',(0.,1.,0.));
#5481=DIRECTION('center_axis',(-1.83697019872103E-16,1.,0.));
#5482=DIRECTION('ref_axis',(1.,1.83697019872103E-16,0.));
#5483=DIRECTION('center_axis',(0.707106781186548,0.707106781186547,0.));
#5484=DIRECTION('ref_axis',(0.707106781186547,-0.707106781186548,0.));
#5485=DIRECTION('center_axis',(-1.83697019872103E-16,1.,0.));
#5486=DIRECTION('ref_axis',(1.,1.83697019872103E-16,0.));
#5487=DIRECTION('center_axis',(0.,-1.,0.));
#5488=DIRECTION('ref_axis',(-1.,-2.08904703001053E-16,0.));
#5489=DIRECTION('',(-0.707106781186547,0.707106781186548,-8.65956056235493E-17));
#5490=DIRECTION('center_axis',(-1.83697019872103E-16,1.,0.));
#5491=DIRECTION('ref_axis',(-1.,-2.46716227694479E-16,0.));
#5492=DIRECTION('center_axis',(-1.83697019872103E-16,1.,0.));
#5493=DIRECTION('ref_axis',(-1.,-2.46716227694479E-16,0.));
#5494=DIRECTION('center_axis',(-2.46716227694479E-16,1.,0.));
#5495=DIRECTION('ref_axis',(1.,2.46716227694479E-16,0.));
#5496=DIRECTION('',(-2.46716227694479E-16,1.,0.));
#5497=DIRECTION('center_axis',(-1.83697019872103E-16,1.,0.));
#5498=DIRECTION('ref_axis',(1.,1.83697019872103E-16,0.));
#5499=DIRECTION('center_axis',(0.707106781186548,0.707106781186548,0.));
#5500=DIRECTION('ref_axis',(0.707106781186548,-0.707106781186547,0.));
#5501=DIRECTION('',(-1.49880108324396E-15,-1.,-8.65956056235492E-17));
#5502=DIRECTION('center_axis',(-0.707106781186547,-0.707106781186548,0.));
#5503=DIRECTION('ref_axis',(0.707106781186548,-0.707106781186547,0.));
#5504=DIRECTION('center_axis',(-0.707106781186547,-0.707106781186548,0.));
#5505=DIRECTION('ref_axis',(0.707106781186548,-0.707106781186547,0.));
#5506=DIRECTION('center_axis',(-0.707106781186547,-0.707106781186548,0.));
#5507=DIRECTION('ref_axis',(-0.707106781186548,0.707106781186547,0.));
#5508=DIRECTION('',(-0.707106781186547,-0.707106781186548,0.));
#5509=DIRECTION('center_axis',(-0.707106781186547,-0.707106781186548,0.));
#5510=DIRECTION('ref_axis',(-0.707106781186548,0.707106781186547,0.));
#5511=DIRECTION('center_axis',(0.707106781186548,-0.707106781186547,0.));
#5512=DIRECTION('ref_axis',(-0.707106781186547,-0.707106781186548,0.));
#5513=DIRECTION('center_axis',(0.707106781186547,0.707106781186548,0.));
#5514=DIRECTION('ref_axis',(0.,0.,-1.));
#5515=DIRECTION('center_axis',(0.707106781186547,0.707106781186548,0.));
#5516=DIRECTION('ref_axis',(0.,0.,-1.));
#5517=DIRECTION('center_axis',(-0.707106781186548,-0.707106781186547,0.));
#5518=DIRECTION('ref_axis',(0.,0.,1.));
#5519=DIRECTION('',(0.,0.,1.));
#5520=DIRECTION('center_axis',(0.,-1.,0.));
#5521=DIRECTION('ref_axis',(1.,0.,0.));
#5522=DIRECTION('center_axis',(1.83697019872103E-16,-1.,0.));
#5523=DIRECTION('ref_axis',(0.,0.,-1.));
#5524=DIRECTION('center_axis',(1.83697019872103E-16,-1.,0.));
#5525=DIRECTION('ref_axis',(0.,0.,-1.));
#5526=DIRECTION('center_axis',(1.,0.,8.88178419700125E-16));
#5527=DIRECTION('ref_axis',(8.88178419700125E-16,1.63155728813627E-31,-1.));
#5528=DIRECTION('center_axis',(6.66133814775094E-16,1.4791141972894E-31,
-1.));
#5529=DIRECTION('ref_axis',(-1.,-1.83697019872103E-16,-6.66133814775094E-16));
#5530=CARTESIAN_POINT('',(0.,0.,0.));
#5531=CARTESIAN_POINT('Ctrl Pts',(12.2932025093029,81.1738338854178,3.6550591931232));
#5532=CARTESIAN_POINT('Ctrl Pts',(12.293202509303,81.1738338854177,3.52401837985282));
#5533=CARTESIAN_POINT('Ctrl Pts',(12.2655581733517,81.1892396931331,3.25945097758318));
#5534=CARTESIAN_POINT('Ctrl Pts',(12.162072340811,81.243364824838,2.93986353243017));
#5535=CARTESIAN_POINT('Ctrl Pts',(12.0374173837944,81.3018451384569,2.69784444743892));
#5536=CARTESIAN_POINT('Ctrl Pts',(11.8803855195879,81.3689860465097,2.46437465866335));
#5537=CARTESIAN_POINT('Ctrl Pts',(11.6789736111322,81.4430055211887,2.25465627370006));
#5538=CARTESIAN_POINT('Ctrl Pts',(11.4143129198585,81.5149395347954,2.08251299589575));
#5539=CARTESIAN_POINT('Ctrl Pts',(11.2606592426618,81.5463884808059,2.02040615761608));
#5540=CARTESIAN_POINT('Ctrl Pts',(11.1760478777739,81.5603805891447,2.0006739751307));
#5541=CARTESIAN_POINT('Ctrl Pts',(11.1745744254817,81.5606231976323,2.00033518555019));
#5542=CARTESIAN_POINT('Ctrl Pts',(11.1730991492219,81.5608651711351,2.));
#5543=CARTESIAN_POINT('Ctrl Pts',(12.1238873059755,81.2669489897844,3.65505919312308));
#5544=CARTESIAN_POINT('Ctrl Pts',(12.1273458520358,81.2649665134455,3.53541502025849));
#5545=CARTESIAN_POINT('Ctrl Pts',(12.1095498160985,81.2730756151463,3.29233965950733));
#5546=CARTESIAN_POINT('Ctrl Pts',(12.0249488996206,81.3109158327071,2.9922669333632));
#5547=CARTESIAN_POINT('Ctrl Pts',(11.9198326445274,81.3541930933255,2.76050460379854));
#5548=CARTESIAN_POINT('Ctrl Pts',(11.7858211257228,81.4051025244404,2.53235694888488));
#5549=CARTESIAN_POINT('Ctrl Pts',(11.6129235227848,81.4630094513364,2.32219774071588));
#5550=CARTESIAN_POINT('Ctrl Pts',(11.3838438612804,81.5214246860052,2.13074320500415));
#5551=CARTESIAN_POINT('Ctrl Pts',(11.2515342372193,81.5479012402862,2.04943674777156));
#5552=CARTESIAN_POINT('Ctrl Pts',(11.1757470499164,81.5604302083781,2.00167365094151));
#5553=CARTESIAN_POINT('Ctrl Pts',(11.1744246798431,81.5606477587791,2.00083796401247));
#5554=CARTESIAN_POINT('Ctrl Pts',(11.1730991492219,81.5608651711351,2.));
#5555=CARTESIAN_POINT('Ctrl Pts',(11.7237293046501,81.3397506547093,3.65505919312282));
#5556=CARTESIAN_POINT('Ctrl Pts',(11.7367290575819,81.3389006526406,3.55812041021432));
#5557=CARTESIAN_POINT('Ctrl Pts',(11.7459260187379,81.3435201950721,3.35791593883715));
#5558=CARTESIAN_POINT('Ctrl Pts',(11.7120587501252,81.367153991919,3.09688325176831));
#5559=CARTESIAN_POINT('Ctrl Pts',(11.6567931922963,81.3962939581639,2.88568892335906));
#5560=CARTESIAN_POINT('Ctrl Pts',(11.5794679164379,81.4321372344119,2.66825143780843));
#5561=CARTESIAN_POINT('Ctrl Pts',(11.4727731216502,81.4763054891388,2.45726374785854));
#5562=CARTESIAN_POINT('Ctrl Pts',(11.3210337409357,81.5252304979646,2.22720427557593));
#5563=CARTESIAN_POINT('Ctrl Pts',(11.2332347961762,81.5506095008136,2.10749797875833));
#5564=CARTESIAN_POINT('Ctrl Pts',(11.1751449392623,81.5605269003069,2.00367300198287));
#5565=CARTESIAN_POINT('Ctrl Pts',(11.1741251885658,81.5606968810726,2.00184352093702));
#5566=CARTESIAN_POINT('Ctrl Pts',(11.1730991492219,81.5608651711351,2.));
#5567=CARTESIAN_POINT('Ctrl Pts',(11.3597437200533,81.1582540909778,3.65505919312267));
#5568=CARTESIAN_POINT('Ctrl Pts',(11.3774503632629,81.1686238960839,3.57182435198041));
#5569=CARTESIAN_POINT('Ctrl Pts',(11.4031394926144,81.197007892721,3.39983915459351));
#5570=CARTESIAN_POINT('Ctrl Pts',(11.4081571157352,81.2500180153263,3.17180736604359));
#5571=CARTESIAN_POINT('Ctrl Pts',(11.3956523030936,81.3032506424917,2.98316755410434));
#5572=CARTESIAN_POINT('Ctrl Pts',(11.3697696083046,81.3634090934691,2.78221613595441));
#5573=CARTESIAN_POINT('Ctrl Pts',(11.3277843534582,81.4344770929242,2.58035169570804));
#5574=CARTESIAN_POINT('Ctrl Pts',(11.2554560059364,81.5099106103888,2.3211387163923));
#5575=CARTESIAN_POINT('Ctrl Pts',(11.2148250166898,81.5526148234172,2.16555686714449));
#5576=CARTESIAN_POINT('Ctrl Pts',(11.1745420678832,81.5606192732294,2.00567232518762));
#5577=CARTESIAN_POINT('Ctrl Pts',(11.1738256972886,81.560746003366,2.00284907786156));
#5578=CARTESIAN_POINT('Ctrl Pts',(11.1730991492219,81.5608651711351,2.));
#5579=CARTESIAN_POINT('Ctrl Pts',(11.2231090598478,81.0216194307722,3.65505919312263));
#5580=CARTESIAN_POINT('Ctrl Pts',(11.23994983783,81.0384602087543,3.57495432621957));
#5581=CARTESIAN_POINT('Ctrl Pts',(11.2662142993124,81.0815562966274,3.41081928050903));
#5582=CARTESIAN_POINT('Ctrl Pts',(11.2792358270317,81.1562001543667,3.19622079058873));
#5583=CARTESIAN_POINT('Ctrl Pts',(11.2796605909692,81.2282266733124,3.01937497586578));
#5584=CARTESIAN_POINT('Ctrl Pts',(11.2718090589736,81.3080216390968,2.82894450245822));
#5585=CARTESIAN_POINT('Ctrl Pts',(11.2569091721399,81.4008091943346,2.63608977594698));
#5586=CARTESIAN_POINT('Ctrl Pts',(11.2221782749931,81.4976792486011,2.36684298857228));
#5587=CARTESIAN_POINT('Ctrl Pts',(11.205585092893,81.5534569868413,2.1945852784415));
#5588=CARTESIAN_POINT('Ctrl Pts',(11.1742405313286,81.5606642068303,2.00667197133794));
#5589=CARTESIAN_POINT('Ctrl Pts',(11.1736759516499,81.5607705645128,2.00335185632384));
#5590=CARTESIAN_POINT('Ctrl Pts',(11.1730991492219,81.5608651711351,2.));
#5591=CARTESIAN_POINT('',(12.2932025093029,81.1738338854178,3.6550591931232));
#5592=CARTESIAN_POINT('',(11.1730991492219,81.5608651711351,2.));
#5593=CARTESIAN_POINT('Ctrl Pts',(12.2932025093029,81.1738338854178,3.6550591931232));
#5594=CARTESIAN_POINT('Ctrl Pts',(12.293202509303,81.1738338854177,3.52401837985282));
#5595=CARTESIAN_POINT('Ctrl Pts',(12.2655581733517,81.1892396931331,3.25945097758318));
#5596=CARTESIAN_POINT('Ctrl Pts',(12.162072340811,81.243364824838,2.93986353243017));
#5597=CARTESIAN_POINT('Ctrl Pts',(12.0374173837944,81.3018451384569,2.69784444743892));
#5598=CARTESIAN_POINT('Ctrl Pts',(11.8803855195879,81.3689860465097,2.46437465866335));
#5599=CARTESIAN_POINT('Ctrl Pts',(11.6789736111322,81.4430055211887,2.25465627370006));
#5600=CARTESIAN_POINT('Ctrl Pts',(11.4143129198585,81.5149395347954,2.08251299589575));
#5601=CARTESIAN_POINT('Ctrl Pts',(11.2606592426618,81.5463884808059,2.02040615761608));
#5602=CARTESIAN_POINT('Ctrl Pts',(11.1760478777739,81.5603805891447,2.0006739751307));
#5603=CARTESIAN_POINT('Ctrl Pts',(11.1745744254817,81.5606231976323,2.00033518555019));
#5604=CARTESIAN_POINT('Ctrl Pts',(11.1730991492219,81.5608651711351,2.));
#5605=CARTESIAN_POINT('',(11.2231090598474,81.0216194307718,3.65505919312249));
#5606=CARTESIAN_POINT('Ctrl Pts',(11.1730991492219,81.5608651711351,2.));
#5607=CARTESIAN_POINT('Ctrl Pts',(11.1736759516499,81.5607705645128,2.00335185632384));
#5608=CARTESIAN_POINT('Ctrl Pts',(11.1742405313286,81.5606642068303,2.00667197133794));
#5609=CARTESIAN_POINT('Ctrl Pts',(11.205585092893,81.5534569868413,2.1945852784415));
#5610=CARTESIAN_POINT('Ctrl Pts',(11.2221782749931,81.4976792486011,2.36684298857228));
#5611=CARTESIAN_POINT('Ctrl Pts',(11.2569091721399,81.4008091943346,2.63608977594698));
#5612=CARTESIAN_POINT('Ctrl Pts',(11.2718090589736,81.3080216390968,2.82894450245822));
#5613=CARTESIAN_POINT('Ctrl Pts',(11.2796605909692,81.2282266733124,3.01937497586578));
#5614=CARTESIAN_POINT('Ctrl Pts',(11.2792358270317,81.1562001543667,3.19622079058873));
#5615=CARTESIAN_POINT('Ctrl Pts',(11.2662142993124,81.0815562966274,3.41081928050903));
#5616=CARTESIAN_POINT('Ctrl Pts',(11.23994983783,81.0384602087543,3.57495432621957));
#5617=CARTESIAN_POINT('Ctrl Pts',(11.2231090598478,81.0216194307722,3.65505919312263));
#5618=CARTESIAN_POINT('Origin',(11.8595051629159,80.3852233277045,3.6550591931232));
#5619=CARTESIAN_POINT('Origin',(11.8595051629159,80.3852233277045,0.));
#5620=CARTESIAN_POINT('',(11.223109059848,81.0216194307724,4.));
#5621=CARTESIAN_POINT('',(12.2932025093028,81.1738338854178,4.));
#5622=CARTESIAN_POINT('Origin',(11.8595051629159,80.3852233277045,4.));
#5623=CARTESIAN_POINT('',(12.2932025093028,81.1738338854178,0.));
#5624=CARTESIAN_POINT('',(11.223109059848,81.0216194307724,3.99680288865053E-16));
#5625=CARTESIAN_POINT('Ctrl Pts',(12.4139849413854,81.1042414148733,4.1));
#5626=CARTESIAN_POINT('Ctrl Pts',(12.3876659287298,81.120112268837,4.09999999999999));
#5627=CARTESIAN_POINT('Ctrl Pts',(12.3434828414881,81.1458549518579,4.08734138342253));
#5628=CARTESIAN_POINT('Ctrl Pts',(12.3019764636625,81.1690238544318,4.04559528810904));
#5629=CARTESIAN_POINT('Ctrl Pts',(12.2932025093028,81.1738338854178,4.01522061278687));
#5630=CARTESIAN_POINT('Ctrl Pts',(12.2932025093028,81.1738338854178,4.));
#5631=CARTESIAN_POINT('Ctrl Pts',(12.4139849413853,81.1042414148734,4.36927937030768));
#5632=CARTESIAN_POINT('Ctrl Pts',(12.3376297346861,81.1498455687949,4.35994896158251));
#5633=CARTESIAN_POINT('Ctrl Pts',(12.2201916740505,81.2168794309018,4.2995411921333));
#5634=CARTESIAN_POINT('Ctrl Pts',(12.1196888075012,81.2694890162895,4.15037521496953));
#5635=CARTESIAN_POINT('Ctrl Pts',(12.0996994197859,81.280251147551,4.05028986778063));
#5636=CARTESIAN_POINT('Ctrl Pts',(12.0996994197859,81.280251147551,4.));
#5637=CARTESIAN_POINT('Ctrl Pts',(12.2972114812801,80.9105932229503,4.83534111563382));
#5638=CARTESIAN_POINT('Ctrl Pts',(12.1456493229919,81.0210911996814,4.81115827787626));
#5639=CARTESIAN_POINT('Ctrl Pts',(11.9167579726489,81.1822763274208,4.66812593552554));
#5640=CARTESIAN_POINT('Ctrl Pts',(11.7287154437819,81.3099411747766,4.33348011365845));
#5641=CARTESIAN_POINT('Ctrl Pts',(11.6909563179256,81.3349949897024,4.11114619994459));
#5642=CARTESIAN_POINT('Ctrl Pts',(11.6909563179256,81.3349949897024,4.));
#5643=CARTESIAN_POINT('Ctrl Pts',(12.0535201873952,80.5064741842086,4.99999999999998));
#5644=CARTESIAN_POINT('Ctrl Pts',(11.8877976988518,80.6545125755379,4.98913943812888));
#5645=CARTESIAN_POINT('Ctrl Pts',(11.6229249343417,80.8895075832168,4.84574881954486));
#5646=CARTESIAN_POINT('Ctrl Pts',(11.3885454793847,81.0963235532579,4.43408654783162));
#5647=CARTESIAN_POINT('Ctrl Pts',(11.3402244828813,81.1387348538057,4.14493582566735));
#5648=CARTESIAN_POINT('Ctrl Pts',(11.3402244828813,81.1387348538057,4.));
#5649=CARTESIAN_POINT('Ctrl Pts',(11.9492292553197,80.3335260638717,5.00000000000001));
#5650=CARTESIAN_POINT('Ctrl Pts',(11.7886432917911,80.4863505380864,4.9999999999999));
#5651=CARTESIAN_POINT('Ctrl Pts',(11.5220697092478,80.7392255346371,4.87341383422524));
#5652=CARTESIAN_POINT('Ctrl Pts',(11.2750361769564,80.9726369424558,4.45595288109042));
#5653=CARTESIAN_POINT('Ctrl Pts',(11.223109059848,81.0216194307724,4.15220612786865));
#5654=CARTESIAN_POINT('Ctrl Pts',(11.223109059848,81.0216194307724,4.));
#5655=CARTESIAN_POINT('',(11.9492292553199,80.3335260638715,5.));
#5656=CARTESIAN_POINT('Ctrl Pts',(11.223109059848,81.0216194307724,4.));
#5657=CARTESIAN_POINT('Ctrl Pts',(11.223109059848,81.0216194307724,4.15220612786865));
#5658=CARTESIAN_POINT('Ctrl Pts',(11.2750361769564,80.9726369424558,4.45595288109042));
#5659=CARTESIAN_POINT('Ctrl Pts',(11.5220697092478,80.7392255346371,4.87341383422524));
#5660=CARTESIAN_POINT('Ctrl Pts',(11.7886432917911,80.4863505380864,4.9999999999999));
#5661=CARTESIAN_POINT('Ctrl Pts',(11.9492292553197,80.3335260638717,5.00000000000001));
#5662=CARTESIAN_POINT('',(12.4139849413854,81.1042414148733,4.1));
#5663=CARTESIAN_POINT('Origin',(11.94922925532,80.3335260638714,4.1));
#5664=CARTESIAN_POINT('Ctrl Pts',(12.4139849413854,81.1042414148733,4.1));
#5665=CARTESIAN_POINT('Ctrl Pts',(12.3876659287298,81.120112268837,4.09999999999999));
#5666=CARTESIAN_POINT('Ctrl Pts',(12.3434828414881,81.1458549518579,4.08734138342253));
#5667=CARTESIAN_POINT('Ctrl Pts',(12.3019764636625,81.1690238544318,4.04559528810904));
#5668=CARTESIAN_POINT('Ctrl Pts',(12.2932025093028,81.1738338854178,4.01522061278687));
#5669=CARTESIAN_POINT('Ctrl Pts',(12.2932025093028,81.1738338854178,4.));
#5670=CARTESIAN_POINT('Origin',(10.6066017177979,78.107015049866,4.09999999999999));
#5671=CARTESIAN_POINT('',(12.4450793488829,79.9454926809511,5.));
#5672=CARTESIAN_POINT('',(13.0814754519508,80.581888784019,4.09999999999999));
#5673=CARTESIAN_POINT('Origin',(12.4450793488829,79.9454926809511,4.09999999999999));
#5674=CARTESIAN_POINT('Origin',(10.6066017177979,78.107015049866,4.09999999999999));
#5675=CARTESIAN_POINT('Origin',(10.6066017177979,78.107015049866,5.));
#5676=CARTESIAN_POINT('Origin',(48.6259655752456,43.7646064545884,4.09999999999996));
#5677=CARTESIAN_POINT('',(17.6599918601337,74.7305801697003,4.99999999999999));
#5678=CARTESIAN_POINT('',(18.2963879632016,75.3669762727682,4.09999999999999));
#5679=CARTESIAN_POINT('Origin',(17.6599918601337,74.7305801697003,4.09999999999999));
#5680=CARTESIAN_POINT('',(49.2623616783135,44.4010025576563,4.09999999999996));
#5681=CARTESIAN_POINT('',(48.6259655752456,43.7646064545884,4.99999999999996));
#5682=CARTESIAN_POINT('Ctrl Pts',(18.3670986413203,75.2962655946495,4.));
#5683=CARTESIAN_POINT('Ctrl Pts',(18.3670986413203,75.2962655946495,4.09999999999999));
#5684=CARTESIAN_POINT('Ctrl Pts',(18.2963879632016,75.3669762727682,4.09999999999999));
#5685=CARTESIAN_POINT('Ctrl Pts',(19.0034947443881,74.6598694915816,4.));
#5686=CARTESIAN_POINT('Ctrl Pts',(19.0034947443882,74.6598694915816,5.00000000000002));
#5687=CARTESIAN_POINT('Ctrl Pts',(18.2963879632016,75.3669762727682,5.));
#5688=CARTESIAN_POINT('Ctrl Pts',(18.3670986413203,74.0234733885137,4.));
#5689=CARTESIAN_POINT('Ctrl Pts',(18.3670986413203,74.0234733885137,5.00000000000002));
#5690=CARTESIAN_POINT('Ctrl Pts',(17.6599918601337,74.7305801697003,5.));
#5691=CARTESIAN_POINT('',(18.3670986413203,74.0234733885137,4.));
#5692=CARTESIAN_POINT('',(18.3670986413203,75.2962655946495,4.));
#5693=CARTESIAN_POINT('Origin',(17.7307025382524,74.6598694915816,4.));
#5694=CARTESIAN_POINT('Origin',(18.2963879632016,75.3669762727682,4.));
#5695=CARTESIAN_POINT('Origin',(17.6599918601337,74.7305801697003,4.));
#5696=CARTESIAN_POINT('Origin',(17.7307025382524,74.6598694915816,-2.5));
#5697=CARTESIAN_POINT('',(18.3670986413203,74.0234733885137,3.75));
#5698=CARTESIAN_POINT('',(18.3670986413203,75.2962655946495,3.75));
#5699=CARTESIAN_POINT('Origin',(17.7307025382524,74.6598694915816,3.75));
#5700=CARTESIAN_POINT('',(18.3670986413203,75.2962655946495,-2.5));
#5701=CARTESIAN_POINT('',(18.3670986413203,74.0234733885137,-2.5));
#5702=CARTESIAN_POINT('Origin',(18.8974287272102,73.4931433026238,3.75));
#5703=CARTESIAN_POINT('',(18.8974287272102,73.4931433026238,3.));
#5704=CARTESIAN_POINT('',(19.5338248302781,74.1295394056917,2.1));
#5705=CARTESIAN_POINT('Origin',(18.8974287272102,73.4931433026238,2.1));
#5706=CARTESIAN_POINT('Origin',(19.5338248302781,74.1295394056917,3.75));
#5707=CARTESIAN_POINT('Origin',(18.8974287272102,73.4931433026238,3.75));
#5708=CARTESIAN_POINT('Origin',(62.9820010002855,29.4085710295485,2.1));
#5709=CARTESIAN_POINT('',(69.9576093966908,22.4329626331432,3.));
#5710=CARTESIAN_POINT('',(70.5940054997587,23.0693587362111,2.1));
#5711=CARTESIAN_POINT('Origin',(69.9576093966908,22.4329626331432,2.1));
#5712=CARTESIAN_POINT('',(63.6183971033534,30.0449671326164,2.1));
#5713=CARTESIAN_POINT('',(62.9820010002855,29.4085710295485,3.));
#5714=CARTESIAN_POINT('Origin',(69.9576093966908,22.4329626331432,3.75));
#5715=CARTESIAN_POINT('',(70.4879394825807,21.9026325472533,3.75));
#5716=CARTESIAN_POINT('',(71.7607316887165,21.9026325472533,3.75));
#5717=CARTESIAN_POINT('Origin',(71.1243355856486,21.2662364441854,3.75));
#5718=CARTESIAN_POINT('Origin',(70.5940054997587,23.0693587362111,3.75));
#5719=CARTESIAN_POINT('Origin',(69.9576093966908,22.4329626331432,3.75));
#5720=CARTESIAN_POINT('Origin',(71.1243355856486,21.2662364441854,2.49999999999999));
#5721=CARTESIAN_POINT('',(70.4879394825807,21.9026325472533,4.));
#5722=CARTESIAN_POINT('',(71.7607316887165,21.9026325472533,4.));
#5723=CARTESIAN_POINT('Origin',(71.1243355856486,21.2662364441854,4.));
#5724=CARTESIAN_POINT('',(71.7607316887165,21.9026325472533,2.49999999999999));
#5725=CARTESIAN_POINT('',(70.4879394825807,21.9026325472533,2.49999999999999));
#5726=CARTESIAN_POINT('Ctrl Pts',(71.8314423668351,21.8319218691347,4.1));
#5727=CARTESIAN_POINT('Ctrl Pts',(71.7607316887165,21.9026325472533,4.1));
#5728=CARTESIAN_POINT('Ctrl Pts',(71.7607316887165,21.9026325472533,4.));
#5729=CARTESIAN_POINT('Ctrl Pts',(71.8314423668351,21.8319218691347,5.00000000000002));
#5730=CARTESIAN_POINT('Ctrl Pts',(71.1243355856486,22.5390286503212,5.00000000000002));
#5731=CARTESIAN_POINT('Ctrl Pts',(71.1243355856486,22.5390286503212,4.));
#5732=CARTESIAN_POINT('Ctrl Pts',(71.1950462637672,21.1955257660668,5.));
#5733=CARTESIAN_POINT('Ctrl Pts',(70.4879394825807,21.9026325472533,5.));
#5734=CARTESIAN_POINT('Ctrl Pts',(70.4879394825807,21.9026325472533,4.));
#5735=CARTESIAN_POINT('',(71.1950462637672,21.1955257660668,5.));
#5736=CARTESIAN_POINT('',(71.8314423668351,21.8319218691347,4.1));
#5737=CARTESIAN_POINT('Origin',(71.1950462637672,21.1955257660668,4.1));
#5738=CARTESIAN_POINT('Origin',(71.8314423668351,21.8319218691347,4.));
#5739=CARTESIAN_POINT('Origin',(71.1950462637672,21.1955257660668,4.));
#5740=CARTESIAN_POINT('Origin',(78.4381333680701,13.952438661764,4.1));
#5741=CARTESIAN_POINT('',(76.409958775018,15.980613254816,5.));
#5742=CARTESIAN_POINT('',(77.0463548780859,16.6170093578839,4.1));
#5743=CARTESIAN_POINT('Origin',(76.409958775018,15.980613254816,4.1));
#5744=CARTESIAN_POINT('',(79.074529471138,14.5888347648319,4.1));
#5745=CARTESIAN_POINT('',(78.4381333680701,13.952438661764,5.));
#5746=CARTESIAN_POINT('Origin',(74.571481143933,14.142135623731,4.1));
#5747=CARTESIAN_POINT('',(76.7979921579384,15.4847631612531,5.));
#5748=CARTESIAN_POINT('',(77.5687075089402,15.9495188473185,4.1));
#5749=CARTESIAN_POINT('Origin',(76.7979921579384,15.4847631612531,4.1));
#5750=CARTESIAN_POINT('Origin',(74.571481143933,14.142135623731,4.1));
#5751=CARTESIAN_POINT('Origin',(74.571481143933,14.142135623731,5.));
#5752=CARTESIAN_POINT('Ctrl Pts',(77.6382999794848,15.8287364152359,4.));
#5753=CARTESIAN_POINT('Ctrl Pts',(77.6382999794848,15.8287364152359,4.02283061152573));
#5754=CARTESIAN_POINT('Ctrl Pts',(77.6254438783763,15.8524497401641,4.0758197422522));
#5755=CARTESIAN_POINT('Ctrl Pts',(77.5898683624048,15.9144273033215,4.1));
#5756=CARTESIAN_POINT('Ctrl Pts',(77.5687075089402,15.9495188473185,4.1));
#5757=CARTESIAN_POINT('Ctrl Pts',(77.744717241618,15.6352333257189,4.));
#5758=CARTESIAN_POINT('Ctrl Pts',(77.744717241618,15.6352333257189,4.07543378516077));
#5759=CARTESIAN_POINT('Ctrl Pts',(77.717702982233,15.6885305451457,4.25066986228626));
#5760=CARTESIAN_POINT('Ctrl Pts',(77.6295122281265,15.8477132769369,4.35683899298153));
#5761=CARTESIAN_POINT('Ctrl Pts',(77.5687075089402,15.9495188473185,4.3692793703077));
#5762=CARTESIAN_POINT('Ctrl Pts',(77.7994610837693,15.2264902238586,4.));
#5763=CARTESIAN_POINT('Ctrl Pts',(77.7994610837693,15.2264902238586,4.16671705331636));
#5764=CARTESIAN_POINT('Ctrl Pts',(77.7349610446825,15.324452215218,4.55538663957166));
#5765=CARTESIAN_POINT('Ctrl Pts',(77.5223879673268,15.630665232633,4.80309776645343));
#5766=CARTESIAN_POINT('Ctrl Pts',(77.3750593170171,15.8327453872134,4.83534111563386));
#5767=CARTESIAN_POINT('Ctrl Pts',(77.6032009478727,14.8757583888143,4.));
#5768=CARTESIAN_POINT('Ctrl Pts',(77.6032009478727,14.8757583888143,4.21740080891008));
#5769=CARTESIAN_POINT('Ctrl Pts',(77.4903288583879,15.0043204904056,4.72265983014923));
#5770=CARTESIAN_POINT('Ctrl Pts',(77.1683221402226,15.3680937528283,4.98551944597179));
#5771=CARTESIAN_POINT('Ctrl Pts',(76.9709402782753,15.5890540933286,5.));
#5772=CARTESIAN_POINT('Ctrl Pts',(77.4860855248393,14.758642965781,4.));
#5773=CARTESIAN_POINT('Ctrl Pts',(77.4860855248393,14.758642965781,4.22830611525724));
#5774=CARTESIAN_POINT('Ctrl Pts',(77.354288911265,14.8985049456215,4.75819742252196));
#5775=CARTESIAN_POINT('Ctrl Pts',(77.0017553777406,15.270651428484,4.99999999999999));
#5776=CARTESIAN_POINT('Ctrl Pts',(76.7979921579384,15.4847631612531,5.));
#5777=CARTESIAN_POINT('',(77.4860855248393,14.758642965781,4.));
#5778=CARTESIAN_POINT('Ctrl Pts',(76.7979921579384,15.4847631612531,5.));
#5779=CARTESIAN_POINT('Ctrl Pts',(77.0017553777406,15.270651428484,4.99999999999999));
#5780=CARTESIAN_POINT('Ctrl Pts',(77.354288911265,14.8985049456215,4.75819742252196));
#5781=CARTESIAN_POINT('Ctrl Pts',(77.4860855248393,14.758642965781,4.22830611525724));
#5782=CARTESIAN_POINT('Ctrl Pts',(77.4860855248393,14.758642965781,4.));
#5783=CARTESIAN_POINT('',(77.6382999794848,15.8287364152359,4.));
#5784=CARTESIAN_POINT('Origin',(76.8496894217714,15.3950390688489,4.));
#5785=CARTESIAN_POINT('Ctrl Pts',(77.6382999794848,15.8287364152359,4.));
#5786=CARTESIAN_POINT('Ctrl Pts',(77.6382999794848,15.8287364152359,4.02283061152573));
#5787=CARTESIAN_POINT('Ctrl Pts',(77.6254438783763,15.8524497401641,4.0758197422522));
#5788=CARTESIAN_POINT('Ctrl Pts',(77.5898683624048,15.9144273033215,4.1));
#5789=CARTESIAN_POINT('Ctrl Pts',(77.5687075089402,15.9495188473185,4.1));
#5790=CARTESIAN_POINT('Origin',(76.8496894217714,15.3950390688489,0.));
#5791=CARTESIAN_POINT('',(77.4860855257318,14.7586429666734,2.87776369698175));
#5792=CARTESIAN_POINT('',(77.6382999794848,15.8287364152359,2.));
#5793=CARTESIAN_POINT('Ctrl Pts',(77.6382999794848,15.8287364152359,2.));
#5794=CARTESIAN_POINT('Ctrl Pts',(77.6389500050217,15.8275544458152,2.00122551197806));
#5795=CARTESIAN_POINT('Ctrl Pts',(77.6395973733371,15.8263710148585,2.00245102410901));
#5796=CARTESIAN_POINT('Ctrl Pts',(77.6778233972677,15.7561167054628,2.07511403719864));
#5797=CARTESIAN_POINT('Ctrl Pts',(77.7063743737864,15.6820828132398,2.14656608345453));
#5798=CARTESIAN_POINT('Ctrl Pts',(77.7433461335765,15.5278811488783,2.28749834256387));
#5799=CARTESIAN_POINT('Ctrl Pts',(77.7518372012016,15.4476515144163,2.35705445892481));
#5800=CARTESIAN_POINT('Ctrl Pts',(77.7454124886301,15.2471485296466,2.52349273694285));
#5801=CARTESIAN_POINT('Ctrl Pts',(77.7178337956722,15.1251509047449,2.61846551155453));
#5802=CARTESIAN_POINT('Ctrl Pts',(77.6204575514827,14.9200356980684,2.76905412723551));
#5803=CARTESIAN_POINT('Ctrl Pts',(77.5618865041936,14.8344439451353,2.82872430925217));
#5804=CARTESIAN_POINT('Ctrl Pts',(77.4860855248393,14.758642965781,2.87776369813648));
#5805=CARTESIAN_POINT('',(77.6382999794848,15.8287364152359,0.));
#5806=CARTESIAN_POINT('',(77.4860855248393,14.758642965781,0.));
#5807=CARTESIAN_POINT('Origin',(78.1954033975141,15.4679608384557,-5.00000000000002));
#5808=CARTESIAN_POINT('',(73.8114452590391,11.0840026999808,4.));
#5809=CARTESIAN_POINT('',(70.6776364445477,7.95019388548937,4.));
#5810=CARTESIAN_POINT('',(73.8114452590391,11.0840026999808,3.));
#5811=CARTESIAN_POINT('',(73.8114452590391,11.0840026999808,-5.));
#5812=CARTESIAN_POINT('',(77.0639162421239,14.3364736830656,3.));
#5813=CARTESIAN_POINT('',(75.9856947063061,13.2582521472478,3.));
#5814=CARTESIAN_POINT('Ctrl Pts',(77.063916242124,14.3364736830656,3.));
#5815=CARTESIAN_POINT('Ctrl Pts',(77.1815882745689,14.4541457155106,3.));
#5816=CARTESIAN_POINT('Ctrl Pts',(77.3210791278115,14.5936365687532,2.9689658169738));
#5817=CARTESIAN_POINT('Ctrl Pts',(77.4491532127555,14.7217106536972,2.90052575098978));
#5818=CARTESIAN_POINT('Ctrl Pts',(77.4675840466759,14.7401414876175,2.88973321612335));
#5819=CARTESIAN_POINT('Ctrl Pts',(77.4860855258862,14.7586429668279,2.8777636974592));
#5820=CARTESIAN_POINT('Origin',(69.9705296633612,8.65730066667592,4.));
#5821=CARTESIAN_POINT('',(73.1043384778526,11.7911094811673,5.));
#5822=CARTESIAN_POINT('',(69.9705296633612,8.65730066667592,5.));
#5823=CARTESIAN_POINT('Origin',(73.1043384778526,11.7911094811673,4.));
#5824=CARTESIAN_POINT('Origin',(63.5922964241043,1.16817153399314E-14,5.));
#5825=CARTESIAN_POINT('',(65.4674813361562,15.4679608384558,5.));
#5826=CARTESIAN_POINT('',(64.3136754138688,14.3141549161683,5.));
#5827=CARTESIAN_POINT('',(68.5212286122388,12.4142135623731,5.));
#5828=CARTESIAN_POINT('',(70.2798888801303,10.6555532944817,5.));
#5829=CARTESIAN_POINT('',(67.1070150498658,9.00000000000001,5.));
#5830=CARTESIAN_POINT('Origin',(67.1070150498658,11.,5.));
#5831=CARTESIAN_POINT('',(64.5922964241043,9.00000000000001,5.));
#5832=CARTESIAN_POINT('',(66.0922964241043,9.00000000000001,5.));
#5833=CARTESIAN_POINT('',(64.5922964241043,1.18654123598035E-14,5.));
#5834=CARTESIAN_POINT('',(64.5922964241043,1.16817153399314E-14,5.));
#5835=CARTESIAN_POINT('',(72.1070150498658,1.32458437765332E-14,5.));
#5836=CARTESIAN_POINT('',(73.5922964241043,1.35186855386524E-14,5.));
#5837=CARTESIAN_POINT('',(72.5922964241043,0.0196570342649249,5.));
#5838=CARTESIAN_POINT('Origin',(72.1070150498658,6.00000000000001,5.));
#5839=CARTESIAN_POINT('',(72.5922964241043,9.8388073560454,5.));
#5840=CARTESIAN_POINT('',(72.5922964241043,1.26002004392919E-14,5.));
#5841=CARTESIAN_POINT('Origin',(74.5185520402257,10.3768959187942,5.));
#5842=CARTESIAN_POINT('Origin',(64.3136754138688,14.3141549161683,4.));
#5843=CARTESIAN_POINT('',(64.0532677737831,15.4679608384557,4.));
#5844=CARTESIAN_POINT('',(63.6065686326822,15.0212616973549,4.));
#5845=CARTESIAN_POINT('Origin',(65.4674813361562,15.4679608384558,4.));
#5846=CARTESIAN_POINT('Origin',(71.1243355856486,22.5390286503212,5.));
#5847=CARTESIAN_POINT('',(69.3565686326822,20.7712616973549,3.75));
#5848=CARTESIAN_POINT('',(68.9146268944406,20.3293199591133,3.75));
#5849=CARTESIAN_POINT('',(68.1191317656057,19.5338248302784,2.));
#5850=CARTESIAN_POINT('Origin',(69.3565686326822,20.7712616973548,2.));
#5851=CARTESIAN_POINT('',(68.1191317656058,19.5338248302784,-2.));
#5852=CARTESIAN_POINT('',(68.1191317656057,19.5338248302784,2.49999999999999));
#5853=CARTESIAN_POINT('',(69.3565686326822,20.7712616973548,-3.75));
#5854=CARTESIAN_POINT('Origin',(69.3565686326822,20.7712616973548,-2.));
#5855=CARTESIAN_POINT('',(70.4879394825807,21.9026325472533,-3.75));
#5856=CARTESIAN_POINT('',(68.9146268944406,20.3293199591132,-3.75));
#5857=CARTESIAN_POINT('',(70.4879394825807,21.9026325472533,-4.));
#5858=CARTESIAN_POINT('',(70.4879394825807,21.9026325472533,2.49999999999999));
#5859=CARTESIAN_POINT('',(64.0532677737831,15.4679608384557,-4.));
#5860=CARTESIAN_POINT('',(66.1065686326822,17.5212616973549,-4.));
#5861=CARTESIAN_POINT('',(64.0532677902923,15.4679608219466,-3.50588662110754));
#5862=CARTESIAN_POINT('',(64.0532677737831,15.4679608384557,-5.));
#5863=CARTESIAN_POINT('',(64.0532677902923,15.4679608219466,3.50588662110759));
#5864=CARTESIAN_POINT('',(64.0532677737831,15.4679608384557,-5.));
#5865=CARTESIAN_POINT('',(64.0532677737831,15.4679608384557,-5.));
#5866=CARTESIAN_POINT('Origin',(68.3842968085507,20.8596500450032,3.75));
#5867=CARTESIAN_POINT('',(68.8262385467923,21.3015917832448,3.));
#5868=CARTESIAN_POINT('',(68.3842968085507,20.8596500450032,3.));
#5869=CARTESIAN_POINT('Origin',(68.8262385467923,21.3015917832448,3.75));
#5870=CARTESIAN_POINT('Origin',(43.296148212052,41.5283812590859,3.));
#5871=CARTESIAN_POINT('',(17.7660578773117,72.3617724527253,3.));
#5872=CARTESIAN_POINT('',(17.3241161390701,71.9198307144838,3.));
#5873=CARTESIAN_POINT('',(60.184261095176,29.943569234861,3.));
#5874=CARTESIAN_POINT('Origin',(17.3241161390701,71.9198307144838,3.75));
#5875=CARTESIAN_POINT('',(17.2357277914218,72.8921025386152,3.75));
#5876=CARTESIAN_POINT('',(16.7937860531802,72.4501608003737,3.75));
#5877=CARTESIAN_POINT('Origin',(17.7660578773117,72.3617724527253,3.75));
#5878=CARTESIAN_POINT('Origin',(19.0034947443882,74.6598694915816,-5.));
#5879=CARTESIAN_POINT('',(11.9324269325227,67.5888016797161,4.));
#5880=CARTESIAN_POINT('',(19.0034947443882,74.6598694915816,4.));
#5881=CARTESIAN_POINT('',(11.9324269325227,67.5888016797161,3.75));
#5882=CARTESIAN_POINT('',(11.9324269325227,67.5888016797161,4.99999999999999));
#5883=CARTESIAN_POINT('',(13.4696699141101,69.1260446613035,3.75));
#5884=CARTESIAN_POINT('',(16.7937860531802,72.4501608003737,3.75));
#5885=CARTESIAN_POINT('',(15.2196699141101,70.8760446613036,2.));
#5886=CARTESIAN_POINT('Origin',(13.4696699141101,69.1260446613035,2.));
#5887=CARTESIAN_POINT('',(15.2196699141101,70.8760446613035,-2.));
#5888=CARTESIAN_POINT('',(15.2196699141101,70.8760446613036,-2.5));
#5889=CARTESIAN_POINT('',(13.4696699141101,69.1260446613036,-3.75));
#5890=CARTESIAN_POINT('Origin',(13.4696699141101,69.1260446613035,-2.));
#5891=CARTESIAN_POINT('',(11.9324269325227,67.5888016797161,-3.75));
#5892=CARTESIAN_POINT('',(16.7937860531802,72.4501608003737,-3.75));
#5893=CARTESIAN_POINT('',(11.9324269325227,67.5888016797161,-4.));
#5894=CARTESIAN_POINT('',(11.9324269325227,67.5888016797161,4.99999999999999));
#5895=CARTESIAN_POINT('',(18.3670986413203,74.0234733885137,-4.));
#5896=CARTESIAN_POINT('',(19.0034947443882,74.6598694915816,-4.));
#5897=CARTESIAN_POINT('',(18.3670986413203,74.0234733885137,-3.75));
#5898=CARTESIAN_POINT('',(18.3670986413203,74.0234733885137,-2.5));
#5899=CARTESIAN_POINT('',(17.2357277914218,72.8921025386152,-3.75));
#5900=CARTESIAN_POINT('',(16.7937860531802,72.4501608003737,-3.75));
#5901=CARTESIAN_POINT('',(15.9982909243453,71.6546656715388,-2.));
#5902=CARTESIAN_POINT('Origin',(17.2357277914218,72.8921025386152,-2.));
#5903=CARTESIAN_POINT('',(15.9982909243453,71.6546656715388,2.));
#5904=CARTESIAN_POINT('',(15.9982909243453,71.6546656715388,-2.5));
#5905=CARTESIAN_POINT('Origin',(17.2357277914218,72.8921025386152,2.));
#5906=CARTESIAN_POINT('Origin',(18.2963879632016,75.3669762727682,4.));
#5907=CARTESIAN_POINT('',(11.9324269325227,69.0030152420892,4.99999999999999));
#5908=CARTESIAN_POINT('',(18.2963879632016,75.3669762727682,4.99999999999999));
#5909=CARTESIAN_POINT('Origin',(11.9324269325227,69.0030152420892,4.));
#5910=CARTESIAN_POINT('Origin',(19.0034947443882,74.6598694915816,4.99999999999999));
#5911=CARTESIAN_POINT('',(6.27557268303031,74.6598694915816,5.));
#5912=CARTESIAN_POINT('',(12.6395337137092,81.0238305222606,5.));
#5913=CARTESIAN_POINT('',(10.8717667607429,70.0636754138691,5.));
#5914=CARTESIAN_POINT('Origin',(12.6395337137092,81.0238305222606,4.));
#5915=CARTESIAN_POINT('',(4.86135912065722,74.6598694915816,4.));
#5916=CARTESIAN_POINT('',(11.9324269325227,81.7309373034471,4.));
#5917=CARTESIAN_POINT('Origin',(6.27557268303031,74.6598694915816,4.));
#5918=CARTESIAN_POINT('Origin',(11.9324269325227,81.7309373034471,5.));
#5919=CARTESIAN_POINT('',(9.45755319836977,79.2560635692942,3.99608992783391));
#5920=CARTESIAN_POINT('Ctrl Pts',(9.45755319836977,79.2560635692942,3.99608992783391));
#5921=CARTESIAN_POINT('Ctrl Pts',(9.77245820762543,79.5709685785498,3.99608992783391));
#5922=CARTESIAN_POINT('Ctrl Pts',(10.2464500583487,80.0449604292731,3.99610880340812));
#5923=CARTESIAN_POINT('Ctrl Pts',(10.8370276141888,80.6355379851132,3.86440436674838));
#5924=CARTESIAN_POINT('Ctrl Pts',(11.1082170678441,80.9067274387685,3.72969860901222));
#5925=CARTESIAN_POINT('Ctrl Pts',(11.2230389432049,81.0215493141293,3.65355729733853));
#5926=CARTESIAN_POINT('',(4.86135912065722,74.6598694915816,3.99608992783391));
#5927=CARTESIAN_POINT('',(9.72271824131473,79.5212286122391,3.99608992783391));
#5928=CARTESIAN_POINT('',(4.86135912065721,74.6598694915816,-4.99999999999999));
#5929=CARTESIAN_POINT('Ctrl Pts',(8.79464059100738,79.9189761766566,2.99804496391696));
#5930=CARTESIAN_POINT('Ctrl Pts',(9.10204786194743,80.2263834475966,2.99804496391696));
#5931=CARTESIAN_POINT('Ctrl Pts',(9.61883494101416,80.6142184588305,2.99805440170406));
#5932=CARTESIAN_POINT('Ctrl Pts',(10.3733433290648,81.0748659078597,2.91148396362873));
#5933=CARTESIAN_POINT('Ctrl Pts',(10.9745793337125,81.4299973420118,2.65827854613606));
#5934=CARTESIAN_POINT('Ctrl Pts',(11.1730991492223,81.5608651711354,2.22270174883641));
#5935=CARTESIAN_POINT('Ctrl Pts',(11.1730991492219,81.5608651711351,1.9999999999984));
#5936=CARTESIAN_POINT('Ctrl Pts',(8.9973858664765,79.7162309011875,3.01600038730979));
#5937=CARTESIAN_POINT('Ctrl Pts',(9.30490804304528,80.0237530777562,3.01600038730979));
#5938=CARTESIAN_POINT('Ctrl Pts',(9.80792448285752,80.4239933017942,3.04196089350983));
#5939=CARTESIAN_POINT('Ctrl Pts',(10.5396005576383,80.9377962267109,2.9957601748534));
#5940=CARTESIAN_POINT('Ctrl Pts',(11.1420653994509,81.3680609058378,2.74354791167316));
#5941=CARTESIAN_POINT('Ctrl Pts',(11.3512839332351,81.5316394610097,2.25149964689892));
#5942=CARTESIAN_POINT('Ctrl Pts',(11.3512839332346,81.5316394610093,1.99999999999819));
#5943=CARTESIAN_POINT('Ctrl Pts',(9.33868648363006,79.3749302840339,3.27722333976382));
#5944=CARTESIAN_POINT('Ctrl Pts',(9.64819607445986,79.6844398748637,3.27722333976382));
#5945=CARTESIAN_POINT('Ctrl Pts',(10.1200607209002,80.1261800800403,3.31818135955383));
#5946=CARTESIAN_POINT('Ctrl Pts',(10.8235897008716,80.7696824850541,3.26791823241277));
#5947=CARTESIAN_POINT('Ctrl Pts',(11.445370767585,81.3468918214478,2.94969322362335));
#5948=CARTESIAN_POINT('Ctrl Pts',(11.6768661713607,81.5672398830701,2.32162756568282));
#5949=CARTESIAN_POINT('Ctrl Pts',(11.6768661713602,81.5672398830696,1.99999999999769));
#5950=CARTESIAN_POINT('Ctrl Pts',(9.45755319836977,79.2560635692942,3.78062484711986));
#5951=CARTESIAN_POINT('Ctrl Pts',(9.77084244108731,79.5693528120117,3.78062484711986));
#5952=CARTESIAN_POINT('Ctrl Pts',(10.2396786171553,80.038198494753,3.79289678991456));
#5953=CARTESIAN_POINT('Ctrl Pts',(10.9850829721287,80.7838855534771,3.65648185449538));
#5954=CARTESIAN_POINT('Ctrl Pts',(11.6799017119074,81.4786474058048,3.20648049862098));
#5955=CARTESIAN_POINT('Ctrl Pts',(11.9463029347456,81.74481330567,2.40828487898363));
#5956=CARTESIAN_POINT('Ctrl Pts',(11.946302934745,81.7448133056695,1.99999999999706));
#5957=CARTESIAN_POINT('Ctrl Pts',(9.45755319836977,79.2560635692942,3.99608992783391));
#5958=CARTESIAN_POINT('Ctrl Pts',(9.77245820762543,79.5709685785498,3.99608992783391));
#5959=CARTESIAN_POINT('Ctrl Pts',(10.2464500583487,80.0449604292731,3.99610880340812));
#5960=CARTESIAN_POINT('Ctrl Pts',(11.0228332846575,80.8213436555819,3.82296792725747));
#5961=CARTESIAN_POINT('Ctrl Pts',(11.7584682103907,81.5569785813151,3.31655709227214));
#5962=CARTESIAN_POINT('Ctrl Pts',(12.0420623393873,81.8405727103117,2.44540349767282));
#5963=CARTESIAN_POINT('Ctrl Pts',(12.0420623393867,81.8405727103111,1.9999999999968));
#5964=CARTESIAN_POINT('',(8.79464059100739,79.9189761766566,2.99804496391696));
#5965=CARTESIAN_POINT('Ctrl Pts',(11.1730991492219,81.5608651711351,2.));
#5966=CARTESIAN_POINT('Ctrl Pts',(11.1730991492219,81.5608651711351,2.03145141945461));
#5967=CARTESIAN_POINT('Ctrl Pts',(11.1712017370886,81.559543780058,2.06289603158802));
#5968=CARTESIAN_POINT('Ctrl Pts',(11.1674285016255,81.5569758883694,2.0941055120596));
#5969=CARTESIAN_POINT('Ctrl Pts',(11.1662824000569,81.5561959039976,2.10358523705284));
#5970=CARTESIAN_POINT('Ctrl Pts',(11.1649635373523,81.5553011028578,2.11304318571465));
#5971=CARTESIAN_POINT('Ctrl Pts',(11.1634733036955,81.5542940771718,2.12247277897574));
#5972=CARTESIAN_POINT('Ctrl Pts',(11.1542646098754,81.5480713005158,2.18074165298152));
#5973=CARTESIAN_POINT('Ctrl Pts',(11.1384438604599,81.5375879828898,2.23784117797597));
#5974=CARTESIAN_POINT('Ctrl Pts',(11.1164974882794,81.5234268179078,2.29278836803228));
#5975=CARTESIAN_POINT('Ctrl Pts',(11.0969831788194,81.5108349711325,2.34164639622466));
#5976=CARTESIAN_POINT('Ctrl Pts',(11.072624883487,81.4953338428552,2.38880136348212));
#5977=CARTESIAN_POINT('Ctrl Pts',(11.0437417140875,81.4773461844283,2.43353946676079));
#5978=CARTESIAN_POINT('Ctrl Pts',(11.0128337135342,81.4580975158034,2.48141389846736));
#5979=CARTESIAN_POINT('Ctrl Pts',(10.9768024082627,81.4358540612852,2.52680612255823));
#5980=CARTESIAN_POINT('Ctrl Pts',(10.9361233619536,81.4110093854252,2.56880396729123));
#5981=CARTESIAN_POINT('Ctrl Pts',(10.9257897874099,81.404698167899,2.5794725521918));
#5982=CARTESIAN_POINT('Ctrl Pts',(10.9151565381225,81.3982191445187,2.58992219229833));
#5983=CARTESIAN_POINT('Ctrl Pts',(10.9042318929983,81.3915788306234,2.60013812352022));
#5984=CARTESIAN_POINT('Ctrl Pts',(10.8602592135976,81.3648509698354,2.64125816570836));
#5985=CARTESIAN_POINT('Ctrl Pts',(10.8115617745446,81.3355109369441,2.6785892360211));
#5986=CARTESIAN_POINT('Ctrl Pts',(10.7587286825894,81.3036868367856,2.71234270573088));
#5987=CARTESIAN_POINT('Ctrl Pts',(10.7159405195385,81.2779133161353,2.73967877318458));
#5988=CARTESIAN_POINT('Ctrl Pts',(10.67048943438,81.2506728871883,2.76451157127293));
#5989=CARTESIAN_POINT('Ctrl Pts',(10.6226413287079,81.2220392094587,2.78704506476363));
#5990=CARTESIAN_POINT('Ctrl Pts',(10.573505050209,81.1926346521912,2.81018520785105));
#5991=CARTESIAN_POINT('Ctrl Pts',(10.521840447803,81.1617608089731,2.83090072433504));
#5992=CARTESIAN_POINT('Ctrl Pts',(10.4678975191289,81.1294683688857,2.84938410415069));
#5993=CARTESIAN_POINT('Ctrl Pts',(10.4114836687596,81.0956967341612,2.86871413774114));
#5994=CARTESIAN_POINT('Ctrl Pts',(10.3525773962243,81.0603734962634,2.88560310424633));
#5995=CARTESIAN_POINT('Ctrl Pts',(10.2914320088356,81.0235256364526,2.90023731029647));
#5996=CARTESIAN_POINT('Ctrl Pts',(10.28569298034,81.0200671430733,2.90161085831243));
#5997=CARTESIAN_POINT('Ctrl Pts',(10.2799342078608,81.0165951977392,2.90296451797252));
#5998=CARTESIAN_POINT('Ctrl Pts',(10.2741558901112,81.0131098101698,2.90429842772788));
#5999=CARTESIAN_POINT('Ctrl Pts',(10.2537641037112,81.0008098152723,2.90900581904605));
#6000=CARTESIAN_POINT('Ctrl Pts',(10.2331148517677,80.9883385510594,2.91346825326523));
#6001=CARTESIAN_POINT('Ctrl Pts',(10.2122234925611,80.9757020170621,2.91768905261597));
#6002=CARTESIAN_POINT('Ctrl Pts',(10.1500332335023,80.9380850618832,2.93025370207044));
#6003=CARTESIAN_POINT('Ctrl Pts',(10.0856950584776,80.8990025406161,2.94067415519209));
#6004=CARTESIAN_POINT('Ctrl Pts',(10.0195850159912,80.8580515558708,2.94937682879738));
#6005=CARTESIAN_POINT('Ctrl Pts',(9.95147607041429,80.8158623772462,2.95834263642151));
#6006=CARTESIAN_POINT('Ctrl Pts',(9.8814870963932,80.7716885737041,2.96548637185312));
#6007=CARTESIAN_POINT('Ctrl Pts',(9.81006038366034,80.7251182876137,2.97130619107195));
#6008=CARTESIAN_POINT('Ctrl Pts',(9.79431387137817,80.7148515463085,2.97258921042567));
#6009=CARTESIAN_POINT('Ctrl Pts',(9.77849757865672,80.7044684903575,2.97380796545277));
#6010=CARTESIAN_POINT('Ctrl Pts',(9.76261639126468,80.6939649995456,2.97496790290763));
#6011=CARTESIAN_POINT('Ctrl Pts',(9.74035423833397,80.6792412693241,2.97659389625262));
#6012=CARTESIAN_POINT('Ctrl Pts',(9.7179645715649,80.6642808700809,2.97810430630612));
#6013=CARTESIAN_POINT('Ctrl Pts',(9.69547518300642,80.6490880061239,2.97950736947845));
#6014=CARTESIAN_POINT('Ctrl Pts',(9.67887150794786,80.6378712771455,2.98054323601343));
#6015=CARTESIAN_POINT('Ctrl Pts',(9.66221347885016,80.6265278462234,2.98152059344758));
#6016=CARTESIAN_POINT('Ctrl Pts',(9.64551226808113,80.6150595371964,2.98244278718992));
#6017=CARTESIAN_POINT('Ctrl Pts',(9.63397934266769,80.607140162101,2.98307960279534));
#6018=CARTESIAN_POINT('Ctrl Pts',(9.62242251842639,80.5991589907435,2.98369030747684));
#6019=CARTESIAN_POINT('Ctrl Pts',(9.61083799702026,80.5911113242417,2.98427630764796));
#6020=CARTESIAN_POINT('Ctrl Pts',(9.50754458830088,80.5193542894825,2.98950137936763));
#6021=CARTESIAN_POINT('Ctrl Pts',(9.40220646270587,80.4424215012179,2.99275203125484));
#6022=CARTESIAN_POINT('Ctrl Pts',(9.29695517379378,80.360270777268,2.99476686521454));
#6023=CARTESIAN_POINT('Ctrl Pts',(9.21142812338354,80.2935152136913,2.99640411647694));
#6024=CARTESIAN_POINT('Ctrl Pts',(9.12595922073601,80.2233141015639,2.99722560325823));
#6025=CARTESIAN_POINT('Ctrl Pts',(9.04171679501549,80.1496432656527,2.99763582216759));
#6026=CARTESIAN_POINT('Ctrl Pts',(9.02102446926994,80.1315476217822,2.99773658355031));
#6027=CARTESIAN_POINT('Ctrl Pts',(9.00041430291825,80.1132496105227,2.99781252756571));
#6028=CARTESIAN_POINT('Ctrl Pts',(8.97990969855215,80.0947550135741,2.99786975804766));
#6029=CARTESIAN_POINT('Ctrl Pts',(8.91693612692777,80.037954560134,2.99804552383131));
#6030=CARTESIAN_POINT('Ctrl Pts',(8.85496106973693,79.9792966553861,2.99804496391696));
#6031=CARTESIAN_POINT('Ctrl Pts',(8.79464059100739,79.9189761766566,2.99804496391696));
#6032=CARTESIAN_POINT('Origin',(8.75044641718323,79.9631703504807,3.99608992783392));
#6033=CARTESIAN_POINT('Origin',(76.8496894217714,15.3950390688489,0.));
#6034=CARTESIAN_POINT('',(77.4860855248393,14.758642965781,-4.));
#6035=CARTESIAN_POINT('',(77.6382999794848,15.8287364152359,-4.));
#6036=CARTESIAN_POINT('Origin',(76.8496894217714,15.3950390688489,-4.));
#6037=CARTESIAN_POINT('',(77.6382999794848,15.8287364152359,-2.));
#6038=CARTESIAN_POINT('',(77.6382999794848,15.8287364152359,0.));
#6039=CARTESIAN_POINT('',(77.4860855257318,14.7586429666734,-2.87776369698175));
#6040=CARTESIAN_POINT('Ctrl Pts',(77.4860855248393,14.758642965781,-2.87776369813648));
#6041=CARTESIAN_POINT('Ctrl Pts',(77.5618865041936,14.8344439451353,-2.82872430925217));
#6042=CARTESIAN_POINT('Ctrl Pts',(77.6204575514827,14.9200356980684,-2.76905412723551));
#6043=CARTESIAN_POINT('Ctrl Pts',(77.7178337956722,15.1251509047449,-2.61846551155453));
#6044=CARTESIAN_POINT('Ctrl Pts',(77.7454124886301,15.2471485296466,-2.52349273694285));
#6045=CARTESIAN_POINT('Ctrl Pts',(77.7518372012016,15.4476515144163,-2.35705445892485));
#6046=CARTESIAN_POINT('Ctrl Pts',(77.7433461335765,15.5278811488782,-2.28749834256393));
#6047=CARTESIAN_POINT('Ctrl Pts',(77.7063743737876,15.682082813235,-2.14656608345889));
#6048=CARTESIAN_POINT('Ctrl Pts',(77.6778233972772,15.7561167054455,-2.07511403716685));
#6049=CARTESIAN_POINT('Ctrl Pts',(77.6395973733367,15.8263710148592,-2.0024510241119));
#6050=CARTESIAN_POINT('Ctrl Pts',(77.6389500050215,15.8275544458156,-2.00122551197769));
#6051=CARTESIAN_POINT('Ctrl Pts',(77.6382999794848,15.8287364152359,-2.));
#6052=CARTESIAN_POINT('',(77.4860855248393,14.758642965781,0.));
#6053=CARTESIAN_POINT('Ctrl Pts',(77.5687075089402,15.9495188473184,-4.1));
#6054=CARTESIAN_POINT('Ctrl Pts',(77.5898686475585,15.9144268304443,-4.09999999999999));
#6055=CARTESIAN_POINT('Ctrl Pts',(77.6254432916257,15.8524507811161,-4.0758206475238));
#6056=CARTESIAN_POINT('Ctrl Pts',(77.6382999794848,15.8287364152359,-4.0228309191803));
#6057=CARTESIAN_POINT('Ctrl Pts',(77.6382999794848,15.8287364152359,-4.));
#6058=CARTESIAN_POINT('Ctrl Pts',(77.5687075089403,15.9495188473183,-4.36927937030768));
#6059=CARTESIAN_POINT('Ctrl Pts',(77.6295130475023,15.8477119050529,-4.35683882534081));
#6060=CARTESIAN_POINT('Ctrl Pts',(77.7177016089947,15.6885331256569,-4.25067317301573));
#6061=CARTESIAN_POINT('Ctrl Pts',(77.744717241618,15.6352333257189,-4.07543480167095));
#6062=CARTESIAN_POINT('Ctrl Pts',(77.744717241618,15.6352333257189,-4.));
#6063=CARTESIAN_POINT('Ctrl Pts',(77.3750593170172,15.8327453872132,-4.83534111563383));
#6064=CARTESIAN_POINT('Ctrl Pts',(77.5223899526585,15.6306625094958,-4.80309733195712));
#6065=CARTESIAN_POINT('Ctrl Pts',(77.7349577086408,15.3244570813266,-4.55539409132015));
#6066=CARTESIAN_POINT('Ctrl Pts',(77.7994610837693,15.2264902238586,-4.1667192999169));
#6067=CARTESIAN_POINT('Ctrl Pts',(77.7994610837693,15.2264902238586,-4.));
#6068=CARTESIAN_POINT('Ctrl Pts',(76.9709402782755,15.5890540933283,-4.99999999999998));
#6069=CARTESIAN_POINT('Ctrl Pts',(77.1683248000478,15.3680907752706,-4.98551925083855));
#6070=CARTESIAN_POINT('Ctrl Pts',(77.4903235916579,15.0043264499644,-4.72266884699704));
#6071=CARTESIAN_POINT('Ctrl Pts',(77.6032009478727,14.8757583888143,-4.21740373850104));
#6072=CARTESIAN_POINT('Ctrl Pts',(77.6032009478727,14.8757583888143,-4.));
#6073=CARTESIAN_POINT('Ctrl Pts',(76.7979921579386,15.4847631612528,-5.));
#6074=CARTESIAN_POINT('Ctrl Pts',(77.001758123558,15.2706485432148,-4.99999999999989));
#6075=CARTESIAN_POINT('Ctrl Pts',(77.3542830342158,14.8985111600774,-4.75820647523801));
#6076=CARTESIAN_POINT('Ctrl Pts',(77.4860855248393,14.758642965781,-4.22830919180298));
#6077=CARTESIAN_POINT('Ctrl Pts',(77.4860855248393,14.758642965781,-4.));
#6078=CARTESIAN_POINT('',(76.7979921579385,15.484763161253,-5.));
#6079=CARTESIAN_POINT('Ctrl Pts',(77.4860855248393,14.758642965781,-4.));
#6080=CARTESIAN_POINT('Ctrl Pts',(77.4860855248393,14.758642965781,-4.22830919180298));
#6081=CARTESIAN_POINT('Ctrl Pts',(77.3542830342158,14.8985111600774,-4.75820647523801));
#6082=CARTESIAN_POINT('Ctrl Pts',(77.001758123558,15.2706485432148,-4.99999999999989));
#6083=CARTESIAN_POINT('Ctrl Pts',(76.7979921579386,15.4847631612528,-5.));
#6084=CARTESIAN_POINT('',(77.5687075089402,15.9495188473184,-4.1));
#6085=CARTESIAN_POINT('Origin',(76.7979921579384,15.4847631612531,-4.1));
#6086=CARTESIAN_POINT('Ctrl Pts',(77.5687075089402,15.9495188473184,-4.1));
#6087=CARTESIAN_POINT('Ctrl Pts',(77.5898686475585,15.9144268304443,-4.09999999999999));
#6088=CARTESIAN_POINT('Ctrl Pts',(77.6254432916257,15.8524507811161,-4.0758206475238));
#6089=CARTESIAN_POINT('Ctrl Pts',(77.6382999794848,15.8287364152359,-4.0228309191803));
#6090=CARTESIAN_POINT('Ctrl Pts',(77.6382999794848,15.8287364152359,-4.));
#6091=CARTESIAN_POINT('Origin',(74.571481143933,14.142135623731,-4.1));
#6092=CARTESIAN_POINT('',(76.409958775018,15.980613254816,-5.));
#6093=CARTESIAN_POINT('',(77.0463548780859,16.6170093578839,-4.1));
#6094=CARTESIAN_POINT('Origin',(76.409958775018,15.980613254816,-4.1));
#6095=CARTESIAN_POINT('Origin',(74.571481143933,14.142135623731,-4.1));
#6096=CARTESIAN_POINT('Origin',(74.571481143933,14.142135623731,-5.));
#6097=CARTESIAN_POINT('Origin',(80.9381333680701,11.452438661764,-4.1));
#6098=CARTESIAN_POINT('',(71.1950462637672,21.1955257660668,-5.));
#6099=CARTESIAN_POINT('',(71.8314423668351,21.8319218691347,-4.1));
#6100=CARTESIAN_POINT('Origin',(71.1950462637672,21.1955257660668,-4.1));
#6101=CARTESIAN_POINT('',(81.574529471138,12.0888347648318,-4.1));
#6102=CARTESIAN_POINT('',(80.9381333680701,11.452438661764,-5.));
#6103=CARTESIAN_POINT('Ctrl Pts',(71.7607316887165,21.9026325472533,-4.));
#6104=CARTESIAN_POINT('Ctrl Pts',(71.7607316887165,21.9026325472533,-4.1));
#6105=CARTESIAN_POINT('Ctrl Pts',(71.8314423668351,21.8319218691347,-4.1));
#6106=CARTESIAN_POINT('Ctrl Pts',(71.1243355856486,22.5390286503212,-4.));
#6107=CARTESIAN_POINT('Ctrl Pts',(71.1243355856486,22.5390286503213,-5.00000000000007));
#6108=CARTESIAN_POINT('Ctrl Pts',(71.8314423668351,21.8319218691347,-5.));
#6109=CARTESIAN_POINT('Ctrl Pts',(70.4879394825807,21.9026325472533,-4.));
#6110=CARTESIAN_POINT('Ctrl Pts',(70.4879394825806,21.9026325472534,-5.00000000000006));
#6111=CARTESIAN_POINT('Ctrl Pts',(71.1950462637672,21.1955257660668,-5.));
#6112=CARTESIAN_POINT('',(71.7607316887165,21.9026325472533,-4.));
#6113=CARTESIAN_POINT('Origin',(71.1243355856486,21.2662364441854,-4.));
#6114=CARTESIAN_POINT('Origin',(71.8314423668351,21.8319218691347,-4.));
#6115=CARTESIAN_POINT('Origin',(71.1950462637672,21.1955257660668,-4.));
#6116=CARTESIAN_POINT('Origin',(71.1243355856486,21.2662364441854,2.49999999999999));
#6117=CARTESIAN_POINT('',(71.7607316887165,21.9026325472533,-3.75));
#6118=CARTESIAN_POINT('Origin',(71.1243355856486,21.2662364441854,-3.75));
#6119=CARTESIAN_POINT('',(71.7607316887165,21.9026325472533,2.49999999999999));
#6120=CARTESIAN_POINT('Origin',(69.9576093966908,22.4329626331432,-3.75));
#6121=CARTESIAN_POINT('',(69.9576093966908,22.4329626331432,-3.));
#6122=CARTESIAN_POINT('',(70.5940054997587,23.0693587362111,-2.1));
#6123=CARTESIAN_POINT('Origin',(69.9576093966908,22.4329626331432,-2.1));
#6124=CARTESIAN_POINT('Origin',(70.5940054997587,23.0693587362111,-3.75));
#6125=CARTESIAN_POINT('Origin',(69.9576093966908,22.4329626331432,-3.75));
#6126=CARTESIAN_POINT('Origin',(62.9820010002855,29.4085710295485,-2.1));
#6127=CARTESIAN_POINT('',(18.8974287272102,73.4931433026238,-3.));
#6128=CARTESIAN_POINT('',(19.5338248302781,74.1295394056917,-2.1));
#6129=CARTESIAN_POINT('Origin',(18.8974287272102,73.4931433026238,-2.1));
#6130=CARTESIAN_POINT('',(63.6183971033534,30.0449671326164,-2.1));
#6131=CARTESIAN_POINT('',(62.9820010002855,29.4085710295485,-3.));
#6132=CARTESIAN_POINT('Origin',(18.8974287272102,73.4931433026238,-3.75));
#6133=CARTESIAN_POINT('',(18.3670986413203,75.2962655946495,-3.75));
#6134=CARTESIAN_POINT('Origin',(17.7307025382524,74.6598694915816,-3.75));
#6135=CARTESIAN_POINT('Origin',(19.5338248302781,74.1295394056917,-3.75));
#6136=CARTESIAN_POINT('Origin',(18.8974287272102,73.4931433026238,-3.75));
#6137=CARTESIAN_POINT('Origin',(17.7307025382524,74.6598694915816,-2.5));
#6138=CARTESIAN_POINT('',(18.3670986413203,75.2962655946495,-4.));
#6139=CARTESIAN_POINT('Origin',(17.7307025382524,74.6598694915816,-4.));
#6140=CARTESIAN_POINT('',(18.3670986413203,75.2962655946495,-2.5));
#6141=CARTESIAN_POINT('Ctrl Pts',(18.2963879632016,75.3669762727682,-4.1));
#6142=CARTESIAN_POINT('Ctrl Pts',(18.3670986413203,75.2962655946495,-4.1));
#6143=CARTESIAN_POINT('Ctrl Pts',(18.3670986413203,75.2962655946495,-4.));
#6144=CARTESIAN_POINT('Ctrl Pts',(18.2963879632016,75.3669762727682,-5.00000000000001));
#6145=CARTESIAN_POINT('Ctrl Pts',(19.0034947443881,74.6598694915816,-5.00000000000001));
#6146=CARTESIAN_POINT('Ctrl Pts',(19.0034947443881,74.6598694915816,-4.00000000000001));
#6147=CARTESIAN_POINT('Ctrl Pts',(17.6599918601337,74.7305801697003,-5.));
#6148=CARTESIAN_POINT('Ctrl Pts',(18.3670986413203,74.0234733885137,-5.));
#6149=CARTESIAN_POINT('Ctrl Pts',(18.3670986413203,74.0234733885137,-4.));
#6150=CARTESIAN_POINT('',(17.6599918601337,74.7305801697003,-5.));
#6151=CARTESIAN_POINT('',(18.2963879632016,75.3669762727682,-4.1));
#6152=CARTESIAN_POINT('Origin',(17.6599918601337,74.7305801697003,-4.1));
#6153=CARTESIAN_POINT('Origin',(18.2963879632016,75.3669762727682,-4.));
#6154=CARTESIAN_POINT('Origin',(17.6599918601337,74.7305801697003,-4.));
#6155=CARTESIAN_POINT('Origin',(45.0904316693129,47.3001403605211,-4.10000000000004));
#6156=CARTESIAN_POINT('',(12.4450793488829,79.9454926809511,-5.));
#6157=CARTESIAN_POINT('',(13.0814754519508,80.581888784019,-4.1));
#6158=CARTESIAN_POINT('Origin',(12.4450793488829,79.9454926809511,-4.1));
#6159=CARTESIAN_POINT('',(45.7268277723808,47.936536463589,-4.10000000000004));
#6160=CARTESIAN_POINT('',(45.0904316693129,47.3001403605211,-5.00000000000004));
#6161=CARTESIAN_POINT('Origin',(10.6066017177979,78.107015049866,-4.09999999999999));
#6162=CARTESIAN_POINT('',(11.9492292553201,80.3335260638714,-5.));
#6163=CARTESIAN_POINT('',(12.4139849413854,81.1042414148733,-4.09999999999999));
#6164=CARTESIAN_POINT('Origin',(11.9492292553201,80.3335260638714,-4.09999999999999));
#6165=CARTESIAN_POINT('Origin',(10.6066017177979,78.107015049866,-4.09999999999999));
#6166=CARTESIAN_POINT('Origin',(10.6066017177979,78.107015049866,-5.));
#6167=CARTESIAN_POINT('Ctrl Pts',(12.2932025093028,81.1738338854178,-4.));
#6168=CARTESIAN_POINT('Ctrl Pts',(12.2932025093028,81.1738338854178,-4.02283061152572));
#6169=CARTESIAN_POINT('Ctrl Pts',(12.316915834231,81.1609777843094,-4.07581974225217));
#6170=CARTESIAN_POINT('Ctrl Pts',(12.3788933973884,81.1254022683378,-4.09999999999999));
#6171=CARTESIAN_POINT('Ctrl Pts',(12.4139849413854,81.1042414148733,-4.1));
#6172=CARTESIAN_POINT('Ctrl Pts',(12.0996994197859,81.280251147551,-4.));
#6173=CARTESIAN_POINT('Ctrl Pts',(12.0996994197859,81.280251147551,-4.07543378516077));
#6174=CARTESIAN_POINT('Ctrl Pts',(12.1529966392127,81.2532368881661,-4.25066986228617));
#6175=CARTESIAN_POINT('Ctrl Pts',(12.3121793710038,81.1650461340596,-4.35683899298152));
#6176=CARTESIAN_POINT('Ctrl Pts',(12.4139849413854,81.1042414148733,-4.36927937030769));
#6177=CARTESIAN_POINT('Ctrl Pts',(11.6909563179256,81.3349949897024,-4.));
#6178=CARTESIAN_POINT('Ctrl Pts',(11.6909563179256,81.3349949897024,-4.16671705331636));
#6179=CARTESIAN_POINT('Ctrl Pts',(11.7889183092849,81.2704949506156,-4.55538663957148));
#6180=CARTESIAN_POINT('Ctrl Pts',(12.0951313266999,81.0579218732599,-4.80309776645342));
#6181=CARTESIAN_POINT('Ctrl Pts',(12.2972114812804,80.9105932229501,-4.83534111563385));
#6182=CARTESIAN_POINT('Ctrl Pts',(11.3402244828813,81.1387348538057,-4.));
#6183=CARTESIAN_POINT('Ctrl Pts',(11.3402244828813,81.1387348538057,-4.21740080891007));
#6184=CARTESIAN_POINT('Ctrl Pts',(11.4687865844724,81.025862764321,-4.722659830149));
#6185=CARTESIAN_POINT('Ctrl Pts',(11.8325598468952,80.7038560461557,-4.98551944597178));
#6186=CARTESIAN_POINT('Ctrl Pts',(12.0535201873956,80.5064741842083,-4.99999999999998));
#6187=CARTESIAN_POINT('Ctrl Pts',(11.223109059848,81.0216194307724,-4.));
#6188=CARTESIAN_POINT('Ctrl Pts',(11.223109059848,81.0216194307724,-4.22830611525724));
#6189=CARTESIAN_POINT('Ctrl Pts',(11.3629710396884,80.8898228171981,-4.75819742252172));
#6190=CARTESIAN_POINT('Ctrl Pts',(11.7351175225508,80.5372892836737,-4.99999999999998));
#6191=CARTESIAN_POINT('Ctrl Pts',(11.9492292553201,80.3335260638714,-4.99999999999999));
#6192=CARTESIAN_POINT('',(11.223109059848,81.0216194307724,-4.));
#6193=CARTESIAN_POINT('Ctrl Pts',(11.9492292553201,80.3335260638714,-4.99999999999999));
#6194=CARTESIAN_POINT('Ctrl Pts',(11.7351175225508,80.5372892836737,-4.99999999999998));
#6195=CARTESIAN_POINT('Ctrl Pts',(11.3629710396884,80.8898228171981,-4.75819742252172));
#6196=CARTESIAN_POINT('Ctrl Pts',(11.223109059848,81.0216194307724,-4.22830611525724));
#6197=CARTESIAN_POINT('Ctrl Pts',(11.223109059848,81.0216194307724,-4.));
#6198=CARTESIAN_POINT('',(12.2932025093028,81.1738338854178,-4.));
#6199=CARTESIAN_POINT('Origin',(11.8595051629159,80.3852233277045,-4.));
#6200=CARTESIAN_POINT('Ctrl Pts',(12.2932025093028,81.1738338854178,-4.));
#6201=CARTESIAN_POINT('Ctrl Pts',(12.2932025093028,81.1738338854178,-4.02283061152572));
#6202=CARTESIAN_POINT('Ctrl Pts',(12.316915834231,81.1609777843094,-4.07581974225217));
#6203=CARTESIAN_POINT('Ctrl Pts',(12.3788933973884,81.1254022683378,-4.09999999999999));
#6204=CARTESIAN_POINT('Ctrl Pts',(12.4139849413854,81.1042414148733,-4.1));
#6205=CARTESIAN_POINT('Origin',(11.8595051629159,80.3852233277045,0.));
#6206=CARTESIAN_POINT('',(11.2231090598476,81.021619430772,-3.65505919312219));
#6207=CARTESIAN_POINT('',(12.2932025093028,81.1738338854178,-3.65505919312219));
#6208=CARTESIAN_POINT('Origin',(11.8595051629159,80.3852233277045,-3.65505919312219));
#6209=CARTESIAN_POINT('',(12.2932025093028,81.1738338854178,0.));
#6210=CARTESIAN_POINT('',(11.223109059848,81.0216194307724,3.99680288865053E-16));
#6211=CARTESIAN_POINT('Ctrl Pts',(11.1730991492219,81.5608651711351,-2.));
#6212=CARTESIAN_POINT('Ctrl Pts',(11.1745744255455,81.5606231976219,-2.00033518557479));
#6213=CARTESIAN_POINT('Ctrl Pts',(11.1760469041559,81.5603808236191,-2.00067302985663));
#6214=CARTESIAN_POINT('Ctrl Pts',(11.260737647537,81.5463695735758,-2.02048252412321));
#6215=CARTESIAN_POINT('Ctrl Pts',(11.414303677633,81.5149212836722,-2.08261678153302));
#6216=CARTESIAN_POINT('Ctrl Pts',(11.6130528216788,81.4609669276925,-2.21159938859777));
#6217=CARTESIAN_POINT('Ctrl Pts',(11.779325528189,81.4060092277396,-2.35968947104314));
#6218=CARTESIAN_POINT('Ctrl Pts',(11.9202951698435,81.352103068561,-2.52284800095477));
#6219=CARTESIAN_POINT('Ctrl Pts',(12.0375357066518,81.301815628291,-2.6979298082295));
#6220=CARTESIAN_POINT('Ctrl Pts',(12.1623440294994,81.2433208432155,-2.93993339926458));
#6221=CARTESIAN_POINT('Ctrl Pts',(12.2656515931836,81.1892195683343,-3.25950083283684));
#6222=CARTESIAN_POINT('Ctrl Pts',(12.2932025093029,81.1738338854178,-3.52401837991124));
#6223=CARTESIAN_POINT('Ctrl Pts',(12.2932025093029,81.1738338854178,-3.65505919312182));
#6224=CARTESIAN_POINT('Ctrl Pts',(11.1730991492219,81.5608651711351,-2.));
#6225=CARTESIAN_POINT('Ctrl Pts',(11.1742252974963,81.5606804517763,-2.00119704352834));
#6226=CARTESIAN_POINT('Ctrl Pts',(11.1754980056635,81.5604713973141,-2.0028203998271));
#6227=CARTESIAN_POINT('Ctrl Pts',(11.2411071130285,81.5496093957633,-2.07543926921794));
#6228=CARTESIAN_POINT('Ctrl Pts',(11.3531887410738,81.5280708202279,-2.17880112122623));
#6229=CARTESIAN_POINT('Ctrl Pts',(11.4980830640603,81.4944706126338,-2.33584145745523));
#6230=CARTESIAN_POINT('Ctrl Pts',(11.6182421440703,81.4624807991748,-2.49341473131333));
#6231=CARTESIAN_POINT('Ctrl Pts',(11.7193646832499,81.4328302894418,-2.65621573336971));
#6232=CARTESIAN_POINT('Ctrl Pts',(11.8020455602619,81.4068274892589,-2.82249341714527));
#6233=CARTESIAN_POINT('Ctrl Pts',(11.8878705571388,81.3786872104665,-3.04449908758964));
#6234=CARTESIAN_POINT('Ctrl Pts',(11.9533926813459,81.3568424170164,-3.32486886584979));
#6235=CARTESIAN_POINT('Ctrl Pts',(11.9615024367203,81.3562862669501,-3.54680023179947));
#6236=CARTESIAN_POINT('Ctrl Pts',(11.9545721026482,81.3600640941509,-3.6550591931218));
#6237=CARTESIAN_POINT('Ctrl Pts',(11.1730991492219,81.5608651711351,-2.));
#6238=CARTESIAN_POINT('Ctrl Pts',(11.174048822033,81.5608441189387,-2.00248638762371));
#6239=CARTESIAN_POINT('Ctrl Pts',(11.1747779292214,81.5604565751599,-2.00455342260644));
#6240=CARTESIAN_POINT('Ctrl Pts',(11.2251099818044,81.5541574796942,-2.13743359399065));
#6241=CARTESIAN_POINT('Ctrl Pts',(11.2876465602427,81.5215307461909,-2.273600121933));
#6242=CARTESIAN_POINT('Ctrl Pts',(11.3716645995032,81.482907309979,-2.46315286923359));
#6243=CARTESIAN_POINT('Ctrl Pts',(11.4322356065641,81.4438214871424,-2.62781473322853));
#6244=CARTESIAN_POINT('Ctrl Pts',(11.4793037027908,81.4096568198173,-2.79026837703766));
#6245=CARTESIAN_POINT('Ctrl Pts',(11.511552828352,81.378958697635,-2.94690820102826));
#6246=CARTESIAN_POINT('Ctrl Pts',(11.5372412395898,81.3444453995215,-3.14800699075423));
#6247=CARTESIAN_POINT('Ctrl Pts',(11.5401511876217,81.3126262265459,-3.38883635334676));
#6248=CARTESIAN_POINT('Ctrl Pts',(11.5148295184508,81.2989162751291,-3.56860567860528));
#6249=CARTESIAN_POINT('Ctrl Pts',(11.4963783802591,81.2948887511835,-3.65505919312179));
#6250=CARTESIAN_POINT('Ctrl Pts',(11.1730991492219,81.5608651711351,-2.00000000000001));
#6251=CARTESIAN_POINT('Ctrl Pts',(11.1736759516252,81.5607705645168,-2.00335185655464));
#6252=CARTESIAN_POINT('Ctrl Pts',(11.1742528316379,81.5606769793974,-2.00669613041158));
#6253=CARTESIAN_POINT('Ctrl Pts',(11.2045899870231,81.5524238405291,-2.19263002662291));
#6254=CARTESIAN_POINT('Ctrl Pts',(11.2208368030956,81.4963342655254,-2.3648252418051));
#6255=CARTESIAN_POINT('Ctrl Pts',(11.2477991588888,81.4244952356768,-2.56860479305003));
#6256=CARTESIAN_POINT('Ctrl Pts',(11.2627358476519,81.3529358347265,-2.72864837899369));
#6257=CARTESIAN_POINT('Ctrl Pts',(11.2741454433622,81.2881533860302,-2.87876428588778));
#6258=CARTESIAN_POINT('Ctrl Pts',(11.2792530839797,81.2277613684628,-3.01885036605515));
#6259=CARTESIAN_POINT('Ctrl Pts',(11.2792793070514,81.1561202142445,-3.19692693569719));
#6260=CARTESIAN_POINT('Ctrl Pts',(11.2660243134508,81.081321918136,-3.41066262398004));
#6261=CARTESIAN_POINT('Ctrl Pts',(11.2399498378224,81.0384602087468,-3.57495432625527));
#6262=CARTESIAN_POINT('Ctrl Pts',(11.223109059848,81.0216194307724,-3.65505919312179));
#6263=CARTESIAN_POINT('',(11.1730991492219,81.5608651711351,-2.));
#6264=CARTESIAN_POINT('Ctrl Pts',(11.223109059848,81.0216194307724,-3.65505919312179));
#6265=CARTESIAN_POINT('Ctrl Pts',(11.2399498378224,81.0384602087468,-3.57495432625527));
#6266=CARTESIAN_POINT('Ctrl Pts',(11.2660243134508,81.081321918136,-3.41066262398004));
#6267=CARTESIAN_POINT('Ctrl Pts',(11.2792793070514,81.1561202142445,-3.19692693569719));
#6268=CARTESIAN_POINT('Ctrl Pts',(11.2792530839797,81.2277613684628,-3.01885036605515));
#6269=CARTESIAN_POINT('Ctrl Pts',(11.2741454433622,81.2881533860302,-2.87876428588778));
#6270=CARTESIAN_POINT('Ctrl Pts',(11.2627358476519,81.3529358347265,-2.72864837899369));
#6271=CARTESIAN_POINT('Ctrl Pts',(11.2477991588888,81.4244952356768,-2.56860479305003));
#6272=CARTESIAN_POINT('Ctrl Pts',(11.2208368030956,81.4963342655254,-2.3648252418051));
#6273=CARTESIAN_POINT('Ctrl Pts',(11.2045899870231,81.5524238405291,-2.19263002662291));
#6274=CARTESIAN_POINT('Ctrl Pts',(11.1742528316379,81.5606769793974,-2.00669613041158));
#6275=CARTESIAN_POINT('Ctrl Pts',(11.1736759516252,81.5607705645168,-2.00335185655464));
#6276=CARTESIAN_POINT('Ctrl Pts',(11.1730991492219,81.5608651711351,-2.00000000000001));
#6277=CARTESIAN_POINT('Ctrl Pts',(11.1730991492219,81.5608651711351,-2.));
#6278=CARTESIAN_POINT('Ctrl Pts',(11.1745744255455,81.5606231976219,-2.00033518557479));
#6279=CARTESIAN_POINT('Ctrl Pts',(11.1760469041559,81.5603808236191,-2.00067302985663));
#6280=CARTESIAN_POINT('Ctrl Pts',(11.260737647537,81.5463695735758,-2.02048252412321));
#6281=CARTESIAN_POINT('Ctrl Pts',(11.414303677633,81.5149212836722,-2.08261678153302));
#6282=CARTESIAN_POINT('Ctrl Pts',(11.6130528216788,81.4609669276925,-2.21159938859777));
#6283=CARTESIAN_POINT('Ctrl Pts',(11.779325528189,81.4060092277396,-2.35968947104314));
#6284=CARTESIAN_POINT('Ctrl Pts',(11.9202951698435,81.352103068561,-2.52284800095477));
#6285=CARTESIAN_POINT('Ctrl Pts',(12.0375357066518,81.301815628291,-2.6979298082295));
#6286=CARTESIAN_POINT('Ctrl Pts',(12.1623440294994,81.2433208432155,-2.93993339926458));
#6287=CARTESIAN_POINT('Ctrl Pts',(12.2656515931836,81.1892195683343,-3.25950083283684));
#6288=CARTESIAN_POINT('Ctrl Pts',(12.2932025093029,81.1738338854178,-3.52401837991124));
#6289=CARTESIAN_POINT('Ctrl Pts',(12.2932025093029,81.1738338854178,-3.65505919312182));
#6290=CARTESIAN_POINT('Origin',(11.9324269325227,81.7309373034471,5.));
#6291=CARTESIAN_POINT('',(4.86135912065721,74.6598694915816,-4.));
#6292=CARTESIAN_POINT('',(11.9324269325227,81.7309373034471,-4.));
#6293=CARTESIAN_POINT('',(4.86135912065721,74.6598694915816,-3.99608992783392));
#6294=CARTESIAN_POINT('',(4.86135912065721,74.6598694915816,-4.99999999999999));
#6295=CARTESIAN_POINT('',(9.45755319836977,79.2560635692942,-3.99608992783392));
#6296=CARTESIAN_POINT('',(9.72271824131473,79.5212286122391,-3.99608992783392));
#6297=CARTESIAN_POINT('Ctrl Pts',(11.2231063022592,81.0216221953051,-3.65505920356334));
#6298=CARTESIAN_POINT('Ctrl Pts',(10.9668797096183,80.7653958388928,-3.82541915466323));
#6299=CARTESIAN_POINT('Ctrl Pts',(10.36989068968,80.1684064129337,-3.99670618830589));
#6300=CARTESIAN_POINT('Ctrl Pts',(9.77243597295839,79.5709513950773,-3.99346185194463));
#6301=CARTESIAN_POINT('Ctrl Pts',(9.45755067277251,79.2560660948914,-3.99346185194463));
#6302=CARTESIAN_POINT('Origin',(12.6395337137092,81.0238305222606,-4.));
#6303=CARTESIAN_POINT('',(6.2755726830303,74.6598694915816,-4.99999999999999));
#6304=CARTESIAN_POINT('',(12.6395337137092,81.0238305222606,-5.));
#6305=CARTESIAN_POINT('Origin',(6.2755726830303,74.6598694915816,-4.));
#6306=CARTESIAN_POINT('Origin',(11.9324269325227,81.7309373034471,-4.99999999999999));
#6307=CARTESIAN_POINT('',(11.9324269325227,69.0030152420892,-5.));
#6308=CARTESIAN_POINT('',(18.2963879632016,75.3669762727682,-5.));
#6309=CARTESIAN_POINT('',(7.33623285481013,73.5992093198018,-5.));
#6310=CARTESIAN_POINT('Origin',(18.2963879632016,75.3669762727682,-4.));
#6311=CARTESIAN_POINT('Origin',(11.9324269325227,69.0030152420892,-4.));
#6312=CARTESIAN_POINT('Origin',(17.3241161390701,71.9198307144838,-3.75));
#6313=CARTESIAN_POINT('',(17.7660578773117,72.3617724527253,-3.));
#6314=CARTESIAN_POINT('',(17.3241161390701,71.9198307144838,-3.));
#6315=CARTESIAN_POINT('Origin',(17.7660578773117,72.3617724527253,-3.75));
#6316=CARTESIAN_POINT('Origin',(43.296148212052,41.5283812590859,-3.));
#6317=CARTESIAN_POINT('',(68.8262385467923,21.3015917832448,-3.));
#6318=CARTESIAN_POINT('',(68.3842968085507,20.8596500450032,-3.));
#6319=CARTESIAN_POINT('',(60.184261095176,29.943569234861,-3.));
#6320=CARTESIAN_POINT('Origin',(68.3842968085507,20.8596500450032,-3.75));
#6321=CARTESIAN_POINT('Origin',(68.8262385467923,21.3015917832448,-3.75));
#6322=CARTESIAN_POINT('Origin',(66.8136754138688,16.8141549161683,-4.));
#6323=CARTESIAN_POINT('',(65.4674813361562,15.4679608384557,-5.));
#6324=CARTESIAN_POINT('',(66.8136754138688,16.8141549161683,-5.));
#6325=CARTESIAN_POINT('Origin',(65.4674813361562,15.4679608384557,-4.));
#6326=CARTESIAN_POINT('Origin',(73.5922964241043,1.35186855386524E-14,-5.));
#6327=CARTESIAN_POINT('',(73.1043384778526,11.7911094811673,-5.));
#6328=CARTESIAN_POINT('',(72.4705296633612,11.1573006666759,-5.));
#6329=CARTESIAN_POINT('',(72.5922964241043,9.8388073560454,-5.));
#6330=CARTESIAN_POINT('Origin',(74.5185520402257,10.3768959187942,-5.));
#6331=CARTESIAN_POINT('',(72.5922964241043,0.0196570342649249,-5.));
#6332=CARTESIAN_POINT('',(72.5922964241043,1.35186855386524E-14,-5.));
#6333=CARTESIAN_POINT('',(72.1070150498658,1.32458437765332E-14,-5.));
#6334=CARTESIAN_POINT('Origin',(72.1070150498658,6.00000000000001,-5.));
#6335=CARTESIAN_POINT('',(64.5922964241043,1.18654123598035E-14,-5.));
#6336=CARTESIAN_POINT('',(63.5922964241043,1.16817153399314E-14,-5.));
#6337=CARTESIAN_POINT('',(64.5922964241043,9.00000000000001,-5.));
#6338=CARTESIAN_POINT('',(64.5922964241043,1.26002004392919E-14,-5.));
#6339=CARTESIAN_POINT('',(67.1070150498658,9.00000000000001,-5.));
#6340=CARTESIAN_POINT('',(71.0922964241043,9.00000000000001,-5.));
#6341=CARTESIAN_POINT('',(68.5212286122388,12.4142135623731,-5.));
#6342=CARTESIAN_POINT('Origin',(67.1070150498658,11.,-5.));
#6343=CARTESIAN_POINT('',(72.7798888801303,8.15555329448167,-5.));
#6344=CARTESIAN_POINT('Origin',(72.4705296633612,11.1573006666759,-4.));
#6345=CARTESIAN_POINT('',(73.8114452590391,11.0840026999808,-4.));
#6346=CARTESIAN_POINT('',(73.1776364445477,10.4501938854894,-4.));
#6347=CARTESIAN_POINT('Origin',(73.1043384778526,11.7911094811673,-4.));
#6348=CARTESIAN_POINT('Origin',(78.1954033975141,15.4679608384557,-5.00000000000002));
#6349=CARTESIAN_POINT('',(77.0639162421239,14.3364736830656,-3.));
#6350=CARTESIAN_POINT('Ctrl Pts',(77.4860855258862,14.7586429668279,-2.8777636974592));
#6351=CARTESIAN_POINT('Ctrl Pts',(77.4675840466759,14.7401414876175,-2.88973321612335));
#6352=CARTESIAN_POINT('Ctrl Pts',(77.4491532127555,14.7217106536972,-2.90052575098978));
#6353=CARTESIAN_POINT('Ctrl Pts',(77.3210791278115,14.5936365687532,-2.9689658169738));
#6354=CARTESIAN_POINT('Ctrl Pts',(77.1815882745689,14.4541457155106,-3.));
#6355=CARTESIAN_POINT('Ctrl Pts',(77.063916242124,14.3364736830656,-3.));
#6356=CARTESIAN_POINT('',(73.8114452590391,11.0840026999808,-3.));
#6357=CARTESIAN_POINT('',(75.9856947063061,13.2582521472478,-3.));
#6358=CARTESIAN_POINT('',(73.8114452590391,11.0840026999808,-5.));
#6359=CARTESIAN_POINT('Origin',(14.5411841431588,77.2686267022177,-1.11022302462516E-15));
#6360=CARTESIAN_POINT('',(13.3466404948958,79.2131703504807,-5.66560693529441E-16));
#6361=CARTESIAN_POINT('',(14.9161841431588,77.6436267022177,-2.21966991411007));
#6362=CARTESIAN_POINT('Origin',(14.9161841431588,77.6436267022177,-9.74307441851228E-16));
#6363=CARTESIAN_POINT('',(14.5411841431588,77.2686267022177,-2.));
#6364=CARTESIAN_POINT('Origin',(14.5411841431588,77.2686267022177,-2.75));
#6365=CARTESIAN_POINT('',(15.9553977055319,75.8544131398446,-8.65293664795686E-16));
#6366=CARTESIAN_POINT('Origin',(14.5411841431588,77.2686267022177,-1.11022302462516E-15));
#6367=CARTESIAN_POINT('Origin',(14.5411841431588,77.2686267022177,-1.11022302462516E-15));
#6368=CARTESIAN_POINT('Origin',(14.9161841431588,77.6436267022177,-9.74307441851228E-16));
#6369=CARTESIAN_POINT('Origin',(15.1144074478621,77.8418500069211,-1.11022302462516E-15));
#6370=CARTESIAN_POINT('',(13.3466404948958,80.316723741074,-7.42828984880951E-16));
#6371=CARTESIAN_POINT('Origin',(15.4679608384554,78.1954033975144,-1.11022302462516E-15));
#6372=CARTESIAN_POINT('',(13.3466404948958,79.6096169598874,-8.04061324838319E-16));
#6373=CARTESIAN_POINT('Origin',(15.4679608384554,78.1954033975144,-1.11022302462516E-15));
#6374=CARTESIAN_POINT('',(10.5182133701496,70.4172288044623,-8.65293664795686E-16));
#6375=CARTESIAN_POINT('',(16.8821744008285,76.7811898351413,-8.65293664795686E-16));
#6376=CARTESIAN_POINT('Origin',(9.10399980777651,71.8314423668354,-1.11022302462516E-15));
#6377=CARTESIAN_POINT('Origin',(68.8262385467923,21.3015917832448,-2.));
#6378=CARTESIAN_POINT('',(68.1191317656057,20.5944850020582,-2.));
#6379=CARTESIAN_POINT('Origin',(67.5888016797158,20.0641549161683,-2.));
#6380=CARTESIAN_POINT('Origin',(68.8262385467923,21.3015917832448,-2.));
#6381=CARTESIAN_POINT('Origin',(67.5888016797158,20.0641549161683,2.49999999999999));
#6382=CARTESIAN_POINT('',(68.1191317656057,20.5944850020582,2.));
#6383=CARTESIAN_POINT('Origin',(67.5888016797158,20.0641549161683,2.));
#6384=CARTESIAN_POINT('',(68.1191317656057,20.5944850020582,2.49999999999999));
#6385=CARTESIAN_POINT('Origin',(68.8262385467923,21.3015917832448,2.));
#6386=CARTESIAN_POINT('Origin',(68.8262385467923,21.3015917832448,2.));
#6387=CARTESIAN_POINT('Origin',(17.7660578773117,72.3617724527253,2.));
#6388=CARTESIAN_POINT('',(17.0589510961251,71.6546656715388,2.));
#6389=CARTESIAN_POINT('Origin',(16.5286210102352,71.1243355856489,2.));
#6390=CARTESIAN_POINT('Origin',(17.7660578773117,72.3617724527253,2.));
#6391=CARTESIAN_POINT('Origin',(16.5286210102352,71.1243355856489,-2.5));
#6392=CARTESIAN_POINT('',(17.0589510961251,71.6546656715388,-2.));
#6393=CARTESIAN_POINT('Origin',(16.5286210102352,71.1243355856489,-2.));
#6394=CARTESIAN_POINT('',(17.0589510961251,71.6546656715388,-2.5));
#6395=CARTESIAN_POINT('Origin',(17.7660578773117,72.3617724527253,-2.));
#6396=CARTESIAN_POINT('Origin',(17.7660578773117,72.3617724527253,-2.));
#6397=CARTESIAN_POINT('Origin',(17.3241161390701,71.9198307144838,-3.75));
#6398=CARTESIAN_POINT('',(14.,68.5957145754136,-3.));
#6399=CARTESIAN_POINT('Origin',(14.,68.5957145754136,-3.75));
#6400=CARTESIAN_POINT('',(11.9324269325227,66.5281415079363,-3.));
#6401=CARTESIAN_POINT('',(17.3241161390701,71.9198307144838,-3.));
#6402=CARTESIAN_POINT('Origin',(11.9324269325227,66.5281415079363,-3.75));
#6403=CARTESIAN_POINT('Ctrl Pts',(14.,68.5957145754136,-3.));
#6404=CARTESIAN_POINT('Ctrl Pts',(14.2243994752564,68.9884136571124,-3.));
#6405=CARTESIAN_POINT('Ctrl Pts',(14.748869532261,69.9062362568703,-2.81719838446842));
#6406=CARTESIAN_POINT('Ctrl Pts',(15.,70.3457145754136,-2.29919930034188));
#6407=CARTESIAN_POINT('Ctrl Pts',(15.,70.3457145754136,-2.));
#6408=CARTESIAN_POINT('Ctrl Pts',(13.8413256093515,68.7543889660622,-3.));
#6409=CARTESIAN_POINT('Ctrl Pts',(14.0815631616547,69.130712111605,-3.03669481069974));
#6410=CARTESIAN_POINT('Ctrl Pts',(14.6879922510022,70.024819943684,-2.90652999230752));
#6411=CARTESIAN_POINT('Ctrl Pts',(15.,70.4579143130418,-2.33273133891174));
#6412=CARTESIAN_POINT('Ctrl Pts',(15.,70.4579143130418,-2.));
#6413=CARTESIAN_POINT('Ctrl Pts',(13.5666903059732,69.0290242694405,-3.18843647984595));
#6414=CARTESIAN_POINT('Ctrl Pts',(13.8759546193042,69.3792797006143,-3.2450187847165));
#6415=CARTESIAN_POINT('Ctrl Pts',(14.6520586364776,70.2329492142108,-3.10263740258903));
#6416=CARTESIAN_POINT('Ctrl Pts',(15.0448581898777,70.6541284920755,-2.40490775635515));
#6417=CARTESIAN_POINT('Ctrl Pts',(15.0448581898777,70.6541284920755,-2.));
#6418=CARTESIAN_POINT('Ctrl Pts',(13.4696699141101,69.1260446613036,-3.58170039355769));
#6419=CARTESIAN_POINT('Ctrl Pts',(13.8437414363205,69.499682212789,-3.598553919294));
#6420=CARTESIAN_POINT('Ctrl Pts',(14.7306179252466,70.3866562657879,-3.3317934979741));
#6421=CARTESIAN_POINT('Ctrl Pts',(15.1601670176169,70.8165417648104,-2.48799824737297));
#6422=CARTESIAN_POINT('Ctrl Pts',(15.1601670176169,70.8165417648104,-2.));
#6423=CARTESIAN_POINT('Ctrl Pts',(13.4696699141101,69.1260446613036,-3.75));
#6424=CARTESIAN_POINT('Ctrl Pts',(13.8623689958088,69.5187437430023,-3.75));
#6425=CARTESIAN_POINT('Ctrl Pts',(14.7801915955668,70.4365663427602,-3.43009717281973));
#6426=CARTESIAN_POINT('Ctrl Pts',(15.2196699141101,70.8760446613035,-2.5235987755983));
#6427=CARTESIAN_POINT('Ctrl Pts',(15.2196699141101,70.8760446613035,-2.));
#6428=CARTESIAN_POINT('',(15.,70.3457145754136,-2.));
#6429=CARTESIAN_POINT('Origin',(15.75,70.3457145754136,-2.));
#6430=CARTESIAN_POINT('Origin',(14.,68.5957145754136,-2.));
#6431=CARTESIAN_POINT('Origin',(15.75,70.3457145754136,-2.5));
#6432=CARTESIAN_POINT('',(15.,70.3457145754136,2.));
#6433=CARTESIAN_POINT('Origin',(15.75,70.3457145754136,2.));
#6434=CARTESIAN_POINT('',(15.,70.3457145754136,-2.5));
#6435=CARTESIAN_POINT('Ctrl Pts',(15.,70.3457145754136,2.));
#6436=CARTESIAN_POINT('Ctrl Pts',(15.,70.3457145754136,2.22439947525641));
#6437=CARTESIAN_POINT('Ctrl Pts',(14.8171983844684,70.0258117482334,2.74886953226097));
#6438=CARTESIAN_POINT('Ctrl Pts',(14.2991993003419,69.1193133510119,3.));
#6439=CARTESIAN_POINT('Ctrl Pts',(14.,68.5957145754136,3.));
#6440=CARTESIAN_POINT('Ctrl Pts',(15.,70.4579143130418,2.));
#6441=CARTESIAN_POINT('Ctrl Pts',(15.,70.4579143130418,2.24954850418381));
#6442=CARTESIAN_POINT('Ctrl Pts',(14.7738516238857,70.1432594790578,2.83391305670233));
#6443=CARTESIAN_POINT('Ctrl Pts',(14.1616423457557,69.2561531601193,3.04892641426632));
#6444=CARTESIAN_POINT('Ctrl Pts',(13.8413256093515,68.7543889660621,3.));
#6445=CARTESIAN_POINT('Ctrl Pts',(15.0448581898777,70.6541284920755,2.));
#6446=CARTESIAN_POINT('Ctrl Pts',(15.0448581898777,70.6541284920755,2.30368081726636));
#6447=CARTESIAN_POINT('Ctrl Pts',(14.7606334212986,70.3487820848499,3.01462639054943));
#6448=CARTESIAN_POINT('Ctrl Pts',(13.9790427237478,69.4960315110055,3.26387955300668));
#6449=CARTESIAN_POINT('Ctrl Pts',(13.5666903059732,69.0290242694404,3.18843647984595));
#6450=CARTESIAN_POINT('Ctrl Pts',(15.1601670176169,70.8165417648104,2.));
#6451=CARTESIAN_POINT('Ctrl Pts',(15.1601670176169,70.8165417648104,2.36599868552973));
#6452=CARTESIAN_POINT('Ctrl Pts',(14.8478614473435,70.5041189413478,3.22172284883522));
#6453=CARTESIAN_POINT('Ctrl Pts',(13.9684319437239,69.6242280632841,3.60417176120611));
#6454=CARTESIAN_POINT('Ctrl Pts',(13.4696699141101,69.1260446613035,3.58170039355769));
#6455=CARTESIAN_POINT('Ctrl Pts',(15.2196699141101,70.8760446613035,2.));
#6456=CARTESIAN_POINT('Ctrl Pts',(15.2196699141101,70.8760446613035,2.39269908169872));
#6457=CARTESIAN_POINT('Ctrl Pts',(14.8997670869298,70.5561418341233,3.31052168145669));
#6458=CARTESIAN_POINT('Ctrl Pts',(13.9932686897084,69.6496434369018,3.75));
#6459=CARTESIAN_POINT('Ctrl Pts',(13.4696699141101,69.1260446613035,3.75));
#6460=CARTESIAN_POINT('',(14.,68.5957145754136,3.));
#6461=CARTESIAN_POINT('Origin',(14.,68.5957145754136,3.75));
#6462=CARTESIAN_POINT('Origin',(14.,68.5957145754136,2.));
#6463=CARTESIAN_POINT('Origin',(17.3241161390701,71.9198307144838,3.75));
#6464=CARTESIAN_POINT('',(11.9324269325227,66.5281415079363,3.));
#6465=CARTESIAN_POINT('',(17.3241161390701,71.9198307144838,3.));
#6466=CARTESIAN_POINT('Origin',(11.9324269325227,66.5281415079363,3.75));
#6467=CARTESIAN_POINT('Origin',(23.9903653187063,54.4702031217527,-3.75));
#6468=CARTESIAN_POINT('',(4.30928338007492,74.1512850603841,-3.));
#6469=CARTESIAN_POINT('',(23.9903653187063,54.4702031217527,-3.));
#6470=CARTESIAN_POINT('',(4.83961346596483,74.681615146274,-3.75));
#6471=CARTESIAN_POINT('Origin',(4.30928338007492,74.1512850603841,-3.75));
#6472=CARTESIAN_POINT('',(24.5206954045962,55.0005332076426,-3.75));
#6473=CARTESIAN_POINT('Origin',(23.9903653187063,54.4702031217527,3.75));
#6474=CARTESIAN_POINT('',(4.83961346596483,74.681615146274,3.75));
#6475=CARTESIAN_POINT('',(24.5206954045962,55.0005332076426,3.75));
#6476=CARTESIAN_POINT('',(4.30928338007492,74.1512850603841,3.));
#6477=CARTESIAN_POINT('Origin',(4.30928338007492,74.1512850603841,3.75));
#6478=CARTESIAN_POINT('',(23.9903653187063,54.4702031217527,3.));
#6479=CARTESIAN_POINT('Origin',(23.9903653187063,54.4702031217527,-3.75));
#6480=CARTESIAN_POINT('',(3.76655223341081,74.8024994714117,-3.00393318618469));
#6481=CARTESIAN_POINT('Ctrl Pts',(3.76655223341081,74.8024994714117,-3.00393318618469));
#6482=CARTESIAN_POINT('Ctrl Pts',(3.79308791273125,74.8051865924209,-3.00605778462205));
#6483=CARTESIAN_POINT('Ctrl Pts',(3.8202171629829,74.8056768745853,-3.0088685984559));
#6484=CARTESIAN_POINT('Ctrl Pts',(3.90778570676784,74.8050996944275,-3.02034636820942));
#6485=CARTESIAN_POINT('Ctrl Pts',(3.97174211865442,74.8021307824381,-3.03187277568039));
#6486=CARTESIAN_POINT('Ctrl Pts',(4.17299285307728,74.7905415314515,-3.0827976956253));
#6487=CARTESIAN_POINT('Ctrl Pts',(4.31890554344165,74.7790758865795,-3.14005887555597));
#6488=CARTESIAN_POINT('Ctrl Pts',(4.53722282126841,74.756384224559,-3.27838707506638));
#6489=CARTESIAN_POINT('Ctrl Pts',(4.62895946230995,74.744714461244,-3.35559570999284));
#6490=CARTESIAN_POINT('Ctrl Pts',(4.77071197020845,74.7169509263568,-3.5379291479263));
#6491=CARTESIAN_POINT('Ctrl Pts',(4.82044975864214,74.7007788535967,-3.64325804469862));
#6492=CARTESIAN_POINT('Ctrl Pts',(4.83961346596483,74.681615146274,-3.75));
#6493=CARTESIAN_POINT('',(3.71231060122908,74.7482578392299,-3.));
#6494=CARTESIAN_POINT('',(23.9903653187063,54.4702031217527,-3.));
#6495=CARTESIAN_POINT('Origin',(3.71231060122908,74.7482578392299,-3.75));
#6496=CARTESIAN_POINT('Origin',(3.71231060122908,74.7482578392299,-2.));
#6497=CARTESIAN_POINT('',(3.66811642740492,74.7924520130541,-2.99804496391696));
#6498=CARTESIAN_POINT('Ctrl Pts',(3.66811642740492,74.7924520130541,-2.99804496391696));
#6499=CARTESIAN_POINT('Ctrl Pts',(3.66952932395852,74.7925961128304,-2.99810114718259));
#6500=CARTESIAN_POINT('Ctrl Pts',(3.67094217208129,74.7927402666993,-2.99815854040158));
#6501=CARTESIAN_POINT('Ctrl Pts',(3.70359478926004,74.7960730386292,-2.99951298476222));
#6502=CARTESIAN_POINT('Ctrl Pts',(3.73504011668479,74.7993084141986,-3.00141014567212));
#6503=CARTESIAN_POINT('Ctrl Pts',(3.7665522334108,74.8024994714117,-3.00393318618469));
#6504=CARTESIAN_POINT('Origin',(3.71231060122908,74.7482578392299,-2.));
#6505=CARTESIAN_POINT('Origin',(23.9903653187063,54.4702031217527,3.75));
#6506=CARTESIAN_POINT('',(3.7665522334108,74.8024994714117,3.00393318618469));
#6507=CARTESIAN_POINT('Ctrl Pts',(4.83961346596484,74.681615146274,3.75));
#6508=CARTESIAN_POINT('Ctrl Pts',(4.82044975864216,74.7007788535967,3.64325804469862));
#6509=CARTESIAN_POINT('Ctrl Pts',(4.77071197020845,74.7169509263568,3.5379291479263));
#6510=CARTESIAN_POINT('Ctrl Pts',(4.62895946230994,74.744714461244,3.35559570999284));
#6511=CARTESIAN_POINT('Ctrl Pts',(4.53722282126841,74.756384224559,3.27838707506638));
#6512=CARTESIAN_POINT('Ctrl Pts',(4.31890554344166,74.7790758865795,3.14005887555598));
#6513=CARTESIAN_POINT('Ctrl Pts',(4.17299285307728,74.7905415314515,3.0827976956253));
#6514=CARTESIAN_POINT('Ctrl Pts',(3.97174211865442,74.8021307824381,3.03187277568039));
#6515=CARTESIAN_POINT('Ctrl Pts',(3.90778570676784,74.8050996944275,3.02034636820942));
#6516=CARTESIAN_POINT('Ctrl Pts',(3.82021716298308,74.8056768745853,3.00886859845593));
#6517=CARTESIAN_POINT('Ctrl Pts',(3.79308791273158,74.8051865924209,3.00605778462209));
#6518=CARTESIAN_POINT('Ctrl Pts',(3.76655223341128,74.8024994714117,3.00393318618473));
#6519=CARTESIAN_POINT('',(3.71231060122908,74.7482578392299,3.));
#6520=CARTESIAN_POINT('Origin',(3.71231060122908,74.7482578392299,3.75));
#6521=CARTESIAN_POINT('',(23.9903653187063,54.4702031217527,3.));
#6522=CARTESIAN_POINT('Origin',(3.71231060122908,74.7482578392299,2.));
#6523=CARTESIAN_POINT('',(3.66811642740492,74.7924520130541,2.99804496391696));
#6524=CARTESIAN_POINT('Ctrl Pts',(3.7665522334108,74.8024994714117,3.00393318618469));
#6525=CARTESIAN_POINT('Ctrl Pts',(3.73504011668467,74.7993084141986,3.00141014567211));
#6526=CARTESIAN_POINT('Ctrl Pts',(3.70359478925991,74.7960730386296,2.9995129847622));
#6527=CARTESIAN_POINT('Ctrl Pts',(3.6709421720817,74.7927402666992,2.9981585404016));
#6528=CARTESIAN_POINT('Ctrl Pts',(3.66952932395836,74.7925961128304,2.99810114718259));
#6529=CARTESIAN_POINT('Ctrl Pts',(3.66811642740491,74.7924520130541,2.99804496391696));
#6530=CARTESIAN_POINT('Origin',(3.71231060122908,74.7482578392299,2.));
#6531=CARTESIAN_POINT('Origin',(8.39689302658996,71.1243355856489,-1.11022302462516E-15));
#6532=CARTESIAN_POINT('Origin',(4.15425233947067,75.3669762727682,-3.99608992783391));
#6533=CARTESIAN_POINT('',(6.62912607362359,72.8921025386152,-4.));
#6534=CARTESIAN_POINT('Origin',(9.10399980777651,80.1399470457774,-2.));
#6535=CARTESIAN_POINT('',(8.79464059100738,79.9189761766566,-2.99804496391696));
#6536=CARTESIAN_POINT('',(9.05980563395235,80.1841412196015,-2.99804496391696));
#6537=CARTESIAN_POINT('',(1.73223304703334,72.7681802850342,-3.));
#6538=CARTESIAN_POINT('',(9.10399980777651,80.1399470457774,-3.));
#6539=CARTESIAN_POINT('',(1.0251262658468,73.4752870662207,-2.));
#6540=CARTESIAN_POINT('Origin',(1.73223304703334,72.7681802850342,-2.));
#6541=CARTESIAN_POINT('',(8.131727983645,80.581888784019,-2.));
#6542=CARTESIAN_POINT('',(8.39689302658996,80.8470538269639,-2.));
#6543=CARTESIAN_POINT('Origin',(8.83883476483154,79.8747820028324,-2.));
#6544=CARTESIAN_POINT('Origin',(43.296148212052,41.5283812590859,-3.));
#6545=CARTESIAN_POINT('',(14.,58.5477272147528,-3.));
#6546=CARTESIAN_POINT('',(14.,57.6209990133749,-3.));
#6547=CARTESIAN_POINT('',(6.03162084352097,50.5793480582737,-3.));
#6548=CARTESIAN_POINT('',(13.4385643764501,57.9862915912028,-3.));
#6549=CARTESIAN_POINT('',(14.,42.6109689017947,-3.));
#6550=CARTESIAN_POINT('',(21.7411305730969,34.8698383286978,-3.));
#6551=CARTESIAN_POINT('',(14.,18.5,-3.));
#6552=CARTESIAN_POINT('',(14.,57.6209990133749,-3.));
#6553=CARTESIAN_POINT('',(18.5,14.,-3.));
#6554=CARTESIAN_POINT('Origin',(18.5,18.5,-3.));
#6555=CARTESIAN_POINT('',(45.2979746703036,14.,-3.));
#6556=CARTESIAN_POINT('',(29.148074106026,14.,-3.));
#6557=CARTESIAN_POINT('',(46.9731034742221,12.3248711960815,-3.));
#6558=CARTESIAN_POINT('',(39.1065405335217,20.1914341367818,-3.));
#6559=CARTESIAN_POINT('',(49.8015305989683,12.3248711960815,-3.));
#6560=CARTESIAN_POINT('Origin',(48.3873170365952,13.7390847584546,-3.));
#6561=CARTESIAN_POINT('',(51.4766594028868,14.,-3.));
#6562=CARTESIAN_POINT('',(56.4600735293563,18.9834141264695,-3.));
#6563=CARTESIAN_POINT('',(63.2065480264149,14.,-3.));
#6564=CARTESIAN_POINT('',(29.148074106026,14.,-3.));
#6565=CARTESIAN_POINT('',(64.1976984807482,14.2628699597109,-2.99999999999998));
#6566=CARTESIAN_POINT('Origin',(63.2065480264149,16.,-3.));
#6567=CARTESIAN_POINT('',(67.2837917451624,11.1767766952966,-3.));
#6568=CARTESIAN_POINT('',(53.5863196452693,24.8742487951898,-3.));
#6569=CARTESIAN_POINT('',(67.1070150498658,10.75,-3.));
#6570=CARTESIAN_POINT('Origin',(67.1070150498658,11.,-3.));
#6571=CARTESIAN_POINT('',(64.5766099074028,10.75,-3.));
#6572=CARTESIAN_POINT('',(55.9442223180782,10.75,-3.));
#6573=CARTESIAN_POINT('',(62.5922964241043,9.00000000000001,-3.));
#6574=CARTESIAN_POINT('Ctrl Pts',(62.5922964241043,9.00000000000001,-3.));
#6575=CARTESIAN_POINT('Ctrl Pts',(62.5929936496535,9.00184468541092,-3.));
#6576=CARTESIAN_POINT('Ctrl Pts',(62.5936912289852,9.00368941234697,-3.));
#6577=CARTESIAN_POINT('Ctrl Pts',(62.6609475910049,9.18174762801714,-2.99999999999999));
#6578=CARTESIAN_POINT('Ctrl Pts',(62.762828243673,9.44800433303705,-3.));
#6579=CARTESIAN_POINT('Ctrl Pts',(62.9404236075332,9.77994431969565,-3.));
#6580=CARTESIAN_POINT('Ctrl Pts',(63.1015832878822,10.0145918876376,-3.));
#6581=CARTESIAN_POINT('Ctrl Pts',(63.2910460619868,10.2258077009528,-3.));
#6582=CARTESIAN_POINT('Ctrl Pts',(63.5824347081048,10.4701418352051,-3.));
#6583=CARTESIAN_POINT('Ctrl Pts',(64.0069559835339,10.6885766905437,-3.));
#6584=CARTESIAN_POINT('Ctrl Pts',(64.3882235633087,10.75,-3.));
#6585=CARTESIAN_POINT('Ctrl Pts',(64.5766099074028,10.75,-3.));
#6586=CARTESIAN_POINT('',(62.5922964241043,1.00000000000001,-3.));
#6587=CARTESIAN_POINT('',(62.5922964241043,20.764190629543,-3.));
#6588=CARTESIAN_POINT('',(15.,1.,-3.));
#6589=CARTESIAN_POINT('',(21.648074106026,1.00000000000001,-3.));
#6590=CARTESIAN_POINT('',(15.,11.,-3.));
#6591=CARTESIAN_POINT('',(15.,20.764190629543,-3.));
#6592=CARTESIAN_POINT('',(3.,11.,-3.));
#6593=CARTESIAN_POINT('',(26.148074106026,11.,-3.));
#6594=CARTESIAN_POINT('',(3.,1.05051025721682,-3.));
#6595=CARTESIAN_POINT('',(3.,20.764190629543,-3.));
#6596=CARTESIAN_POINT('',(0.999999999999987,3.49999999999999,-3.));
#6597=CARTESIAN_POINT('Origin',(3.49999999999999,3.5,-3.));
#6598=CARTESIAN_POINT('',(0.99999999999971,71.0004133320678,-3.));
#6599=CARTESIAN_POINT('',(0.99999999999977,56.9892710297297,-3.));
#6600=CARTESIAN_POINT('Origin',(3.49999999999971,71.0004133320678,-3.));
#6601=CARTESIAN_POINT('Origin',(71.1243355856486,22.5390286503212,5.));
#6602=CARTESIAN_POINT('',(63.7385871879592,15.1532802526318,2.00000000000003));
#6603=CARTESIAN_POINT('',(63.7385871879542,15.1532802526278,2.69855221535882));
#6604=CARTESIAN_POINT('',(63.7385871879592,15.1532802526318,-5.));
#6605=CARTESIAN_POINT('',(63.2783874679389,14.6930805326562,2.72275191450017));
#6606=CARTESIAN_POINT('Ctrl Pts',(63.2783874679757,14.6930805326483,2.72275191453215));
#6607=CARTESIAN_POINT('Ctrl Pts',(63.3058437598503,14.720536824523,2.69797829735851));
#6608=CARTESIAN_POINT('Ctrl Pts',(63.332133815789,14.7468268804616,2.67249048366074));
#6609=CARTESIAN_POINT('Ctrl Pts',(63.4567584666839,14.8714515313565,2.54460045952987));
#6610=CARTESIAN_POINT('Ctrl Pts',(63.567308607312,14.9820016719846,2.40495844771149));
#6611=CARTESIAN_POINT('Ctrl Pts',(63.6719197275161,15.0866127921888,2.22499078623064));
#6612=CARTESIAN_POINT('Ctrl Pts',(63.7010368069495,15.1157298716221,2.16845765825879));
#6613=CARTESIAN_POINT('Ctrl Pts',(63.7297870536798,15.1444801183525,2.08140706541132));
#6614=CARTESIAN_POINT('Ctrl Pts',(63.7385871879592,15.1532802526318,2.03779454945532));
#6615=CARTESIAN_POINT('Ctrl Pts',(63.7385871879592,15.1532802526318,2.00000000000003));
#6616=CARTESIAN_POINT('Ctrl Pts',(63.7385252660568,15.1533059598788,2.69884441159778));
#6617=CARTESIAN_POINT('Ctrl Pts',(63.7340196815325,15.1488243011205,2.69536803324287));
#6618=CARTESIAN_POINT('Ctrl Pts',(63.7294734656942,15.1443034539597,2.69199328465666));
#6619=CARTESIAN_POINT('Ctrl Pts',(63.7248869139672,15.1397445914629,2.68872370742945));
#6620=CARTESIAN_POINT('Ctrl Pts',(63.7142668119225,15.1291886034776,2.68115304304734));
#6621=CARTESIAN_POINT('Ctrl Pts',(63.7034302107437,15.118428667895,2.67414619544809));
#6622=CARTESIAN_POINT('Ctrl Pts',(63.6923937819555,15.1074768202351,2.66773381562221));
#6623=CARTESIAN_POINT('Ctrl Pts',(63.665193300167,15.0804847978572,2.65192980655169));
#6624=CARTESIAN_POINT('Ctrl Pts',(63.6371623152609,15.0527103930267,2.63995445359313));
#6625=CARTESIAN_POINT('Ctrl Pts',(63.6085948346781,15.0243392700244,2.63195318317883));
#6626=CARTESIAN_POINT('Ctrl Pts',(63.584403580193,15.0003142932824,2.62517762002633));
#6627=CARTESIAN_POINT('Ctrl Pts',(63.5598276389771,14.9758599307256,2.62125286747407));
#6628=CARTESIAN_POINT('Ctrl Pts',(63.5350369253092,14.9511244480905,2.62028011236839));
#6629=CARTESIAN_POINT('Ctrl Pts',(63.5305522563476,14.946649770487,2.62010413983738));
#6630=CARTESIAN_POINT('Ctrl Pts',(63.5260605338867,14.9421660263599,2.6200247945111));
#6631=CARTESIAN_POINT('Ctrl Pts',(63.521562730504,14.9376742842637,2.62004270619945));
#6632=CARTESIAN_POINT('Ctrl Pts',(63.4990109949016,14.9151529396146,2.620132514407));
#6633=CARTESIAN_POINT('Ctrl Pts',(63.4766235605661,14.8927388715153,2.62266739566018));
#6634=CARTESIAN_POINT('Ctrl Pts',(63.4545375264345,14.8705529960415,2.62756155648281));
#6635=CARTESIAN_POINT('Ctrl Pts',(63.4327277166672,14.8486445936223,2.63239450729127));
#6636=CARTESIAN_POINT('Ctrl Pts',(63.4112113877229,14.8269580829777,2.63952666352506));
#6637=CARTESIAN_POINT('Ctrl Pts',(63.3900771515107,14.8056202816046,2.64889803956644));
#6638=CARTESIAN_POINT('Ctrl Pts',(63.3703953908187,14.7857489460093,2.65762535664336));
#6639=CARTESIAN_POINT('Ctrl Pts',(63.3512247088727,14.7663542470928,2.66822120653715));
#6640=CARTESIAN_POINT('Ctrl Pts',(63.3326135302088,14.7475434104516,2.68056039800325));
#6641=CARTESIAN_POINT('Ctrl Pts',(63.3150366833023,14.7297780017262,2.69221382862504));
#6642=CARTESIAN_POINT('Ctrl Pts',(63.2979578671651,14.7125329576259,2.70542151526113));
#6643=CARTESIAN_POINT('Ctrl Pts',(63.2813904380316,14.695890395975,2.7201187520928));
#6644=CARTESIAN_POINT('Ctrl Pts',(63.2804155067381,14.6949110434135,2.72098362955815));
#6645=CARTESIAN_POINT('Ctrl Pts',(63.2794423405975,14.6939337756807,2.72185367910033));
#6646=CARTESIAN_POINT('Ctrl Pts',(63.2784709403454,14.6929586090073,2.72272889292957));
#6647=CARTESIAN_POINT('Ctrl Pts',(63.7418432002485,15.7793854119904,3.2257250082114));
#6648=CARTESIAN_POINT('Ctrl Pts',(63.8038330979062,15.7173955143326,3.28931025493167));
#6649=CARTESIAN_POINT('Ctrl Pts',(63.9299956406087,15.5912329716302,3.41299172885554));
#6650=CARTESIAN_POINT('Ctrl Pts',(64.2444036051812,15.2768250070577,3.65546223471381));
#6651=CARTESIAN_POINT('Ctrl Pts',(64.5236950980761,14.9975335141628,3.75000000000003));
#6652=CARTESIAN_POINT('Ctrl Pts',(64.7280285666381,14.7932000456008,3.75000000000003));
#6653=CARTESIAN_POINT('Ctrl Pts',(63.8039973524233,15.7172312598156,3.10453558987772));
#6654=CARTESIAN_POINT('Ctrl Pts',(63.8628210423512,15.6583599350319,3.17171185705191));
#6655=CARTESIAN_POINT('Ctrl Pts',(63.9806486016065,15.54051792068,3.29808906978439));
#6656=CARTESIAN_POINT('Ctrl Pts',(64.2738421339236,15.247211136688,3.54061138823237));
#6657=CARTESIAN_POINT('Ctrl Pts',(64.5358971297621,14.9853467944948,3.63479481064476));
#6658=CARTESIAN_POINT('Ctrl Pts',(64.7280285666381,14.7932000456008,3.63780026237182));
#6659=CARTESIAN_POINT('Ctrl Pts',(63.8625029655289,15.5281222924833,2.86313364065777));
#6660=CARTESIAN_POINT('Ctrl Pts',(63.9200535343491,15.4804359534336,2.93739920330767));
#6661=CARTESIAN_POINT('Ctrl Pts',(64.0288752964103,15.3866544648426,3.06900977249388));
#6662=CARTESIAN_POINT('Ctrl Pts',(64.2909855180276,15.1466120224156,3.31148605371642));
#6663=CARTESIAN_POINT('Ctrl Pts',(64.5219825174161,14.9227200679407,3.4047714211366));
#6664=CARTESIAN_POINT('Ctrl Pts',(64.6917350112764,14.7569064902391,3.41375335578206));
#6665=CARTESIAN_POINT('Ctrl Pts',(63.701663035482,15.0824464264747,2.58544421692732));
#6666=CARTESIAN_POINT('Ctrl Pts',(63.7775657943333,15.0567184792006,2.65743039147696));
#6667=CARTESIAN_POINT('Ctrl Pts',(63.9056029946047,15.0073630337186,2.78030329829701));
#6668=CARTESIAN_POINT('Ctrl Pts',(64.169800358343,14.8615067339954,3.00007042245419));
#6669=CARTESIAN_POINT('Ctrl Pts',(64.3697973998097,14.7020583930273,3.0850524258528));
#6670=CARTESIAN_POINT('Ctrl Pts',(64.5143023984699,14.5794738774326,3.0983932140207));
#6671=CARTESIAN_POINT('Ctrl Pts',(63.3991874444196,14.8044186322001,2.60927862033066));
#6672=CARTESIAN_POINT('Ctrl Pts',(63.4974161747369,14.7794796675227,2.66071936209643));
#6673=CARTESIAN_POINT('Ctrl Pts',(63.6612162794437,14.7365285529535,2.75317836904435));
#6674=CARTESIAN_POINT('Ctrl Pts',(63.971558403305,14.6189108737623,2.92616164816022));
#6675=CARTESIAN_POINT('Ctrl Pts',(64.1748402293541,14.4855356685289,2.9928316377464));
#6676=CARTESIAN_POINT('Ctrl Pts',(64.3167042737345,14.3818757526973,3.00000000000003));
#6677=CARTESIAN_POINT('Ctrl Pts',(63.2150523436087,14.7137646353392,2.70041429040652));
#6678=CARTESIAN_POINT('Ctrl Pts',(63.3207591814672,14.6788065399345,2.73674871710381));
#6679=CARTESIAN_POINT('Ctrl Pts',(63.5011358388508,14.6223744403258,2.8074238450603));
#6680=CARTESIAN_POINT('Ctrl Pts',(63.8408163983955,14.4920212365358,2.94597841983648));
#6681=CARTESIAN_POINT('Ctrl Pts',(64.0525663243995,14.3634448339839,3.00000000000003));
#6682=CARTESIAN_POINT('Ctrl Pts',(64.1976984807482,14.2628699597109,3.00000000000003));
#6683=CARTESIAN_POINT('',(64.1976984807482,14.2628699597109,3.00000000000003));
#6684=CARTESIAN_POINT('Ctrl Pts',(63.2783626484596,14.6929939015874,2.72268992076422));
#6685=CARTESIAN_POINT('Ctrl Pts',(63.3574881284773,14.6672064961444,2.75116459091642));
#6686=CARTESIAN_POINT('Ctrl Pts',(63.5161058293329,14.6166296717036,2.81353005457795));
#6687=CARTESIAN_POINT('Ctrl Pts',(63.8408163983955,14.4920212365358,2.94597841983648));
#6688=CARTESIAN_POINT('Ctrl Pts',(64.0525663243995,14.3634448339839,3.00000000000003));
#6689=CARTESIAN_POINT('Ctrl Pts',(64.1976984807482,14.2628699597109,3.00000000000003));
#6690=CARTESIAN_POINT('',(64.7280285666381,14.7932000456008,3.75000000000003));
#6691=CARTESIAN_POINT('Origin',(64.1976984807482,14.2628699597109,3.75000000000003));
#6692=CARTESIAN_POINT('Ctrl Pts',(64.7280285666381,14.7932000456008,3.75000000000003));
#6693=CARTESIAN_POINT('Ctrl Pts',(64.5236950980761,14.9975335141628,3.75000000000003));
#6694=CARTESIAN_POINT('Ctrl Pts',(64.2906342489022,15.2305943633367,3.67111090950812));
#6695=CARTESIAN_POINT('Ctrl Pts',(64.0800351026488,15.4411935095901,3.52539045318914));
#6696=CARTESIAN_POINT('Ctrl Pts',(64.0533361410757,15.4678924711632,3.50570125096119));
#6697=CARTESIAN_POINT('Ctrl Pts',(64.0532677737831,15.4679608384558,3.50588659679374));
#6698=CARTESIAN_POINT('Ctrl Pts',(64.0532677737831,15.4679608384558,3.38363873213396));
#6699=CARTESIAN_POINT('Ctrl Pts',(64.0411278105806,15.4471043029733,3.26346927097228));
#6700=CARTESIAN_POINT('Ctrl Pts',(63.9844937462492,15.3697793439863,3.03408889195987));
#6701=CARTESIAN_POINT('Ctrl Pts',(63.9396986208422,15.3142002396379,2.93070434897051));
#6702=CARTESIAN_POINT('Ctrl Pts',(63.8348916972927,15.2203136893827,2.78742680357776));
#6703=CARTESIAN_POINT('Ctrl Pts',(63.789809279259,15.1854658235862,2.74047370712548));
#6704=CARTESIAN_POINT('Ctrl Pts',(63.7385871879542,15.1532802526287,2.69855221535826));
#6705=CARTESIAN_POINT('Origin',(53.5863196452693,24.8742487951898,3.75));
#6706=CARTESIAN_POINT('',(67.2837917451624,11.1767766952966,3.));
#6707=CARTESIAN_POINT('',(67.8141218310523,11.7071067811866,3.75));
#6708=CARTESIAN_POINT('Origin',(67.2837917451624,11.1767766952966,3.75));
#6709=CARTESIAN_POINT('',(54.1166497311592,25.4045788810797,3.75));
#6710=CARTESIAN_POINT('',(53.5863196452693,24.8742487951898,3.));
#6711=CARTESIAN_POINT('Ctrl Pts',(67.1070150498658,10.75,3.));
#6712=CARTESIAN_POINT('Ctrl Pts',(67.2740597093456,10.75,3.));
#6713=CARTESIAN_POINT('Ctrl Pts',(67.3379849329936,10.9043291419087,3.));
#6714=CARTESIAN_POINT('Ctrl Pts',(67.4019101566416,11.0586582838175,3.));
#6715=CARTESIAN_POINT('Ctrl Pts',(67.2837917451624,11.1767766952967,3.));
#6716=CARTESIAN_POINT('Ctrl Pts',(67.1070150498658,10.,3.));
#6717=CARTESIAN_POINT('Ctrl Pts',(67.775193687785,10.,3.));
#6718=CARTESIAN_POINT('Ctrl Pts',(68.030894582377,10.6173165676349,3.));
#6719=CARTESIAN_POINT('Ctrl Pts',(68.286595476969,11.2346331352698,3.));
#6720=CARTESIAN_POINT('Ctrl Pts',(67.8141218310523,11.7071067811866,3.));
#6721=CARTESIAN_POINT('Ctrl Pts',(67.1070150498658,10.,3.75));
#6722=CARTESIAN_POINT('Ctrl Pts',(67.775193687785,10.,3.75));
#6723=CARTESIAN_POINT('Ctrl Pts',(68.030894582377,10.6173165676349,3.75));
#6724=CARTESIAN_POINT('Ctrl Pts',(68.286595476969,11.2346331352698,3.75));
#6725=CARTESIAN_POINT('Ctrl Pts',(67.8141218310523,11.7071067811866,3.75));
#6726=CARTESIAN_POINT('',(67.1070150498658,10.75,3.));
#6727=CARTESIAN_POINT('',(67.1070150498658,10.,3.75));
#6728=CARTESIAN_POINT('Origin',(67.1070150498658,10.75,3.75));
#6729=CARTESIAN_POINT('Origin',(67.1070150498658,11.,3.75));
#6730=CARTESIAN_POINT('Origin',(67.1070150498658,11.,3.));
#6731=CARTESIAN_POINT('Origin',(55.9442223180782,10.75,3.75));
#6732=CARTESIAN_POINT('',(64.5766099074028,10.75,3.));
#6733=CARTESIAN_POINT('',(64.5766099074028,10.,3.75));
#6734=CARTESIAN_POINT('Origin',(64.5766099074028,10.75,3.75));
#6735=CARTESIAN_POINT('',(55.9442223180782,10.,3.75));
#6736=CARTESIAN_POINT('',(55.9442223180782,10.75,3.));
#6737=CARTESIAN_POINT('Ctrl Pts',(64.5766099074028,10.,3.75));
#6738=CARTESIAN_POINT('Ctrl Pts',(64.4676990522234,10.,3.73998702957173));
#6739=CARTESIAN_POINT('Ctrl Pts',(64.2450961373505,9.96487479394378,3.7151290058125));
#6740=CARTESIAN_POINT('Ctrl Pts',(63.9898605331978,9.83995011792904,3.65768608624693));
#6741=CARTESIAN_POINT('Ctrl Pts',(63.8001601595865,9.70044420477252,3.57548185456156));
#6742=CARTESIAN_POINT('Ctrl Pts',(63.6046304843675,9.53906508093502,3.46417885232214));
#6743=CARTESIAN_POINT('Ctrl Pts',(63.3474092487035,9.30639345997467,3.21825608712073));
#6744=CARTESIAN_POINT('Ctrl Pts',(62.8678780304119,9.10388986557258,3.00156002323494));
#6745=CARTESIAN_POINT('Ctrl Pts',(62.5978683457204,9.00210798903894,3.00001273505832));
#6746=CARTESIAN_POINT('Ctrl Pts',(62.5950853263015,9.00105410594907,3.));
#6747=CARTESIAN_POINT('Ctrl Pts',(62.5922964241043,9.00000000000001,3.));
#6748=CARTESIAN_POINT('Ctrl Pts',(64.5766099074028,10.,3.52560052474359));
#6749=CARTESIAN_POINT('Ctrl Pts',(64.4679530434035,10.0030874467972,3.51750412422533));
#6750=CARTESIAN_POINT('Ctrl Pts',(64.2444353410985,9.97516538658292,3.49710404717061));
#6751=CARTESIAN_POINT('Ctrl Pts',(63.9786313654643,9.86323380720991,3.45166864915379));
#6752=CARTESIAN_POINT('Ctrl Pts',(63.7707034538175,9.73376393207627,3.38924957290999));
#6753=CARTESIAN_POINT('Ctrl Pts',(63.5545064309557,9.5800284454608,3.30688749347755));
#6754=CARTESIAN_POINT('Ctrl Pts',(63.2560358879891,9.34791469406382,3.13549130653196));
#6755=CARTESIAN_POINT('Ctrl Pts',(62.8282693434055,9.11883141588496,3.00097509641793));
#6756=CARTESIAN_POINT('Ctrl Pts',(62.5970741224642,9.00240841382405,3.00000782474232));
#6757=CARTESIAN_POINT('Ctrl Pts',(62.5946869117019,9.00120469251327,3.));
#6758=CARTESIAN_POINT('Ctrl Pts',(62.5922964241043,9.00000000000001,3.));
#6759=CARTESIAN_POINT('Ctrl Pts',(64.5766099074028,10.1884274761598,3.13719675084592));
#6760=CARTESIAN_POINT('Ctrl Pts',(64.4476666546907,10.1931882271385,3.13475798785973));
#6761=CARTESIAN_POINT('Ctrl Pts',(64.1827952960453,10.1636325046348,3.12877467367972));
#6762=CARTESIAN_POINT('Ctrl Pts',(63.8677558901328,10.0346293694468,3.11546750522043));
#6763=CARTESIAN_POINT('Ctrl Pts',(63.6250355422984,9.88331847264115,3.09791713968269));
#6764=CARTESIAN_POINT('Ctrl Pts',(63.3841644401492,9.70196761251246,3.07530295374209));
#6765=CARTESIAN_POINT('Ctrl Pts',(63.0752863080973,9.42330511183623,3.03104591521095));
#6766=CARTESIAN_POINT('Ctrl Pts',(62.7592884598196,9.14470425680645,3.00020481218302));
#6767=CARTESIAN_POINT('Ctrl Pts',(62.595681784209,9.00293610680593,3.00000194816842));
#6768=CARTESIAN_POINT('Ctrl Pts',(62.5939896861527,9.00146821900061,3.));
#6769=CARTESIAN_POINT('Ctrl Pts',(62.5922964241043,9.00000000000001,3.));
#6770=CARTESIAN_POINT('Ctrl Pts',(64.5766099074028,10.5817003935577,3.));
#6771=CARTESIAN_POINT('Ctrl Pts',(64.4060213401075,10.5831184241474,3.00002581905049));
#6772=CARTESIAN_POINT('Ctrl Pts',(64.0595914604316,10.5312315081894,2.99991574288819));
#6773=CARTESIAN_POINT('Ctrl Pts',(63.6677420070251,10.3394278799458,2.99998612014747));
#6774=CARTESIAN_POINT('Ctrl Pts',(63.3911261677721,10.1230828956802,3.00004021744668));
#6775=CARTESIAN_POINT('Ctrl Pts',(63.1414744188358,9.87093183338962,3.00010898822589));
#6776=CARTESIAN_POINT('Ctrl Pts',(62.8799322627064,9.50227100163764,3.00018592006995));
#6777=CARTESIAN_POINT('Ctrl Pts',(62.6905314283388,9.17067148047784,3.00001923248686));
#6778=CARTESIAN_POINT('Ctrl Pts',(62.5942878016403,9.00346315275645,2.99999986540267));
#6779=CARTESIAN_POINT('Ctrl Pts',(62.5932924606034,9.00173174548795,3.));
#6780=CARTESIAN_POINT('Ctrl Pts',(62.5922964241043,9.00000000000001,3.));
#6781=CARTESIAN_POINT('Ctrl Pts',(64.5766099074028,10.75,3.));
#6782=CARTESIAN_POINT('Ctrl Pts',(64.3882235633086,10.75,3.));
#6783=CARTESIAN_POINT('Ctrl Pts',(64.0069280428558,10.6885308894008,3.));
#6784=CARTESIAN_POINT('Ctrl Pts',(63.5822125942719,10.4699127063746,3.));
#6785=CARTESIAN_POINT('Ctrl Pts',(63.2910512881645,10.2257773583505,3.));
#6786=CARTESIAN_POINT('Ctrl Pts',(63.0375771988195,9.94336389163408,2.99999999999999));
#6787=CARTESIAN_POINT('Ctrl Pts',(62.7961969308101,9.53618855495489,3.));
#6788=CARTESIAN_POINT('Ctrl Pts',(62.6610638902377,9.18180726474698,2.99999999999998));
#6789=CARTESIAN_POINT('Ctrl Pts',(62.5936903822121,9.00368898081815,3.));
#6790=CARTESIAN_POINT('Ctrl Pts',(62.5929936496537,9.00184468541109,3.));
#6791=CARTESIAN_POINT('Ctrl Pts',(62.5922964241043,9.00000000000001,3.));
#6792=CARTESIAN_POINT('',(62.5922964241043,9.00000000000001,3.));
#6793=CARTESIAN_POINT('Ctrl Pts',(64.5766099074028,10.75,3.));
#6794=CARTESIAN_POINT('Ctrl Pts',(64.3882235633086,10.75,3.));
#6795=CARTESIAN_POINT('Ctrl Pts',(64.0069280428558,10.6885308894008,3.));
#6796=CARTESIAN_POINT('Ctrl Pts',(63.5822125942719,10.4699127063746,3.));
#6797=CARTESIAN_POINT('Ctrl Pts',(63.2910512881645,10.2257773583505,3.));
#6798=CARTESIAN_POINT('Ctrl Pts',(63.0375771988195,9.94336389163408,2.99999999999999));
#6799=CARTESIAN_POINT('Ctrl Pts',(62.7961969308101,9.53618855495489,3.));
#6800=CARTESIAN_POINT('Ctrl Pts',(62.6610638902377,9.18180726474698,2.99999999999998));
#6801=CARTESIAN_POINT('Ctrl Pts',(62.5936903822121,9.00368898081815,3.));
#6802=CARTESIAN_POINT('Ctrl Pts',(62.5929936496537,9.00184468541109,3.));
#6803=CARTESIAN_POINT('Ctrl Pts',(62.5922964241043,9.00000000000001,3.));
#6804=CARTESIAN_POINT('Ctrl Pts',(62.5922964241043,9.00000000000001,3.));
#6805=CARTESIAN_POINT('Ctrl Pts',(62.5950853263015,9.00105410594907,3.));
#6806=CARTESIAN_POINT('Ctrl Pts',(62.5978683457204,9.00210798903894,3.00001273505832));
#6807=CARTESIAN_POINT('Ctrl Pts',(62.8678780304119,9.10388986557258,3.00156002323494));
#6808=CARTESIAN_POINT('Ctrl Pts',(63.3474092487035,9.30639345997467,3.21825608712073));
#6809=CARTESIAN_POINT('Ctrl Pts',(63.6046304843675,9.53906508093502,3.46417885232214));
#6810=CARTESIAN_POINT('Ctrl Pts',(63.8001601595865,9.70044420477252,3.57548185456156));
#6811=CARTESIAN_POINT('Ctrl Pts',(63.9898605331978,9.83995011792904,3.65768608624693));
#6812=CARTESIAN_POINT('Ctrl Pts',(64.2450961373505,9.96487479394378,3.7151290058125));
#6813=CARTESIAN_POINT('Ctrl Pts',(64.4676990522234,10.,3.73998702957173));
#6814=CARTESIAN_POINT('Ctrl Pts',(64.5766099074028,10.,3.75));
#6815=CARTESIAN_POINT('Origin',(62.5922964241043,9.00000000000001,4.));
#6816=CARTESIAN_POINT('',(63.5922964241043,9.00000000000001,4.));
#6817=CARTESIAN_POINT('Origin',(62.5922964241043,9.00000000000001,4.));
#6818=CARTESIAN_POINT('',(64.5922964241043,10.,4.));
#6819=CARTESIAN_POINT('Origin',(64.5922964241043,9.00000000000001,4.));
#6820=CARTESIAN_POINT('Origin',(62.5922964241043,10.,4.));
#6821=CARTESIAN_POINT('Origin',(43.296148212052,41.5283812590859,3.));
#6822=CARTESIAN_POINT('',(1.73223304703334,72.7681802850342,3.));
#6823=CARTESIAN_POINT('',(9.10399980777651,80.1399470457774,3.));
#6824=CARTESIAN_POINT('',(0.99999999999971,71.0004133320678,3.));
#6825=CARTESIAN_POINT('Origin',(3.49999999999971,71.0004133320678,3.));
#6826=CARTESIAN_POINT('',(0.999999999999987,3.49999999999999,3.));
#6827=CARTESIAN_POINT('',(0.99999999999977,56.9892710297297,3.));
#6828=CARTESIAN_POINT('',(3.,1.05051025721682,3.));
#6829=CARTESIAN_POINT('Origin',(3.49999999999999,3.5,3.));
#6830=CARTESIAN_POINT('',(3.,11.,3.));
#6831=CARTESIAN_POINT('',(3.,20.764190629543,3.));
#6832=CARTESIAN_POINT('',(15.,11.,3.));
#6833=CARTESIAN_POINT('',(26.148074106026,11.,3.));
#6834=CARTESIAN_POINT('',(15.,1.,3.));
#6835=CARTESIAN_POINT('',(15.,20.764190629543,3.));
#6836=CARTESIAN_POINT('',(62.5922964241043,1.00000000000001,3.));
#6837=CARTESIAN_POINT('',(21.648074106026,1.00000000000001,3.));
#6838=CARTESIAN_POINT('',(62.5922964241043,20.764190629543,3.));
#6839=CARTESIAN_POINT('',(63.2065480264149,14.,3.));
#6840=CARTESIAN_POINT('Origin',(63.2065480264149,16.,3.));
#6841=CARTESIAN_POINT('',(51.4766594028868,14.,3.));
#6842=CARTESIAN_POINT('',(29.148074106026,14.,3.));
#6843=CARTESIAN_POINT('',(49.8015305989683,12.3248711960815,3.));
#6844=CARTESIAN_POINT('',(56.4600735293563,18.9834141264695,3.));
#6845=CARTESIAN_POINT('',(46.9731034742221,12.3248711960815,3.));
#6846=CARTESIAN_POINT('Origin',(48.3873170365952,13.7390847584546,3.));
#6847=CARTESIAN_POINT('',(45.2979746703036,14.,3.));
#6848=CARTESIAN_POINT('',(39.1065405335217,20.1914341367818,3.));
#6849=CARTESIAN_POINT('',(18.5,14.,3.));
#6850=CARTESIAN_POINT('',(29.148074106026,14.,3.));
#6851=CARTESIAN_POINT('',(14.,18.5,3.));
#6852=CARTESIAN_POINT('Origin',(18.5,18.5,3.));
#6853=CARTESIAN_POINT('',(14.,42.6109689017947,3.));
#6854=CARTESIAN_POINT('',(14.,57.6209990133749,3.));
#6855=CARTESIAN_POINT('',(6.03162084352096,50.5793480582737,3.));
#6856=CARTESIAN_POINT('',(21.7411305730969,34.8698383286978,3.));
#6857=CARTESIAN_POINT('',(14.,58.5477272147528,3.));
#6858=CARTESIAN_POINT('',(13.4385643764501,57.9862915912028,3.));
#6859=CARTESIAN_POINT('',(14.,57.6209990133749,3.));
#6860=CARTESIAN_POINT('Origin',(63.2065480264149,16.,2.00000000000003));
#6861=CARTESIAN_POINT('',(63.2065480264149,15.,2.00000000000003));
#6862=CARTESIAN_POINT('Origin',(63.2065480264149,16.,2.00000000000003));
#6863=CARTESIAN_POINT('Origin',(63.2065480264149,14.,2.00000000000003));
#6864=CARTESIAN_POINT('Origin',(71.1243355856486,22.5390286503212,5.));
#6865=CARTESIAN_POINT('',(63.7385871879592,15.1532802526318,-1.99999999999998));
#6866=CARTESIAN_POINT('',(63.738587187959,15.1532802526317,-2.6985522153622));
#6867=CARTESIAN_POINT('',(63.7385871879592,15.1532802526318,-5.));
#6868=CARTESIAN_POINT('',(63.2783874679389,14.6930805326562,-2.72275191450012));
#6869=CARTESIAN_POINT('Ctrl Pts',(63.2783874679841,14.6930805326567,-2.72275191452452));
#6870=CARTESIAN_POINT('Ctrl Pts',(63.3297057681407,14.7443988328133,-2.67644777673689));
#6871=CARTESIAN_POINT('Ctrl Pts',(63.3861435811204,14.800836645793,-2.64379323577714));
#6872=CARTESIAN_POINT('Ctrl Pts',(63.5024538319033,14.917146896576,-2.61399530059792));
#6873=CARTESIAN_POINT('Ctrl Pts',(63.5598003884416,14.9744934531142,-2.61556400985192));
#6874=CARTESIAN_POINT('Ctrl Pts',(63.6589540766775,15.0736471413502,-2.64638066319629));
#6875=CARTESIAN_POINT('Ctrl Pts',(63.700064819236,15.1147578839086,-2.66873053925675));
#6876=CARTESIAN_POINT('Ctrl Pts',(63.738587187959,15.1532802526316,-2.69855221536219));
#6877=CARTESIAN_POINT('Ctrl Pts',(63.7385871879592,15.1532802526318,-1.99999999999998));
#6878=CARTESIAN_POINT('Ctrl Pts',(63.7385871879592,15.1532802526318,-2.03779454945527));
#6879=CARTESIAN_POINT('Ctrl Pts',(63.7297870536798,15.1444801183525,-2.08140706541126));
#6880=CARTESIAN_POINT('Ctrl Pts',(63.7010368069495,15.1157298716222,-2.16845765825874));
#6881=CARTESIAN_POINT('Ctrl Pts',(63.6719197275162,15.0866127921888,-2.22499078623058));
#6882=CARTESIAN_POINT('Ctrl Pts',(63.567308607312,14.9820016719846,-2.40495844771144));
#6883=CARTESIAN_POINT('Ctrl Pts',(63.4567584666839,14.8714515313565,-2.54460045952981));
#6884=CARTESIAN_POINT('Ctrl Pts',(63.332133815789,14.7468268804616,-2.67249048366069));
#6885=CARTESIAN_POINT('Ctrl Pts',(63.3058437598503,14.7205368245229,-2.69797829735846));
#6886=CARTESIAN_POINT('Ctrl Pts',(63.2783874679757,14.6930805326483,-2.7227519145321));
#6887=CARTESIAN_POINT('Ctrl Pts',(63.2122490776475,14.7146923399851,-2.69945187938219));
#6888=CARTESIAN_POINT('Ctrl Pts',(63.3184474393104,14.6795228280701,-2.73586801481058));
#6889=CARTESIAN_POINT('Ctrl Pts',(63.4995152566421,14.6229285407494,-2.80674714060108));
#6890=CARTESIAN_POINT('Ctrl Pts',(63.8401487440455,14.4924161304427,-2.94576722225371));
#6891=CARTESIAN_POINT('Ctrl Pts',(64.0522917879474,14.3636350845103,-2.99999999999998));
#6892=CARTESIAN_POINT('Ctrl Pts',(64.1976984807482,14.2628699597109,-2.99999999999998));
#6893=CARTESIAN_POINT('Ctrl Pts',(63.3351379116198,14.774957318677,-2.63843241477569));
#6894=CARTESIAN_POINT('Ctrl Pts',(63.436356631161,14.746312322105,-2.68482261624211));
#6895=CARTESIAN_POINT('Ctrl Pts',(63.606324624825,14.6987071758824,-2.77025591098532));
#6896=CARTESIAN_POINT('Ctrl Pts',(63.9274845844678,14.5763658230446,-2.93199990135574));
#6897=CARTESIAN_POINT('Ctrl Pts',(64.1337677268169,14.4450847406173,-2.99526489826093));
#6898=CARTESIAN_POINT('Ctrl Pts',(64.2770356760724,14.3422071550351,-2.99999999999998));
#6899=CARTESIAN_POINT('Ctrl Pts',(63.5796287577374,14.9611320308226,-2.58161030989322));
#6900=CARTESIAN_POINT('Ctrl Pts',(63.6655190264734,14.9370869910081,-2.6462729630225));
#6901=CARTESIAN_POINT('Ctrl Pts',(63.8087532291852,14.8928373976705,-2.75830316733423));
#6902=CARTESIAN_POINT('Ctrl Pts',(64.091591897317,14.7619500972725,-2.96120522634165));
#6903=CARTESIAN_POINT('Ctrl Pts',(64.2923648260672,14.6148630457017,-3.03995724526458));
#6904=CARTESIAN_POINT('Ctrl Pts',(64.4354607630259,14.5006322419886,-3.05132683821924));
#6905=CARTESIAN_POINT('Ctrl Pts',(63.859569851556,15.4061285364877,-2.74243708774287));
#6906=CARTESIAN_POINT('Ctrl Pts',(63.9195924528191,15.366241299321,-2.8201119635742));
#6907=CARTESIAN_POINT('Ctrl Pts',(64.028317802926,15.2879318178068,-2.95437487722213));
#6908=CARTESIAN_POINT('Ctrl Pts',(64.2811823627917,15.0792124619876,-3.19705159439843));
#6909=CARTESIAN_POINT('Ctrl Pts',(64.4986015490623,14.8757247472404,-3.29035945405426));
#6910=CARTESIAN_POINT('Ctrl Pts',(64.6584540577813,14.723625536744,-3.30225444565739));
#6911=CARTESIAN_POINT('Ctrl Pts',(63.8335571011105,15.6876715111284,-3.04211339475701));
#6912=CARTESIAN_POINT('Ctrl Pts',(63.8906217571474,15.6300528783271,-3.11142419636884));
#6913=CARTESIAN_POINT('Ctrl Pts',(64.0043407008244,15.5161435673514,-3.23960075313946));
#6914=CARTESIAN_POINT('Ctrl Pts',(64.2867494897035,15.2326335895905,-3.48314703271474));
#6915=CARTESIAN_POINT('Ctrl Pts',(64.5417123820923,14.9796437550578,-3.57716407584845));
#6916=CARTESIAN_POINT('Ctrl Pts',(64.7280285666381,14.7932000456008,-3.58170039355767));
#6917=CARTESIAN_POINT('Ctrl Pts',(63.7402016867603,15.7810269254786,-3.22404078891885));
#6918=CARTESIAN_POINT('Ctrl Pts',(63.8022972393995,15.7189313728394,-3.28776902591854));
#6919=CARTESIAN_POINT('Ctrl Pts',(63.9286367547207,15.5925918575182,-3.41180749605191));
#6920=CARTESIAN_POINT('Ctrl Pts',(64.243502856649,15.2777257555899,-3.65509263894402));
#6921=CARTESIAN_POINT('Ctrl Pts',(64.5233085746001,14.9979200376388,-3.74999999999998));
#6922=CARTESIAN_POINT('Ctrl Pts',(64.7280285666381,14.7932000456008,-3.74999999999998));
#6923=CARTESIAN_POINT('Ctrl Pts',(63.7385871879589,15.1532802526316,-2.6985522153621));
#6924=CARTESIAN_POINT('Ctrl Pts',(63.7407500352703,15.1546392849132,-2.70032234585563));
#6925=CARTESIAN_POINT('Ctrl Pts',(63.7429032492607,15.1560038233555,-2.70210254519297));
#6926=CARTESIAN_POINT('Ctrl Pts',(63.8254163688855,15.2087356353783,-2.77102143219757));
#6927=CARTESIAN_POINT('Ctrl Pts',(63.8886680950441,15.2653972587125,-2.8495105738039));
#6928=CARTESIAN_POINT('Ctrl Pts',(63.9796517154403,15.3626054192577,-3.02568717213825));
#6929=CARTESIAN_POINT('Ctrl Pts',(64.0088857600339,15.4022268214803,-3.11749389310971));
#6930=CARTESIAN_POINT('Ctrl Pts',(64.0452625468741,15.4545534602124,-3.3101315746203));
#6931=CARTESIAN_POINT('Ctrl Pts',(64.0532677737831,15.4679608384558,-3.40753392081768));
#6932=CARTESIAN_POINT('Ctrl Pts',(64.0532677737831,15.4679608384558,-3.50588659679369));
#6933=CARTESIAN_POINT('',(64.7280285666381,14.7932000456008,-3.74999999999998));
#6934=CARTESIAN_POINT('Ctrl Pts',(64.0533367254599,15.467891886779,-3.50569966683227));
#6935=CARTESIAN_POINT('Ctrl Pts',(64.0796934216116,15.4415351906272,-3.5251365421837));
#6936=CARTESIAN_POINT('Ctrl Pts',(64.2902589609806,15.2309696512582,-3.67095185192891));
#6937=CARTESIAN_POINT('Ctrl Pts',(64.5233085746001,14.9979200376388,-3.74999999999998));
#6938=CARTESIAN_POINT('Ctrl Pts',(64.7280285666381,14.7932000456008,-3.74999999999998));
#6939=CARTESIAN_POINT('Origin',(64.1976984807482,14.2628699597109,-3.74999999999998));
#6940=CARTESIAN_POINT('Ctrl Pts',(64.1976984807482,14.2628699597109,-2.99999999999998));
#6941=CARTESIAN_POINT('Ctrl Pts',(64.0522917879474,14.3636350845103,-2.99999999999998));
#6942=CARTESIAN_POINT('Ctrl Pts',(63.8401487440455,14.4924161304427,-2.94576722225371));
#6943=CARTESIAN_POINT('Ctrl Pts',(63.5151397916511,14.6169420602671,-2.81312385989928));
#6944=CARTESIAN_POINT('Ctrl Pts',(63.3568041520213,14.667416070221,-2.7509106562859));
#6945=CARTESIAN_POINT('Ctrl Pts',(63.278360521361,14.6929865364105,-2.7226847435565));
#6946=CARTESIAN_POINT('Origin',(53.5863196452693,24.8742487951898,-3.75));
#6947=CARTESIAN_POINT('',(67.8141218310523,11.7071067811866,-3.75));
#6948=CARTESIAN_POINT('Origin',(67.2837917451624,11.1767766952966,-3.75));
#6949=CARTESIAN_POINT('',(54.1166497311592,25.4045788810797,-3.75));
#6950=CARTESIAN_POINT('Ctrl Pts',(67.2837917451624,11.1767766952967,-3.));
#6951=CARTESIAN_POINT('Ctrl Pts',(67.4019101566416,11.0586582838175,-3.));
#6952=CARTESIAN_POINT('Ctrl Pts',(67.3379849329936,10.9043291419087,-3.));
#6953=CARTESIAN_POINT('Ctrl Pts',(67.2740597093456,10.75,-3.));
#6954=CARTESIAN_POINT('Ctrl Pts',(67.1070150498658,10.75,-3.));
#6955=CARTESIAN_POINT('Ctrl Pts',(67.8141218310523,11.7071067811866,-3.));
#6956=CARTESIAN_POINT('Ctrl Pts',(68.286595476969,11.2346331352698,-3.));
#6957=CARTESIAN_POINT('Ctrl Pts',(68.030894582377,10.6173165676349,-3.));
#6958=CARTESIAN_POINT('Ctrl Pts',(67.775193687785,10.,-3.));
#6959=CARTESIAN_POINT('Ctrl Pts',(67.1070150498658,10.,-3.));
#6960=CARTESIAN_POINT('Ctrl Pts',(67.8141218310523,11.7071067811866,-3.75));
#6961=CARTESIAN_POINT('Ctrl Pts',(68.286595476969,11.2346331352698,-3.75));
#6962=CARTESIAN_POINT('Ctrl Pts',(68.030894582377,10.6173165676349,-3.75));
#6963=CARTESIAN_POINT('Ctrl Pts',(67.775193687785,10.,-3.75));
#6964=CARTESIAN_POINT('Ctrl Pts',(67.1070150498658,10.,-3.75));
#6965=CARTESIAN_POINT('',(67.1070150498658,10.,-3.75));
#6966=CARTESIAN_POINT('Origin',(67.1070150498658,10.75,-3.75));
#6967=CARTESIAN_POINT('Origin',(67.1070150498658,11.,-3.75));
#6968=CARTESIAN_POINT('Origin',(55.9442223180782,10.75,-3.75));
#6969=CARTESIAN_POINT('',(64.5766099074028,10.,-3.75));
#6970=CARTESIAN_POINT('Origin',(64.5766099074028,10.75,-3.75));
#6971=CARTESIAN_POINT('',(55.9442223180782,10.,-3.75));
#6972=CARTESIAN_POINT('Ctrl Pts',(62.5922964241043,9.00000000000001,-3.));
#6973=CARTESIAN_POINT('Ctrl Pts',(62.5950853263011,9.00105410594912,-3.));
#6974=CARTESIAN_POINT('Ctrl Pts',(62.5978585173634,9.00210823562688,-3.00001402017015));
#6975=CARTESIAN_POINT('Ctrl Pts',(62.8692140135674,9.10385578744259,-3.00139027591278));
#6976=CARTESIAN_POINT('Ctrl Pts',(63.2331676468065,9.25600247602159,-3.16032626124233));
#6977=CARTESIAN_POINT('Ctrl Pts',(63.4970725528941,9.44568246839937,-3.36789445770432));
#6978=CARTESIAN_POINT('Ctrl Pts',(63.6589784428879,9.57976679293688,-3.4880034643951));
#6979=CARTESIAN_POINT('Ctrl Pts',(63.8003151576986,9.7004615434028,-3.57471763508449));
#6980=CARTESIAN_POINT('Ctrl Pts',(63.9918364146377,9.84008104868941,-3.65602614671289));
#6981=CARTESIAN_POINT('Ctrl Pts',(64.2454412562204,9.96490096602565,-3.7145450029924));
#6982=CARTESIAN_POINT('Ctrl Pts',(64.4676990522234,10.,-3.73998702957173));
#6983=CARTESIAN_POINT('Ctrl Pts',(64.5766099074028,10.,-3.75));
#6984=CARTESIAN_POINT('Ctrl Pts',(62.5922964241043,9.00000000000001,-3.));
#6985=CARTESIAN_POINT('Ctrl Pts',(62.59455699813,9.00122293817602,-3.00000362368555));
#6986=CARTESIAN_POINT('Ctrl Pts',(62.5971931817845,9.00239101724202,-3.00000441413938));
#6987=CARTESIAN_POINT('Ctrl Pts',(62.8262091049255,9.11919523252973,-3.00142563516371));
#6988=CARTESIAN_POINT('Ctrl Pts',(63.1525689344537,9.29046574054425,-3.09919947945274));
#6989=CARTESIAN_POINT('Ctrl Pts',(63.4313680649017,9.4861679304701,-3.24001602855576));
#6990=CARTESIAN_POINT('Ctrl Pts',(63.6104570086736,9.61846739647068,-3.32511369408342));
#6991=CARTESIAN_POINT('Ctrl Pts',(63.7694724013495,9.7334550539833,-3.3891304391497));
#6992=CARTESIAN_POINT('Ctrl Pts',(63.978354142519,9.86335139244392,-3.45091595022324));
#6993=CARTESIAN_POINT('Ctrl Pts',(64.2437326112306,9.97546772329827,-3.49707912362573));
#6994=CARTESIAN_POINT('Ctrl Pts',(64.4676089214048,10.0030333290775,-3.51748229573614));
#6995=CARTESIAN_POINT('Ctrl Pts',(64.5766099074028,10.,-3.52560052474359));
#6996=CARTESIAN_POINT('Ctrl Pts',(62.5922964241043,9.00000000000001,-3.));
#6997=CARTESIAN_POINT('Ctrl Pts',(62.593957560124,9.00148556266847,-3.00000301411571));
#6998=CARTESIAN_POINT('Ctrl Pts',(62.5957110091856,9.00291883040752,-2.99999880385033));
#6999=CARTESIAN_POINT('Ctrl Pts',(62.7587951171219,9.14514393005674,-3.00044920017442));
#7000=CARTESIAN_POINT('Ctrl Pts',(62.9973678110999,9.35419757829915,-3.02282446370718));
#7001=CARTESIAN_POINT('Ctrl Pts',(63.259466949633,9.59032018564831,-3.0580714738393));
#7002=CARTESIAN_POINT('Ctrl Pts',(63.4454355134267,9.74804304949385,-3.08036167851809));
#7003=CARTESIAN_POINT('Ctrl Pts',(63.6251229803323,9.88353434153538,-3.09781350072182));
#7004=CARTESIAN_POINT('Ctrl Pts',(63.868292740518,10.0349664777906,-3.11518871722796));
#7005=CARTESIAN_POINT('Ctrl Pts',(64.1828401752107,10.1635095662762,-3.12866692934432));
#7006=CARTESIAN_POINT('Ctrl Pts',(64.4478221614954,10.1932550835594,-3.13475818713544));
#7007=CARTESIAN_POINT('Ctrl Pts',(64.5766099074028,10.1884274761598,-3.13719675084592));
#7008=CARTESIAN_POINT('Ctrl Pts',(62.5922964241043,9.00000000000001,-3.));
#7009=CARTESIAN_POINT('Ctrl Pts',(62.5933119784188,9.00173867445895,-3.));
#7010=CARTESIAN_POINT('Ctrl Pts',(62.5942691787288,9.00345658485952,-3.));
#7011=CARTESIAN_POINT('Ctrl Pts',(62.6909255580259,9.17079919064586,-2.99999999999999));
#7012=CARTESIAN_POINT('Ctrl Pts',(62.8331146268212,9.41985793642701,-3.));
#7013=CARTESIAN_POINT('Ctrl Pts',(63.0363132380147,9.72308719986908,-3.));
#7014=CARTESIAN_POINT('Ctrl Pts',(63.2048141832505,9.93467355039345,-3.));
#7015=CARTESIAN_POINT('Ctrl Pts',(63.3913374982792,10.1232086057073,-3.));
#7016=CARTESIAN_POINT('Ctrl Pts',(63.6682475051831,10.3397159218725,-3.));
#7017=CARTESIAN_POINT('Ctrl Pts',(64.0596647721121,10.5311861276347,-3.));
#7018=CARTESIAN_POINT('Ctrl Pts',(64.4061519369218,10.5831472864785,-3.));
#7019=CARTESIAN_POINT('Ctrl Pts',(64.5766099074028,10.5817003935577,-3.));
#7020=CARTESIAN_POINT('Ctrl Pts',(62.5922964241043,9.00000000000001,-3.));
#7021=CARTESIAN_POINT('Ctrl Pts',(62.5929936496535,9.00184468541092,-3.));
#7022=CARTESIAN_POINT('Ctrl Pts',(62.5936912289852,9.00368941234697,-3.));
#7023=CARTESIAN_POINT('Ctrl Pts',(62.6609475910049,9.18174762801714,-2.99999999999999));
#7024=CARTESIAN_POINT('Ctrl Pts',(62.762828243673,9.44800433303705,-3.));
#7025=CARTESIAN_POINT('Ctrl Pts',(62.9404236075332,9.77994431969565,-3.));
#7026=CARTESIAN_POINT('Ctrl Pts',(63.1015832878822,10.0145918876376,-3.));
#7027=CARTESIAN_POINT('Ctrl Pts',(63.2910460619868,10.2258077009528,-3.));
#7028=CARTESIAN_POINT('Ctrl Pts',(63.5824347081048,10.4701418352051,-3.));
#7029=CARTESIAN_POINT('Ctrl Pts',(64.0069559835339,10.6885766905437,-3.));
#7030=CARTESIAN_POINT('Ctrl Pts',(64.3882235633087,10.75,-3.));
#7031=CARTESIAN_POINT('Ctrl Pts',(64.5766099074028,10.75,-3.));
#7032=CARTESIAN_POINT('Ctrl Pts',(64.5766099074028,10.,-3.75));
#7033=CARTESIAN_POINT('Ctrl Pts',(64.4676990522234,10.,-3.73998702957173));
#7034=CARTESIAN_POINT('Ctrl Pts',(64.2454412562204,9.96490096602565,-3.7145450029924));
#7035=CARTESIAN_POINT('Ctrl Pts',(63.9918364146377,9.84008104868941,-3.65602614671289));
#7036=CARTESIAN_POINT('Ctrl Pts',(63.8003151576986,9.7004615434028,-3.57471763508449));
#7037=CARTESIAN_POINT('Ctrl Pts',(63.6589784428879,9.57976679293688,-3.4880034643951));
#7038=CARTESIAN_POINT('Ctrl Pts',(63.4970725528941,9.44568246839937,-3.36789445770432));
#7039=CARTESIAN_POINT('Ctrl Pts',(63.2331676468065,9.25600247602159,-3.16032626124233));
#7040=CARTESIAN_POINT('Ctrl Pts',(62.8692140135674,9.10385578744259,-3.00139027591278));
#7041=CARTESIAN_POINT('Ctrl Pts',(62.5978585173634,9.00210823562688,-3.00001402017015));
#7042=CARTESIAN_POINT('Ctrl Pts',(62.5950853263011,9.00105410594912,-3.));
#7043=CARTESIAN_POINT('Ctrl Pts',(62.5922964241043,9.00000000000001,-3.));
#7044=CARTESIAN_POINT('Origin',(68.5922964241043,10.,0.));
#7045=CARTESIAN_POINT('',(67.1070150498658,10.,-4.));
#7046=CARTESIAN_POINT('',(67.1070150498658,10.,-7.7715611723761E-15));
#7047=CARTESIAN_POINT('',(64.5922964241043,10.,-4.));
#7048=CARTESIAN_POINT('',(71.0922964241043,10.,-4.));
#7049=CARTESIAN_POINT('Origin',(62.5922964241043,10.,-4.));
#7050=CARTESIAN_POINT('Origin',(67.1070150498658,11.,-7.7715611723761E-15));
#7051=CARTESIAN_POINT('',(67.8141218310523,11.7071067811866,-4.));
#7052=CARTESIAN_POINT('',(67.8141218310523,11.7071067811866,-7.7715611723761E-15));
#7053=CARTESIAN_POINT('Origin',(67.1070150498658,11.,-4.));
#7054=CARTESIAN_POINT('Origin',(67.5888016797159,11.932426932523,-1.55431223447522E-14));
#7055=CARTESIAN_POINT('',(72.0727820989437,7.44844651329513,-4.));
#7056=CARTESIAN_POINT('Ctrl Pts',(11.1730991492219,81.5608651711351,-1.9999999999984));
#7057=CARTESIAN_POINT('Ctrl Pts',(11.1730991492221,81.5608651711352,-2.11135088056432));
#7058=CARTESIAN_POINT('Ctrl Pts',(11.1011115954089,81.5148144736725,-2.44868804475098));
#7059=CARTESIAN_POINT('Ctrl Pts',(10.6546159300223,81.233891227947,-2.85728345713504));
#7060=CARTESIAN_POINT('Ctrl Pts',(9.79141767581053,80.738324543441,-2.99964904442587));
#7061=CARTESIAN_POINT('Ctrl Pts',(9.10204786086969,80.2263834465189,-2.99804496391696));
#7062=CARTESIAN_POINT('Ctrl Pts',(8.79464059100738,79.9189761766566,-2.99804496391696));
#7063=CARTESIAN_POINT('Ctrl Pts',(11.3512839332346,81.5316394610093,-1.99999999999819));
#7064=CARTESIAN_POINT('Ctrl Pts',(11.3512839332349,81.5316394610095,-2.12574983039034));
#7065=CARTESIAN_POINT('Ctrl Pts',(11.2763388706504,81.4747308508924,-2.50736502759617));
#7066=CARTESIAN_POINT('Ctrl Pts',(10.8157240343142,81.1264601276157,-2.95412054954216));
#7067=CARTESIAN_POINT('Ctrl Pts',(9.97418175152189,80.5515398240202,-3.05378743188593));
#7068=CARTESIAN_POINT('Ctrl Pts',(9.30490804196714,80.0237530766781,-3.0160003873098));
#7069=CARTESIAN_POINT('Ctrl Pts',(8.9973858664765,79.7162309011874,-3.0160003873098));
#7070=CARTESIAN_POINT('Ctrl Pts',(11.6768661713602,81.5672398830696,-1.99999999999768));
#7071=CARTESIAN_POINT('Ctrl Pts',(11.6768661713604,81.5672398830699,-2.16081379171768));
#7072=CARTESIAN_POINT('Ctrl Pts',(11.5957113610845,81.4905819432274,-2.64805541937101));
#7073=CARTESIAN_POINT('Ctrl Pts',(11.0987528349898,81.0217182303786,-3.21754680994281));
#7074=CARTESIAN_POINT('Ctrl Pts',(10.2735593873728,80.268237072479,-3.33582626700438));
#7075=CARTESIAN_POINT('Ctrl Pts',(9.64819607337475,79.6844398737786,-3.27722333976382));
#7076=CARTESIAN_POINT('Ctrl Pts',(9.33868648363005,79.3749302840339,-3.27722333976382));
#7077=CARTESIAN_POINT('Ctrl Pts',(11.9463029347451,81.7448133056695,-1.99999999999706));
#7078=CARTESIAN_POINT('Ctrl Pts',(11.9463029347453,81.7448133056698,-2.20414245075965));
#7079=CARTESIAN_POINT('Ctrl Pts',(11.8536162380108,81.652256815574,-2.82257639999414));
#7080=CARTESIAN_POINT('Ctrl Pts',(11.2877989879767,81.0865873973324,-3.56546165219834));
#7081=CARTESIAN_POINT('Ctrl Pts',(10.3918306172177,80.1904399003067,-3.80039200109536));
#7082=CARTESIAN_POINT('Ctrl Pts',(9.77084243998895,79.5693528109134,-3.78062484711986));
#7083=CARTESIAN_POINT('Ctrl Pts',(9.45755319836976,79.2560635692942,-3.78062484711986));
#7084=CARTESIAN_POINT('Ctrl Pts',(12.0420623393867,81.8405727103111,-1.99999999999679));
#7085=CARTESIAN_POINT('Ctrl Pts',(12.042062339387,81.8405727103114,-2.22270176112864));
#7086=CARTESIAN_POINT('Ctrl Pts',(11.9435583444529,81.7420687153773,-2.89737608950197));
#7087=CARTESIAN_POINT('Ctrl Pts',(11.3422990138991,81.1408093848235,-3.71456691427006));
#7088=CARTESIAN_POINT('Ctrl Pts',(10.4005316819732,80.1990420528976,-3.99929808885172));
#7089=CARTESIAN_POINT('Ctrl Pts',(9.77245820652141,79.5709685774458,-3.99608992783392));
#7090=CARTESIAN_POINT('Ctrl Pts',(9.45755319836976,79.2560635692942,-3.99608992783392));
#7091=CARTESIAN_POINT('Origin',(8.75044641718322,79.9631703504807,-3.99608992783392));
#7092=CARTESIAN_POINT('Ctrl Pts',(8.79464059100738,79.9189761766566,-2.99804496391696));
#7093=CARTESIAN_POINT('Ctrl Pts',(9.10204786086969,80.2263834465189,-2.99804496391696));
#7094=CARTESIAN_POINT('Ctrl Pts',(9.79141767581053,80.738324543441,-2.99964904442587));
#7095=CARTESIAN_POINT('Ctrl Pts',(10.6546159300223,81.233891227947,-2.85728345713504));
#7096=CARTESIAN_POINT('Ctrl Pts',(11.1011115954089,81.5148144736725,-2.44868804475098));
#7097=CARTESIAN_POINT('Ctrl Pts',(11.1730991492221,81.5608651711352,-2.11135088056432));
#7098=CARTESIAN_POINT('Ctrl Pts',(11.1730991492219,81.5608651711351,-1.9999999999984));
#7099=CARTESIAN_POINT('Origin',(9.01561146012819,80.2283353934257,-3.99608992783391));
#7100=CARTESIAN_POINT('Origin',(64.5922964241043,1.26002004392919E-14,-4.));
#7101=CARTESIAN_POINT('',(63.5922964241043,1.16817153399314E-14,-4.));
#7102=CARTESIAN_POINT('Origin',(64.5922964241043,0.,-4.));
#7103=CARTESIAN_POINT('',(63.5922964241043,1.00000000000001,-4.));
#7104=CARTESIAN_POINT('',(63.5922964241043,1.26002004392919E-14,-4.));
#7105=CARTESIAN_POINT('',(63.5922964241043,9.00000000000001,-4.));
#7106=CARTESIAN_POINT('',(63.5922964241043,20.764190629543,-4.));
#7107=CARTESIAN_POINT('Origin',(64.5922964241043,9.00000000000001,-4.));
#7108=CARTESIAN_POINT('Origin',(62.5922964241043,9.00000000000001,-4.));
#7109=CARTESIAN_POINT('Origin',(64.5922964241043,9.00000000000001,-4.));
#7110=CARTESIAN_POINT('Origin',(62.5922964241043,9.00000000000001,-4.));
#7111=CARTESIAN_POINT('Origin',(64.5922964241043,9.00000000000001,-4.));
#7112=CARTESIAN_POINT('Origin',(64.5922964241043,9.00000000000001,-4.));
#7113=CARTESIAN_POINT('Origin',(71.0922964241043,9.00000000000001,-4.));
#7114=CARTESIAN_POINT('Origin',(67.1070150498658,9.00000000000001,-4.));
#7115=CARTESIAN_POINT('Origin',(64.5922964241043,1.16817153399314E-14,4.));
#7116=CARTESIAN_POINT('',(63.5922964241043,1.16817153399314E-14,4.));
#7117=CARTESIAN_POINT('Origin',(64.5922964241043,0.,4.));
#7118=CARTESIAN_POINT('Origin',(64.5922964241043,9.00000000000001,4.));
#7119=CARTESIAN_POINT('',(63.5922964241043,1.00000000000001,4.));
#7120=CARTESIAN_POINT('',(63.5922964241043,20.764190629543,4.));
#7121=CARTESIAN_POINT('',(63.5922964241043,1.16817153399314E-14,4.));
#7122=CARTESIAN_POINT('Origin',(64.5922964241043,9.00000000000001,4.));
#7123=CARTESIAN_POINT('Origin',(64.5922964241043,9.00000000000001,4.));
#7124=CARTESIAN_POINT('Origin',(68.5922964241043,10.,0.));
#7125=CARTESIAN_POINT('',(67.1070150498658,10.,4.));
#7126=CARTESIAN_POINT('',(66.0922964241043,10.,4.));
#7127=CARTESIAN_POINT('',(67.1070150498658,10.,-7.7715611723761E-15));
#7128=CARTESIAN_POINT('Origin',(66.0922964241043,9.00000000000001,4.));
#7129=CARTESIAN_POINT('Origin',(67.1070150498658,9.00000000000001,4.));
#7130=CARTESIAN_POINT('Origin',(0.,0.,0.));
#7131=CARTESIAN_POINT('',(72.1070150498658,1.33226762955019E-14,0.));
#7132=CARTESIAN_POINT('',(63.5922964241043,1.16573417585641E-14,3.73205080756888));
#7133=CARTESIAN_POINT('',(63.5922964241043,1.16817153399314E-14,5.00000000000001));
#7134=CARTESIAN_POINT('',(62.5922964241043,1.1545890085078E-14,2.));
#7135=CARTESIAN_POINT('Ctrl Pts',(62.5922964241043,1.1518563880486E-14,
2.));
#7136=CARTESIAN_POINT('Ctrl Pts',(62.8693946461853,1.1518563880486E-14,
2.27709822208096));
#7137=CARTESIAN_POINT('Ctrl Pts',(63.1962091402931,1.16232252794575E-14,
2.61522327220401));
#7138=CARTESIAN_POINT('Ctrl Pts',(63.5027244242066,1.16795312236577E-14,
3.18473047315088));
#7139=CARTESIAN_POINT('Ctrl Pts',(63.5922964241043,1.16573417585641E-14,
3.47717338569331));
#7140=CARTESIAN_POINT('Ctrl Pts',(63.5922964241043,1.16573417585641E-14,
3.73205080756888));
#7141=CARTESIAN_POINT('',(15.,2.80332706310032E-15,2.));
#7142=CARTESIAN_POINT('',(21.648074106026,4.02455846426619E-15,2.));
#7143=CARTESIAN_POINT('',(14.,2.63677968348475E-15,3.73205080756888));
#7144=CARTESIAN_POINT('Ctrl Pts',(14.,2.63677968348475E-15,3.73205080756888));
#7145=CARTESIAN_POINT('Ctrl Pts',(14.,2.6357639040984E-15,3.47717338569331));
#7146=CARTESIAN_POINT('Ctrl Pts',(14.0895719998978,2.61459021839119E-15,
3.18473047315088));
#7147=CARTESIAN_POINT('Ctrl Pts',(14.3960872838113,2.67089616259136E-15,
2.61522327220401));
#7148=CARTESIAN_POINT('Ctrl Pts',(14.722901777919,2.6525012310681E-15,2.27709822208096));
#7149=CARTESIAN_POINT('Ctrl Pts',(15.,2.77555756156289E-15,2.));
#7150=CARTESIAN_POINT('',(14.,2.57175827820944E-15,4.));
#7151=CARTESIAN_POINT('',(14.,2.57175827820944E-15,-5.));
#7152=CARTESIAN_POINT('',(13.,2.38806125833734E-15,5.));
#7153=CARTESIAN_POINT('Origin',(13.,2.88657986402541E-15,4.));
#7154=CARTESIAN_POINT('',(5.,9.18485099360515E-16,4.99999999999999));
#7155=CARTESIAN_POINT('',(14.,2.57175827820944E-15,5.));
#7156=CARTESIAN_POINT('',(4.,7.34788079488412E-16,4.));
#7157=CARTESIAN_POINT('Origin',(5.,1.11022302462516E-15,4.));
#7158=CARTESIAN_POINT('',(4.,2.57760723666082E-9,3.71104340688166));
#7159=CARTESIAN_POINT('',(4.,7.34788079488412E-16,4.99999999999999));
#7160=CARTESIAN_POINT('',(3.50000000000083,8.7618988747828E-16,2.47634907875481));
#7161=CARTESIAN_POINT('Ctrl Pts',(3.50000000000082,6.19613417718216E-16,
2.4763490787548));
#7162=CARTESIAN_POINT('Ctrl Pts',(3.573466180435,6.43879711943207E-16,2.57633567489174));
#7163=CARTESIAN_POINT('Ctrl Pts',(3.6539406884567,-1.0061503077169E-12,
2.68947608564054));
#7164=CARTESIAN_POINT('Ctrl Pts',(3.81124367086109,-1.00612785225826E-12,
2.95717131101128));
#7165=CARTESIAN_POINT('Ctrl Pts',(3.87988287386204,7.63278329429795E-16,
3.10285470475784));
#7166=CARTESIAN_POINT('Ctrl Pts',(3.97394194057012,7.63278329429795E-16,
3.40473168363246));
#7167=CARTESIAN_POINT('Ctrl Pts',(4.,7.59845942294571E-16,3.55705449798895));
#7168=CARTESIAN_POINT('Ctrl Pts',(4.,7.63032808460676E-16,3.71104340379305));
#7169=CARTESIAN_POINT('',(3.50000000037702,8.80571553849396E-16,-2.4763490792668));
#7170=CARTESIAN_POINT('',(3.49999999999999,5.55111512312578E-16,0.));
#7171=CARTESIAN_POINT('',(4.,1.34924066406372E-12,-3.71104340379466));
#7172=CARTESIAN_POINT('Ctrl Pts',(4.,7.08360308621947E-16,-3.71104340379305));
#7173=CARTESIAN_POINT('Ctrl Pts',(4.,7.07602247328992E-16,-3.56601379839545));
#7174=CARTESIAN_POINT('Ctrl Pts',(3.97725395288561,7.96834133464845E-16,
-3.38703654458205));
#7175=CARTESIAN_POINT('Ctrl Pts',(3.82349100307422,7.29136650623015E-16,
-2.96415020630877));
#7176=CARTESIAN_POINT('Ctrl Pts',(3.71207644634415,8.58978954824722E-16,
-2.77935275955986));
#7177=CARTESIAN_POINT('Ctrl Pts',(3.57008322093837,8.23581822169804E-16,
-2.57250300235895));
#7178=CARTESIAN_POINT('Ctrl Pts',(3.53420907757303,7.02374802886764E-16,
-2.52290722569587));
#7179=CARTESIAN_POINT('Ctrl Pts',(3.50000000037702,6.93889390390723E-16,
-2.4763490792668));
#7180=CARTESIAN_POINT('',(4.,7.34788079488412E-16,-4.));
#7181=CARTESIAN_POINT('',(4.,7.34788079488412E-16,4.99999999999999));
#7182=CARTESIAN_POINT('',(5.,9.18485099360516E-16,-5.));
#7183=CARTESIAN_POINT('Origin',(5.,1.11022302462516E-15,-4.));
#7184=CARTESIAN_POINT('',(13.,2.38806125833734E-15,-5.));
#7185=CARTESIAN_POINT('',(4.,7.34788079488412E-16,-5.));
#7186=CARTESIAN_POINT('',(14.,2.57175827820944E-15,-4.));
#7187=CARTESIAN_POINT('Origin',(13.,2.88657986402541E-15,-4.));
#7188=CARTESIAN_POINT('',(14.,2.63677968348475E-15,-3.73205080756888));
#7189=CARTESIAN_POINT('',(14.,2.57175827820944E-15,-5.));
#7190=CARTESIAN_POINT('',(15.,2.80332706310032E-15,-2.));
#7191=CARTESIAN_POINT('Ctrl Pts',(15.,2.77555756156289E-15,-2.));
#7192=CARTESIAN_POINT('Ctrl Pts',(14.722901777919,2.6525012310681E-15,-2.27709822208096));
#7193=CARTESIAN_POINT('Ctrl Pts',(14.3960872838113,2.67089616259136E-15,
-2.61522327220401));
#7194=CARTESIAN_POINT('Ctrl Pts',(14.0895719998978,2.61459021839119E-15,
-3.18473047315088));
#7195=CARTESIAN_POINT('Ctrl Pts',(14.,2.63677968348475E-15,-3.47717338569331));
#7196=CARTESIAN_POINT('Ctrl Pts',(14.,2.63677968348475E-15,-3.73205080756888));
#7197=CARTESIAN_POINT('',(62.5922964241043,1.1545890085078E-14,-2.));
#7198=CARTESIAN_POINT('',(21.648074106026,4.02455846426619E-15,-2.));
#7199=CARTESIAN_POINT('',(63.5922964241043,1.16573417585641E-14,-3.73205080756888));
#7200=CARTESIAN_POINT('Ctrl Pts',(63.5922964241043,1.16573417585641E-14,
-3.73205080756888));
#7201=CARTESIAN_POINT('Ctrl Pts',(63.5922964241043,1.16430619444915E-14,
-3.47717338569331));
#7202=CARTESIAN_POINT('Ctrl Pts',(63.5027244242066,1.16795312236577E-14,
-3.18473047315087));
#7203=CARTESIAN_POINT('Ctrl Pts',(63.1962091402931,1.16232252794575E-14,
-2.61522327220401));
#7204=CARTESIAN_POINT('Ctrl Pts',(62.8693946461853,1.1518563880486E-14,
-2.27709822208096));
#7205=CARTESIAN_POINT('Ctrl Pts',(62.5922964241043,1.1518563880486E-14,
-2.));
#7206=CARTESIAN_POINT('',(63.5922964241043,1.16817153399314E-14,5.00000000000001));
#7207=CARTESIAN_POINT('',(12.,2.21642559655404E-15,3.67394039744206E-16));
#7208=CARTESIAN_POINT('Origin',(9.,1.66533453693773E-15,0.));
#7209=CARTESIAN_POINT('',(71.5922964241043,1.31798779647275E-14,3.67394039744206E-16));
#7210=CARTESIAN_POINT('Origin',(68.5922964241043,1.26287869051112E-14,0.));
#7211=CARTESIAN_POINT('Origin',(7.33623285481013,73.5992093198018,-4.));
#7212=CARTESIAN_POINT('Origin',(10.6066017177979,78.107015049866,0.));
#7213=CARTESIAN_POINT('',(13.0814754519508,80.581888784019,0.));
#7214=CARTESIAN_POINT('Origin',(10.6066017177979,78.107015049866,-2.));
#7215=CARTESIAN_POINT('',(8.131727983645,80.581888784019,2.));
#7216=CARTESIAN_POINT('',(8.131727983645,80.581888784019,0.));
#7217=CARTESIAN_POINT('Origin',(10.6066017177979,78.107015049866,2.));
#7218=CARTESIAN_POINT('Origin',(10.8717667607429,70.0636754138691,4.));
#7219=CARTESIAN_POINT('',(10.1646599795563,69.3565686326825,4.));
#7220=CARTESIAN_POINT('Origin',(8.39689302658996,71.1243355856489,-1.11022302462516E-15));
#7221=CARTESIAN_POINT('Origin',(4.15425233947066,75.3669762727682,3.99608992783391));
#7222=CARTESIAN_POINT('Origin',(9.01561146012818,80.2283353934257,3.99608992783391));
#7223=CARTESIAN_POINT('',(9.05980563395234,80.1841412196015,2.99804496391696));
#7224=CARTESIAN_POINT('Origin',(9.10399980777651,80.1399470457774,2.));
#7225=CARTESIAN_POINT('Origin',(8.83883476483154,79.8747820028324,2.));
#7226=CARTESIAN_POINT('',(1.0251262658468,73.4752870662207,2.));
#7227=CARTESIAN_POINT('',(8.39689302658996,80.8470538269639,2.));
#7228=CARTESIAN_POINT('Origin',(1.73223304703334,72.7681802850342,2.));
#7229=CARTESIAN_POINT('Origin',(10.6066017177979,78.107015049866,2.));
#7230=CARTESIAN_POINT('Origin',(13.,2.54145159854905E-15,4.));
#7231=CARTESIAN_POINT('',(13.,9.,5.));
#7232=CARTESIAN_POINT('',(13.,2.54145159854905E-15,5.));
#7233=CARTESIAN_POINT('',(14.,1.,4.));
#7234=CARTESIAN_POINT('',(14.,2.76349620347408E-15,4.));
#7235=CARTESIAN_POINT('',(14.,10.,4.));
#7236=CARTESIAN_POINT('',(14.,20.764190629543,4.));
#7237=CARTESIAN_POINT('Origin',(13.,9.,4.));
#7238=CARTESIAN_POINT('Origin',(5.,9.56832684413444E-16,4.));
#7239=CARTESIAN_POINT('',(4.,1.05051025721682,4.));
#7240=CARTESIAN_POINT('',(4.,10.,4.));
#7241=CARTESIAN_POINT('',(4.,20.764190629543,4.));
#7242=CARTESIAN_POINT('',(4.,7.34788079488412E-16,4.));
#7243=CARTESIAN_POINT('',(5.,9.,5.));
#7244=CARTESIAN_POINT('',(5.,9.56832684413444E-16,5.));
#7245=CARTESIAN_POINT('Origin',(5.,9.,4.));
#7246=CARTESIAN_POINT('Origin',(6.5,9.,4.));
#7247=CARTESIAN_POINT('',(26.148074106026,10.,4.));
#7248=CARTESIAN_POINT('',(6.5,9.,5.));
#7249=CARTESIAN_POINT('Origin',(4.,7.34788079488412E-16,4.99999999999999));
#7250=CARTESIAN_POINT('Origin',(4.,7.34788079488412E-16,-5.));
#7251=CARTESIAN_POINT('Ctrl Pts',(4.,0.000239503919213617,3.71064409228551));
#7252=CARTESIAN_POINT('Ctrl Pts',(4.,0.0574157437388449,3.74493732383899));
#7253=CARTESIAN_POINT('Ctrl Pts',(4.,0.382122264220148,3.91849762253532));
#7254=CARTESIAN_POINT('Ctrl Pts',(4.,0.74949249237577,4.));
#7255=CARTESIAN_POINT('Ctrl Pts',(4.,1.05051025721682,4.));
#7256=CARTESIAN_POINT('Origin',(13.,2.34971367328441E-15,-4.));
#7257=CARTESIAN_POINT('',(14.,1.,-4.));
#7258=CARTESIAN_POINT('',(14.,10.,-4.));
#7259=CARTESIAN_POINT('',(14.,20.764190629543,-4.));
#7260=CARTESIAN_POINT('',(14.,2.57175827820944E-15,-4.));
#7261=CARTESIAN_POINT('',(13.,9.,-5.));
#7262=CARTESIAN_POINT('',(13.,2.34971367328441E-15,-5.));
#7263=CARTESIAN_POINT('Origin',(13.,9.,-4.));
#7264=CARTESIAN_POINT('Origin',(5.,7.65094759148802E-16,-4.));
#7265=CARTESIAN_POINT('',(5.,9.,-5.));
#7266=CARTESIAN_POINT('',(5.,7.65094759148802E-16,-5.));
#7267=CARTESIAN_POINT('',(4.,1.05051025721682,-4.));
#7268=CARTESIAN_POINT('',(4.,5.43050154223771E-16,-4.));
#7269=CARTESIAN_POINT('',(4.,10.,-4.));
#7270=CARTESIAN_POINT('',(4.,20.764190629543,-4.));
#7271=CARTESIAN_POINT('Origin',(5.,9.,-4.));
#7272=CARTESIAN_POINT('Origin',(11.5,9.,-4.));
#7273=CARTESIAN_POINT('',(11.5,9.,-5.));
#7274=CARTESIAN_POINT('',(26.148074106026,10.,-4.));
#7275=CARTESIAN_POINT('Origin',(14.,2.57175827820944E-15,5.));
#7276=CARTESIAN_POINT('Origin',(14.,1.,-2.));
#7277=CARTESIAN_POINT('Origin',(62.5922964241043,20.764190629543,-4.));
#7278=CARTESIAN_POINT('Origin',(62.5922964241043,1.00000000000001,-4.));
#7279=CARTESIAN_POINT('Origin',(62.5922964241043,1.00000000000001,-2.));
#7280=CARTESIAN_POINT('Origin',(62.5922964241043,1.00000000000001,-2.));
#7281=CARTESIAN_POINT('Origin',(63.5922964241043,1.00000000000001,-2.));
#7282=CARTESIAN_POINT('Origin',(63.5922964241043,1.16817153399314E-14,-5.));
#7283=CARTESIAN_POINT('Origin',(62.5922964241043,1.00000000000001,2.));
#7284=CARTESIAN_POINT('Origin',(62.5922964241043,1.00000000000001,4.));
#7285=CARTESIAN_POINT('Origin',(62.5922964241043,1.00000000000001,2.));
#7286=CARTESIAN_POINT('Origin',(63.5922964241043,1.00000000000001,2.));
#7287=CARTESIAN_POINT('Origin',(62.5922964241043,20.764190629543,4.));
#7288=CARTESIAN_POINT('Origin',(63.5922964241043,1.16817153399314E-14,-5.));
#7289=CARTESIAN_POINT('Origin',(15.,1.,-2.));
#7290=CARTESIAN_POINT('Origin',(15.,1.,-4.));
#7291=CARTESIAN_POINT('Origin',(15.,1.,-2.));
#7292=CARTESIAN_POINT('Origin',(15.,20.764190629543,-4.));
#7293=CARTESIAN_POINT('Origin',(15.,11.,-4.));
#7294=CARTESIAN_POINT('Origin',(3.,20.764190629543,-4.));
#7295=CARTESIAN_POINT('Origin',(3.,1.05051025721682,-4.));
#7296=CARTESIAN_POINT('Origin',(3.,11.,-4.));
#7297=CARTESIAN_POINT('Origin',(26.148074106026,11.,-4.));
#7298=CARTESIAN_POINT('Ctrl Pts',(3.,1.05051025721682,-3.));
#7299=CARTESIAN_POINT('Ctrl Pts',(3.04424039564242,0.815716400640802,-3.));
#7300=CARTESIAN_POINT('Ctrl Pts',(3.09840617034659,0.279420211763482,-2.82132087177245));
#7301=CARTESIAN_POINT('Ctrl Pts',(3.11111111111111,0.0216720350003263,-2.30101782356212));
#7302=CARTESIAN_POINT('Ctrl Pts',(3.11111111111111,0.0216720350003269,-2.));
#7303=CARTESIAN_POINT('Ctrl Pts',(3.29919930034189,1.05051025721682,-3.));
#7304=CARTESIAN_POINT('Ctrl Pts',(3.33497169823053,0.81640904459984,-3.01364129344162));
#7305=CARTESIAN_POINT('Ctrl Pts',(3.37748340110464,0.262303121225488,-2.84693124155079));
#7306=CARTESIAN_POINT('Ctrl Pts',(3.3873812731234,-0.00921590812039102,
-2.30967995974339));
#7307=CARTESIAN_POINT('Ctrl Pts',(3.3873812731234,-0.00921590812039045,
-2.));
#7308=CARTESIAN_POINT('Ctrl Pts',(3.81755567949614,1.05051025721682,-3.25083268688643));
#7309=CARTESIAN_POINT('Ctrl Pts',(3.82833088752856,0.761087263020192,-3.27186715496581));
#7310=CARTESIAN_POINT('Ctrl Pts',(3.84064600098084,0.0654487503310741,-3.06737274213553));
#7311=CARTESIAN_POINT('Ctrl Pts',(3.84339270022356,-0.276278323742705,-2.39153032106862));
#7312=CARTESIAN_POINT('Ctrl Pts',(3.84339270022356,-0.276278323742704,-2.));
#7313=CARTESIAN_POINT('Ctrl Pts',(4.,1.05051025721682,-3.77560052474359));
#7314=CARTESIAN_POINT('Ctrl Pts',(3.9998859234613,0.647518848760064,-3.78186582181723));
#7315=CARTESIAN_POINT('Ctrl Pts',(3.99989448029243,-0.302015719979004,-3.47027781541623));
#7316=CARTESIAN_POINT('Ctrl Pts',(4.,-0.763642338934733,-2.53898566183065));
#7317=CARTESIAN_POINT('Ctrl Pts',(4.,-0.763642338934732,-2.));
#7318=CARTESIAN_POINT('Ctrl Pts',(4.,1.05051025721682,-4.));
#7319=CARTESIAN_POINT('Ctrl Pts',(4.,0.598983609955244,-4.));
#7320=CARTESIAN_POINT('Ctrl Pts',(4.,-0.459166181051928,-3.6426417435449));
#7321=CARTESIAN_POINT('Ctrl Pts',(4.,-0.972135954999581,-2.60203564712424));
#7322=CARTESIAN_POINT('Ctrl Pts',(4.,-0.97213595499958,-2.));
#7323=CARTESIAN_POINT('',(3.11111111111111,0.0216720350003269,-2.));
#7324=CARTESIAN_POINT('Ctrl Pts',(3.50000000037701,9.71445146547012E-16,
-2.4763490792668));
#7325=CARTESIAN_POINT('Ctrl Pts',(3.3874608005146,-1.21220527782393E-11,
-2.3231845692431));
#7326=CARTESIAN_POINT('Ctrl Pts',(3.25933048949817,0.00525849082189823,
-2.16923287064001));
#7327=CARTESIAN_POINT('Ctrl Pts',(3.11358228260492,0.0213964163399486,-2.00282000747328));
#7328=CARTESIAN_POINT('Ctrl Pts',(3.1123468075956,0.0215338799333939,-2.0014098780986));
#7329=CARTESIAN_POINT('Ctrl Pts',(3.11111111111111,0.0216720350003269,-2.00000000000768));
#7330=CARTESIAN_POINT('Ctrl Pts',(3.11111111111111,0.0216720350003269,-2.));
#7331=CARTESIAN_POINT('Ctrl Pts',(3.11111111111111,0.0216720350003263,-2.30101782356212));
#7332=CARTESIAN_POINT('Ctrl Pts',(3.09840617034659,0.279420211763482,-2.82132087177245));
#7333=CARTESIAN_POINT('Ctrl Pts',(3.04424039564242,0.815716400640802,-3.));
#7334=CARTESIAN_POINT('Ctrl Pts',(3.,1.05051025721682,-3.));
#7335=CARTESIAN_POINT('Ctrl Pts',(4.,1.05051025721682,-4.));
#7336=CARTESIAN_POINT('Ctrl Pts',(4.,0.683338267115102,-4.));
#7337=CARTESIAN_POINT('Ctrl Pts',(4.,0.314866160107621,-3.89872567652793));
#7338=CARTESIAN_POINT('Ctrl Pts',(4.,-3.90420001143699E-6,-3.71104992529179));
#7339=CARTESIAN_POINT('Origin',(3.49999999999999,3.5,-2.));
#7340=CARTESIAN_POINT('',(-1.4432899320127E-14,3.49999999999999,-2.));
#7341=CARTESIAN_POINT('Origin',(3.49999999999999,3.5,-2.));
#7342=CARTESIAN_POINT('Origin',(0.999999999999987,3.49999999999999,-2.));
#7343=CARTESIAN_POINT('Origin',(4.,7.34788079488412E-16,-5.));
#7344=CARTESIAN_POINT('Origin',(3.,20.764190629543,4.));
#7345=CARTESIAN_POINT('Origin',(3.,1.05051025721682,4.));
#7346=CARTESIAN_POINT('Origin',(3.,11.,4.));
#7347=CARTESIAN_POINT('Origin',(15.,20.764190629543,4.));
#7348=CARTESIAN_POINT('Origin',(15.,1.,4.));
#7349=CARTESIAN_POINT('Origin',(15.,11.,4.));
#7350=CARTESIAN_POINT('Origin',(15.,1.,2.));
#7351=CARTESIAN_POINT('Origin',(15.,1.,2.));
#7352=CARTESIAN_POINT('Origin',(14.,1.,2.));
#7353=CARTESIAN_POINT('Origin',(26.148074106026,11.,4.));
#7354=CARTESIAN_POINT('Ctrl Pts',(3.11111111111111,0.0216720350003269,2.));
#7355=CARTESIAN_POINT('Ctrl Pts',(3.11111111111111,0.0216720350003264,2.22576336767159));
#7356=CARTESIAN_POINT('Ctrl Pts',(3.10391488900305,0.156137645734867,2.60052079700309));
#7357=CARTESIAN_POINT('Ctrl Pts',(3.06904797273252,0.586887594358242,2.93327183592545));
#7358=CARTESIAN_POINT('Ctrl Pts',(3.02949359709495,0.893981019499474,3.));
#7359=CARTESIAN_POINT('Ctrl Pts',(3.,1.05051025721682,3.));
#7360=CARTESIAN_POINT('Ctrl Pts',(3.3873812731234,-0.00921590812039045,
2.));
#7361=CARTESIAN_POINT('Ctrl Pts',(3.3873812731234,-0.00921590812039096,
2.23225996980754));
#7362=CARTESIAN_POINT('Ctrl Pts',(3.38174512302328,0.133036293114878,2.61995719951659));
#7363=CARTESIAN_POINT('Ctrl Pts',(3.35445967410379,0.580118552416849,2.95242010816361));
#7364=CARTESIAN_POINT('Ctrl Pts',(3.32304756560098,0.894442782138833,3.00909419562775));
#7365=CARTESIAN_POINT('Ctrl Pts',(3.29919930034189,1.05051025721682,3.));
#7366=CARTESIAN_POINT('Ctrl Pts',(3.84339270022356,-0.276278323742704,2.));
#7367=CARTESIAN_POINT('Ctrl Pts',(3.84339270022356,-0.276278323742705,2.29364774080147));
#7368=CARTESIAN_POINT('Ctrl Pts',(3.84189475780633,-0.0985333902113889,
2.78024753099391));
#7369=CARTESIAN_POINT('Ctrl Pts',(3.83394055049626,0.465324405241556,3.19815299505737));
#7370=CARTESIAN_POINT('Ctrl Pts',(3.82473915151776,0.857561594419068,3.26485566560602));
#7371=CARTESIAN_POINT('Ctrl Pts',(3.81755567949614,1.05051025721682,3.25083268688643));
#7372=CARTESIAN_POINT('Ctrl Pts',(4.,-0.763642338934732,2.));
#7373=CARTESIAN_POINT('Ctrl Pts',(4.,-0.763642338934733,2.40423924637299));
#7374=CARTESIAN_POINT('Ctrl Pts',(3.99986248559837,-0.523043189650129,3.07494315209031));
#7375=CARTESIAN_POINT('Ctrl Pts',(3.99993274627213,0.24301213872923,3.66630975353457));
#7376=CARTESIAN_POINT('Ctrl Pts',(3.9999239489742,0.78184931824565,3.77977738945935));
#7377=CARTESIAN_POINT('Ctrl Pts',(4.,1.05051025721682,3.77560052474359));
#7378=CARTESIAN_POINT('Ctrl Pts',(4.,-0.97213595499958,2.));
#7379=CARTESIAN_POINT('Ctrl Pts',(4.,-0.972135954999581,2.45152673534318));
#7380=CARTESIAN_POINT('Ctrl Pts',(4.,-0.704587941236517,3.20104159400618));
#7381=CARTESIAN_POINT('Ctrl Pts',(4.,0.147940939573592,3.8665436718509));
#7382=CARTESIAN_POINT('Ctrl Pts',(4.,0.74949249237577,4.));
#7383=CARTESIAN_POINT('Ctrl Pts',(4.,1.05051025721682,4.));
#7384=CARTESIAN_POINT('',(3.11111111111111,0.0216720350003269,2.));
#7385=CARTESIAN_POINT('Ctrl Pts',(3.,1.05051025721682,3.));
#7386=CARTESIAN_POINT('Ctrl Pts',(3.02949359709495,0.893981019499474,3.));
#7387=CARTESIAN_POINT('Ctrl Pts',(3.06904797273252,0.586887594358242,2.93327183592545));
#7388=CARTESIAN_POINT('Ctrl Pts',(3.10391488900305,0.156137645734867,2.60052079700309));
#7389=CARTESIAN_POINT('Ctrl Pts',(3.11111111111111,0.0216720350003264,2.22576336767159));
#7390=CARTESIAN_POINT('Ctrl Pts',(3.11111111111111,0.0216720350003269,2.));
#7391=CARTESIAN_POINT('Ctrl Pts',(3.11111111111111,0.0216720350003269,2.0000000000103));
#7392=CARTESIAN_POINT('Ctrl Pts',(3.11234680794447,0.0215338798943925,2.00140987849926));
#7393=CARTESIAN_POINT('Ctrl Pts',(3.11358228225617,0.0213964163785649,2.00282000707512));
#7394=CARTESIAN_POINT('Ctrl Pts',(3.25933048835013,0.00525849094901467,
2.16923286932799));
#7395=CARTESIAN_POINT('Ctrl Pts',(3.38746079954263,-2.59552302799932E-14,
2.32318456796507));
#7396=CARTESIAN_POINT('Ctrl Pts',(3.50000000000083,1.11022302462516E-15,
2.47634907875481));
#7397=CARTESIAN_POINT('Origin',(21.648074106026,1.00000000000001,2.));
#7398=CARTESIAN_POINT('Origin',(14.,2.57175827820944E-15,5.));
#7399=CARTESIAN_POINT('Ctrl Pts',(6.03162084352096,50.5793480582737,3.));
#7400=CARTESIAN_POINT('Ctrl Pts',(6.5076440154665,50.7380224489222,3.));
#7401=CARTESIAN_POINT('Ctrl Pts',(7.29816169780592,51.0015283430354,2.86891959322682));
#7402=CARTESIAN_POINT('Ctrl Pts',(8.00781386519865,51.2380790654996,2.44828758971223));
#7403=CARTESIAN_POINT('Ctrl Pts',(8.1529411870806,51.2864548394603,2.14959965017094));
#7404=CARTESIAN_POINT('Ctrl Pts',(8.1529411870806,51.2864548394603,2.));
#7405=CARTESIAN_POINT('Ctrl Pts',(6.03162084352096,50.5793480582737,3.));
#7406=CARTESIAN_POINT('Ctrl Pts',(6.5076440154665,50.6775750620085,3.));
#7407=CARTESIAN_POINT('Ctrl Pts',(7.29781976040646,50.8419105853326,2.80915507735373));
#7408=CARTESIAN_POINT('Ctrl Pts',(7.86925744242706,51.0282329663458,2.32454470676701));
#7409=CARTESIAN_POINT('Ctrl Pts',(7.94137533288259,51.0748889852623,2.10416750667096));
#7410=CARTESIAN_POINT('Ctrl Pts',(7.94137533288259,51.0748889852623,2.));
#7411=CARTESIAN_POINT('Ctrl Pts',(6.03162084352096,50.5793480582737,3.));
#7412=CARTESIAN_POINT('Ctrl Pts',(6.5076440154665,50.5717921349095,3.));
#7413=CARTESIAN_POINT('Ctrl Pts',(7.29727069237912,50.5589340629637,2.76511478427353));
#7414=CARTESIAN_POINT('Ctrl Pts',(7.7524100036578,50.5376183836901,2.22037733187727));
#7415=CARTESIAN_POINT('Ctrl Pts',(7.75279387093617,50.5310434514763,2.06513550755077));
#7416=CARTESIAN_POINT('Ctrl Pts',(7.75279387093617,50.5310434514763,2.));
#7417=CARTESIAN_POINT('Ctrl Pts',(6.03162084352096,50.5793480582737,3.));
#7418=CARTESIAN_POINT('Ctrl Pts',(6.5076440154665,50.4660092078105,3.));
#7419=CARTESIAN_POINT('Ctrl Pts',(7.29683253134867,50.2768253854502,2.82386935067718));
#7420=CARTESIAN_POINT('Ctrl Pts',(7.90362809257216,50.077992652774,2.35623741359258));
#7421=CARTESIAN_POINT('Ctrl Pts',(7.99426679643209,50.0309156677357,2.11597665080514));
#7422=CARTESIAN_POINT('Ctrl Pts',(7.99426679643209,50.0309156677357,2.));
#7423=CARTESIAN_POINT('Ctrl Pts',(6.03162084352096,50.5793480582737,3.));
#7424=CARTESIAN_POINT('Ctrl Pts',(6.5076440154665,50.4206736676252,3.));
#7425=CARTESIAN_POINT('Ctrl Pts',(7.29816169780592,50.1571677735121,2.86891959322682));
#7426=CARTESIAN_POINT('Ctrl Pts',(8.00781386519865,49.9206170510478,2.44828758971223));
#7427=CARTESIAN_POINT('Ctrl Pts',(8.1529411870806,49.8722412770872,2.14959965017094));
#7428=CARTESIAN_POINT('Ctrl Pts',(8.1529411870806,49.8722412770872,2.));
#7429=CARTESIAN_POINT('',(8.15294118708061,49.8722412770872,2.));
#7430=CARTESIAN_POINT('',(8.1529411870806,51.2864548394603,2.));
#7431=CARTESIAN_POINT('Origin',(8.86004796826715,50.5793480582737,2.));
#7432=CARTESIAN_POINT('Origin',(6.03162084352096,50.5793480582737,2.));
#7433=CARTESIAN_POINT('Origin',(6.03162084352096,50.5793480582737,2.));
#7434=CARTESIAN_POINT('Origin',(8.86004796826715,50.5793480582737,3.));
#7435=CARTESIAN_POINT('',(8.15294118708061,49.8722412770872,-2.));
#7436=CARTESIAN_POINT('',(8.1529411870806,49.8722412770872,3.));
#7437=CARTESIAN_POINT('',(8.1529411870806,51.2864548394603,-2.));
#7438=CARTESIAN_POINT('Origin',(8.86004796826715,50.5793480582737,-2.));
#7439=CARTESIAN_POINT('',(8.1529411870806,51.2864548394603,3.));
#7440=CARTESIAN_POINT('Ctrl Pts',(8.15294118708061,51.2864548394603,-2.));
#7441=CARTESIAN_POINT('Ctrl Pts',(8.15294118708061,51.2864548394603,-2.14959965017094));
#7442=CARTESIAN_POINT('Ctrl Pts',(8.04292173328994,51.2497816881967,-2.37291489955727));
#7443=CARTESIAN_POINT('Ctrl Pts',(7.45060730171987,51.05234354434,-2.82130577163866));
#7444=CARTESIAN_POINT('Ctrl Pts',(6.66631840611501,50.7909139124718,-3.));
#7445=CARTESIAN_POINT('Ctrl Pts',(6.03162084352096,50.5793480582737,-3.));
#7446=CARTESIAN_POINT('Ctrl Pts',(7.9413753328826,51.0748889852623,-2.));
#7447=CARTESIAN_POINT('Ctrl Pts',(7.9413753328826,51.0748889852623,-2.10416750667096));
#7448=CARTESIAN_POINT('Ctrl Pts',(7.88185893400686,51.0408088863618,-2.26748984235165));
#7449=CARTESIAN_POINT('Ctrl Pts',(7.43740582078483,50.8778720766611,-2.7341232814831));
#7450=CARTESIAN_POINT('Ctrl Pts',(6.66631840611501,50.7103173965868,-3.));
#7451=CARTESIAN_POINT('Ctrl Pts',(6.03162084352096,50.5793480582737,-3.));
#7452=CARTESIAN_POINT('Ctrl Pts',(7.75279387093618,50.5310434514763,-2.));
#7453=CARTESIAN_POINT('Ctrl Pts',(7.75279387093618,50.5310434514763,-2.06513550755077));
#7454=CARTESIAN_POINT('Ctrl Pts',(7.74368871078865,50.5357036535281,-2.17747452393097));
#7455=CARTESIAN_POINT('Ctrl Pts',(7.42666113026365,50.5553806725326,-2.66700002078145));
#7456=CARTESIAN_POINT('Ctrl Pts',(6.66631840611501,50.5692734937881,-3.));
#7457=CARTESIAN_POINT('Ctrl Pts',(6.03162084352096,50.5793480582737,-3.));
#7458=CARTESIAN_POINT('Ctrl Pts',(7.9942667964321,50.0309156677357,-2.));
#7459=CARTESIAN_POINT('Ctrl Pts',(7.9942667964321,50.0309156677357,-2.11597665080513));
#7460=CARTESIAN_POINT('Ctrl Pts',(7.92208493722575,50.0656456904213,-2.29454515914398));
#7461=CARTESIAN_POINT('Ctrl Pts',(7.43926984384032,50.2371335316957,-2.7558512732855));
#7462=CARTESIAN_POINT('Ctrl Pts',(6.66631840611501,50.4282295909894,-3.));
#7463=CARTESIAN_POINT('Ctrl Pts',(6.03162084352096,50.5793480582737,-3.));
#7464=CARTESIAN_POINT('Ctrl Pts',(8.15294118708061,49.8722412770872,-2.));
#7465=CARTESIAN_POINT('Ctrl Pts',(8.15294118708061,49.8722412770872,-2.14959965017094));
#7466=CARTESIAN_POINT('Ctrl Pts',(8.04292173328995,49.9089144283508,-2.37291489955727));
#7467=CARTESIAN_POINT('Ctrl Pts',(7.45060730171987,50.1063525722074,-2.82130577163866));
#7468=CARTESIAN_POINT('Ctrl Pts',(6.66631840611501,50.3677822040757,-3.));
#7469=CARTESIAN_POINT('Ctrl Pts',(6.03162084352096,50.5793480582737,-3.));
#7470=CARTESIAN_POINT('Origin',(6.03162084352096,50.5793480582737,-2.));
#7471=CARTESIAN_POINT('Origin',(6.03162084352096,50.5793480582737,-2.));
#7472=CARTESIAN_POINT('Origin',(15.,43.0251824641678,3.));
#7473=CARTESIAN_POINT('',(15.,43.0251824641678,2.));
#7474=CARTESIAN_POINT('',(22.4482373542835,35.5769451098843,2.));
#7475=CARTESIAN_POINT('',(15.,43.0251824641678,-2.));
#7476=CARTESIAN_POINT('',(15.,43.0251824641678,1.5));
#7477=CARTESIAN_POINT('',(22.4482373542835,35.5769451098843,-2.));
#7478=CARTESIAN_POINT('Origin',(21.7411305730969,34.8698383286978,2.));
#7479=CARTESIAN_POINT('Origin',(14.,42.6109689017947,2.));
#7480=CARTESIAN_POINT('Origin',(13.4385643764501,57.9862915912028,2.));
#7481=CARTESIAN_POINT('',(14.7071067811865,57.8406204335662,2.));
#7482=CARTESIAN_POINT('',(14.1456711576366,57.2791848100163,2.));
#7483=CARTESIAN_POINT('Origin',(14.,58.5477272147528,2.));
#7484=CARTESIAN_POINT('Origin',(72.5922964241043,1.26002004392919E-14,4.));
#7485=CARTESIAN_POINT('',(73.5922964241043,0.186744523131657,4.));
#7486=CARTESIAN_POINT('Ctrl Pts',(72.5922964241043,0.0196570342649254,5.));
#7487=CARTESIAN_POINT('Ctrl Pts',(72.7188106169227,0.0299231647700405,5.));
#7488=CARTESIAN_POINT('Ctrl Pts',(72.8532184853619,0.0452778954732378,4.97455772582899));
#7489=CARTESIAN_POINT('Ctrl Pts',(73.0998651446442,0.0814035785695301,4.87190427440078));
#7490=CARTESIAN_POINT('Ctrl Pts',(73.2121451330938,0.101960187091426,4.79471676886051));
#7491=CARTESIAN_POINT('Ctrl Pts',(73.3887461967426,0.137814728688955,4.61740918063944));
#7492=CARTESIAN_POINT('Ctrl Pts',(73.4652866620847,0.155529139960559,4.50554551674594));
#7493=CARTESIAN_POINT('Ctrl Pts',(73.5670749840253,0.180123158830971,4.25979785031374));
#7494=CARTESIAN_POINT('Ctrl Pts',(73.5922964241043,0.186744523131655,4.12587713145544));
#7495=CARTESIAN_POINT('Ctrl Pts',(73.5922964241043,0.186744523131655,4.));
#7496=CARTESIAN_POINT('',(73.5922964241043,10.,4.00000000000001));
#7497=CARTESIAN_POINT('',(73.5922964241043,1.26002004392919E-14,4.));
#7498=CARTESIAN_POINT('Ctrl Pts',(73.5922964241043,10.,4.00000000000001));
#7499=CARTESIAN_POINT('Ctrl Pts',(73.5922964241043,10.,4.1278819336789));
#7500=CARTESIAN_POINT('Ctrl Pts',(73.5677790942418,9.99512754276102,4.25437364129493));
#7501=CARTESIAN_POINT('Ctrl Pts',(73.4721554401058,9.9770805838834,4.4924256790576));
#7502=CARTESIAN_POINT('Ctrl Pts',(73.4014944778534,9.96406769274135,4.60140344548855));
#7503=CARTESIAN_POINT('Ctrl Pts',(73.2216498856066,9.93309300725217,4.7880479638653));
#7504=CARTESIAN_POINT('Ctrl Pts',(73.1134220028327,9.91535913663999,4.86339342152493));
#7505=CARTESIAN_POINT('Ctrl Pts',(72.9318541981238,9.88745809258808,4.94302577819064));
#7506=CARTESIAN_POINT('Ctrl Pts',(72.8671571544045,9.87780393138556,4.96387107346643));
#7507=CARTESIAN_POINT('Ctrl Pts',(72.7345164969391,9.85857563083468,4.99215643274487));
#7508=CARTESIAN_POINT('Ctrl Pts',(72.6668900996115,9.84904708800429,4.99952107035947));
#7509=CARTESIAN_POINT('Ctrl Pts',(72.5967787379079,9.83942191470827,4.99999246568448));
#7510=CARTESIAN_POINT('Ctrl Pts',(72.5945376016469,9.83911450670513,5.00000000000001));
#7511=CARTESIAN_POINT('Ctrl Pts',(72.5922964241043,9.8388073560454,5.00000000000001));
#7512=CARTESIAN_POINT('Origin',(74.5185520402257,10.3768959187942,4.00000000000001));
#7513=CARTESIAN_POINT('Origin',(74.5185520402257,10.3768959187942,4.00000000000001));
#7514=CARTESIAN_POINT('Origin',(74.571481143933,14.142135623731,0.));
#7515=CARTESIAN_POINT('',(77.0463548780859,11.667261889578,2.));
#7516=CARTESIAN_POINT('Origin',(74.571481143933,14.142135623731,2.));
#7517=CARTESIAN_POINT('',(77.0463548780859,11.667261889578,-2.));
#7518=CARTESIAN_POINT('',(77.0463548780859,11.667261889578,0.));
#7519=CARTESIAN_POINT('Origin',(74.571481143933,14.142135623731,-2.));
#7520=CARTESIAN_POINT('',(77.0463548780859,16.6170093578839,0.));
#7521=CARTESIAN_POINT('Origin',(72.5922964241043,1.35186855386524E-14,-4.));
#7522=CARTESIAN_POINT('',(73.5922964241043,10.,-4.));
#7523=CARTESIAN_POINT('',(73.5922964241043,0.186744523131657,-4.));
#7524=CARTESIAN_POINT('',(73.5922964241043,1.35186855386524E-14,-4.));
#7525=CARTESIAN_POINT('Ctrl Pts',(73.5922964241043,0.186744523131655,-4.));
#7526=CARTESIAN_POINT('Ctrl Pts',(73.5922964241043,0.186744523131655,-4.12587713145543));
#7527=CARTESIAN_POINT('Ctrl Pts',(73.5670749840253,0.180123158830969,-4.25979785031373));
#7528=CARTESIAN_POINT('Ctrl Pts',(73.4652866620847,0.155529139960557,-4.50554551674594));
#7529=CARTESIAN_POINT('Ctrl Pts',(73.3887461967426,0.137814728688955,-4.61740918063943));
#7530=CARTESIAN_POINT('Ctrl Pts',(73.2121451330938,0.101960187091426,-4.7947167688605));
#7531=CARTESIAN_POINT('Ctrl Pts',(73.0998651446442,0.0814035785695288,-4.87190427440079));
#7532=CARTESIAN_POINT('Ctrl Pts',(72.8532184853618,0.0452778954732368,-4.97455772582899));
#7533=CARTESIAN_POINT('Ctrl Pts',(72.7188106169227,0.0299231647700412,-5.));
#7534=CARTESIAN_POINT('Ctrl Pts',(72.5922964241044,0.0196570342649266,-5.));
#7535=CARTESIAN_POINT('Ctrl Pts',(72.5922964241043,9.8388073560454,-5.));
#7536=CARTESIAN_POINT('Ctrl Pts',(72.594537601693,9.83911450671145,-5.));
#7537=CARTESIAN_POINT('Ctrl Pts',(72.5967787378588,9.83942191468927,-4.99999246568481));
#7538=CARTESIAN_POINT('Ctrl Pts',(72.6668900999225,9.84904708813073,-4.99952107035761));
#7539=CARTESIAN_POINT('Ctrl Pts',(72.7345164972375,9.85857563087759,-4.99215643268106));
#7540=CARTESIAN_POINT('Ctrl Pts',(72.8671571544028,9.87780393138512,-4.96387107346699));
#7541=CARTESIAN_POINT('Ctrl Pts',(72.931854198123,9.88745809258782,-4.943025778191));
#7542=CARTESIAN_POINT('Ctrl Pts',(73.1134220028328,9.91535913663994,-4.8633934215249));
#7543=CARTESIAN_POINT('Ctrl Pts',(73.2216498856067,9.93309300725214,-4.78804796386527));
#7544=CARTESIAN_POINT('Ctrl Pts',(73.4014944778534,9.96406769274133,-4.60140344548855));
#7545=CARTESIAN_POINT('Ctrl Pts',(73.4721554401058,9.97708058388337,-4.4924256790576));
#7546=CARTESIAN_POINT('Ctrl Pts',(73.5677790942418,9.99512754276101,-4.2543736412949));
#7547=CARTESIAN_POINT('Ctrl Pts',(73.5922964241043,10.,-4.12788193367888));
#7548=CARTESIAN_POINT('Ctrl Pts',(73.5922964241043,10.,-4.));
#7549=CARTESIAN_POINT('Origin',(74.5185520402257,10.3768959187942,-4.));
#7550=CARTESIAN_POINT('Origin',(74.5185520402257,10.3768959187942,-4.));
#7551=CARTESIAN_POINT('Origin',(74.5185520402257,10.3768959187942,-5.));
#7552=CARTESIAN_POINT('',(73.5922964241043,10.,-3.));
#7553=CARTESIAN_POINT('Origin',(74.5185520402257,10.3768959187942,-3.));
#7554=CARTESIAN_POINT('',(73.5922964241043,10.,-5.));
#7555=CARTESIAN_POINT('Origin',(29.148074106026,14.,2.));
#7556=CARTESIAN_POINT('',(51.0624458405137,15.,2.));
#7557=CARTESIAN_POINT('Origin',(51.4766594028868,14.,2.));
#7558=CARTESIAN_POINT('',(29.148074106026,15.,2.));
#7559=CARTESIAN_POINT('Origin',(56.4600735293563,18.9834141264695,2.));
#7560=CARTESIAN_POINT('',(49.0944238177817,13.0319779772681,2.));
#7561=CARTESIAN_POINT('',(55.7529667481697,19.6905209076561,2.));
#7562=CARTESIAN_POINT('Origin',(49.8015305989683,12.3248711960815,2.));
#7563=CARTESIAN_POINT('Origin',(15.,15.,0.));
#7564=CARTESIAN_POINT('',(63.2065480264149,15.,-2.));
#7565=CARTESIAN_POINT('',(63.2065480264149,15.,-5.00000000000001));
#7566=CARTESIAN_POINT('',(51.0624458405137,15.,-2.));
#7567=CARTESIAN_POINT('',(29.148074106026,15.,-2.));
#7568=CARTESIAN_POINT('',(51.0624458405137,15.,1.5));
#7569=CARTESIAN_POINT('Origin',(63.2065480264149,16.,-5.00000000000001));
#7570=CARTESIAN_POINT('Origin',(63.2065480264149,16.,-1.99999999999998));
#7571=CARTESIAN_POINT('Origin',(29.148074106026,14.,-2.));
#7572=CARTESIAN_POINT('Origin',(51.4766594028868,14.,-2.));
#7573=CARTESIAN_POINT('Origin',(63.2065480264149,14.,-2.));
#7574=CARTESIAN_POINT('Origin',(63.2065480264149,16.,-1.99999999999998));
#7575=CARTESIAN_POINT('Origin',(56.4600735293563,18.9834141264695,-2.));
#7576=CARTESIAN_POINT('',(49.0944238177817,13.0319779772681,-2.));
#7577=CARTESIAN_POINT('Origin',(49.8015305989683,12.3248711960815,-2.));
#7578=CARTESIAN_POINT('',(55.7529667481697,19.6905209076561,-2.));
#7579=CARTESIAN_POINT('Origin',(74.5185520402257,10.3768959187942,-5.));
#7580=CARTESIAN_POINT('',(73.5922964241043,10.,3.));
#7581=CARTESIAN_POINT('',(73.5922964241043,10.,-5.));
#7582=CARTESIAN_POINT('Origin',(74.5185520402257,10.3768959187942,3.));
#7583=CARTESIAN_POINT('Origin',(67.1070150498658,11.,4.));
#7584=CARTESIAN_POINT('',(67.8141218310523,11.7071067811866,4.));
#7585=CARTESIAN_POINT('Origin',(68.5212286122388,12.4142135623731,4.));
#7586=CARTESIAN_POINT('Origin',(67.1070150498658,11.,4.));
#7587=CARTESIAN_POINT('Origin',(70.2798888801303,10.6555532944817,4.));
#7588=CARTESIAN_POINT('',(69.5727820989437,9.94844651329513,4.));
#7589=CARTESIAN_POINT('Origin',(67.1070150498658,11.,-7.7715611723761E-15));
#7590=CARTESIAN_POINT('',(67.8141218310523,11.7071067811866,-7.7715611723761E-15));
#7591=CARTESIAN_POINT('Origin',(67.1070150498658,11.,-4.));
#7592=CARTESIAN_POINT('Origin',(68.5212286122388,12.4142135623731,-4.));
#7593=CARTESIAN_POINT('Origin',(72.7798888801303,8.15555329448167,-4.));
#7594=CARTESIAN_POINT('Origin',(79.5212286122388,14.142135623731,0.));
#7595=CARTESIAN_POINT('',(72.5385491480217,21.1248150879481,-1.57308398173206E-14));
#7596=CARTESIAN_POINT('Origin',(74.6598694915813,19.0034947443885,-1.60982338570648E-14));
#7597=CARTESIAN_POINT('Origin',(3.49999999999971,71.0004133320678,2.));
#7598=CARTESIAN_POINT('',(-2.88102874890228E-13,71.0004133320678,2.));
#7599=CARTESIAN_POINT('Origin',(0.99999999999971,71.0004133320678,2.));
#7600=CARTESIAN_POINT('Origin',(3.49999999999971,71.0004133320678,2.));
#7601=CARTESIAN_POINT('Origin',(0.99999999999977,56.9892710297297,2.));
#7602=CARTESIAN_POINT('',(-1.4432899320127E-14,3.49999999999999,2.));
#7603=CARTESIAN_POINT('Origin',(0.999999999999987,3.49999999999999,2.));
#7604=CARTESIAN_POINT('',(-2.31342722756267E-13,56.9892710297297,2.));
#7605=CARTESIAN_POINT('Origin',(3.49999999999999,3.5,2.));
#7606=CARTESIAN_POINT('Origin',(3.49999999999999,3.5,2.));
#7607=CARTESIAN_POINT('Origin',(3.49999999999999,3.5,0.));
#7608=CARTESIAN_POINT('',(-1.4432899320127E-14,3.49999999999999,0.));
#7609=CARTESIAN_POINT('Origin',(-2.94006572765781E-13,72.4501608003737,
0.));
#7610=CARTESIAN_POINT('',(-2.88102874890228E-13,71.0004133320678,-2.));
#7611=CARTESIAN_POINT('',(-2.88102874890228E-13,71.0004133320678,0.));
#7612=CARTESIAN_POINT('',(-2.31342722756267E-13,56.9892710297297,-2.));
#7613=CARTESIAN_POINT('Origin',(3.49999999999971,71.0004133320678,0.));
#7614=CARTESIAN_POINT('',(1.0251262658468,73.4752870662207,0.));
#7615=CARTESIAN_POINT('Origin',(3.49999999999971,71.0004133320678,-2.));
#7616=CARTESIAN_POINT('Origin',(10.6066017177979,83.0567625181719,0.));
#7617=CARTESIAN_POINT('Origin',(21.648074106026,1.00000000000001,-2.));
#7618=CARTESIAN_POINT('Origin',(10.6066017177979,78.107015049866,-2.));
#7619=CARTESIAN_POINT('Origin',(3.49999999999971,71.0004133320678,-2.));
#7620=CARTESIAN_POINT('Origin',(0.99999999999971,71.0004133320678,-2.));
#7621=CARTESIAN_POINT('Origin',(0.99999999999977,56.9892710297297,-2.));
#7622=CARTESIAN_POINT('Origin',(64.6790572751332,20.499025586598,-2.));
#7623=CARTESIAN_POINT('',(75.9856947063061,10.6066017177982,-2.));
#7624=CARTESIAN_POINT('',(76.349655736985,10.2426406871193,-2.));
#7625=CARTESIAN_POINT('',(65.3861640563198,21.2061323677846,-2.));
#7626=CARTESIAN_POINT('',(75.6425489557985,9.53553390593275,-3.));
#7627=CARTESIAN_POINT('Origin',(75.6425489557985,9.53553390593275,-2.));
#7628=CARTESIAN_POINT('',(74.571481143933,10.6066017177982,-3.));
#7629=CARTESIAN_POINT('',(64.6790572751332,20.499025586598,-3.));
#7630=CARTESIAN_POINT('Origin',(74.571481143933,10.6066017177982,-2.));
#7631=CARTESIAN_POINT('Origin',(74.836646186878,10.8717667607432,-2.));
#7632=CARTESIAN_POINT('',(76.3392480968994,12.3743686707646,-3.));
#7633=CARTESIAN_POINT('',(74.836646186878,10.8717667607432,-3.));
#7634=CARTESIAN_POINT('Origin',(76.3392480968994,12.3743686707646,-2.));
#7635=CARTESIAN_POINT('',(75.5437529680645,10.1646599795566,-2.));
#7636=CARTESIAN_POINT('Origin',(74.571481143933,14.142135623731,-2.));
#7637=CARTESIAN_POINT('Origin',(74.571481143933,14.142135623731,-3.));
#7638=CARTESIAN_POINT('Origin',(72.1070150498658,6.00000000000001,-2.));
#7639=CARTESIAN_POINT('',(73.5922964241043,0.186744523131657,-2.));
#7640=CARTESIAN_POINT('',(73.5922964241043,1.22570013097838,-3.));
#7641=CARTESIAN_POINT('Ctrl Pts',(73.5922964241043,1.22570013097838,-3.));
#7642=CARTESIAN_POINT('Ctrl Pts',(73.5922964241043,1.09511350109926,-3.));
#7643=CARTESIAN_POINT('Ctrl Pts',(73.5922964241043,0.941214444820881,-2.97048372894123));
#7644=CARTESIAN_POINT('Ctrl Pts',(73.5922964241043,0.702512164757376,-2.87372642542339));
#7645=CARTESIAN_POINT('Ctrl Pts',(73.5922964241043,0.574762682250973,-2.79066833274199));
#7646=CARTESIAN_POINT('Ctrl Pts',(73.5922964241043,0.395523276810465,-2.61497695766475));
#7647=CARTESIAN_POINT('Ctrl Pts',(73.5922964241043,0.311490204096152,-2.49216785439336));
#7648=CARTESIAN_POINT('Ctrl Pts',(73.5922964241043,0.215912042574558,-2.26548035070944));
#7649=CARTESIAN_POINT('Ctrl Pts',(73.5922964241043,0.186744523131657,-2.12200688558163));
#7650=CARTESIAN_POINT('Ctrl Pts',(73.5922964241043,0.186744523131657,-2.));
#7651=CARTESIAN_POINT('Origin',(72.1070150498658,6.00000000000001,-3.));
#7652=CARTESIAN_POINT('Origin',(72.1070150498658,6.00000000000001,-2.));
#7653=CARTESIAN_POINT('Origin',(72.1070150498658,6.00000000000001,0.));
#7654=CARTESIAN_POINT('',(73.5922964241043,0.186744523131657,0.));
#7655=CARTESIAN_POINT('',(76.349655736985,10.2426406871193,2.));
#7656=CARTESIAN_POINT('',(76.349655736985,10.2426406871193,0.));
#7657=CARTESIAN_POINT('',(73.5922964241043,0.186744523131653,2.));
#7658=CARTESIAN_POINT('Origin',(72.1070150498658,6.00000000000001,2.));
#7659=CARTESIAN_POINT('',(73.5922964241043,0.186744523131657,0.));
#7660=CARTESIAN_POINT('Origin',(86.5922964241043,1.5724934570871E-14,0.));
#7661=CARTESIAN_POINT('',(75.9856947063061,10.6066017177982,2.));
#7662=CARTESIAN_POINT('',(75.9856947063061,10.6066017177982,0.));
#7663=CARTESIAN_POINT('',(65.3861640563198,21.2061323677846,2.));
#7664=CARTESIAN_POINT('Origin',(75.9856947063061,10.6066017177982,0.));
#7665=CARTESIAN_POINT('',(75.5437529680645,10.1646599795566,2.));
#7666=CARTESIAN_POINT('Origin',(74.836646186878,10.8717667607432,2.));
#7667=CARTESIAN_POINT('',(76.3392480968994,12.3743686707646,3.));
#7668=CARTESIAN_POINT('Origin',(76.3392480968994,12.3743686707646,2.));
#7669=CARTESIAN_POINT('',(74.571481143933,10.6066017177982,3.));
#7670=CARTESIAN_POINT('',(74.836646186878,10.8717667607432,3.));
#7671=CARTESIAN_POINT('Origin',(74.571481143933,10.6066017177982,2.));
#7672=CARTESIAN_POINT('Origin',(74.571481143933,14.142135623731,2.));
#7673=CARTESIAN_POINT('Origin',(74.571481143933,14.142135623731,3.));
#7674=CARTESIAN_POINT('Origin',(64.6790572751332,20.499025586598,2.));
#7675=CARTESIAN_POINT('',(75.6425489557985,9.53553390593275,3.));
#7676=CARTESIAN_POINT('',(64.6790572751332,20.499025586598,3.));
#7677=CARTESIAN_POINT('Origin',(75.6425489557985,9.53553390593275,2.));
#7678=CARTESIAN_POINT('Origin',(72.1070150498658,6.00000000000001,2.));
#7679=CARTESIAN_POINT('',(73.5922964241043,1.22570013097838,3.));
#7680=CARTESIAN_POINT('Ctrl Pts',(73.5922964241043,0.186744523131655,2.));
#7681=CARTESIAN_POINT('Ctrl Pts',(73.5922964241043,0.186744523131655,2.12200688558163));
#7682=CARTESIAN_POINT('Ctrl Pts',(73.5922964241043,0.215912042574556,2.26548035070943));
#7683=CARTESIAN_POINT('Ctrl Pts',(73.5922964241043,0.31149020409615,2.49216785439336));
#7684=CARTESIAN_POINT('Ctrl Pts',(73.5922964241043,0.395523276810463,2.61497695766475));
#7685=CARTESIAN_POINT('Ctrl Pts',(73.5922964241043,0.574762682250971,2.79066833274199));
#7686=CARTESIAN_POINT('Ctrl Pts',(73.5922964241043,0.702512164757374,2.87372642542339));
#7687=CARTESIAN_POINT('Ctrl Pts',(73.5922964241043,0.941214444820878,2.97048372894123));
#7688=CARTESIAN_POINT('Ctrl Pts',(73.5922964241043,1.09511350109926,3.));
#7689=CARTESIAN_POINT('Ctrl Pts',(73.5922964241043,1.22570013097838,3.));
#7690=CARTESIAN_POINT('Origin',(72.1070150498658,6.00000000000001,3.));
#7691=CARTESIAN_POINT('Origin',(43.296148212052,41.5283812590859,3.));
#7692=CARTESIAN_POINT('',(73.5922964241043,20.764190629543,3.));
#7693=CARTESIAN_POINT('Origin',(60.184261095176,29.943569234861,-2.));
#7694=CARTESIAN_POINT('',(59.4771543139895,29.2364624536745,-2.));
#7695=CARTESIAN_POINT('Origin',(73.713616767664,15.,0.));
#7696=CARTESIAN_POINT('',(59.4771543139895,29.2364624536745,2.));
#7697=CARTESIAN_POINT('Origin',(60.184261095176,29.943569234861,2.));
#7698=CARTESIAN_POINT('Origin',(67.5888016797159,11.932426932523,-1.55431223447522E-14));
#7699=CARTESIAN_POINT('Origin',(14.,58.5477272147528,-2.));
#7700=CARTESIAN_POINT('',(14.7071067811865,57.8406204335662,-2.));
#7701=CARTESIAN_POINT('',(15.,58.5477272147528,-2.));
#7702=CARTESIAN_POINT('Origin',(14.,58.5477272147528,-2.));
#7703=CARTESIAN_POINT('Origin',(14.,58.5477272147528,-2.));
#7704=CARTESIAN_POINT('Origin',(14.,58.5477272147528,-2.));
#7705=CARTESIAN_POINT('Origin',(13.4385643764501,57.9862915912028,-2.));
#7706=CARTESIAN_POINT('',(14.1456711576366,57.2791848100163,-2.));
#7707=CARTESIAN_POINT('Origin',(14.,58.5477272147528,2.));
#7708=CARTESIAN_POINT('',(15.,58.5477272147528,2.));
#7709=CARTESIAN_POINT('Origin',(14.,58.5477272147528,2.));
#7710=CARTESIAN_POINT('Origin',(14.,58.5477272147528,2.));
#7711=CARTESIAN_POINT('Origin',(14.,57.6209990133749,2.));
#7712=CARTESIAN_POINT('',(15.,57.6209990133749,2.));
#7713=CARTESIAN_POINT('Origin',(48.3873170365952,13.7390847584546,-2.));
#7714=CARTESIAN_POINT('',(47.6802102554086,13.0319779772681,-2.));
#7715=CARTESIAN_POINT('Origin',(46.9731034742221,12.3248711960815,-2.));
#7716=CARTESIAN_POINT('Origin',(48.3873170365952,13.7390847584546,-2.));
#7717=CARTESIAN_POINT('Origin',(45.2979746703036,14.,-2.));
#7718=CARTESIAN_POINT('',(46.0050814514901,14.7071067811866,-2.));
#7719=CARTESIAN_POINT('',(45.2979746703036,15.,-2.));
#7720=CARTESIAN_POINT('Origin',(45.2979746703036,14.,-2.));
#7721=CARTESIAN_POINT('Origin',(45.2979746703036,14.,-2.));
#7722=CARTESIAN_POINT('Origin',(45.2979746703036,14.,-2.));
#7723=CARTESIAN_POINT('Origin',(39.1065405335217,20.1914341367818,-2.));
#7724=CARTESIAN_POINT('',(39.8136473147083,20.8985409179684,-2.));
#7725=CARTESIAN_POINT('Origin',(14.,57.6209990133749,-2.));
#7726=CARTESIAN_POINT('',(15.,18.5,-2.));
#7727=CARTESIAN_POINT('',(15.,57.6209990133749,-2.));
#7728=CARTESIAN_POINT('Origin',(14.,18.5,-2.));
#7729=CARTESIAN_POINT('Origin',(14.,42.6109689017947,-2.));
#7730=CARTESIAN_POINT('Origin',(18.5,18.5,-2.));
#7731=CARTESIAN_POINT('',(18.5,15.,-2.));
#7732=CARTESIAN_POINT('Origin',(18.5,14.,-2.));
#7733=CARTESIAN_POINT('Origin',(18.5,18.5,-2.));
#7734=CARTESIAN_POINT('Origin',(29.148074106026,14.,-2.));
#7735=CARTESIAN_POINT('',(29.148074106026,15.,-2.));
#7736=CARTESIAN_POINT('Origin',(48.3873170365952,13.7390847584546,2.));
#7737=CARTESIAN_POINT('',(47.6802102554086,13.0319779772681,2.));
#7738=CARTESIAN_POINT('Origin',(48.3873170365952,13.7390847584546,2.));
#7739=CARTESIAN_POINT('Origin',(46.9731034742221,12.3248711960815,2.));
#7740=CARTESIAN_POINT('Origin',(45.2979746703036,14.,2.));
#7741=CARTESIAN_POINT('',(45.2979746703036,15.,2.));
#7742=CARTESIAN_POINT('',(46.0050814514901,14.7071067811866,2.));
#7743=CARTESIAN_POINT('Origin',(45.2979746703036,14.,2.));
#7744=CARTESIAN_POINT('Origin',(45.2979746703036,14.,2.));
#7745=CARTESIAN_POINT('Origin',(45.2979746703036,14.,2.));
#7746=CARTESIAN_POINT('Origin',(29.148074106026,14.,2.));
#7747=CARTESIAN_POINT('',(18.5,15.,2.));
#7748=CARTESIAN_POINT('Origin',(18.5,14.,2.));
#7749=CARTESIAN_POINT('',(29.148074106026,15.,2.));
#7750=CARTESIAN_POINT('Origin',(18.5,18.5,2.));
#7751=CARTESIAN_POINT('',(15.,18.5,2.));
#7752=CARTESIAN_POINT('Origin',(14.,18.5,2.));
#7753=CARTESIAN_POINT('Origin',(18.5,18.5,2.));
#7754=CARTESIAN_POINT('Origin',(14.,57.6209990133749,2.));
#7755=CARTESIAN_POINT('',(15.,57.6209990133749,2.));
#7756=CARTESIAN_POINT('Origin',(39.1065405335217,20.1914341367818,2.));
#7757=CARTESIAN_POINT('',(39.8136473147083,20.8985409179684,2.));
#7758=CARTESIAN_POINT('Origin',(45.2979746703036,14.,1.5));
#7759=CARTESIAN_POINT('',(45.2979746703036,15.,1.5));
#7760=CARTESIAN_POINT('',(46.0050814514901,14.7071067811866,1.5));
#7761=CARTESIAN_POINT('Origin',(48.3873170365952,13.7390847584546,3.));
#7762=CARTESIAN_POINT('',(47.6802102554086,13.0319779772681,3.));
#7763=CARTESIAN_POINT('',(49.0944238177817,13.0319779772681,3.));
#7764=CARTESIAN_POINT('Origin',(21.7411305730969,34.8698383286978,-2.));
#7765=CARTESIAN_POINT('Origin',(14.,58.5477272147528,1.5));
#7766=CARTESIAN_POINT('',(15.,58.5477272147528,1.5));
#7767=CARTESIAN_POINT('',(14.7071067811865,57.8406204335662,1.5));
#7768=CARTESIAN_POINT('Origin',(14.,57.6209990133749,-2.));
#7769=CARTESIAN_POINT('',(15.,57.6209990133749,-2.));
#7770=CARTESIAN_POINT('Origin',(7.44583440589406,50.5793480582737,3.));
#7771=CARTESIAN_POINT('Origin',(15.,73.7136167676639,0.));
#7772=CARTESIAN_POINT('Origin',(48.3873170365952,12.3248711960815,3.));
#7773=CARTESIAN_POINT('Origin',(18.5,18.5,0.));
#7774=CARTESIAN_POINT('',(15.,18.5,0.));
#7775=CARTESIAN_POINT('',(18.5,15.,0.));
#7776=CARTESIAN_POINT('Origin',(15.,73.7136167676639,0.));
#7777=CARTESIAN_POINT('Origin',(73.5922964241043,1.35186855386524E-14,5.));
#7778=CARTESIAN_POINT('Origin',(43.296148212052,41.5283812590859,-3.));
#7779=CARTESIAN_POINT('',(73.5922964241043,20.764190629543,-3.));
#7780=CARTESIAN_POINT('Origin',(68.5922964241043,0.5,0.));
#7781=CARTESIAN_POINT('',(70.5922964241043,0.999999999999988,-2.44929359829471E-16));
#7782=CARTESIAN_POINT('',(71.0922964241043,0.500000000000001,3.06161699786838E-16));
#7783=CARTESIAN_POINT('',(66.5922964241043,0.999999999999988,2.44929359829471E-16));
#7784=CARTESIAN_POINT('Origin',(68.5922964241043,0.999999999999988,0.));
#7785=CARTESIAN_POINT('Origin',(68.5922964241043,0.999999999999988,0.));
#7786=CARTESIAN_POINT('Origin',(68.5922964241043,1.26002004392919E-14,0.));
#7787=CARTESIAN_POINT('',(66.5922964241043,9.00000000000002,2.44929359829471E-16));
#7788=CARTESIAN_POINT('',(66.5922964241043,1.26002004392919E-14,2.44929359829471E-16));
#7789=CARTESIAN_POINT('',(70.5212286122388,9.00000000000001,0.528413298071399));
#7790=CARTESIAN_POINT('Origin',(68.5922964241043,9.00000000000001,0.));
#7791=CARTESIAN_POINT('',(70.5212286122388,9.00000000000001,-0.528413298071399));
#7792=CARTESIAN_POINT('Origin',(68.5922964241043,10.9289321881345,0.));
#7793=CARTESIAN_POINT('Origin',(68.5922964241043,9.00000000000001,0.));
#7794=CARTESIAN_POINT('Origin',(9.,0.500000000000002,0.));
#7795=CARTESIAN_POINT('',(11.,1.,-2.44929359829471E-16));
#7796=CARTESIAN_POINT('',(11.5,0.500000000000003,3.06161699786838E-16));
#7797=CARTESIAN_POINT('',(7.,1.,2.44929359829471E-16));
#7798=CARTESIAN_POINT('Origin',(9.,1.,0.));
#7799=CARTESIAN_POINT('Origin',(9.,1.,0.));
#7800=CARTESIAN_POINT('Origin',(9.,1.65327317884893E-15,0.));
#7801=CARTESIAN_POINT('',(7.,9.,2.44929359829471E-16));
#7802=CARTESIAN_POINT('',(7.,1.15984072345997E-15,2.44929359829471E-16));
#7803=CARTESIAN_POINT('Origin',(9.,9.,0.));
#7804=CARTESIAN_POINT('Origin',(74.3063161009881,18.6499413537952,-1.60982338570648E-14));
#7805=CARTESIAN_POINT('',(72.5385491480217,19.710601525575,-1.63431632168942E-14));
#7806=CARTESIAN_POINT('',(72.5385491480217,20.4177083067616,-1.57920721572779E-14));
#7807=CARTESIAN_POINT('',(75.3669762727679,16.8821744008288,-1.58533044972353E-14));
#7808=CARTESIAN_POINT('Origin',(73.9527627103948,18.2963879632019,-1.60982338570648E-14));
#7809=CARTESIAN_POINT('Origin',(73.9527627103948,18.2963879632019,-1.60982338570648E-14));
#7810=CARTESIAN_POINT('Origin',(74.6598694915813,19.0034947443885,-1.60982338570648E-14));
#7811=CARTESIAN_POINT('',(69.7101220232755,11.2253201513365,-1.58533044972353E-14));
#7812=CARTESIAN_POINT('',(76.0740830539544,17.5892811820154,-1.58533044972353E-14));
#7813=CARTESIAN_POINT('Origin',(68.2959084609024,12.6395337137095,-1.60982338570648E-14));
#7814=CARTESIAN_POINT('Origin',(51.0624458405137,15.,3.));
#7815=CARTESIAN_POINT('Origin',(68.2959084609024,12.6395337137095,-1.60982338570648E-14));
#7816=CARTESIAN_POINT('Origin',(9.10399980777651,71.8314423668354,-1.11022302462516E-15));
#7817=CARTESIAN_POINT('Origin',(67.5888016797159,11.932426932523,-1.55431223447522E-14));
#7818=CARTESIAN_POINT('',(70.5212286122388,9.00000000000001,-7.7715611723761E-15));
#7819=CARTESIAN_POINT('Origin',(15.,15.,0.));
#7820=CARTESIAN_POINT('Origin',(68.5922964241043,9.00000000000001,0.));
#7821=CARTESIAN_POINT('Origin',(9.,9.,0.));
#7822=CARTESIAN_POINT('Origin',(73.5922964241043,1.35186855386524E-14,5.));
#7823=CARTESIAN_POINT('Origin',(14.,2.57175827820944E-15,-5.));
#7824=UNCERTAINTY_MEASURE_WITH_UNIT(LENGTH_MEASURE(0.01),#7828,
'DISTANCE_ACCURACY_VALUE',
'Maximum model space distance between geometric entities at asserted c
onnectivities');
#7825=UNCERTAINTY_MEASURE_WITH_UNIT(LENGTH_MEASURE(0.01),#7828,
'DISTANCE_ACCURACY_VALUE',
'Maximum model space distance between geometric entities at asserted c
onnectivities');
#7826=(
GEOMETRIC_REPRESENTATION_CONTEXT(3)
GLOBAL_UNCERTAINTY_ASSIGNED_CONTEXT((#7824))
GLOBAL_UNIT_ASSIGNED_CONTEXT((#7828,#7830,#7831))
REPRESENTATION_CONTEXT('','3D')
);
#7827=(
GEOMETRIC_REPRESENTATION_CONTEXT(3)
GLOBAL_UNCERTAINTY_ASSIGNED_CONTEXT((#7825))
GLOBAL_UNIT_ASSIGNED_CONTEXT((#7828,#7830,#7831))
REPRESENTATION_CONTEXT('','3D')
);
#7828=(
LENGTH_UNIT()
NAMED_UNIT(*)
SI_UNIT(.MILLI.,.METRE.)
);
#7829=(
LENGTH_UNIT()
NAMED_UNIT(*)
SI_UNIT(.CENTI.,.METRE.)
);
#7830=(
NAMED_UNIT(*)
PLANE_ANGLE_UNIT()
SI_UNIT($,.RADIAN.)
);
#7831=(
NAMED_UNIT(*)
SI_UNIT($,.STERADIAN.)
SOLID_ANGLE_UNIT()
);
#7832=SHAPE_DEFINITION_REPRESENTATION(#7833,#7834);
#7833=PRODUCT_DEFINITION_SHAPE('',$,#7836);
#7834=SHAPE_REPRESENTATION('',(#3845),#7826);
#7835=PRODUCT_DEFINITION_CONTEXT('part definition',#7840,'design');
#7836=PRODUCT_DEFINITION('Seitenhalterung_5','Seitenhalterung_5',#7837,
#7835);
#7837=PRODUCT_DEFINITION_FORMATION('',$,#7842);
#7838=PRODUCT_RELATED_PRODUCT_CATEGORY('Seitenhalterung_5',
'Seitenhalterung_5',(#7842));
#7839=APPLICATION_PROTOCOL_DEFINITION('international standard',
'automotive_design',2009,#7840);
#7840=APPLICATION_CONTEXT(
'Core Data for Automotive Mechanical Design Process');
#7841=PRODUCT_CONTEXT('part definition',#7840,'mechanical');
#7842=PRODUCT('Seitenhalterung_5','Seitenhalterung_5',$,(#7841));
#7843=PRESENTATION_STYLE_ASSIGNMENT((#7844));
#7844=SURFACE_STYLE_USAGE(.BOTH.,#7847);
#7845=SURFACE_STYLE_RENDERING_WITH_PROPERTIES($,#7851,(#7846));
#7846=SURFACE_STYLE_TRANSPARENT(0.);
#7847=SURFACE_SIDE_STYLE('',(#7848,#7845));
#7848=SURFACE_STYLE_FILL_AREA(#7849);
#7849=FILL_AREA_STYLE('',(#7850));
#7850=FILL_AREA_STYLE_COLOUR('',#7851);
#7851=COLOUR_RGB('',0.250980392156863,0.250980392156863,0.250980392156863);
ENDSEC;
END-ISO-10303-21;
