ISO-10303-21;
HEADER;
/* Generated by software containing ST-Developer
 * from STEP Tools, Inc. (www.steptools.com) 
 */

FILE_DESCRIPTION(
/* description */ (''),
/* implementation_level */ '2;1');

FILE_NAME(
/* name */ 'Deckel.stp',
/* time_stamp */ '2025-12-02T12:12:40+01:00',
/* author */ ('phe'),
/* organization */ (''),
/* preprocessor_version */ 'ST-DEVELOPER v20',
/* originating_system */ 'Autodesk Inventor 2025',
/* authorisation */ '');

FILE_SCHEMA (('AUTOMOTIVE_DESIGN { 1 0 10303 214 3 1 1 }'));
ENDSEC;

DATA;
#10=MECHANICAL_DESIGN_GEOMETRIC_PRESENTATION_REPRESENTATION('',(#13),#13805);
#11=SHAPE_REPRESENTATION_RELATIONSHIP('SRR','None',#13812,#12);
#12=ADVANCED_BREP_SHAPE_REPRESENTATION('',(#14),#13804);
#13=STYLED_ITEM('',(#13821),#14);
#14=MANIFOLD_SOLID_BREP('Volumenk\X\F6rper1',#6848);
#15=B_SPLINE_SURFACE_WITH_KNOTS('',3,1,((#10495,#10496),(#10497,#10498),
(#10499,#10500),(#10501,#10502),(#10503,#10504),(#10505,#10506),(#10507,
#10508),(#10509,#10510),(#10511,#10512),(#10513,#10514),(#10515,#10516),
(#10517,#10518),(#10519,#10520)),.UNSPECIFIED.,.F.,.F.,.F.,(4,3,3,3,4),
(2,2),(-6.,-5.,-4.,-3.,-2.),(0.,0.002),.UNSPECIFIED.);
#16=B_SPLINE_SURFACE_WITH_KNOTS('',3,1,((#10554,#10555),(#10556,#10557),
(#10558,#10559),(#10560,#10561),(#10562,#10563),(#10564,#10565),(#10566,
#10567),(#10568,#10569),(#10570,#10571),(#10572,#10573),(#10574,#10575),
(#10576,#10577),(#10578,#10579)),.UNSPECIFIED.,.F.,.F.,.F.,(4,3,3,3,4),
(2,2),(-14.,-13.,-12.,-11.,-10.),(0.,0.002),.UNSPECIFIED.);
#17=B_SPLINE_SURFACE_WITH_KNOTS('',3,1,((#10610,#10611),(#10612,#10613),
(#10614,#10615),(#10616,#10617),(#10618,#10619),(#10620,#10621),(#10622,
#10623)),.UNSPECIFIED.,.F.,.F.,.F.,(4,3,4),(2,2),(-32.,-31.,-30.),(0.,0.002),
 .UNSPECIFIED.);
#18=B_SPLINE_SURFACE_WITH_KNOTS('',3,1,((#10639,#10640),(#10641,#10642),
(#10643,#10644),(#10645,#10646),(#10647,#10648),(#10649,#10650),(#10651,
#10652),(#10653,#10654),(#10655,#10656),(#10657,#10658)),.UNSPECIFIED.,
 .F.,.F.,.F.,(4,3,3,4),(2,2),(-3.,-2.,-1.,0.),(0.,0.002),.UNSPECIFIED.);
#19=B_SPLINE_SURFACE_WITH_KNOTS('',3,1,((#10671,#10672),(#10673,#10674),
(#10675,#10676),(#10677,#10678)),.UNSPECIFIED.,.F.,.F.,.F.,(4,4),(2,2),
(-4.,-3.),(0.,0.002),.UNSPECIFIED.);
#20=B_SPLINE_SURFACE_WITH_KNOTS('',3,1,((#10685,#10686),(#10687,#10688),
(#10689,#10690),(#10691,#10692)),.UNSPECIFIED.,.F.,.F.,.F.,(4,4),(2,2),
(-5.,-4.),(0.,0.002),.UNSPECIFIED.);
#21=B_SPLINE_SURFACE_WITH_KNOTS('',3,1,((#10699,#10700),(#10701,#10702),
(#10703,#10704),(#10705,#10706),(#10707,#10708),(#10709,#10710),(#10711,
#10712),(#10713,#10714),(#10715,#10716),(#10717,#10718)),.UNSPECIFIED.,
 .F.,.F.,.F.,(4,3,3,4),(2,2),(-8.,-7.,-6.,-5.),(0.,0.002),.UNSPECIFIED.);
#22=B_SPLINE_SURFACE_WITH_KNOTS('',3,1,((#10731,#10732),(#10733,#10734),
(#10735,#10736),(#10737,#10738)),.UNSPECIFIED.,.F.,.F.,.F.,(4,4),(2,2),
(-9.,-8.),(0.,0.002),.UNSPECIFIED.);
#23=B_SPLINE_SURFACE_WITH_KNOTS('',3,1,((#10774,#10775),(#10776,#10777),
(#10778,#10779),(#10780,#10781)),.UNSPECIFIED.,.F.,.F.,.F.,(4,4),(2,2),
(-16.,-15.),(0.,0.002),.UNSPECIFIED.);
#24=B_SPLINE_SURFACE_WITH_KNOTS('',3,1,((#10788,#10789),(#10790,#10791),
(#10792,#10793),(#10794,#10795),(#10796,#10797),(#10798,#10799),(#10800,
#10801)),.UNSPECIFIED.,.F.,.F.,.F.,(4,3,4),(2,2),(-18.,-17.,-16.),(0.,0.002),
 .UNSPECIFIED.);
#25=B_SPLINE_SURFACE_WITH_KNOTS('',3,1,((#10811,#10812),(#10813,#10814),
(#10815,#10816),(#10817,#10818)),.UNSPECIFIED.,.F.,.F.,.F.,(4,4),(2,2),
(-19.,-18.),(0.,0.002),.UNSPECIFIED.);
#26=B_SPLINE_SURFACE_WITH_KNOTS('',3,1,((#10837,#10838),(#10839,#10840),
(#10841,#10842),(#10843,#10844),(#10845,#10846),(#10847,#10848),(#10849,
#10850)),.UNSPECIFIED.,.F.,.F.,.F.,(4,3,4),(2,2),(-24.,-23.,-22.),(0.,0.002),
 .UNSPECIFIED.);
#27=B_SPLINE_SURFACE_WITH_KNOTS('',3,1,((#10860,#10861),(#10862,#10863),
(#10864,#10865),(#10866,#10867),(#10868,#10869),(#10870,#10871),(#10872,
#10873)),.UNSPECIFIED.,.F.,.F.,.F.,(4,3,4),(2,2),(-26.,-25.,-24.),(0.,0.002),
 .UNSPECIFIED.);
#28=B_SPLINE_SURFACE_WITH_KNOTS('',3,1,((#10883,#10884),(#10885,#10886),
(#10887,#10888),(#10889,#10890)),.UNSPECIFIED.,.F.,.F.,.F.,(4,4),(2,2),
(-27.,-26.),(0.,0.002),.UNSPECIFIED.);
#29=B_SPLINE_SURFACE_WITH_KNOTS('',3,1,((#10918,#10919),(#10920,#10921),
(#10922,#10923),(#10924,#10925),(#10926,#10927),(#10928,#10929),(#10930,
#10931),(#10932,#10933),(#10934,#10935),(#10936,#10937),(#10938,#10939),
(#10940,#10941),(#10942,#10943),(#10944,#10945),(#10946,#10947),(#10948,
#10949),(#10950,#10951),(#10952,#10953),(#10954,#10955)),.UNSPECIFIED.,
 .F.,.F.,.F.,(4,3,3,3,3,3,4),(2,2),(-12.,-11.,-10.,-9.,-8.,-7.,-6.),(0.,
0.002),.UNSPECIFIED.);
#30=B_SPLINE_SURFACE_WITH_KNOTS('',3,1,((#10989,#10990),(#10991,#10992),
(#10993,#10994),(#10995,#10996),(#10997,#10998),(#10999,#11000),(#11001,
#11002),(#11003,#11004),(#11005,#11006),(#11007,#11008)),.UNSPECIFIED.,
 .F.,.F.,.F.,(4,3,3,4),(2,2),(-3.,-2.,-1.,0.),(0.,0.002),.UNSPECIFIED.);
#31=B_SPLINE_SURFACE_WITH_KNOTS('',3,1,((#11021,#11022),(#11023,#11024),
(#11025,#11026),(#11027,#11028),(#11029,#11030),(#11031,#11032),(#11033,
#11034),(#11035,#11036),(#11037,#11038),(#11039,#11040)),.UNSPECIFIED.,
 .F.,.F.,.F.,(4,3,3,4),(2,2),(-18.,-17.,-16.,-15.),(0.,0.002),
 .UNSPECIFIED.);
#32=B_SPLINE_SURFACE_WITH_KNOTS('',3,1,((#11221,#11222),(#11223,#11224),
(#11225,#11226),(#11227,#11228),(#11229,#11230),(#11231,#11232),(#11233,
#11234),(#11235,#11236),(#11237,#11238),(#11239,#11240),(#11241,#11242),
(#11243,#11244),(#11245,#11246),(#11247,#11248),(#11249,#11250),(#11251,
#11252),(#11253,#11254),(#11255,#11256),(#11257,#11258),(#11259,#11260),
(#11261,#11262),(#11263,#11264),(#11265,#11266),(#11267,#11268),(#11269,
#11270),(#11271,#11272),(#11273,#11274),(#11275,#11276),(#11277,#11278),
(#11279,#11280),(#11281,#11282),(#11283,#11284),(#11285,#11286),(#11287,
#11288),(#11289,#11290),(#11291,#11292),(#11293,#11294),(#11295,#11296),
(#11297,#11298),(#11299,#11300),(#11301,#11302),(#11303,#11304),(#11305,
#11306)),.UNSPECIFIED.,.T.,.F.,.F.,(4,3,3,3,3,3,3,3,3,3,3,3,3,3,4),(2,2),
(-14.,-13.,-12.,-11.,-10.,-9.,-8.,-7.,-6.,-5.,-4.,-3.,-2.,-1.,0.),(0.,0.002),
 .UNSPECIFIED.);
#33=B_SPLINE_SURFACE_WITH_KNOTS('',3,1,((#11396,#11397),(#11398,#11399),
(#11400,#11401),(#11402,#11403),(#11404,#11405),(#11406,#11407),(#11408,
#11409),(#11410,#11411),(#11412,#11413),(#11414,#11415),(#11416,#11417),
(#11418,#11419),(#11420,#11421),(#11422,#11423),(#11424,#11425),(#11426,
#11427),(#11428,#11429),(#11430,#11431),(#11432,#11433),(#11434,#11435),
(#11436,#11437),(#11438,#11439),(#11440,#11441),(#11442,#11443),(#11444,
#11445),(#11446,#11447),(#11448,#11449),(#11450,#11451),(#11452,#11453),
(#11454,#11455),(#11456,#11457),(#11458,#11459),(#11460,#11461),(#11462,
#11463),(#11464,#11465),(#11466,#11467),(#11468,#11469),(#11470,#11471),
(#11472,#11473),(#11474,#11475),(#11476,#11477),(#11478,#11479),(#11480,
#11481),(#11482,#11483),(#11484,#11485),(#11486,#11487),(#11488,#11489),
(#11490,#11491),(#11492,#11493)),.UNSPECIFIED.,.T.,.F.,.F.,(4,3,3,3,3,3,
3,3,3,3,3,3,3,3,3,3,4),(2,2),(-16.,-15.,-14.,-13.,-12.,-11.,-10.,-9.,-8.,
-7.,-6.,-5.,-4.,-3.,-2.,-1.,0.),(0.,0.002),.UNSPECIFIED.);
#34=B_SPLINE_SURFACE_WITH_KNOTS('',3,1,((#11546,#11547),(#11548,#11549),
(#11550,#11551),(#11552,#11553),(#11554,#11555),(#11556,#11557),(#11558,
#11559),(#11560,#11561),(#11562,#11563),(#11564,#11565),(#11566,#11567),
(#11568,#11569),(#11570,#11571),(#11572,#11573),(#11574,#11575),(#11576,
#11577)),.UNSPECIFIED.,.F.,.F.,.F.,(4,3,3,3,3,4),(2,2),(-6.,-5.,-4.,-3.,
-2.,-1.),(0.,0.002),.UNSPECIFIED.);
#35=B_SPLINE_SURFACE_WITH_KNOTS('',3,1,((#11631,#11632),(#11633,#11634),
(#11635,#11636),(#11637,#11638),(#11639,#11640),(#11641,#11642),(#11643,
#11644),(#11645,#11646),(#11647,#11648),(#11649,#11650),(#11651,#11652),
(#11653,#11654),(#11655,#11656)),.UNSPECIFIED.,.F.,.F.,.F.,(4,3,3,3,4),
(2,2),(-5.,-4.,-3.,-2.,-1.),(0.,0.002),.UNSPECIFIED.);
#36=B_SPLINE_SURFACE_WITH_KNOTS('',3,1,((#11714,#11715),(#11716,#11717),
(#11718,#11719),(#11720,#11721),(#11722,#11723),(#11724,#11725),(#11726,
#11727),(#11728,#11729),(#11730,#11731),(#11732,#11733),(#11734,#11735),
(#11736,#11737),(#11738,#11739),(#11740,#11741),(#11742,#11743),(#11744,
#11745)),.UNSPECIFIED.,.F.,.F.,.F.,(4,3,3,3,3,4),(2,2),(-5.,-4.,-3.,-2.,
-1.,0.),(0.,0.002),.UNSPECIFIED.);
#37=B_SPLINE_SURFACE_WITH_KNOTS('',3,1,((#11764,#11765),(#11766,#11767),
(#11768,#11769),(#11770,#11771),(#11772,#11773),(#11774,#11775),(#11776,
#11777),(#11778,#11779),(#11780,#11781),(#11782,#11783),(#11784,#11785),
(#11786,#11787),(#11788,#11789),(#11790,#11791),(#11792,#11793),(#11794,
#11795)),.UNSPECIFIED.,.F.,.F.,.F.,(4,3,3,3,3,4),(2,2),(-6.,-5.,-4.,-3.,
-2.,-1.),(0.,0.002),.UNSPECIFIED.);
#38=B_SPLINE_SURFACE_WITH_KNOTS('',3,1,((#11831,#11832),(#11833,#11834),
(#11835,#11836),(#11837,#11838)),.UNSPECIFIED.,.F.,.F.,.F.,(4,4),(2,2),
(-4.,-3.),(0.,0.002),.UNSPECIFIED.);
#39=B_SPLINE_SURFACE_WITH_KNOTS('',3,1,((#11856,#11857),(#11858,#11859),
(#11860,#11861),(#11862,#11863)),.UNSPECIFIED.,.F.,.F.,.F.,(4,4),(2,2),
(-6.,-5.),(0.,0.002),.UNSPECIFIED.);
#40=B_SPLINE_SURFACE_WITH_KNOTS('',3,1,((#11892,#11893),(#11894,#11895),
(#11896,#11897),(#11898,#11899),(#11900,#11901),(#11902,#11903),(#11904,
#11905)),.UNSPECIFIED.,.F.,.F.,.F.,(4,3,4),(2,2),(-2.,-1.,0.),(0.,0.002),
 .UNSPECIFIED.);
#41=B_SPLINE_SURFACE_WITH_KNOTS('',3,1,((#11935,#11936),(#11937,#11938),
(#11939,#11940),(#11941,#11942),(#11943,#11944),(#11945,#11946),(#11947,
#11948),(#11949,#11950),(#11951,#11952),(#11953,#11954)),.UNSPECIFIED.,
 .F.,.F.,.F.,(4,3,3,4),(2,2),(-14.,-13.,-12.,-11.),(0.,0.002),
 .UNSPECIFIED.);
#42=B_SPLINE_SURFACE_WITH_KNOTS('',3,1,((#11967,#11968),(#11969,#11970),
(#11971,#11972),(#11973,#11974)),.UNSPECIFIED.,.F.,.F.,.F.,(4,4),(2,2),
(-15.,-14.),(0.,0.002),.UNSPECIFIED.);
#43=B_SPLINE_SURFACE_WITH_KNOTS('',3,1,((#11985,#11986),(#11987,#11988),
(#11989,#11990),(#11991,#11992),(#11993,#11994),(#11995,#11996),(#11997,
#11998),(#11999,#12000),(#12001,#12002),(#12003,#12004)),.UNSPECIFIED.,
 .F.,.F.,.F.,(4,3,3,4),(2,2),(-19.,-18.,-17.,-16.),(0.,0.002),
 .UNSPECIFIED.);
#44=B_SPLINE_SURFACE_WITH_KNOTS('',3,1,((#12026,#12027),(#12028,#12029),
(#12030,#12031),(#12032,#12033),(#12034,#12035),(#12036,#12037),(#12038,
#12039),(#12040,#12041),(#12042,#12043),(#12044,#12045)),.UNSPECIFIED.,
 .F.,.F.,.F.,(4,3,3,4),(2,2),(-3.,-2.,-1.,0.),(0.,0.002),.UNSPECIFIED.);
#45=B_SPLINE_SURFACE_WITH_KNOTS('',3,1,((#12058,#12059),(#12060,#12061),
(#12062,#12063),(#12064,#12065),(#12066,#12067),(#12068,#12069),(#12070,
#12071),(#12072,#12073),(#12074,#12075),(#12076,#12077),(#12078,#12079),
(#12080,#12081),(#12082,#12083),(#12084,#12085),(#12086,#12087),(#12088,
#12089),(#12090,#12091),(#12092,#12093),(#12094,#12095)),.UNSPECIFIED.,
 .F.,.F.,.F.,(4,3,3,3,3,3,4),(2,2),(-9.,-8.,-7.,-6.,-5.,-4.,-3.),(0.,0.002),
 .UNSPECIFIED.);
#46=B_SPLINE_SURFACE_WITH_KNOTS('',3,1,((#12116,#12117),(#12118,#12119),
(#12120,#12121),(#12122,#12123),(#12124,#12125),(#12126,#12127),(#12128,
#12129),(#12130,#12131),(#12132,#12133),(#12134,#12135)),.UNSPECIFIED.,
 .F.,.F.,.F.,(4,3,3,4),(2,2),(-14.,-13.,-12.,-11.),(0.,0.002),
 .UNSPECIFIED.);
#47=B_SPLINE_SURFACE_WITH_KNOTS('',3,1,((#12154,#12155),(#12156,#12157),
(#12158,#12159),(#12160,#12161)),.UNSPECIFIED.,.F.,.F.,.F.,(4,4),(2,2),
(-1.,0.),(0.,0.002),.UNSPECIFIED.);
#48=B_SPLINE_SURFACE_WITH_KNOTS('',3,1,((#12180,#12181),(#12182,#12183),
(#12184,#12185),(#12186,#12187),(#12188,#12189),(#12190,#12191),(#12192,
#12193),(#12194,#12195),(#12196,#12197),(#12198,#12199),(#12200,#12201),
(#12202,#12203),(#12204,#12205)),.UNSPECIFIED.,.F.,.F.,.F.,(4,3,3,3,4),
(2,2),(-8.,-7.,-6.,-5.,-4.),(0.,0.002),.UNSPECIFIED.);
#49=B_SPLINE_SURFACE_WITH_KNOTS('',3,1,((#12246,#12247),(#12248,#12249),
(#12250,#12251),(#12252,#12253),(#12254,#12255),(#12256,#12257),(#12258,
#12259),(#12260,#12261),(#12262,#12263),(#12264,#12265),(#12266,#12267),
(#12268,#12269),(#12270,#12271)),.UNSPECIFIED.,.F.,.F.,.F.,(4,3,3,3,4),
(2,2),(-9.,-8.,-7.,-6.,-5.),(0.,0.002),.UNSPECIFIED.);
#50=B_SPLINE_SURFACE_WITH_KNOTS('',3,1,((#12307,#12308),(#12309,#12310),
(#12311,#12312),(#12313,#12314),(#12315,#12316),(#12317,#12318),(#12319,
#12320),(#12321,#12322),(#12323,#12324),(#12325,#12326),(#12327,#12328),
(#12329,#12330),(#12331,#12332)),.UNSPECIFIED.,.F.,.F.,.F.,(4,3,3,3,4),
(2,2),(-18.,-17.,-16.,-15.,-14.),(0.,0.002),.UNSPECIFIED.);
#51=B_SPLINE_SURFACE_WITH_KNOTS('',3,1,((#12437,#12438),(#12439,#12440),
(#12441,#12442),(#12443,#12444),(#12445,#12446),(#12447,#12448),(#12449,
#12450),(#12451,#12452),(#12453,#12454),(#12455,#12456),(#12457,#12458),
(#12459,#12460),(#12461,#12462),(#12463,#12464),(#12465,#12466),(#12467,
#12468),(#12469,#12470),(#12471,#12472),(#12473,#12474),(#12475,#12476),
(#12477,#12478),(#12479,#12480),(#12481,#12482),(#12483,#12484),(#12485,
#12486),(#12487,#12488),(#12489,#12490),(#12491,#12492),(#12493,#12494),
(#12495,#12496),(#12497,#12498),(#12499,#12500),(#12501,#12502),(#12503,
#12504),(#12505,#12506),(#12507,#12508),(#12509,#12510),(#12511,#12512),
(#12513,#12514),(#12515,#12516),(#12517,#12518),(#12519,#12520),(#12521,
#12522),(#12523,#12524),(#12525,#12526),(#12527,#12528),(#12529,#12530),
(#12531,#12532),(#12533,#12534)),.UNSPECIFIED.,.F.,.F.,.F.,(4,3,3,3,3,3,
3,3,3,3,3,3,3,3,3,3,4),(2,2),(-19.,-18.,-17.,-16.,-15.,-14.,-13.,-12.,-11.,
-10.,-9.,-8.,-7.,-6.,-5.,-4.,-3.),(0.,0.002),.UNSPECIFIED.);
#52=B_SPLINE_SURFACE_WITH_KNOTS('',3,1,((#12592,#12593),(#12594,#12595),
(#12596,#12597),(#12598,#12599),(#12600,#12601),(#12602,#12603),(#12604,
#12605)),.UNSPECIFIED.,.F.,.F.,.F.,(4,3,4),(2,2),(-2.,-1.,0.),(0.,0.002),
 .UNSPECIFIED.);
#53=B_SPLINE_SURFACE_WITH_KNOTS('',3,1,((#12615,#12616),(#12617,#12618),
(#12619,#12620),(#12621,#12622),(#12623,#12624),(#12625,#12626),(#12627,
#12628),(#12629,#12630),(#12631,#12632),(#12633,#12634),(#12635,#12636),
(#12637,#12638),(#12639,#12640),(#12641,#12642),(#12643,#12644),(#12645,
#12646),(#12647,#12648),(#12649,#12650),(#12651,#12652),(#12653,#12654),
(#12655,#12656),(#12657,#12658),(#12659,#12660),(#12661,#12662),(#12663,
#12664),(#12665,#12666),(#12667,#12668),(#12669,#12670),(#12671,#12672),
(#12673,#12674),(#12675,#12676),(#12677,#12678),(#12679,#12680),(#12681,
#12682),(#12683,#12684),(#12685,#12686),(#12687,#12688),(#12689,#12690),
(#12691,#12692),(#12693,#12694)),.UNSPECIFIED.,.F.,.F.,.F.,(4,3,3,3,3,3,
3,3,3,3,3,3,3,4),(2,2),(-33.,-32.,-31.,-30.,-29.,-28.,-27.,-26.,-25.,-24.,
-23.,-22.,-21.,-20.),(0.,0.002),.UNSPECIFIED.);
#54=B_SPLINE_SURFACE_WITH_KNOTS('',3,1,((#12740,#12741),(#12742,#12743),
(#12744,#12745),(#12746,#12747),(#12748,#12749),(#12750,#12751),(#12752,
#12753),(#12754,#12755),(#12756,#12757),(#12758,#12759),(#12760,#12761),
(#12762,#12763),(#12764,#12765),(#12766,#12767),(#12768,#12769),(#12770,
#12771),(#12772,#12773),(#12774,#12775),(#12776,#12777),(#12778,#12779),
(#12780,#12781),(#12782,#12783),(#12784,#12785),(#12786,#12787),(#12788,
#12789),(#12790,#12791),(#12792,#12793),(#12794,#12795),(#12796,#12797),
(#12798,#12799),(#12800,#12801),(#12802,#12803),(#12804,#12805),(#12806,
#12807),(#12808,#12809),(#12810,#12811),(#12812,#12813)),.UNSPECIFIED.,
 .F.,.F.,.F.,(4,3,3,3,3,3,3,3,3,3,3,3,4),(2,2),(-23.,-22.,-21.,-20.,-19.,
-18.,-17.,-16.,-15.,-14.,-13.,-12.,-11.),(0.,0.002),.UNSPECIFIED.);
#55=B_SPLINE_SURFACE_WITH_KNOTS('',3,1,((#12859,#12860),(#12861,#12862),
(#12863,#12864),(#12865,#12866),(#12867,#12868),(#12869,#12870),(#12871,
#12872),(#12873,#12874),(#12875,#12876),(#12877,#12878),(#12879,#12880),
(#12881,#12882),(#12883,#12884),(#12885,#12886),(#12887,#12888),(#12889,
#12890),(#12891,#12892),(#12893,#12894),(#12895,#12896),(#12897,#12898),
(#12899,#12900),(#12901,#12902),(#12903,#12904),(#12905,#12906),(#12907,
#12908),(#12909,#12910),(#12911,#12912),(#12913,#12914),(#12915,#12916),
(#12917,#12918),(#12919,#12920)),.UNSPECIFIED.,.F.,.F.,.F.,(4,3,3,3,3,3,
3,3,3,3,4),(2,2),(-10.,-9.,-8.,-7.,-6.,-5.,-4.,-3.,-2.,-1.,0.),(0.,0.002),
 .UNSPECIFIED.);
#56=B_SPLINE_SURFACE_WITH_KNOTS('',3,1,((#12954,#12955),(#12956,#12957),
(#12958,#12959),(#12960,#12961),(#12962,#12963),(#12964,#12965),(#12966,
#12967)),.UNSPECIFIED.,.F.,.F.,.F.,(4,3,4),(2,2),(-26.,-25.,-24.),(0.,0.002),
 .UNSPECIFIED.);
#57=B_SPLINE_SURFACE_WITH_KNOTS('',3,1,((#12980,#12981),(#12982,#12983),
(#12984,#12985),(#12986,#12987),(#12988,#12989),(#12990,#12991),(#12992,
#12993),(#12994,#12995),(#12996,#12997),(#12998,#12999),(#13000,#13001),
(#13002,#13003),(#13004,#13005),(#13006,#13007),(#13008,#13009),(#13010,
#13011),(#13012,#13013),(#13014,#13015),(#13016,#13017)),.UNSPECIFIED.,
 .F.,.F.,.F.,(4,3,3,3,3,3,4),(2,2),(-7.,-6.,-5.,-4.,-3.,-2.,-1.),(0.,0.002),
 .UNSPECIFIED.);
#58=B_SPLINE_SURFACE_WITH_KNOTS('',3,1,((#13087,#13088),(#13089,#13090),
(#13091,#13092),(#13093,#13094),(#13095,#13096),(#13097,#13098),(#13099,
#13100),(#13101,#13102),(#13103,#13104),(#13105,#13106),(#13107,#13108),
(#13109,#13110),(#13111,#13112),(#13113,#13114),(#13115,#13116),(#13117,
#13118),(#13119,#13120),(#13121,#13122),(#13123,#13124),(#13125,#13126),
(#13127,#13128),(#13129,#13130),(#13131,#13132),(#13133,#13134),(#13135,
#13136)),.UNSPECIFIED.,.F.,.F.,.F.,(4,3,3,3,3,3,3,3,4),(2,2),(-9.,-8.,-7.,
-6.,-5.,-4.,-3.,-2.,-1.),(0.,0.002),.UNSPECIFIED.);
#59=B_SPLINE_SURFACE_WITH_KNOTS('',3,1,((#13302,#13303),(#13304,#13305),
(#13306,#13307),(#13308,#13309),(#13310,#13311),(#13312,#13313),(#13314,
#13315)),.UNSPECIFIED.,.F.,.F.,.F.,(4,3,4),(2,2),(-11.,-10.,-9.),(0.,0.002),
 .UNSPECIFIED.);
#60=B_SPLINE_SURFACE_WITH_KNOTS('',3,1,((#13342,#13343),(#13344,#13345),
(#13346,#13347),(#13348,#13349),(#13350,#13351),(#13352,#13353),(#13354,
#13355),(#13356,#13357),(#13358,#13359),(#13360,#13361),(#13362,#13363),
(#13364,#13365),(#13366,#13367),(#13368,#13369),(#13370,#13371),(#13372,
#13373),(#13374,#13375),(#13376,#13377),(#13378,#13379),(#13380,#13381),
(#13382,#13383),(#13384,#13385),(#13386,#13387),(#13388,#13389),(#13390,
#13391),(#13392,#13393),(#13394,#13395),(#13396,#13397)),.UNSPECIFIED.,
 .F.,.F.,.F.,(4,3,3,3,3,3,3,3,3,4),(2,2),(-9.,-8.,-7.,-6.,-5.,-4.,-3.,-2.,
-1.,0.),(0.,0.002),.UNSPECIFIED.);
#61=B_SPLINE_SURFACE_WITH_KNOTS('',3,1,((#13454,#13455),(#13456,#13457),
(#13458,#13459),(#13460,#13461),(#13462,#13463),(#13464,#13465),(#13466,
#13467)),.UNSPECIFIED.,.F.,.F.,.F.,(4,3,4),(2,2),(-6.,-5.,-4.),(0.,0.002),
 .UNSPECIFIED.);
#62=B_SPLINE_SURFACE_WITH_KNOTS('',3,1,((#13488,#13489),(#13490,#13491),
(#13492,#13493),(#13494,#13495),(#13496,#13497),(#13498,#13499),(#13500,
#13501)),.UNSPECIFIED.,.F.,.F.,.F.,(4,3,4),(2,2),(-9.,-8.,-7.),(0.,0.002),
 .UNSPECIFIED.);
#63=B_SPLINE_SURFACE_WITH_KNOTS('',3,1,((#13511,#13512),(#13513,#13514),
(#13515,#13516),(#13517,#13518)),.UNSPECIFIED.,.F.,.F.,.F.,(4,4),(2,2),
(-10.,-9.),(0.,0.002),.UNSPECIFIED.);
#64=B_SPLINE_SURFACE_WITH_KNOTS('',3,1,((#13545,#13546),(#13547,#13548),
(#13549,#13550),(#13551,#13552)),.UNSPECIFIED.,.F.,.F.,.F.,(4,4),(2,2),
(-1.,0.),(0.,0.002),.UNSPECIFIED.);
#65=B_SPLINE_SURFACE_WITH_KNOTS('',3,1,((#13559,#13560),(#13561,#13562),
(#13563,#13564),(#13565,#13566),(#13567,#13568),(#13569,#13570),(#13571,
#13572),(#13573,#13574),(#13575,#13576),(#13577,#13578)),.UNSPECIFIED.,
 .F.,.F.,.F.,(4,3,3,4),(2,2),(-4.,-3.,-2.,-1.),(0.,0.002),.UNSPECIFIED.);
#66=B_SPLINE_SURFACE_WITH_KNOTS('',3,1,((#13645,#13646),(#13647,#13648),
(#13649,#13650),(#13651,#13652),(#13653,#13654),(#13655,#13656),(#13657,
#13658),(#13659,#13660),(#13661,#13662),(#13663,#13664),(#13665,#13666),
(#13667,#13668),(#13669,#13670),(#13671,#13672),(#13673,#13674),(#13675,
#13676)),.UNSPECIFIED.,.F.,.F.,.F.,(4,3,3,3,3,4),(2,2),(-8.,-7.,-6.,-5.,
-4.,-3.),(0.,0.002),.UNSPECIFIED.);
#67=B_SPLINE_SURFACE_WITH_KNOTS('',3,1,((#13715,#13716),(#13717,#13718),
(#13719,#13720),(#13721,#13722),(#13723,#13724),(#13725,#13726),(#13727,
#13728),(#13729,#13730),(#13731,#13732),(#13733,#13734),(#13735,#13736),
(#13737,#13738),(#13739,#13740),(#13741,#13742),(#13743,#13744),(#13745,
#13746)),.UNSPECIFIED.,.F.,.F.,.F.,(4,3,3,3,3,4),(2,2),(-18.,-17.,-16.,
-15.,-14.,-13.),(0.,0.002),.UNSPECIFIED.);
#68=SPHERICAL_SURFACE('',#7046,4.);
#69=SPHERICAL_SURFACE('',#7050,4.);
#70=SPHERICAL_SURFACE('',#7055,4.);
#71=SPHERICAL_SURFACE('',#7063,4.);
#72=B_SPLINE_CURVE_WITH_KNOTS('',3,(#9411,#9412,#9413,#9414,#9415,#9416,
#9417,#9418,#9419,#9420,#9421,#9422,#9423,#9424,#9425,#9426),
 .UNSPECIFIED.,.F.,.F.,(4,3,3,3,3,4),(-18.,-17.,-16.,-15.,-14.,-13.),
 .UNSPECIFIED.);
#73=B_SPLINE_CURVE_WITH_KNOTS('',3,(#9437,#9438,#9439,#9440,#9441,#9442,
#9443,#9444,#9445,#9446,#9447,#9448,#9449,#9450,#9451,#9452),
 .UNSPECIFIED.,.F.,.F.,(4,3,3,3,3,4),(-8.,-7.,-6.,-5.,-4.,-3.),
 .UNSPECIFIED.);
#74=B_SPLINE_CURVE_WITH_KNOTS('',3,(#9479,#9480,#9481,#9482,#9483,#9484,
#9485),.UNSPECIFIED.,.F.,.F.,(4,3,4),(-6.,-5.,-4.),.UNSPECIFIED.);
#75=B_SPLINE_CURVE_WITH_KNOTS('',3,(#9487,#9488,#9489,#9490,#9491,#9492,
#9493,#9494,#9495,#9496),.UNSPECIFIED.,.F.,.F.,(4,3,3,4),(-4.,-3.,-2.,-1.),
 .UNSPECIFIED.);
#76=B_SPLINE_CURVE_WITH_KNOTS('',3,(#9498,#9499,#9500,#9501),
 .UNSPECIFIED.,.F.,.F.,(4,4),(-1.,0.),.UNSPECIFIED.);
#77=B_SPLINE_CURVE_WITH_KNOTS('',3,(#9513,#9514,#9515,#9516),
 .UNSPECIFIED.,.F.,.F.,(4,4),(-10.,-9.),.UNSPECIFIED.);
#78=B_SPLINE_CURVE_WITH_KNOTS('',3,(#9518,#9519,#9520,#9521,#9522,#9523,
#9524),.UNSPECIFIED.,.F.,.F.,(4,3,4),(-9.,-8.,-7.),.UNSPECIFIED.);
#79=B_SPLINE_CURVE_WITH_KNOTS('',3,(#9598,#9599,#9600,#9601,#9602,#9603,
#9604,#9605,#9606,#9607,#9608,#9609,#9610,#9611,#9612,#9613,#9614,#9615,
#9616,#9617,#9618,#9619,#9620,#9621,#9622),.UNSPECIFIED.,.F.,.F.,(4,3,3,
3,3,3,3,3,4),(-9.,-8.,-7.,-6.,-5.,-4.,-3.,-2.,-1.),.UNSPECIFIED.);
#80=B_SPLINE_CURVE_WITH_KNOTS('',3,(#9626,#9627,#9628,#9629,#9630,#9631,
#9632,#9633,#9634,#9635,#9636,#9637,#9638,#9639,#9640,#9641,#9642,#9643,
#9644,#9645,#9646,#9647,#9648,#9649,#9650,#9651,#9652,#9653,#9654,#9655,
#9656,#9657,#9658,#9659,#9660,#9661,#9662),.UNSPECIFIED.,.F.,.F.,(4,3,3,
3,3,3,3,3,3,3,3,3,4),(-23.,-22.,-21.,-20.,-19.,-18.,-17.,-16.,-15.,-14.,
-13.,-12.,-11.),.UNSPECIFIED.);
#81=B_SPLINE_CURVE_WITH_KNOTS('',3,(#9666,#9667,#9668,#9669,#9670,#9671,
#9672),.UNSPECIFIED.,.F.,.F.,(4,3,4),(-26.,-25.,-24.),.UNSPECIFIED.);
#82=B_SPLINE_CURVE_WITH_KNOTS('',3,(#9674,#9675,#9676,#9677,#9678,#9679,
#9680,#9681,#9682,#9683,#9684,#9685,#9686,#9687,#9688,#9689,#9690,#9691,
#9692,#9693,#9694,#9695,#9696,#9697,#9698,#9699,#9700,#9701,#9702,#9703,
#9704),.UNSPECIFIED.,.F.,.F.,(4,3,3,3,3,3,3,3,3,3,4),(-10.,-9.,-8.,-7.,
-6.,-5.,-4.,-3.,-2.,-1.,0.),.UNSPECIFIED.);
#83=B_SPLINE_CURVE_WITH_KNOTS('',3,(#9708,#9709,#9710,#9711,#9712,#9713,
#9714,#9715,#9716,#9717,#9718,#9719,#9720,#9721,#9722,#9723,#9724,#9725,
#9726,#9727,#9728,#9729,#9730,#9731,#9732,#9733,#9734,#9735,#9736,#9737,
#9738,#9739,#9740,#9741,#9742,#9743,#9744,#9745,#9746,#9747,#9748,#9749,
#9750,#9751,#9752,#9753,#9754,#9755,#9756),.UNSPECIFIED.,.F.,.F.,(4,3,3,
3,3,3,3,3,3,3,3,3,3,3,3,3,4),(-19.,-18.,-17.,-16.,-15.,-14.,-13.,-12.,-11.,
-10.,-9.,-8.,-7.,-6.,-5.,-4.,-3.),.UNSPECIFIED.);
#84=B_SPLINE_CURVE_WITH_KNOTS('',3,(#9760,#9761,#9762,#9763,#9764,#9765,
#9766,#9767,#9768,#9769,#9770,#9771,#9772,#9773,#9774,#9775,#9776,#9777,
#9778,#9779,#9780,#9781,#9782,#9783,#9784,#9785,#9786,#9787,#9788,#9789,
#9790,#9791,#9792,#9793,#9794,#9795,#9796,#9797,#9798,#9799),
 .UNSPECIFIED.,.F.,.F.,(4,3,3,3,3,3,3,3,3,3,3,3,3,4),(-33.,-32.,-31.,-30.,
-29.,-28.,-27.,-26.,-25.,-24.,-23.,-22.,-21.,-20.),.UNSPECIFIED.);
#85=B_SPLINE_CURVE_WITH_KNOTS('',3,(#9801,#9802,#9803,#9804,#9805,#9806,
#9807),.UNSPECIFIED.,.F.,.F.,(4,3,4),(-2.,-1.,0.),.UNSPECIFIED.);
#86=B_SPLINE_CURVE_WITH_KNOTS('',3,(#9857,#9858,#9859,#9860,#9861,#9862,
#9863,#9864,#9865,#9866,#9867,#9868,#9869),.UNSPECIFIED.,.F.,.F.,(4,3,3,
3,4),(-18.,-17.,-16.,-15.,-14.),.UNSPECIFIED.);
#87=B_SPLINE_CURVE_WITH_KNOTS('',3,(#9881,#9882,#9883,#9884,#9885,#9886,
#9887,#9888,#9889,#9890,#9891,#9892,#9893),.UNSPECIFIED.,.F.,.F.,(4,3,3,
3,4),(-9.,-8.,-7.,-6.,-5.),.UNSPECIFIED.);
#88=B_SPLINE_CURVE_WITH_KNOTS('',3,(#9899,#9900,#9901,#9902,#9903,#9904,
#9905,#9906,#9907,#9908),.UNSPECIFIED.,.F.,.F.,(4,3,3,4),(-14.,-13.,-12.,
-11.),.UNSPECIFIED.);
#89=B_SPLINE_CURVE_WITH_KNOTS('',3,(#9916,#9917,#9918,#9919,#9920,#9921,
#9922,#9923,#9924,#9925,#9926,#9927,#9928),.UNSPECIFIED.,.F.,.F.,(4,3,3,
3,4),(-8.,-7.,-6.,-5.,-4.),.UNSPECIFIED.);
#90=B_SPLINE_CURVE_WITH_KNOTS('',3,(#9936,#9937,#9938,#9939),
 .UNSPECIFIED.,.F.,.F.,(4,4),(-1.,0.),.UNSPECIFIED.);
#91=B_SPLINE_CURVE_WITH_KNOTS('',3,(#9945,#9946,#9947,#9948,#9949,#9950,
#9951,#9952,#9953,#9954,#9955,#9956,#9957,#9958,#9959,#9960,#9961,#9962,
#9963),.UNSPECIFIED.,.F.,.F.,(4,3,3,3,3,3,4),(-9.,-8.,-7.,-6.,-5.,-4.,-3.),
 .UNSPECIFIED.);
#92=B_SPLINE_CURVE_WITH_KNOTS('',3,(#9965,#9966,#9967,#9968,#9969,#9970,
#9971,#9972,#9973,#9974),.UNSPECIFIED.,.F.,.F.,(4,3,3,4),(-3.,-2.,-1.,0.),
 .UNSPECIFIED.);
#93=B_SPLINE_CURVE_WITH_KNOTS('',3,(#9978,#9979,#9980,#9981,#9982,#9983,
#9984,#9985,#9986,#9987),.UNSPECIFIED.,.F.,.F.,(4,3,3,4),(-19.,-18.,-17.,
-16.),.UNSPECIFIED.);
#94=B_SPLINE_CURVE_WITH_KNOTS('',3,(#9991,#9992,#9993,#9994),
 .UNSPECIFIED.,.F.,.F.,(4,4),(-15.,-14.),.UNSPECIFIED.);
#95=B_SPLINE_CURVE_WITH_KNOTS('',3,(#9996,#9997,#9998,#9999,#10000,#10001,
#10002,#10003,#10004,#10005),.UNSPECIFIED.,.F.,.F.,(4,3,3,4),(-14.,-13.,
-12.,-11.),.UNSPECIFIED.);
#96=B_SPLINE_CURVE_WITH_KNOTS('',3,(#10013,#10014,#10015,#10016,#10017,
#10018,#10019,#10020,#10021,#10022,#10023,#10024,#10025,#10026,#10027,#10028),
 .UNSPECIFIED.,.F.,.F.,(4,3,3,3,3,4),(-6.,-5.,-4.,-3.,-2.,-1.),
 .UNSPECIFIED.);
#97=B_SPLINE_CURVE_WITH_KNOTS('',3,(#10030,#10031,#10032,#10033,#10034,
#10035,#10036,#10037,#10038,#10039,#10040,#10041,#10042,#10043,#10044,#10045),
 .UNSPECIFIED.,.F.,.F.,(4,3,3,3,3,4),(-5.,-4.,-3.,-2.,-1.,0.),
 .UNSPECIFIED.);
#98=B_SPLINE_CURVE_WITH_KNOTS('',3,(#10048,#10049,#10050,#10051,#10052,
#10053,#10054,#10055,#10056,#10057,#10058,#10059,#10060,#10061,#10062,#10063,
#10064,#10065,#10066,#10067,#10068,#10069,#10070,#10071,#10072,#10073,#10074,
#10075,#10076,#10077,#10078,#10079,#10080,#10081,#10082,#10083,#10084,#10085,
#10086,#10087,#10088,#10089,#10090,#10091,#10092,#10093,#10094,#10095,#10096),
 .UNSPECIFIED.,.T.,.F.,(4,3,3,3,3,3,3,3,3,3,3,3,3,3,3,3,4),(-16.,-15.,-14.,
-13.,-12.,-11.,-10.,-9.,-8.,-7.,-6.,-5.,-4.,-3.,-2.,-1.,0.),
 .UNSPECIFIED.);
#99=B_SPLINE_CURVE_WITH_KNOTS('',3,(#10183,#10184,#10185,#10186,#10187,
#10188,#10189,#10190,#10191,#10192),.UNSPECIFIED.,.F.,.F.,(4,3,3,4),(-18.,
-17.,-16.,-15.),.UNSPECIFIED.);
#100=B_SPLINE_CURVE_WITH_KNOTS('',3,(#10194,#10195,#10196,#10197,#10198,
#10199,#10200,#10201,#10202,#10203),.UNSPECIFIED.,.F.,.F.,(4,3,3,4),(-3.,
-2.,-1.,0.),.UNSPECIFIED.);
#101=B_SPLINE_CURVE_WITH_KNOTS('',3,(#10211,#10212,#10213,#10214,#10215,
#10216,#10217,#10218,#10219,#10220,#10221,#10222,#10223,#10224,#10225,#10226,
#10227,#10228,#10229),.UNSPECIFIED.,.F.,.F.,(4,3,3,3,3,3,4),(-12.,-11.,
-10.,-9.,-8.,-7.,-6.),.UNSPECIFIED.);
#102=B_SPLINE_CURVE_WITH_KNOTS('',3,(#10233,#10234,#10235,#10236,#10237,
#10238,#10239),.UNSPECIFIED.,.F.,.F.,(4,3,4),(-32.,-31.,-30.),
 .UNSPECIFIED.);
#103=B_SPLINE_CURVE_WITH_KNOTS('',3,(#10247,#10248,#10249,#10250),
 .UNSPECIFIED.,.F.,.F.,(4,4),(-27.,-26.),.UNSPECIFIED.);
#104=B_SPLINE_CURVE_WITH_KNOTS('',3,(#10252,#10253,#10254,#10255,#10256,
#10257,#10258),.UNSPECIFIED.,.F.,.F.,(4,3,4),(-26.,-25.,-24.),
 .UNSPECIFIED.);
#105=B_SPLINE_CURVE_WITH_KNOTS('',3,(#10260,#10261,#10262,#10263,#10264,
#10265,#10266),.UNSPECIFIED.,.F.,.F.,(4,3,4),(-24.,-23.,-22.),
 .UNSPECIFIED.);
#106=B_SPLINE_CURVE_WITH_KNOTS('',3,(#10274,#10275,#10276,#10277),
 .UNSPECIFIED.,.F.,.F.,(4,4),(-19.,-18.),.UNSPECIFIED.);
#107=B_SPLINE_CURVE_WITH_KNOTS('',3,(#10279,#10280,#10281,#10282,#10283,
#10284,#10285),.UNSPECIFIED.,.F.,.F.,(4,3,4),(-18.,-17.,-16.),
 .UNSPECIFIED.);
#108=B_SPLINE_CURVE_WITH_KNOTS('',3,(#10287,#10288,#10289,#10290),
 .UNSPECIFIED.,.F.,.F.,(4,4),(-16.,-15.),.UNSPECIFIED.);
#109=B_SPLINE_CURVE_WITH_KNOTS('',3,(#10304,#10305,#10306,#10307),
 .UNSPECIFIED.,.F.,.F.,(4,4),(-9.,-8.),.UNSPECIFIED.);
#110=B_SPLINE_CURVE_WITH_KNOTS('',3,(#10309,#10310,#10311,#10312,#10313,
#10314,#10315,#10316,#10317,#10318),.UNSPECIFIED.,.F.,.F.,(4,3,3,4),(-8.,
-7.,-6.,-5.),.UNSPECIFIED.);
#111=B_SPLINE_CURVE_WITH_KNOTS('',3,(#10320,#10321,#10322,#10323),
 .UNSPECIFIED.,.F.,.F.,(4,4),(-5.,-4.),.UNSPECIFIED.);
#112=B_SPLINE_CURVE_WITH_KNOTS('',3,(#10325,#10326,#10327,#10328),
 .UNSPECIFIED.,.F.,.F.,(4,4),(-4.,-3.),.UNSPECIFIED.);
#113=B_SPLINE_CURVE_WITH_KNOTS('',3,(#10330,#10331,#10332,#10333,#10334,
#10335,#10336,#10337,#10338,#10339),.UNSPECIFIED.,.F.,.F.,(4,3,3,4),(-3.,
-2.,-1.,0.),.UNSPECIFIED.);
#114=B_SPLINE_CURVE_WITH_KNOTS('',3,(#10343,#10344,#10345,#10346,#10347,
#10348,#10349,#10350,#10351,#10352,#10353,#10354,#10355),.UNSPECIFIED.,
 .F.,.F.,(4,3,3,3,4),(-6.,-5.,-4.,-3.,-2.),.UNSPECIFIED.);
#115=B_SPLINE_CURVE_WITH_KNOTS('',3,(#10365,#10366,#10367,#10368,#10369,
#10370,#10371,#10372,#10373,#10374,#10375,#10376,#10377),.UNSPECIFIED.,
 .F.,.F.,(4,3,3,3,4),(-14.,-13.,-12.,-11.,-10.),.UNSPECIFIED.);
#116=B_SPLINE_CURVE_WITH_KNOTS('',3,(#10524,#10525,#10526,#10527,#10528,
#10529,#10530,#10531,#10532,#10533,#10534,#10535,#10536),.UNSPECIFIED.,
 .F.,.F.,(4,3,3,3,4),(-6.,-5.,-4.,-3.,-2.),.UNSPECIFIED.);
#117=B_SPLINE_CURVE_WITH_KNOTS('',3,(#10582,#10583,#10584,#10585,#10586,
#10587,#10588,#10589,#10590,#10591,#10592,#10593,#10594),.UNSPECIFIED.,
 .F.,.F.,(4,3,3,3,4),(-14.,-13.,-12.,-11.,-10.),.UNSPECIFIED.);
#118=B_SPLINE_CURVE_WITH_KNOTS('',3,(#10627,#10628,#10629,#10630,#10631,
#10632,#10633),.UNSPECIFIED.,.F.,.F.,(4,3,4),(-32.,-31.,-30.),
 .UNSPECIFIED.);
#119=B_SPLINE_CURVE_WITH_KNOTS('',3,(#10661,#10662,#10663,#10664,#10665,
#10666,#10667,#10668,#10669,#10670),.UNSPECIFIED.,.F.,.F.,(4,3,3,4),(-3.,
-2.,-1.,0.),.UNSPECIFIED.);
#120=B_SPLINE_CURVE_WITH_KNOTS('',3,(#10681,#10682,#10683,#10684),
 .UNSPECIFIED.,.F.,.F.,(4,4),(-4.,-3.),.UNSPECIFIED.);
#121=B_SPLINE_CURVE_WITH_KNOTS('',3,(#10695,#10696,#10697,#10698),
 .UNSPECIFIED.,.F.,.F.,(4,4),(-5.,-4.),.UNSPECIFIED.);
#122=B_SPLINE_CURVE_WITH_KNOTS('',3,(#10721,#10722,#10723,#10724,#10725,
#10726,#10727,#10728,#10729,#10730),.UNSPECIFIED.,.F.,.F.,(4,3,3,4),(-8.,
-7.,-6.,-5.),.UNSPECIFIED.);
#123=B_SPLINE_CURVE_WITH_KNOTS('',3,(#10741,#10742,#10743,#10744),
 .UNSPECIFIED.,.F.,.F.,(4,4),(-9.,-8.),.UNSPECIFIED.);
#124=B_SPLINE_CURVE_WITH_KNOTS('',3,(#10784,#10785,#10786,#10787),
 .UNSPECIFIED.,.F.,.F.,(4,4),(-16.,-15.),.UNSPECIFIED.);
#125=B_SPLINE_CURVE_WITH_KNOTS('',3,(#10804,#10805,#10806,#10807,#10808,
#10809,#10810),.UNSPECIFIED.,.F.,.F.,(4,3,4),(-18.,-17.,-16.),
 .UNSPECIFIED.);
#126=B_SPLINE_CURVE_WITH_KNOTS('',3,(#10821,#10822,#10823,#10824),
 .UNSPECIFIED.,.F.,.F.,(4,4),(-19.,-18.),.UNSPECIFIED.);
#127=B_SPLINE_CURVE_WITH_KNOTS('',3,(#10853,#10854,#10855,#10856,#10857,
#10858,#10859),.UNSPECIFIED.,.F.,.F.,(4,3,4),(-24.,-23.,-22.),
 .UNSPECIFIED.);
#128=B_SPLINE_CURVE_WITH_KNOTS('',3,(#10876,#10877,#10878,#10879,#10880,
#10881,#10882),.UNSPECIFIED.,.F.,.F.,(4,3,4),(-26.,-25.,-24.),
 .UNSPECIFIED.);
#129=B_SPLINE_CURVE_WITH_KNOTS('',3,(#10893,#10894,#10895,#10896),
 .UNSPECIFIED.,.F.,.F.,(4,4),(-27.,-26.),.UNSPECIFIED.);
#130=B_SPLINE_CURVE_WITH_KNOTS('',3,(#10958,#10959,#10960,#10961,#10962,
#10963,#10964,#10965,#10966,#10967,#10968,#10969,#10970,#10971,#10972,#10973,
#10974,#10975,#10976),.UNSPECIFIED.,.F.,.F.,(4,3,3,3,3,3,4),(-12.,-11.,
-10.,-9.,-8.,-7.,-6.),.UNSPECIFIED.);
#131=B_SPLINE_CURVE_WITH_KNOTS('',3,(#11011,#11012,#11013,#11014,#11015,
#11016,#11017,#11018,#11019,#11020),.UNSPECIFIED.,.F.,.F.,(4,3,3,4),(-3.,
-2.,-1.,0.),.UNSPECIFIED.);
#132=B_SPLINE_CURVE_WITH_KNOTS('',3,(#11043,#11044,#11045,#11046,#11047,
#11048,#11049,#11050,#11051,#11052),.UNSPECIFIED.,.F.,.F.,(4,3,3,4),(-18.,
-17.,-16.,-15.),.UNSPECIFIED.);
#133=B_SPLINE_CURVE_WITH_KNOTS('',3,(#11308,#11309,#11310,#11311,#11312,
#11313,#11314,#11315,#11316,#11317,#11318,#11319,#11320,#11321,#11322,#11323,
#11324,#11325,#11326,#11327,#11328,#11329,#11330,#11331,#11332,#11333,#11334,
#11335,#11336,#11337,#11338,#11339,#11340,#11341,#11342,#11343,#11344,#11345,
#11346,#11347,#11348,#11349,#11350),.UNSPECIFIED.,.T.,.F.,(4,3,3,3,3,3,
3,3,3,3,3,3,3,3,4),(-14.,-13.,-12.,-11.,-10.,-9.,-8.,-7.,-6.,-5.,-4.,-3.,
-2.,-1.,0.),.UNSPECIFIED.);
#134=B_SPLINE_CURVE_WITH_KNOTS('',3,(#11353,#11354,#11355,#11356,#11357,
#11358,#11359,#11360,#11361,#11362,#11363,#11364,#11365,#11366,#11367,#11368,
#11369,#11370,#11371,#11372,#11373,#11374,#11375,#11376,#11377,#11378,#11379,
#11380,#11381,#11382,#11383,#11384,#11385,#11386,#11387,#11388,#11389,#11390,
#11391,#11392,#11393,#11394,#11395),.UNSPECIFIED.,.T.,.F.,(4,3,3,3,3,3,
3,3,3,3,3,3,3,3,4),(-14.,-13.,-12.,-11.,-10.,-9.,-8.,-7.,-6.,-5.,-4.,-3.,
-2.,-1.,0.),.UNSPECIFIED.);
#135=B_SPLINE_CURVE_WITH_KNOTS('',3,(#11496,#11497,#11498,#11499,#11500,
#11501,#11502,#11503,#11504,#11505,#11506,#11507,#11508,#11509,#11510,#11511,
#11512,#11513,#11514,#11515,#11516,#11517,#11518,#11519,#11520,#11521,#11522,
#11523,#11524,#11525,#11526,#11527,#11528,#11529,#11530,#11531,#11532,#11533,
#11534,#11535,#11536,#11537,#11538,#11539,#11540,#11541,#11542,#11543,#11544),
 .UNSPECIFIED.,.T.,.F.,(4,3,3,3,3,3,3,3,3,3,3,3,3,3,3,3,4),(-16.,-15.,-14.,
-13.,-12.,-11.,-10.,-9.,-8.,-7.,-6.,-5.,-4.,-3.,-2.,-1.,0.),
 .UNSPECIFIED.);
#136=B_SPLINE_CURVE_WITH_KNOTS('',3,(#11580,#11581,#11582,#11583,#11584,
#11585,#11586,#11587,#11588,#11589,#11590,#11591,#11592,#11593,#11594,#11595),
 .UNSPECIFIED.,.F.,.F.,(4,3,3,3,3,4),(-6.,-5.,-4.,-3.,-2.,-1.),
 .UNSPECIFIED.);
#137=B_SPLINE_CURVE_WITH_KNOTS('',3,(#11599,#11600,#11601,#11602,#11603,
#11604,#11605,#11606,#11607,#11608,#11609,#11610,#11611,#11612,#11613,#11614),
 .UNSPECIFIED.,.F.,.F.,(4,3,3,3,3,4),(-6.,-5.,-4.,-3.,-2.,-1.),
 .UNSPECIFIED.);
#138=B_SPLINE_CURVE_WITH_KNOTS('',3,(#11659,#11660,#11661,#11662,#11663,
#11664,#11665,#11666,#11667,#11668,#11669,#11670,#11671),.UNSPECIFIED.,
 .F.,.F.,(4,3,3,3,4),(-5.,-4.,-3.,-2.,-1.),.UNSPECIFIED.);
#139=B_SPLINE_CURVE_WITH_KNOTS('',3,(#11675,#11676,#11677,#11678,#11679,
#11680,#11681,#11682,#11683,#11684,#11685,#11686,#11687),.UNSPECIFIED.,
 .F.,.F.,(4,3,3,3,4),(-5.,-4.,-3.,-2.,-1.),.UNSPECIFIED.);
#140=B_SPLINE_CURVE_WITH_KNOTS('',3,(#11748,#11749,#11750,#11751,#11752,
#11753,#11754,#11755,#11756,#11757,#11758,#11759,#11760,#11761,#11762,#11763),
 .UNSPECIFIED.,.F.,.F.,(4,3,3,3,3,4),(-5.,-4.,-3.,-2.,-1.,0.),
 .UNSPECIFIED.);
#141=B_SPLINE_CURVE_WITH_KNOTS('',3,(#11798,#11799,#11800,#11801,#11802,
#11803,#11804,#11805,#11806,#11807,#11808,#11809,#11810,#11811,#11812,#11813),
 .UNSPECIFIED.,.F.,.F.,(4,3,3,3,3,4),(-6.,-5.,-4.,-3.,-2.,-1.),
 .UNSPECIFIED.);
#142=B_SPLINE_CURVE_WITH_KNOTS('',3,(#11840,#11841,#11842,#11843),
 .UNSPECIFIED.,.F.,.F.,(4,4),(-4.,-3.),.UNSPECIFIED.);
#143=B_SPLINE_CURVE_WITH_KNOTS('',3,(#11846,#11847,#11848,#11849),
 .UNSPECIFIED.,.F.,.F.,(4,4),(-4.,-3.),.UNSPECIFIED.);
#144=B_SPLINE_CURVE_WITH_KNOTS('',3,(#11865,#11866,#11867,#11868),
 .UNSPECIFIED.,.F.,.F.,(4,4),(-6.,-5.),.UNSPECIFIED.);
#145=B_SPLINE_CURVE_WITH_KNOTS('',3,(#11871,#11872,#11873,#11874),
 .UNSPECIFIED.,.F.,.F.,(4,4),(-6.,-5.),.UNSPECIFIED.);
#146=B_SPLINE_CURVE_WITH_KNOTS('',3,(#11906,#11907,#11908,#11909,#11910,
#11911,#11912),.UNSPECIFIED.,.F.,.F.,(4,3,4),(-2.,-1.,0.),.UNSPECIFIED.);
#147=B_SPLINE_CURVE_WITH_KNOTS('',3,(#11913,#11914,#11915,#11916,#11917,
#11918,#11919),.UNSPECIFIED.,.F.,.F.,(4,3,4),(-2.,-1.,0.),.UNSPECIFIED.);
#148=B_SPLINE_CURVE_WITH_KNOTS('',3,(#11957,#11958,#11959,#11960,#11961,
#11962,#11963,#11964,#11965,#11966),.UNSPECIFIED.,.F.,.F.,(4,3,3,4),(-14.,
-13.,-12.,-11.),.UNSPECIFIED.);
#149=B_SPLINE_CURVE_WITH_KNOTS('',3,(#11977,#11978,#11979,#11980),
 .UNSPECIFIED.,.F.,.F.,(4,4),(-15.,-14.),.UNSPECIFIED.);
#150=B_SPLINE_CURVE_WITH_KNOTS('',3,(#12007,#12008,#12009,#12010,#12011,
#12012,#12013,#12014,#12015,#12016),.UNSPECIFIED.,.F.,.F.,(4,3,3,4),(-19.,
-18.,-17.,-16.),.UNSPECIFIED.);
#151=B_SPLINE_CURVE_WITH_KNOTS('',3,(#12048,#12049,#12050,#12051,#12052,
#12053,#12054,#12055,#12056,#12057),.UNSPECIFIED.,.F.,.F.,(4,3,3,4),(-3.,
-2.,-1.,0.),.UNSPECIFIED.);
#152=B_SPLINE_CURVE_WITH_KNOTS('',3,(#12096,#12097,#12098,#12099,#12100,
#12101,#12102,#12103,#12104,#12105,#12106,#12107,#12108,#12109,#12110,#12111,
#12112,#12113,#12114),.UNSPECIFIED.,.F.,.F.,(4,3,3,3,3,3,4),(-9.,-8.,-7.,
-6.,-5.,-4.,-3.),.UNSPECIFIED.);
#153=B_SPLINE_CURVE_WITH_KNOTS('',3,(#12139,#12140,#12141,#12142,#12143,
#12144,#12145,#12146,#12147,#12148),.UNSPECIFIED.,.F.,.F.,(4,3,3,4),(-14.,
-13.,-12.,-11.),.UNSPECIFIED.);
#154=B_SPLINE_CURVE_WITH_KNOTS('',3,(#12164,#12165,#12166,#12167),
 .UNSPECIFIED.,.F.,.F.,(4,4),(-1.,0.),.UNSPECIFIED.);
#155=B_SPLINE_CURVE_WITH_KNOTS('',3,(#12208,#12209,#12210,#12211,#12212,
#12213,#12214,#12215,#12216,#12217,#12218,#12219,#12220),.UNSPECIFIED.,
 .F.,.F.,(4,3,3,3,4),(-8.,-7.,-6.,-5.,-4.),.UNSPECIFIED.);
#156=B_SPLINE_CURVE_WITH_KNOTS('',3,(#12274,#12275,#12276,#12277,#12278,
#12279,#12280,#12281,#12282,#12283,#12284,#12285,#12286),.UNSPECIFIED.,
 .F.,.F.,(4,3,3,3,4),(-9.,-8.,-7.,-6.,-5.),.UNSPECIFIED.);
#157=B_SPLINE_CURVE_WITH_KNOTS('',3,(#12335,#12336,#12337,#12338,#12339,
#12340,#12341,#12342,#12343,#12344,#12345,#12346,#12347),.UNSPECIFIED.,
 .F.,.F.,(4,3,3,3,4),(-18.,-17.,-16.,-15.,-14.),.UNSPECIFIED.);
#158=B_SPLINE_CURVE_WITH_KNOTS('',3,(#12538,#12539,#12540,#12541,#12542,
#12543,#12544,#12545,#12546,#12547,#12548,#12549,#12550,#12551,#12552,#12553,
#12554,#12555,#12556,#12557,#12558,#12559,#12560,#12561,#12562,#12563,#12564,
#12565,#12566,#12567,#12568,#12569,#12570,#12571,#12572,#12573,#12574,#12575,
#12576,#12577,#12578,#12579,#12580,#12581,#12582,#12583,#12584,#12585,#12586),
 .UNSPECIFIED.,.F.,.F.,(4,3,3,3,3,3,3,3,3,3,3,3,3,3,3,3,4),(-19.,-18.,-17.,
-16.,-15.,-14.,-13.,-12.,-11.,-10.,-9.,-8.,-7.,-6.,-5.,-4.,-3.),
 .UNSPECIFIED.);
#159=B_SPLINE_CURVE_WITH_KNOTS('',3,(#12608,#12609,#12610,#12611,#12612,
#12613,#12614),.UNSPECIFIED.,.F.,.F.,(4,3,4),(-2.,-1.,0.),.UNSPECIFIED.);
#160=B_SPLINE_CURVE_WITH_KNOTS('',3,(#12697,#12698,#12699,#12700,#12701,
#12702,#12703,#12704,#12705,#12706,#12707,#12708,#12709,#12710,#12711,#12712,
#12713,#12714,#12715,#12716,#12717,#12718,#12719,#12720,#12721,#12722,#12723,
#12724,#12725,#12726,#12727,#12728,#12729,#12730,#12731,#12732,#12733,#12734,
#12735,#12736),.UNSPECIFIED.,.F.,.F.,(4,3,3,3,3,3,3,3,3,3,3,3,3,4),(-33.,
-32.,-31.,-30.,-29.,-28.,-27.,-26.,-25.,-24.,-23.,-22.,-21.,-20.),
 .UNSPECIFIED.);
#161=B_SPLINE_CURVE_WITH_KNOTS('',3,(#12817,#12818,#12819,#12820,#12821,
#12822,#12823,#12824,#12825,#12826,#12827,#12828,#12829,#12830,#12831,#12832,
#12833,#12834,#12835,#12836,#12837,#12838,#12839,#12840,#12841,#12842,#12843,
#12844,#12845,#12846,#12847,#12848,#12849,#12850,#12851,#12852,#12853),
 .UNSPECIFIED.,.F.,.F.,(4,3,3,3,3,3,3,3,3,3,3,3,4),(-23.,-22.,-21.,-20.,
-19.,-18.,-17.,-16.,-15.,-14.,-13.,-12.,-11.),.UNSPECIFIED.);
#162=B_SPLINE_CURVE_WITH_KNOTS('',3,(#12923,#12924,#12925,#12926,#12927,
#12928,#12929,#12930,#12931,#12932,#12933,#12934,#12935,#12936,#12937,#12938,
#12939,#12940,#12941,#12942,#12943,#12944,#12945,#12946,#12947,#12948,#12949,
#12950,#12951,#12952,#12953),.UNSPECIFIED.,.F.,.F.,(4,3,3,3,3,3,3,3,3,3,
4),(-10.,-9.,-8.,-7.,-6.,-5.,-4.,-3.,-2.,-1.,0.),.UNSPECIFIED.);
#163=B_SPLINE_CURVE_WITH_KNOTS('',3,(#12970,#12971,#12972,#12973,#12974,
#12975,#12976),.UNSPECIFIED.,.F.,.F.,(4,3,4),(-26.,-25.,-24.),
 .UNSPECIFIED.);
#164=B_SPLINE_CURVE_WITH_KNOTS('',3,(#13020,#13021,#13022,#13023,#13024,
#13025,#13026,#13027,#13028,#13029,#13030,#13031,#13032,#13033,#13034,#13035,
#13036,#13037,#13038),.UNSPECIFIED.,.F.,.F.,(4,3,3,3,3,3,4),(-7.,-6.,-5.,
-4.,-3.,-2.,-1.),.UNSPECIFIED.);
#165=B_SPLINE_CURVE_WITH_KNOTS('',3,(#13042,#13043,#13044,#13045,#13046,
#13047,#13048,#13049,#13050,#13051,#13052,#13053,#13054,#13055,#13056,#13057,
#13058,#13059,#13060),.UNSPECIFIED.,.F.,.F.,(4,3,3,3,3,3,4),(-7.,-6.,-5.,
-4.,-3.,-2.,-1.),.UNSPECIFIED.);
#166=B_SPLINE_CURVE_WITH_KNOTS('',3,(#13139,#13140,#13141,#13142,#13143,
#13144,#13145,#13146,#13147,#13148,#13149,#13150,#13151,#13152,#13153,#13154,
#13155,#13156,#13157,#13158,#13159,#13160,#13161,#13162,#13163),
 .UNSPECIFIED.,.F.,.F.,(4,3,3,3,3,3,3,3,4),(-9.,-8.,-7.,-6.,-5.,-4.,-3.,
-2.,-1.),.UNSPECIFIED.);
#167=B_SPLINE_CURVE_WITH_KNOTS('',3,(#13318,#13319,#13320,#13321,#13322,
#13323,#13324),.UNSPECIFIED.,.F.,.F.,(4,3,4),(-11.,-10.,-9.),
 .UNSPECIFIED.);
#168=B_SPLINE_CURVE_WITH_KNOTS('',3,(#13328,#13329,#13330,#13331,#13332,
#13333,#13334),.UNSPECIFIED.,.F.,.F.,(4,3,4),(-11.,-10.,-9.),
 .UNSPECIFIED.);
#169=B_SPLINE_CURVE_WITH_KNOTS('',3,(#13398,#13399,#13400,#13401,#13402,
#13403,#13404,#13405,#13406,#13407,#13408,#13409,#13410,#13411,#13412,#13413,
#13414,#13415,#13416,#13417,#13418,#13419,#13420,#13421,#13422,#13423,#13424,
#13425),.UNSPECIFIED.,.F.,.F.,(4,3,3,3,3,3,3,3,3,4),(-9.,-8.,-7.,-6.,-5.,
-4.,-3.,-2.,-1.,0.),.UNSPECIFIED.);
#170=B_SPLINE_CURVE_WITH_KNOTS('',3,(#13426,#13427,#13428,#13429,#13430,
#13431,#13432,#13433,#13434,#13435,#13436,#13437,#13438,#13439,#13440,#13441,
#13442,#13443,#13444,#13445,#13446,#13447,#13448,#13449,#13450,#13451,#13452,
#13453),.UNSPECIFIED.,.F.,.F.,(4,3,3,3,3,3,3,3,3,4),(-9.,-8.,-7.,-6.,-5.,
-4.,-3.,-2.,-1.,0.),.UNSPECIFIED.);
#171=B_SPLINE_CURVE_WITH_KNOTS('',3,(#13471,#13472,#13473,#13474,#13475,
#13476,#13477),.UNSPECIFIED.,.F.,.F.,(4,3,4),(-6.,-5.,-4.),
 .UNSPECIFIED.);
#172=B_SPLINE_CURVE_WITH_KNOTS('',3,(#13504,#13505,#13506,#13507,#13508,
#13509,#13510),.UNSPECIFIED.,.F.,.F.,(4,3,4),(-9.,-8.,-7.),
 .UNSPECIFIED.);
#173=B_SPLINE_CURVE_WITH_KNOTS('',3,(#13521,#13522,#13523,#13524),
 .UNSPECIFIED.,.F.,.F.,(4,4),(-10.,-9.),.UNSPECIFIED.);
#174=B_SPLINE_CURVE_WITH_KNOTS('',3,(#13555,#13556,#13557,#13558),
 .UNSPECIFIED.,.F.,.F.,(4,4),(-1.,0.),.UNSPECIFIED.);
#175=B_SPLINE_CURVE_WITH_KNOTS('',3,(#13579,#13580,#13581,#13582,#13583,
#13584,#13585,#13586,#13587,#13588),.UNSPECIFIED.,.F.,.F.,(4,3,3,4),(-4.,
-3.,-2.,-1.),.UNSPECIFIED.);
#176=B_SPLINE_CURVE_WITH_KNOTS('',3,(#13679,#13680,#13681,#13682,#13683,
#13684,#13685,#13686,#13687,#13688,#13689,#13690,#13691,#13692,#13693,#13694),
 .UNSPECIFIED.,.F.,.F.,(4,3,3,3,3,4),(-8.,-7.,-6.,-5.,-4.,-3.),
 .UNSPECIFIED.);
#177=B_SPLINE_CURVE_WITH_KNOTS('',3,(#13749,#13750,#13751,#13752,#13753,
#13754,#13755,#13756,#13757,#13758,#13759,#13760,#13761,#13762,#13763,#13764),
 .UNSPECIFIED.,.F.,.F.,(4,3,3,3,3,4),(-18.,-17.,-16.,-15.,-14.,-13.),
 .UNSPECIFIED.);
#178=(
BOUNDED_SURFACE()
B_SPLINE_SURFACE(2,2,((#9252,#9253,#9254,#9255,#9256,#9257,#9258),(#9259,
#9260,#9261,#9262,#9263,#9264,#9265),(#9266,#9267,#9268,#9269,#9270,#9271,
#9272)),.UNSPECIFIED.,.F.,.F.,.F.)
B_SPLINE_SURFACE_WITH_KNOTS((3,3),(3,2,2,3),(0.,1.5707963267949),(-1.83259571459405,
-0.610865238198015,0.610865238198017,1.83259571459405),.UNSPECIFIED.)
GEOMETRIC_REPRESENTATION_ITEM()
RATIONAL_B_SPLINE_SURFACE(((1.,0.819152044288991,1.,0.819152044288991,1.,
0.819152044288991,1.),(0.707106781186544,0.579227965339566,0.707106781186544,
0.579227965339566,0.707106781186544,0.579227965339566,0.707106781186544),
(1.,0.819152044288991,1.,0.819152044288991,1.,0.819152044288991,1.)))
REPRESENTATION_ITEM('')
SURFACE()
);
#179=(
BOUNDED_SURFACE()
B_SPLINE_SURFACE(2,2,((#9293,#9294,#9295,#9296,#9297,#9298,#9299),(#9300,
#9301,#9302,#9303,#9304,#9305,#9306),(#9307,#9308,#9309,#9310,#9311,#9312,
#9313)),.UNSPECIFIED.,.F.,.F.,.F.)
B_SPLINE_SURFACE_WITH_KNOTS((3,3),(3,2,2,3),(0.,1.5707963267949),(-1.83259571459405,
-0.610865238198015,0.610865238198016,1.83259571459405),.UNSPECIFIED.)
GEOMETRIC_REPRESENTATION_ITEM()
RATIONAL_B_SPLINE_SURFACE(((1.,0.819152044288992,1.,0.819152044288992,1.,
0.819152044288992,1.),(0.707106781186537,0.579227965339561,0.707106781186537,
0.579227965339561,0.707106781186537,0.579227965339561,0.707106781186537),
(1.,0.819152044288992,1.,0.819152044288992,1.,0.819152044288992,1.)))
REPRESENTATION_ITEM('')
SURFACE()
);
#180=(
BOUNDED_SURFACE()
B_SPLINE_SURFACE(2,2,((#9329,#9330,#9331,#9332,#9333,#9334,#9335),(#9336,
#9337,#9338,#9339,#9340,#9341,#9342),(#9343,#9344,#9345,#9346,#9347,#9348,
#9349)),.UNSPECIFIED.,.F.,.F.,.F.)
B_SPLINE_SURFACE_WITH_KNOTS((3,3),(3,2,2,3),(0.,1.5707963267949),(-1.0471975511966,
0.174532925199433,1.39626340159546,2.6179938779915),.UNSPECIFIED.)
GEOMETRIC_REPRESENTATION_ITEM()
RATIONAL_B_SPLINE_SURFACE(((1.,0.819152044288991,1.,0.819152044288991,1.,
0.819152044288991,1.),(0.707106781186541,0.579227965339564,0.707106781186541,
0.579227965339564,0.707106781186541,0.579227965339564,0.707106781186541),
(1.,0.819152044288991,1.,0.819152044288991,1.,0.819152044288991,1.)))
REPRESENTATION_ITEM('')
SURFACE()
);
#181=(
BOUNDED_SURFACE()
B_SPLINE_SURFACE(2,2,((#9367,#9368,#9369,#9370,#9371,#9372,#9373),(#9374,
#9375,#9376,#9377,#9378,#9379,#9380),(#9381,#9382,#9383,#9384,#9385,#9386,
#9387)),.UNSPECIFIED.,.F.,.F.,.F.)
B_SPLINE_SURFACE_WITH_KNOTS((3,3),(3,2,2,3),(0.,1.5707963267949),(-2.6179938779915,
-1.39626340159546,-0.174532925199432,1.0471975511966),.UNSPECIFIED.)
GEOMETRIC_REPRESENTATION_ITEM()
RATIONAL_B_SPLINE_SURFACE(((1.,0.819152044288991,1.,0.819152044288991,1.,
0.819152044288991,1.),(0.707106781186541,0.579227965339563,0.707106781186541,
0.579227965339563,0.707106781186541,0.579227965339563,0.707106781186541),
(1.,0.819152044288991,1.,0.819152044288991,1.,0.819152044288991,1.)))
REPRESENTATION_ITEM('')
SURFACE()
);
#182=(
BOUNDED_SURFACE()
B_SPLINE_SURFACE(1,2,((#10765,#10766,#10767),(#10768,#10769,#10770)),
 .UNSPECIFIED.,.F.,.F.,.F.)
B_SPLINE_SURFACE_WITH_KNOTS((2,2),(3,3),(0.,0.00318383737915811),(-0.378927844776223,
-0.0451947452806776),.UNSPECIFIED.)
GEOMETRIC_REPRESENTATION_ITEM()
RATIONAL_B_SPLINE_SURFACE(((1.,0.986110052033188,1.),(1.,0.986110052033188,
1.)))
REPRESENTATION_ITEM('')
SURFACE()
);
#183=(
BOUNDED_SURFACE()
B_SPLINE_SURFACE(1,2,((#11817,#11818,#11819),(#11820,#11821,#11822)),
 .UNSPECIFIED.,.F.,.F.,.F.)
B_SPLINE_SURFACE_WITH_KNOTS((2,2),(3,3),(0.,0.0019281283220673),(-3.23706769996544,
-2.96533941339542),.UNSPECIFIED.)
GEOMETRIC_REPRESENTATION_ITEM()
RATIONAL_B_SPLINE_SURFACE(((1.,0.990784655930939,1.),(1.,0.990784655930939,
1.)))
REPRESENTATION_ITEM('')
SURFACE()
);
#184=(
BOUNDED_SURFACE()
B_SPLINE_SURFACE(1,2,((#11875,#11876,#11877),(#11878,#11879,#11880)),
 .UNSPECIFIED.,.F.,.F.,.F.)
B_SPLINE_SURFACE_WITH_KNOTS((2,2),(3,3),(0.,0.00204698791879732),(-3.3236732203542,
-3.0283069864649),.UNSPECIFIED.)
GEOMETRIC_REPRESENTATION_ITEM()
RATIONAL_B_SPLINE_SURFACE(((1.,0.989114654469006,1.),(1.,0.989114654469006,
1.)))
REPRESENTATION_ITEM('')
SURFACE()
);
#185=(
BOUNDED_SURFACE()
B_SPLINE_SURFACE(1,2,((#11926,#11927,#11928),(#11929,#11930,#11931)),
 .UNSPECIFIED.,.F.,.F.,.F.)
B_SPLINE_SURFACE_WITH_KNOTS((2,2),(3,3),(0.,0.00148052730138783),(-0.133235341663333,
0.0850408491071564),.UNSPECIFIED.)
GEOMETRIC_REPRESENTATION_ITEM()
RATIONAL_B_SPLINE_SURFACE(((1.,0.994050347174259,1.),(1.,0.994050347174259,
1.)))
REPRESENTATION_ITEM('')
SURFACE()
);
#186=(
BOUNDED_SURFACE()
B_SPLINE_SURFACE(1,2,((#12017,#12018,#12019),(#12020,#12021,#12022)),
 .UNSPECIFIED.,.F.,.F.,.F.)
B_SPLINE_SURFACE_WITH_KNOTS((2,2),(3,3),(0.,0.000209711411520224),(-0.0419170792307373,
0.0704493667572169),.UNSPECIFIED.)
GEOMETRIC_REPRESENTATION_ITEM()
RATIONAL_B_SPLINE_SURFACE(((1.,0.998422137843183,1.),(1.,0.998422137843183,
1.)))
REPRESENTATION_ITEM('')
SURFACE()
);
#187=(
BOUNDED_SURFACE()
B_SPLINE_SURFACE(1,2,((#13479,#13480,#13481),(#13482,#13483,#13484)),
 .UNSPECIFIED.,.F.,.F.,.F.)
B_SPLINE_SURFACE_WITH_KNOTS((2,2),(3,3),(0.,0.000225977264488982),(-3.18852587773321,
-3.07078672182215),.UNSPECIFIED.)
GEOMETRIC_REPRESENTATION_ITEM()
RATIONAL_B_SPLINE_SURFACE(((1.,0.998267686778359,1.),(1.,0.998267686778359,
1.)))
REPRESENTATION_ITEM('')
SURFACE()
);
#188=TOROIDAL_SURFACE('',#6932,5.,1.);
#189=TOROIDAL_SURFACE('',#6938,5.,1.);
#190=TOROIDAL_SURFACE('',#6941,3.,1.);
#191=TOROIDAL_SURFACE('',#6944,5.,1.);
#192=TOROIDAL_SURFACE('',#6949,5.,1.);
#193=TOROIDAL_SURFACE('',#6952,3.,1.);
#194=TOROIDAL_SURFACE('',#6955,5.,1.);
#195=TOROIDAL_SURFACE('',#6960,5.,1.);
#196=TOROIDAL_SURFACE('',#6963,3.,1.);
#197=TOROIDAL_SURFACE('',#6966,5.,1.);
#198=TOROIDAL_SURFACE('',#6971,5.,1.);
#199=TOROIDAL_SURFACE('',#6974,3.,1.);
#200=TOROIDAL_SURFACE('',#6990,6.,2.);
#201=TOROIDAL_SURFACE('',#6997,6.,2.);
#202=TOROIDAL_SURFACE('',#7004,6.,2.);
#203=TOROIDAL_SURFACE('',#7010,6.,2.);
#204=TOROIDAL_SURFACE('',#7015,6.,2.);
#205=TOROIDAL_SURFACE('',#7020,6.,2.);
#206=TOROIDAL_SURFACE('',#7025,6.,2.);
#207=TOROIDAL_SURFACE('',#7030,6.,2.);
#208=ELLIPSE('',#6914,0.707106781186548,0.5);
#209=ELLIPSE('',#6916,0.707106781186548,0.5);
#210=ELLIPSE('',#6924,0.707106781186542,0.5);
#211=ELLIPSE('',#6926,0.707106781186548,0.5);
#212=ELLIPSE('',#7040,88.5044787369534,19.336117024515);
#213=ELLIPSE('',#7041,95.36915447289,19.0487926156319);
#214=ELLIPSE('',#7042,13.5087005698931,6.10211048641838);
#215=ELLIPSE('',#7043,6.2817278705637,3.30639228886752);
#216=ELLIPSE('',#7061,5.65685424949237,4.);
#217=ELLIPSE('',#7062,5.65685424949238,4.);
#218=ELLIPSE('',#7069,5.65685424949238,4.);
#219=ELLIPSE('',#7070,5.65685424949237,4.);
#220=ELLIPSE('',#7073,5.65685424949238,4.);
#221=ELLIPSE('',#7074,5.65685424949238,4.);
#222=ELLIPSE('',#7076,5.65685424949238,4.);
#223=ELLIPSE('',#7077,5.65685424949239,4.);
#224=ELLIPSE('',#7105,6.2817278705637,3.30639228886752);
#225=ELLIPSE('',#7176,10.3727536031193,4.87299069070254);
#226=ELLIPSE('',#7177,10.3727536031193,4.87299069070254);
#227=ELLIPSE('',#7179,9.77045336532849,4.92712461771518);
#228=ELLIPSE('',#7180,9.77045336532849,4.92712461771518);
#229=ELLIPSE('',#7183,13.5087005698931,6.10211048641838);
#230=ELLIPSE('',#7185,95.36915447289,19.0487926156319);
#231=ELLIPSE('',#7278,88.5044787369534,19.336117024515);
#232=CYLINDRICAL_SURFACE('',#6891,1.99999999999998);
#233=CYLINDRICAL_SURFACE('',#6897,2.);
#234=CYLINDRICAL_SURFACE('',#6903,2.);
#235=CYLINDRICAL_SURFACE('',#6910,2.);
#236=CYLINDRICAL_SURFACE('',#6912,0.5);
#237=CYLINDRICAL_SURFACE('',#6915,0.5);
#238=CYLINDRICAL_SURFACE('',#6917,0.5);
#239=CYLINDRICAL_SURFACE('',#6922,0.5);
#240=CYLINDRICAL_SURFACE('',#6925,0.5);
#241=CYLINDRICAL_SURFACE('',#6927,0.5);
#242=CYLINDRICAL_SURFACE('',#6936,1.);
#243=CYLINDRICAL_SURFACE('',#6947,1.);
#244=CYLINDRICAL_SURFACE('',#6958,1.);
#245=CYLINDRICAL_SURFACE('',#6969,1.);
#246=CYLINDRICAL_SURFACE('',#6977,4.);
#247=CYLINDRICAL_SURFACE('',#6979,4.);
#248=CYLINDRICAL_SURFACE('',#6981,4.);
#249=CYLINDRICAL_SURFACE('',#6984,4.);
#250=CYLINDRICAL_SURFACE('',#6986,4.);
#251=CYLINDRICAL_SURFACE('',#6988,4.);
#252=CYLINDRICAL_SURFACE('',#6995,2.);
#253=CYLINDRICAL_SURFACE('',#7008,2.);
#254=CYLINDRICAL_SURFACE('',#7018,2.);
#255=CYLINDRICAL_SURFACE('',#7028,2.);
#256=CYLINDRICAL_SURFACE('',#7036,4.);
#257=CYLINDRICAL_SURFACE('',#7037,4.);
#258=CYLINDRICAL_SURFACE('',#7038,4.);
#259=CYLINDRICAL_SURFACE('',#7044,4.);
#260=CYLINDRICAL_SURFACE('',#7054,4.);
#261=CYLINDRICAL_SURFACE('',#7059,4.);
#262=CYLINDRICAL_SURFACE('',#7060,4.);
#263=CYLINDRICAL_SURFACE('',#7067,4.);
#264=CYLINDRICAL_SURFACE('',#7068,4.);
#265=CYLINDRICAL_SURFACE('',#7071,4.);
#266=CYLINDRICAL_SURFACE('',#7072,4.);
#267=CYLINDRICAL_SURFACE('',#7075,4.);
#268=CYLINDRICAL_SURFACE('',#7086,4.);
#269=CYLINDRICAL_SURFACE('',#7324,4.);
#270=FACE_BOUND('',#930,.T.);
#271=FACE_BOUND('',#994,.T.);
#272=FACE_BOUND('',#995,.T.);
#273=FACE_BOUND('',#996,.T.);
#274=FACE_BOUND('',#997,.T.);
#275=FACE_BOUND('',#998,.T.);
#276=FACE_BOUND('',#999,.T.);
#277=FACE_BOUND('',#1000,.T.);
#278=FACE_BOUND('',#1001,.T.);
#279=FACE_BOUND('',#1002,.T.);
#280=FACE_BOUND('',#1003,.T.);
#281=FACE_BOUND('',#1004,.T.);
#282=FACE_BOUND('',#1005,.T.);
#283=FACE_BOUND('',#1006,.T.);
#284=FACE_BOUND('',#1007,.T.);
#285=FACE_BOUND('',#1008,.T.);
#286=FACE_BOUND('',#1009,.T.);
#287=FACE_BOUND('',#1010,.T.);
#288=FACE_BOUND('',#1011,.T.);
#289=FACE_BOUND('',#1012,.T.);
#290=FACE_BOUND('',#1013,.T.);
#291=FACE_BOUND('',#1014,.T.);
#292=FACE_BOUND('',#1015,.T.);
#293=FACE_BOUND('',#1016,.T.);
#294=FACE_BOUND('',#1017,.T.);
#295=FACE_BOUND('',#1139,.T.);
#296=FACE_BOUND('',#1154,.T.);
#297=FACE_BOUND('',#1155,.T.);
#298=FACE_BOUND('',#1173,.T.);
#299=FACE_BOUND('',#1241,.T.);
#300=FACE_BOUND('',#1293,.T.);
#301=PLANE('',#6877);
#302=PLANE('',#6919);
#303=PLANE('',#6920);
#304=PLANE('',#6921);
#305=PLANE('',#6929);
#306=PLANE('',#6930);
#307=PLANE('',#6931);
#308=PLANE('',#6976);
#309=PLANE('',#6983);
#310=PLANE('',#7039);
#311=PLANE('',#7045);
#312=PLANE('',#7078);
#313=PLANE('',#7079);
#314=PLANE('',#7080);
#315=PLANE('',#7081);
#316=PLANE('',#7082);
#317=PLANE('',#7083);
#318=PLANE('',#7084);
#319=PLANE('',#7085);
#320=PLANE('',#7087);
#321=PLANE('',#7088);
#322=PLANE('',#7089);
#323=PLANE('',#7090);
#324=PLANE('',#7091);
#325=PLANE('',#7092);
#326=PLANE('',#7093);
#327=PLANE('',#7094);
#328=PLANE('',#7095);
#329=PLANE('',#7096);
#330=PLANE('',#7097);
#331=PLANE('',#7098);
#332=PLANE('',#7099);
#333=PLANE('',#7100);
#334=PLANE('',#7101);
#335=PLANE('',#7102);
#336=PLANE('',#7103);
#337=PLANE('',#7104);
#338=PLANE('',#7106);
#339=PLANE('',#7107);
#340=PLANE('',#7108);
#341=PLANE('',#7109);
#342=PLANE('',#7110);
#343=PLANE('',#7111);
#344=PLANE('',#7112);
#345=PLANE('',#7113);
#346=PLANE('',#7114);
#347=PLANE('',#7115);
#348=PLANE('',#7116);
#349=PLANE('',#7117);
#350=PLANE('',#7118);
#351=PLANE('',#7119);
#352=PLANE('',#7120);
#353=PLANE('',#7121);
#354=PLANE('',#7122);
#355=PLANE('',#7123);
#356=PLANE('',#7124);
#357=PLANE('',#7125);
#358=PLANE('',#7126);
#359=PLANE('',#7127);
#360=PLANE('',#7128);
#361=PLANE('',#7129);
#362=PLANE('',#7130);
#363=PLANE('',#7131);
#364=PLANE('',#7132);
#365=PLANE('',#7133);
#366=PLANE('',#7134);
#367=PLANE('',#7135);
#368=PLANE('',#7136);
#369=PLANE('',#7137);
#370=PLANE('',#7138);
#371=PLANE('',#7139);
#372=PLANE('',#7140);
#373=PLANE('',#7141);
#374=PLANE('',#7142);
#375=PLANE('',#7143);
#376=PLANE('',#7144);
#377=PLANE('',#7145);
#378=PLANE('',#7146);
#379=PLANE('',#7147);
#380=PLANE('',#7148);
#381=PLANE('',#7149);
#382=PLANE('',#7150);
#383=PLANE('',#7151);
#384=PLANE('',#7152);
#385=PLANE('',#7153);
#386=PLANE('',#7154);
#387=PLANE('',#7155);
#388=PLANE('',#7156);
#389=PLANE('',#7157);
#390=PLANE('',#7158);
#391=PLANE('',#7159);
#392=PLANE('',#7160);
#393=PLANE('',#7161);
#394=PLANE('',#7162);
#395=PLANE('',#7163);
#396=PLANE('',#7164);
#397=PLANE('',#7165);
#398=PLANE('',#7166);
#399=PLANE('',#7167);
#400=PLANE('',#7168);
#401=PLANE('',#7169);
#402=PLANE('',#7170);
#403=PLANE('',#7171);
#404=PLANE('',#7172);
#405=PLANE('',#7173);
#406=PLANE('',#7174);
#407=PLANE('',#7175);
#408=PLANE('',#7178);
#409=PLANE('',#7181);
#410=PLANE('',#7182);
#411=PLANE('',#7184);
#412=PLANE('',#7186);
#413=PLANE('',#7187);
#414=PLANE('',#7188);
#415=PLANE('',#7189);
#416=PLANE('',#7190);
#417=PLANE('',#7191);
#418=PLANE('',#7192);
#419=PLANE('',#7193);
#420=PLANE('',#7194);
#421=PLANE('',#7195);
#422=PLANE('',#7196);
#423=PLANE('',#7197);
#424=PLANE('',#7198);
#425=PLANE('',#7199);
#426=PLANE('',#7200);
#427=PLANE('',#7201);
#428=PLANE('',#7202);
#429=PLANE('',#7203);
#430=PLANE('',#7204);
#431=PLANE('',#7205);
#432=PLANE('',#7206);
#433=PLANE('',#7207);
#434=PLANE('',#7208);
#435=PLANE('',#7209);
#436=PLANE('',#7210);
#437=PLANE('',#7211);
#438=PLANE('',#7212);
#439=PLANE('',#7213);
#440=PLANE('',#7214);
#441=PLANE('',#7215);
#442=PLANE('',#7216);
#443=PLANE('',#7217);
#444=PLANE('',#7218);
#445=PLANE('',#7219);
#446=PLANE('',#7220);
#447=PLANE('',#7221);
#448=PLANE('',#7222);
#449=PLANE('',#7223);
#450=PLANE('',#7224);
#451=PLANE('',#7225);
#452=PLANE('',#7226);
#453=PLANE('',#7227);
#454=PLANE('',#7228);
#455=PLANE('',#7229);
#456=PLANE('',#7230);
#457=PLANE('',#7231);
#458=PLANE('',#7232);
#459=PLANE('',#7233);
#460=PLANE('',#7234);
#461=PLANE('',#7235);
#462=PLANE('',#7236);
#463=PLANE('',#7237);
#464=PLANE('',#7238);
#465=PLANE('',#7239);
#466=PLANE('',#7240);
#467=PLANE('',#7241);
#468=PLANE('',#7242);
#469=PLANE('',#7243);
#470=PLANE('',#7244);
#471=PLANE('',#7245);
#472=PLANE('',#7246);
#473=PLANE('',#7247);
#474=PLANE('',#7248);
#475=PLANE('',#7249);
#476=PLANE('',#7250);
#477=PLANE('',#7251);
#478=PLANE('',#7252);
#479=PLANE('',#7253);
#480=PLANE('',#7254);
#481=PLANE('',#7255);
#482=PLANE('',#7256);
#483=PLANE('',#7257);
#484=PLANE('',#7258);
#485=PLANE('',#7259);
#486=PLANE('',#7260);
#487=PLANE('',#7261);
#488=PLANE('',#7262);
#489=PLANE('',#7263);
#490=PLANE('',#7264);
#491=PLANE('',#7265);
#492=PLANE('',#7266);
#493=PLANE('',#7267);
#494=PLANE('',#7268);
#495=PLANE('',#7269);
#496=PLANE('',#7270);
#497=PLANE('',#7271);
#498=PLANE('',#7272);
#499=PLANE('',#7273);
#500=PLANE('',#7274);
#501=PLANE('',#7275);
#502=PLANE('',#7276);
#503=PLANE('',#7277);
#504=PLANE('',#7279);
#505=PLANE('',#7280);
#506=PLANE('',#7281);
#507=PLANE('',#7282);
#508=PLANE('',#7283);
#509=PLANE('',#7284);
#510=PLANE('',#7285);
#511=PLANE('',#7286);
#512=PLANE('',#7287);
#513=PLANE('',#7288);
#514=PLANE('',#7289);
#515=PLANE('',#7290);
#516=PLANE('',#7291);
#517=PLANE('',#7292);
#518=PLANE('',#7293);
#519=PLANE('',#7294);
#520=PLANE('',#7295);
#521=PLANE('',#7296);
#522=PLANE('',#7297);
#523=PLANE('',#7298);
#524=PLANE('',#7299);
#525=PLANE('',#7300);
#526=PLANE('',#7301);
#527=PLANE('',#7302);
#528=PLANE('',#7303);
#529=PLANE('',#7304);
#530=PLANE('',#7305);
#531=PLANE('',#7306);
#532=PLANE('',#7307);
#533=PLANE('',#7308);
#534=PLANE('',#7309);
#535=PLANE('',#7310);
#536=PLANE('',#7311);
#537=PLANE('',#7312);
#538=PLANE('',#7313);
#539=PLANE('',#7314);
#540=PLANE('',#7315);
#541=PLANE('',#7316);
#542=PLANE('',#7317);
#543=PLANE('',#7318);
#544=PLANE('',#7319);
#545=PLANE('',#7320);
#546=PLANE('',#7321);
#547=PLANE('',#7322);
#548=PLANE('',#7323);
#549=PLANE('',#7325);
#550=FACE_OUTER_BOUND('',#928,.T.);
#551=FACE_OUTER_BOUND('',#929,.T.);
#552=FACE_OUTER_BOUND('',#931,.T.);
#553=FACE_OUTER_BOUND('',#932,.T.);
#554=FACE_OUTER_BOUND('',#933,.T.);
#555=FACE_OUTER_BOUND('',#934,.T.);
#556=FACE_OUTER_BOUND('',#935,.T.);
#557=FACE_OUTER_BOUND('',#936,.T.);
#558=FACE_OUTER_BOUND('',#937,.T.);
#559=FACE_OUTER_BOUND('',#938,.T.);
#560=FACE_OUTER_BOUND('',#939,.T.);
#561=FACE_OUTER_BOUND('',#940,.T.);
#562=FACE_OUTER_BOUND('',#941,.T.);
#563=FACE_OUTER_BOUND('',#942,.T.);
#564=FACE_OUTER_BOUND('',#943,.T.);
#565=FACE_OUTER_BOUND('',#944,.T.);
#566=FACE_OUTER_BOUND('',#945,.T.);
#567=FACE_OUTER_BOUND('',#946,.T.);
#568=FACE_OUTER_BOUND('',#947,.T.);
#569=FACE_OUTER_BOUND('',#948,.T.);
#570=FACE_OUTER_BOUND('',#949,.T.);
#571=FACE_OUTER_BOUND('',#950,.T.);
#572=FACE_OUTER_BOUND('',#951,.T.);
#573=FACE_OUTER_BOUND('',#952,.T.);
#574=FACE_OUTER_BOUND('',#953,.T.);
#575=FACE_OUTER_BOUND('',#954,.T.);
#576=FACE_OUTER_BOUND('',#955,.T.);
#577=FACE_OUTER_BOUND('',#956,.T.);
#578=FACE_OUTER_BOUND('',#957,.T.);
#579=FACE_OUTER_BOUND('',#958,.T.);
#580=FACE_OUTER_BOUND('',#959,.T.);
#581=FACE_OUTER_BOUND('',#960,.T.);
#582=FACE_OUTER_BOUND('',#961,.T.);
#583=FACE_OUTER_BOUND('',#962,.T.);
#584=FACE_OUTER_BOUND('',#963,.T.);
#585=FACE_OUTER_BOUND('',#964,.T.);
#586=FACE_OUTER_BOUND('',#965,.T.);
#587=FACE_OUTER_BOUND('',#966,.T.);
#588=FACE_OUTER_BOUND('',#967,.T.);
#589=FACE_OUTER_BOUND('',#968,.T.);
#590=FACE_OUTER_BOUND('',#969,.T.);
#591=FACE_OUTER_BOUND('',#970,.T.);
#592=FACE_OUTER_BOUND('',#971,.T.);
#593=FACE_OUTER_BOUND('',#972,.T.);
#594=FACE_OUTER_BOUND('',#973,.T.);
#595=FACE_OUTER_BOUND('',#974,.T.);
#596=FACE_OUTER_BOUND('',#975,.T.);
#597=FACE_OUTER_BOUND('',#976,.T.);
#598=FACE_OUTER_BOUND('',#977,.T.);
#599=FACE_OUTER_BOUND('',#978,.T.);
#600=FACE_OUTER_BOUND('',#979,.T.);
#601=FACE_OUTER_BOUND('',#980,.T.);
#602=FACE_OUTER_BOUND('',#981,.T.);
#603=FACE_OUTER_BOUND('',#982,.T.);
#604=FACE_OUTER_BOUND('',#983,.T.);
#605=FACE_OUTER_BOUND('',#984,.T.);
#606=FACE_OUTER_BOUND('',#985,.T.);
#607=FACE_OUTER_BOUND('',#986,.T.);
#608=FACE_OUTER_BOUND('',#987,.T.);
#609=FACE_OUTER_BOUND('',#988,.T.);
#610=FACE_OUTER_BOUND('',#989,.T.);
#611=FACE_OUTER_BOUND('',#990,.T.);
#612=FACE_OUTER_BOUND('',#991,.T.);
#613=FACE_OUTER_BOUND('',#992,.T.);
#614=FACE_OUTER_BOUND('',#993,.T.);
#615=FACE_OUTER_BOUND('',#1018,.T.);
#616=FACE_OUTER_BOUND('',#1019,.T.);
#617=FACE_OUTER_BOUND('',#1020,.T.);
#618=FACE_OUTER_BOUND('',#1021,.T.);
#619=FACE_OUTER_BOUND('',#1022,.T.);
#620=FACE_OUTER_BOUND('',#1023,.T.);
#621=FACE_OUTER_BOUND('',#1024,.T.);
#622=FACE_OUTER_BOUND('',#1025,.T.);
#623=FACE_OUTER_BOUND('',#1026,.T.);
#624=FACE_OUTER_BOUND('',#1027,.T.);
#625=FACE_OUTER_BOUND('',#1028,.T.);
#626=FACE_OUTER_BOUND('',#1029,.T.);
#627=FACE_OUTER_BOUND('',#1030,.T.);
#628=FACE_OUTER_BOUND('',#1031,.T.);
#629=FACE_OUTER_BOUND('',#1032,.T.);
#630=FACE_OUTER_BOUND('',#1033,.T.);
#631=FACE_OUTER_BOUND('',#1034,.T.);
#632=FACE_OUTER_BOUND('',#1035,.T.);
#633=FACE_OUTER_BOUND('',#1036,.T.);
#634=FACE_OUTER_BOUND('',#1037,.T.);
#635=FACE_OUTER_BOUND('',#1038,.T.);
#636=FACE_OUTER_BOUND('',#1039,.T.);
#637=FACE_OUTER_BOUND('',#1040,.T.);
#638=FACE_OUTER_BOUND('',#1041,.T.);
#639=FACE_OUTER_BOUND('',#1042,.T.);
#640=FACE_OUTER_BOUND('',#1043,.T.);
#641=FACE_OUTER_BOUND('',#1044,.T.);
#642=FACE_OUTER_BOUND('',#1045,.T.);
#643=FACE_OUTER_BOUND('',#1046,.T.);
#644=FACE_OUTER_BOUND('',#1047,.T.);
#645=FACE_OUTER_BOUND('',#1048,.T.);
#646=FACE_OUTER_BOUND('',#1049,.T.);
#647=FACE_OUTER_BOUND('',#1050,.T.);
#648=FACE_OUTER_BOUND('',#1051,.T.);
#649=FACE_OUTER_BOUND('',#1052,.T.);
#650=FACE_OUTER_BOUND('',#1053,.T.);
#651=FACE_OUTER_BOUND('',#1054,.T.);
#652=FACE_OUTER_BOUND('',#1055,.T.);
#653=FACE_OUTER_BOUND('',#1056,.T.);
#654=FACE_OUTER_BOUND('',#1057,.T.);
#655=FACE_OUTER_BOUND('',#1058,.T.);
#656=FACE_OUTER_BOUND('',#1059,.T.);
#657=FACE_OUTER_BOUND('',#1060,.T.);
#658=FACE_OUTER_BOUND('',#1061,.T.);
#659=FACE_OUTER_BOUND('',#1062,.T.);
#660=FACE_OUTER_BOUND('',#1063,.T.);
#661=FACE_OUTER_BOUND('',#1064,.T.);
#662=FACE_OUTER_BOUND('',#1065,.T.);
#663=FACE_OUTER_BOUND('',#1066,.T.);
#664=FACE_OUTER_BOUND('',#1067,.T.);
#665=FACE_OUTER_BOUND('',#1068,.T.);
#666=FACE_OUTER_BOUND('',#1069,.T.);
#667=FACE_OUTER_BOUND('',#1070,.T.);
#668=FACE_OUTER_BOUND('',#1071,.T.);
#669=FACE_OUTER_BOUND('',#1072,.T.);
#670=FACE_OUTER_BOUND('',#1073,.T.);
#671=FACE_OUTER_BOUND('',#1074,.T.);
#672=FACE_OUTER_BOUND('',#1075,.T.);
#673=FACE_OUTER_BOUND('',#1076,.T.);
#674=FACE_OUTER_BOUND('',#1077,.T.);
#675=FACE_OUTER_BOUND('',#1078,.T.);
#676=FACE_OUTER_BOUND('',#1079,.T.);
#677=FACE_OUTER_BOUND('',#1080,.T.);
#678=FACE_OUTER_BOUND('',#1081,.T.);
#679=FACE_OUTER_BOUND('',#1082,.T.);
#680=FACE_OUTER_BOUND('',#1083,.T.);
#681=FACE_OUTER_BOUND('',#1084,.T.);
#682=FACE_OUTER_BOUND('',#1085,.T.);
#683=FACE_OUTER_BOUND('',#1086,.T.);
#684=FACE_OUTER_BOUND('',#1087,.T.);
#685=FACE_OUTER_BOUND('',#1088,.T.);
#686=FACE_OUTER_BOUND('',#1089,.T.);
#687=FACE_OUTER_BOUND('',#1090,.T.);
#688=FACE_OUTER_BOUND('',#1091,.T.);
#689=FACE_OUTER_BOUND('',#1092,.T.);
#690=FACE_OUTER_BOUND('',#1093,.T.);
#691=FACE_OUTER_BOUND('',#1094,.T.);
#692=FACE_OUTER_BOUND('',#1095,.T.);
#693=FACE_OUTER_BOUND('',#1096,.T.);
#694=FACE_OUTER_BOUND('',#1097,.T.);
#695=FACE_OUTER_BOUND('',#1098,.T.);
#696=FACE_OUTER_BOUND('',#1099,.T.);
#697=FACE_OUTER_BOUND('',#1100,.T.);
#698=FACE_OUTER_BOUND('',#1101,.T.);
#699=FACE_OUTER_BOUND('',#1102,.T.);
#700=FACE_OUTER_BOUND('',#1103,.T.);
#701=FACE_OUTER_BOUND('',#1104,.T.);
#702=FACE_OUTER_BOUND('',#1105,.T.);
#703=FACE_OUTER_BOUND('',#1106,.T.);
#704=FACE_OUTER_BOUND('',#1107,.T.);
#705=FACE_OUTER_BOUND('',#1108,.T.);
#706=FACE_OUTER_BOUND('',#1109,.T.);
#707=FACE_OUTER_BOUND('',#1110,.T.);
#708=FACE_OUTER_BOUND('',#1111,.T.);
#709=FACE_OUTER_BOUND('',#1112,.T.);
#710=FACE_OUTER_BOUND('',#1113,.T.);
#711=FACE_OUTER_BOUND('',#1114,.T.);
#712=FACE_OUTER_BOUND('',#1115,.T.);
#713=FACE_OUTER_BOUND('',#1116,.T.);
#714=FACE_OUTER_BOUND('',#1117,.T.);
#715=FACE_OUTER_BOUND('',#1118,.T.);
#716=FACE_OUTER_BOUND('',#1119,.T.);
#717=FACE_OUTER_BOUND('',#1120,.T.);
#718=FACE_OUTER_BOUND('',#1121,.T.);
#719=FACE_OUTER_BOUND('',#1122,.T.);
#720=FACE_OUTER_BOUND('',#1123,.T.);
#721=FACE_OUTER_BOUND('',#1124,.T.);
#722=FACE_OUTER_BOUND('',#1125,.T.);
#723=FACE_OUTER_BOUND('',#1126,.T.);
#724=FACE_OUTER_BOUND('',#1127,.T.);
#725=FACE_OUTER_BOUND('',#1128,.T.);
#726=FACE_OUTER_BOUND('',#1129,.T.);
#727=FACE_OUTER_BOUND('',#1130,.T.);
#728=FACE_OUTER_BOUND('',#1131,.T.);
#729=FACE_OUTER_BOUND('',#1132,.T.);
#730=FACE_OUTER_BOUND('',#1133,.T.);
#731=FACE_OUTER_BOUND('',#1134,.T.);
#732=FACE_OUTER_BOUND('',#1135,.T.);
#733=FACE_OUTER_BOUND('',#1136,.T.);
#734=FACE_OUTER_BOUND('',#1137,.T.);
#735=FACE_OUTER_BOUND('',#1138,.T.);
#736=FACE_OUTER_BOUND('',#1140,.T.);
#737=FACE_OUTER_BOUND('',#1141,.T.);
#738=FACE_OUTER_BOUND('',#1142,.T.);
#739=FACE_OUTER_BOUND('',#1143,.T.);
#740=FACE_OUTER_BOUND('',#1144,.T.);
#741=FACE_OUTER_BOUND('',#1145,.T.);
#742=FACE_OUTER_BOUND('',#1146,.T.);
#743=FACE_OUTER_BOUND('',#1147,.T.);
#744=FACE_OUTER_BOUND('',#1148,.T.);
#745=FACE_OUTER_BOUND('',#1149,.T.);
#746=FACE_OUTER_BOUND('',#1150,.T.);
#747=FACE_OUTER_BOUND('',#1151,.T.);
#748=FACE_OUTER_BOUND('',#1152,.T.);
#749=FACE_OUTER_BOUND('',#1153,.T.);
#750=FACE_OUTER_BOUND('',#1156,.T.);
#751=FACE_OUTER_BOUND('',#1157,.T.);
#752=FACE_OUTER_BOUND('',#1158,.T.);
#753=FACE_OUTER_BOUND('',#1159,.T.);
#754=FACE_OUTER_BOUND('',#1160,.T.);
#755=FACE_OUTER_BOUND('',#1161,.T.);
#756=FACE_OUTER_BOUND('',#1162,.T.);
#757=FACE_OUTER_BOUND('',#1163,.T.);
#758=FACE_OUTER_BOUND('',#1164,.T.);
#759=FACE_OUTER_BOUND('',#1165,.T.);
#760=FACE_OUTER_BOUND('',#1166,.T.);
#761=FACE_OUTER_BOUND('',#1167,.T.);
#762=FACE_OUTER_BOUND('',#1168,.T.);
#763=FACE_OUTER_BOUND('',#1169,.T.);
#764=FACE_OUTER_BOUND('',#1170,.T.);
#765=FACE_OUTER_BOUND('',#1171,.T.);
#766=FACE_OUTER_BOUND('',#1172,.T.);
#767=FACE_OUTER_BOUND('',#1174,.T.);
#768=FACE_OUTER_BOUND('',#1175,.T.);
#769=FACE_OUTER_BOUND('',#1176,.T.);
#770=FACE_OUTER_BOUND('',#1177,.T.);
#771=FACE_OUTER_BOUND('',#1178,.T.);
#772=FACE_OUTER_BOUND('',#1179,.T.);
#773=FACE_OUTER_BOUND('',#1180,.T.);
#774=FACE_OUTER_BOUND('',#1181,.T.);
#775=FACE_OUTER_BOUND('',#1182,.T.);
#776=FACE_OUTER_BOUND('',#1183,.T.);
#777=FACE_OUTER_BOUND('',#1184,.T.);
#778=FACE_OUTER_BOUND('',#1185,.T.);
#779=FACE_OUTER_BOUND('',#1186,.T.);
#780=FACE_OUTER_BOUND('',#1187,.T.);
#781=FACE_OUTER_BOUND('',#1188,.T.);
#782=FACE_OUTER_BOUND('',#1189,.T.);
#783=FACE_OUTER_BOUND('',#1190,.T.);
#784=FACE_OUTER_BOUND('',#1191,.T.);
#785=FACE_OUTER_BOUND('',#1192,.T.);
#786=FACE_OUTER_BOUND('',#1193,.T.);
#787=FACE_OUTER_BOUND('',#1194,.T.);
#788=FACE_OUTER_BOUND('',#1195,.T.);
#789=FACE_OUTER_BOUND('',#1196,.T.);
#790=FACE_OUTER_BOUND('',#1197,.T.);
#791=FACE_OUTER_BOUND('',#1198,.T.);
#792=FACE_OUTER_BOUND('',#1199,.T.);
#793=FACE_OUTER_BOUND('',#1200,.T.);
#794=FACE_OUTER_BOUND('',#1201,.T.);
#795=FACE_OUTER_BOUND('',#1202,.T.);
#796=FACE_OUTER_BOUND('',#1203,.T.);
#797=FACE_OUTER_BOUND('',#1204,.T.);
#798=FACE_OUTER_BOUND('',#1205,.T.);
#799=FACE_OUTER_BOUND('',#1206,.T.);
#800=FACE_OUTER_BOUND('',#1207,.T.);
#801=FACE_OUTER_BOUND('',#1208,.T.);
#802=FACE_OUTER_BOUND('',#1209,.T.);
#803=FACE_OUTER_BOUND('',#1210,.T.);
#804=FACE_OUTER_BOUND('',#1211,.T.);
#805=FACE_OUTER_BOUND('',#1212,.T.);
#806=FACE_OUTER_BOUND('',#1213,.T.);
#807=FACE_OUTER_BOUND('',#1214,.T.);
#808=FACE_OUTER_BOUND('',#1215,.T.);
#809=FACE_OUTER_BOUND('',#1216,.T.);
#810=FACE_OUTER_BOUND('',#1217,.T.);
#811=FACE_OUTER_BOUND('',#1218,.T.);
#812=FACE_OUTER_BOUND('',#1219,.T.);
#813=FACE_OUTER_BOUND('',#1220,.T.);
#814=FACE_OUTER_BOUND('',#1221,.T.);
#815=FACE_OUTER_BOUND('',#1222,.T.);
#816=FACE_OUTER_BOUND('',#1223,.T.);
#817=FACE_OUTER_BOUND('',#1224,.T.);
#818=FACE_OUTER_BOUND('',#1225,.T.);
#819=FACE_OUTER_BOUND('',#1226,.T.);
#820=FACE_OUTER_BOUND('',#1227,.T.);
#821=FACE_OUTER_BOUND('',#1228,.T.);
#822=FACE_OUTER_BOUND('',#1229,.T.);
#823=FACE_OUTER_BOUND('',#1230,.T.);
#824=FACE_OUTER_BOUND('',#1231,.T.);
#825=FACE_OUTER_BOUND('',#1232,.T.);
#826=FACE_OUTER_BOUND('',#1233,.T.);
#827=FACE_OUTER_BOUND('',#1234,.T.);
#828=FACE_OUTER_BOUND('',#1235,.T.);
#829=FACE_OUTER_BOUND('',#1236,.T.);
#830=FACE_OUTER_BOUND('',#1237,.T.);
#831=FACE_OUTER_BOUND('',#1238,.T.);
#832=FACE_OUTER_BOUND('',#1239,.T.);
#833=FACE_OUTER_BOUND('',#1240,.T.);
#834=FACE_OUTER_BOUND('',#1242,.T.);
#835=FACE_OUTER_BOUND('',#1243,.T.);
#836=FACE_OUTER_BOUND('',#1244,.T.);
#837=FACE_OUTER_BOUND('',#1245,.T.);
#838=FACE_OUTER_BOUND('',#1246,.T.);
#839=FACE_OUTER_BOUND('',#1247,.T.);
#840=FACE_OUTER_BOUND('',#1248,.T.);
#841=FACE_OUTER_BOUND('',#1249,.T.);
#842=FACE_OUTER_BOUND('',#1250,.T.);
#843=FACE_OUTER_BOUND('',#1251,.T.);
#844=FACE_OUTER_BOUND('',#1252,.T.);
#845=FACE_OUTER_BOUND('',#1253,.T.);
#846=FACE_OUTER_BOUND('',#1254,.T.);
#847=FACE_OUTER_BOUND('',#1255,.T.);
#848=FACE_OUTER_BOUND('',#1256,.T.);
#849=FACE_OUTER_BOUND('',#1257,.T.);
#850=FACE_OUTER_BOUND('',#1258,.T.);
#851=FACE_OUTER_BOUND('',#1259,.T.);
#852=FACE_OUTER_BOUND('',#1260,.T.);
#853=FACE_OUTER_BOUND('',#1261,.T.);
#854=FACE_OUTER_BOUND('',#1262,.T.);
#855=FACE_OUTER_BOUND('',#1263,.T.);
#856=FACE_OUTER_BOUND('',#1264,.T.);
#857=FACE_OUTER_BOUND('',#1265,.T.);
#858=FACE_OUTER_BOUND('',#1266,.T.);
#859=FACE_OUTER_BOUND('',#1267,.T.);
#860=FACE_OUTER_BOUND('',#1268,.T.);
#861=FACE_OUTER_BOUND('',#1269,.T.);
#862=FACE_OUTER_BOUND('',#1270,.T.);
#863=FACE_OUTER_BOUND('',#1271,.T.);
#864=FACE_OUTER_BOUND('',#1272,.T.);
#865=FACE_OUTER_BOUND('',#1273,.T.);
#866=FACE_OUTER_BOUND('',#1274,.T.);
#867=FACE_OUTER_BOUND('',#1275,.T.);
#868=FACE_OUTER_BOUND('',#1276,.T.);
#869=FACE_OUTER_BOUND('',#1277,.T.);
#870=FACE_OUTER_BOUND('',#1278,.T.);
#871=FACE_OUTER_BOUND('',#1279,.T.);
#872=FACE_OUTER_BOUND('',#1280,.T.);
#873=FACE_OUTER_BOUND('',#1281,.T.);
#874=FACE_OUTER_BOUND('',#1282,.T.);
#875=FACE_OUTER_BOUND('',#1283,.T.);
#876=FACE_OUTER_BOUND('',#1284,.T.);
#877=FACE_OUTER_BOUND('',#1285,.T.);
#878=FACE_OUTER_BOUND('',#1286,.T.);
#879=FACE_OUTER_BOUND('',#1287,.T.);
#880=FACE_OUTER_BOUND('',#1288,.T.);
#881=FACE_OUTER_BOUND('',#1289,.T.);
#882=FACE_OUTER_BOUND('',#1290,.T.);
#883=FACE_OUTER_BOUND('',#1291,.T.);
#884=FACE_OUTER_BOUND('',#1292,.T.);
#885=FACE_OUTER_BOUND('',#1294,.T.);
#886=FACE_OUTER_BOUND('',#1295,.T.);
#887=FACE_OUTER_BOUND('',#1296,.T.);
#888=FACE_OUTER_BOUND('',#1297,.T.);
#889=FACE_OUTER_BOUND('',#1298,.T.);
#890=FACE_OUTER_BOUND('',#1299,.T.);
#891=FACE_OUTER_BOUND('',#1300,.T.);
#892=FACE_OUTER_BOUND('',#1301,.T.);
#893=FACE_OUTER_BOUND('',#1302,.T.);
#894=FACE_OUTER_BOUND('',#1303,.T.);
#895=FACE_OUTER_BOUND('',#1304,.T.);
#896=FACE_OUTER_BOUND('',#1305,.T.);
#897=FACE_OUTER_BOUND('',#1306,.T.);
#898=FACE_OUTER_BOUND('',#1307,.T.);
#899=FACE_OUTER_BOUND('',#1308,.T.);
#900=FACE_OUTER_BOUND('',#1309,.T.);
#901=FACE_OUTER_BOUND('',#1310,.T.);
#902=FACE_OUTER_BOUND('',#1311,.T.);
#903=FACE_OUTER_BOUND('',#1312,.T.);
#904=FACE_OUTER_BOUND('',#1313,.T.);
#905=FACE_OUTER_BOUND('',#1314,.T.);
#906=FACE_OUTER_BOUND('',#1315,.T.);
#907=FACE_OUTER_BOUND('',#1316,.T.);
#908=FACE_OUTER_BOUND('',#1317,.T.);
#909=FACE_OUTER_BOUND('',#1318,.T.);
#910=FACE_OUTER_BOUND('',#1319,.T.);
#911=FACE_OUTER_BOUND('',#1320,.T.);
#912=FACE_OUTER_BOUND('',#1321,.T.);
#913=FACE_OUTER_BOUND('',#1322,.T.);
#914=FACE_OUTER_BOUND('',#1323,.T.);
#915=FACE_OUTER_BOUND('',#1324,.T.);
#916=FACE_OUTER_BOUND('',#1325,.T.);
#917=FACE_OUTER_BOUND('',#1326,.T.);
#918=FACE_OUTER_BOUND('',#1327,.T.);
#919=FACE_OUTER_BOUND('',#1328,.T.);
#920=FACE_OUTER_BOUND('',#1329,.T.);
#921=FACE_OUTER_BOUND('',#1330,.T.);
#922=FACE_OUTER_BOUND('',#1331,.T.);
#923=FACE_OUTER_BOUND('',#1332,.T.);
#924=FACE_OUTER_BOUND('',#1333,.T.);
#925=FACE_OUTER_BOUND('',#1334,.T.);
#926=FACE_OUTER_BOUND('',#1335,.T.);
#927=FACE_OUTER_BOUND('',#1336,.T.);
#928=EDGE_LOOP('',(#4516,#4517,#4518,#4519,#4520,#4521,#4522));
#929=EDGE_LOOP('',(#4523,#4524,#4525,#4526,#4527,#4528,#4529,#4530,#4531,
#4532,#4533,#4534,#4535,#4536,#4537,#4538,#4539,#4540));
#930=EDGE_LOOP('',(#4541,#4542,#4543,#4544,#4545,#4546,#4547,#4548,#4549,
#4550,#4551,#4552));
#931=EDGE_LOOP('',(#4553,#4554,#4555,#4556,#4557));
#932=EDGE_LOOP('',(#4558,#4559,#4560,#4561,#4562,#4563,#4564));
#933=EDGE_LOOP('',(#4565,#4566,#4567,#4568,#4569));
#934=EDGE_LOOP('',(#4570,#4571,#4572,#4573,#4574,#4575,#4576));
#935=EDGE_LOOP('',(#4577,#4578,#4579,#4580,#4581));
#936=EDGE_LOOP('',(#4582,#4583,#4584,#4585,#4586,#4587,#4588));
#937=EDGE_LOOP('',(#4589,#4590,#4591,#4592,#4593));
#938=EDGE_LOOP('',(#4594,#4595,#4596,#4597));
#939=EDGE_LOOP('',(#4598,#4599,#4600,#4601));
#940=EDGE_LOOP('',(#4602,#4603,#4604,#4605));
#941=EDGE_LOOP('',(#4606,#4607,#4608,#4609));
#942=EDGE_LOOP('',(#4610,#4611,#4612,#4613));
#943=EDGE_LOOP('',(#4614,#4615,#4616,#4617,#4618));
#944=EDGE_LOOP('',(#4619,#4620,#4621,#4622));
#945=EDGE_LOOP('',(#4623,#4624,#4625,#4626));
#946=EDGE_LOOP('',(#4627,#4628,#4629,#4630));
#947=EDGE_LOOP('',(#4631,#4632,#4633,#4634));
#948=EDGE_LOOP('',(#4635,#4636,#4637,#4638));
#949=EDGE_LOOP('',(#4639,#4640,#4641,#4642,#4643));
#950=EDGE_LOOP('',(#4644,#4645,#4646,#4647));
#951=EDGE_LOOP('',(#4648,#4649,#4650,#4651));
#952=EDGE_LOOP('',(#4652,#4653,#4654,#4655));
#953=EDGE_LOOP('',(#4656,#4657,#4658,#4659));
#954=EDGE_LOOP('',(#4660,#4661,#4662,#4663));
#955=EDGE_LOOP('',(#4664,#4665,#4666,#4667));
#956=EDGE_LOOP('',(#4668,#4669,#4670,#4671));
#957=EDGE_LOOP('',(#4672,#4673,#4674,#4675));
#958=EDGE_LOOP('',(#4676,#4677,#4678,#4679));
#959=EDGE_LOOP('',(#4680,#4681,#4682,#4683));
#960=EDGE_LOOP('',(#4684,#4685,#4686,#4687));
#961=EDGE_LOOP('',(#4688,#4689,#4690,#4691,#4692));
#962=EDGE_LOOP('',(#4693,#4694,#4695,#4696));
#963=EDGE_LOOP('',(#4697,#4698,#4699,#4700));
#964=EDGE_LOOP('',(#4701,#4702,#4703,#4704));
#965=EDGE_LOOP('',(#4705,#4706,#4707,#4708,#4709));
#966=EDGE_LOOP('',(#4710,#4711,#4712,#4713));
#967=EDGE_LOOP('',(#4714,#4715,#4716,#4717));
#968=EDGE_LOOP('',(#4718,#4719,#4720,#4721));
#969=EDGE_LOOP('',(#4722,#4723,#4724,#4725));
#970=EDGE_LOOP('',(#4726,#4727,#4728,#4729));
#971=EDGE_LOOP('',(#4730,#4731,#4732,#4733));
#972=EDGE_LOOP('',(#4734,#4735,#4736,#4737));
#973=EDGE_LOOP('',(#4738,#4739,#4740,#4741));
#974=EDGE_LOOP('',(#4742,#4743,#4744,#4745));
#975=EDGE_LOOP('',(#4746,#4747,#4748,#4749));
#976=EDGE_LOOP('',(#4750,#4751,#4752,#4753));
#977=EDGE_LOOP('',(#4754,#4755,#4756,#4757));
#978=EDGE_LOOP('',(#4758,#4759,#4760,#4761));
#979=EDGE_LOOP('',(#4762,#4763,#4764,#4765));
#980=EDGE_LOOP('',(#4766,#4767,#4768,#4769));
#981=EDGE_LOOP('',(#4770,#4771,#4772,#4773));
#982=EDGE_LOOP('',(#4774,#4775,#4776,#4777));
#983=EDGE_LOOP('',(#4778,#4779,#4780,#4781));
#984=EDGE_LOOP('',(#4782,#4783,#4784,#4785));
#985=EDGE_LOOP('',(#4786,#4787,#4788,#4789));
#986=EDGE_LOOP('',(#4790,#4791,#4792,#4793));
#987=EDGE_LOOP('',(#4794,#4795,#4796,#4797));
#988=EDGE_LOOP('',(#4798,#4799,#4800,#4801));
#989=EDGE_LOOP('',(#4802,#4803,#4804,#4805));
#990=EDGE_LOOP('',(#4806,#4807,#4808,#4809));
#991=EDGE_LOOP('',(#4810,#4811,#4812,#4813));
#992=EDGE_LOOP('',(#4814,#4815,#4816,#4817));
#993=EDGE_LOOP('',(#4818,#4819,#4820,#4821,#4822,#4823,#4824,#4825,#4826,
#4827,#4828,#4829,#4830,#4831,#4832,#4833));
#994=EDGE_LOOP('',(#4834,#4835,#4836,#4837,#4838,#4839,#4840,#4841,#4842,
#4843,#4844,#4845,#4846));
#995=EDGE_LOOP('',(#4847,#4848,#4849,#4850,#4851,#4852,#4853,#4854,#4855,
#4856,#4857,#4858));
#996=EDGE_LOOP('',(#4859,#4860,#4861,#4862,#4863,#4864,#4865,#4866,#4867,
#4868,#4869));
#997=EDGE_LOOP('',(#4870,#4871,#4872,#4873,#4874,#4875,#4876,#4877));
#998=EDGE_LOOP('',(#4878,#4879,#4880,#4881,#4882,#4883,#4884,#4885,#4886,
#4887,#4888,#4889,#4890));
#999=EDGE_LOOP('',(#4891,#4892,#4893,#4894,#4895,#4896,#4897,#4898,#4899,
#4900,#4901,#4902));
#1000=EDGE_LOOP('',(#4903,#4904,#4905,#4906));
#1001=EDGE_LOOP('',(#4907,#4908,#4909,#4910,#4911));
#1002=EDGE_LOOP('',(#4912,#4913,#4914,#4915,#4916));
#1003=EDGE_LOOP('',(#4917,#4918,#4919,#4920,#4921,#4922,#4923,#4924));
#1004=EDGE_LOOP('',(#4925,#4926,#4927,#4928,#4929,#4930,#4931,#4932,#4933,
#4934,#4935,#4936));
#1005=EDGE_LOOP('',(#4937,#4938,#4939,#4940,#4941,#4942,#4943,#4944,#4945,
#4946,#4947,#4948));
#1006=EDGE_LOOP('',(#4949,#4950,#4951,#4952,#4953,#4954,#4955,#4956,#4957,
#4958));
#1007=EDGE_LOOP('',(#4959,#4960,#4961,#4962,#4963,#4964,#4965,#4966,#4967));
#1008=EDGE_LOOP('',(#4968,#4969,#4970,#4971,#4972));
#1009=EDGE_LOOP('',(#4973));
#1010=EDGE_LOOP('',(#4974,#4975,#4976,#4977));
#1011=EDGE_LOOP('',(#4978,#4979,#4980,#4981,#4982,#4983));
#1012=EDGE_LOOP('',(#4984,#4985,#4986,#4987,#4988,#4989,#4990,#4991,#4992,
#4993,#4994,#4995));
#1013=EDGE_LOOP('',(#4996,#4997,#4998,#4999,#5000,#5001,#5002,#5003));
#1014=EDGE_LOOP('',(#5004,#5005,#5006,#5007,#5008,#5009,#5010,#5011,#5012,
#5013));
#1015=EDGE_LOOP('',(#5014,#5015,#5016,#5017,#5018,#5019,#5020,#5021,#5022));
#1016=EDGE_LOOP('',(#5023,#5024,#5025,#5026,#5027,#5028,#5029,#5030,#5031,
#5032,#5033,#5034,#5035,#5036,#5037,#5038,#5039,#5040,#5041,#5042,#5043,
#5044,#5045,#5046,#5047));
#1017=EDGE_LOOP('',(#5048,#5049,#5050,#5051,#5052,#5053,#5054,#5055,#5056,
#5057));
#1018=EDGE_LOOP('',(#5058,#5059,#5060,#5061));
#1019=EDGE_LOOP('',(#5062,#5063,#5064,#5065));
#1020=EDGE_LOOP('',(#5066,#5067,#5068));
#1021=EDGE_LOOP('',(#5069,#5070,#5071));
#1022=EDGE_LOOP('',(#5072,#5073,#5074,#5075));
#1023=EDGE_LOOP('',(#5076,#5077,#5078));
#1024=EDGE_LOOP('',(#5079,#5080,#5081,#5082));
#1025=EDGE_LOOP('',(#5083,#5084,#5085,#5086,#5087));
#1026=EDGE_LOOP('',(#5088,#5089,#5090));
#1027=EDGE_LOOP('',(#5091,#5092,#5093,#5094));
#1028=EDGE_LOOP('',(#5095,#5096,#5097,#5098,#5099));
#1029=EDGE_LOOP('',(#5100,#5101,#5102,#5103));
#1030=EDGE_LOOP('',(#5104,#5105,#5106,#5107,#5108));
#1031=EDGE_LOOP('',(#5109,#5110,#5111,#5112,#5113));
#1032=EDGE_LOOP('',(#5114,#5115,#5116,#5117,#5118));
#1033=EDGE_LOOP('',(#5119,#5120,#5121,#5122,#5123,#5124,#5125,#5126));
#1034=EDGE_LOOP('',(#5127,#5128,#5129,#5130,#5131,#5132));
#1035=EDGE_LOOP('',(#5133,#5134,#5135,#5136,#5137));
#1036=EDGE_LOOP('',(#5138,#5139,#5140,#5141));
#1037=EDGE_LOOP('',(#5142,#5143,#5144,#5145,#5146,#5147));
#1038=EDGE_LOOP('',(#5148,#5149,#5150,#5151));
#1039=EDGE_LOOP('',(#5152,#5153,#5154,#5155));
#1040=EDGE_LOOP('',(#5156,#5157,#5158,#5159));
#1041=EDGE_LOOP('',(#5160,#5161,#5162,#5163,#5164));
#1042=EDGE_LOOP('',(#5165,#5166,#5167,#5168,#5169));
#1043=EDGE_LOOP('',(#5170,#5171,#5172,#5173,#5174,#5175,#5176,#5177));
#1044=EDGE_LOOP('',(#5178,#5179,#5180,#5181));
#1045=EDGE_LOOP('',(#5182,#5183,#5184,#5185));
#1046=EDGE_LOOP('',(#5186,#5187,#5188,#5189));
#1047=EDGE_LOOP('',(#5190,#5191,#5192,#5193));
#1048=EDGE_LOOP('',(#5194,#5195,#5196,#5197));
#1049=EDGE_LOOP('',(#5198,#5199,#5200,#5201));
#1050=EDGE_LOOP('',(#5202,#5203,#5204,#5205));
#1051=EDGE_LOOP('',(#5206,#5207,#5208,#5209));
#1052=EDGE_LOOP('',(#5210,#5211,#5212,#5213));
#1053=EDGE_LOOP('',(#5214,#5215,#5216,#5217));
#1054=EDGE_LOOP('',(#5218,#5219,#5220,#5221,#5222,#5223,#5224,#5225,#5226,
#5227));
#1055=EDGE_LOOP('',(#5228,#5229,#5230,#5231));
#1056=EDGE_LOOP('',(#5232,#5233,#5234,#5235));
#1057=EDGE_LOOP('',(#5236,#5237,#5238,#5239));
#1058=EDGE_LOOP('',(#5240,#5241,#5242,#5243));
#1059=EDGE_LOOP('',(#5244,#5245,#5246,#5247));
#1060=EDGE_LOOP('',(#5248,#5249,#5250,#5251));
#1061=EDGE_LOOP('',(#5252,#5253,#5254,#5255));
#1062=EDGE_LOOP('',(#5256,#5257,#5258,#5259));
#1063=EDGE_LOOP('',(#5260,#5261,#5262,#5263));
#1064=EDGE_LOOP('',(#5264,#5265,#5266,#5267));
#1065=EDGE_LOOP('',(#5268,#5269,#5270,#5271));
#1066=EDGE_LOOP('',(#5272,#5273,#5274,#5275));
#1067=EDGE_LOOP('',(#5276,#5277,#5278,#5279));
#1068=EDGE_LOOP('',(#5280,#5281,#5282,#5283));
#1069=EDGE_LOOP('',(#5284,#5285,#5286,#5287));
#1070=EDGE_LOOP('',(#5288,#5289,#5290,#5291));
#1071=EDGE_LOOP('',(#5292,#5293,#5294,#5295));
#1072=EDGE_LOOP('',(#5296,#5297,#5298,#5299));
#1073=EDGE_LOOP('',(#5300,#5301,#5302,#5303));
#1074=EDGE_LOOP('',(#5304,#5305,#5306,#5307));
#1075=EDGE_LOOP('',(#5308,#5309,#5310,#5311));
#1076=EDGE_LOOP('',(#5312,#5313,#5314,#5315));
#1077=EDGE_LOOP('',(#5316,#5317,#5318,#5319));
#1078=EDGE_LOOP('',(#5320,#5321,#5322,#5323));
#1079=EDGE_LOOP('',(#5324,#5325,#5326,#5327));
#1080=EDGE_LOOP('',(#5328,#5329,#5330,#5331,#5332,#5333,#5334,#5335,#5336,
#5337,#5338,#5339,#5340,#5341,#5342,#5343,#5344,#5345,#5346,#5347,#5348,
#5349,#5350,#5351,#5352));
#1081=EDGE_LOOP('',(#5353,#5354,#5355,#5356));
#1082=EDGE_LOOP('',(#5357,#5358,#5359,#5360));
#1083=EDGE_LOOP('',(#5361,#5362,#5363,#5364));
#1084=EDGE_LOOP('',(#5365,#5366,#5367,#5368));
#1085=EDGE_LOOP('',(#5369,#5370,#5371,#5372));
#1086=EDGE_LOOP('',(#5373,#5374,#5375,#5376));
#1087=EDGE_LOOP('',(#5377,#5378,#5379,#5380));
#1088=EDGE_LOOP('',(#5381,#5382,#5383,#5384));
#1089=EDGE_LOOP('',(#5385,#5386,#5387,#5388));
#1090=EDGE_LOOP('',(#5389,#5390,#5391,#5392,#5393,#5394,#5395,#5396,#5397));
#1091=EDGE_LOOP('',(#5398,#5399,#5400,#5401));
#1092=EDGE_LOOP('',(#5402,#5403,#5404,#5405));
#1093=EDGE_LOOP('',(#5406,#5407,#5408,#5409));
#1094=EDGE_LOOP('',(#5410,#5411,#5412,#5413));
#1095=EDGE_LOOP('',(#5414,#5415,#5416,#5417));
#1096=EDGE_LOOP('',(#5418,#5419,#5420,#5421));
#1097=EDGE_LOOP('',(#5422,#5423,#5424,#5425));
#1098=EDGE_LOOP('',(#5426,#5427,#5428,#5429));
#1099=EDGE_LOOP('',(#5430,#5431,#5432,#5433));
#1100=EDGE_LOOP('',(#5434,#5435,#5436,#5437));
#1101=EDGE_LOOP('',(#5438,#5439,#5440,#5441,#5442,#5443,#5444,#5445,#5446,
#5447));
#1102=EDGE_LOOP('',(#5448,#5449,#5450,#5451));
#1103=EDGE_LOOP('',(#5452,#5453,#5454,#5455));
#1104=EDGE_LOOP('',(#5456,#5457,#5458,#5459));
#1105=EDGE_LOOP('',(#5460,#5461,#5462,#5463));
#1106=EDGE_LOOP('',(#5464,#5465,#5466,#5467));
#1107=EDGE_LOOP('',(#5468,#5469,#5470,#5471));
#1108=EDGE_LOOP('',(#5472,#5473,#5474,#5475));
#1109=EDGE_LOOP('',(#5476,#5477,#5478,#5479));
#1110=EDGE_LOOP('',(#5480,#5481,#5482,#5483,#5484,#5485,#5486,#5487));
#1111=EDGE_LOOP('',(#5488,#5489,#5490,#5491));
#1112=EDGE_LOOP('',(#5492,#5493,#5494,#5495));
#1113=EDGE_LOOP('',(#5496,#5497,#5498,#5499));
#1114=EDGE_LOOP('',(#5500,#5501,#5502,#5503));
#1115=EDGE_LOOP('',(#5504,#5505,#5506,#5507));
#1116=EDGE_LOOP('',(#5508,#5509,#5510,#5511));
#1117=EDGE_LOOP('',(#5512,#5513,#5514,#5515));
#1118=EDGE_LOOP('',(#5516,#5517,#5518,#5519));
#1119=EDGE_LOOP('',(#5520,#5521,#5522,#5523));
#1120=EDGE_LOOP('',(#5524,#5525,#5526,#5527));
#1121=EDGE_LOOP('',(#5528,#5529,#5530,#5531));
#1122=EDGE_LOOP('',(#5532,#5533,#5534,#5535));
#1123=EDGE_LOOP('',(#5536,#5537,#5538,#5539,#5540,#5541,#5542,#5543,#5544,
#5545,#5546,#5547));
#1124=EDGE_LOOP('',(#5548,#5549,#5550,#5551));
#1125=EDGE_LOOP('',(#5552,#5553,#5554,#5555));
#1126=EDGE_LOOP('',(#5556,#5557,#5558,#5559));
#1127=EDGE_LOOP('',(#5560,#5561,#5562,#5563));
#1128=EDGE_LOOP('',(#5564,#5565,#5566,#5567));
#1129=EDGE_LOOP('',(#5568,#5569,#5570,#5571));
#1130=EDGE_LOOP('',(#5572,#5573,#5574,#5575,#5576,#5577));
#1131=EDGE_LOOP('',(#5578,#5579,#5580,#5581));
#1132=EDGE_LOOP('',(#5582,#5583,#5584,#5585));
#1133=EDGE_LOOP('',(#5586,#5587,#5588,#5589));
#1134=EDGE_LOOP('',(#5590,#5591,#5592,#5593));
#1135=EDGE_LOOP('',(#5594,#5595,#5596,#5597));
#1136=EDGE_LOOP('',(#5598,#5599,#5600,#5601));
#1137=EDGE_LOOP('',(#5602,#5603,#5604,#5605));
#1138=EDGE_LOOP('',(#5606));
#1139=EDGE_LOOP('',(#5607));
#1140=EDGE_LOOP('',(#5608,#5609,#5610,#5611));
#1141=EDGE_LOOP('',(#5612,#5613,#5614,#5615));
#1142=EDGE_LOOP('',(#5616,#5617,#5618,#5619));
#1143=EDGE_LOOP('',(#5620,#5621,#5622,#5623));
#1144=EDGE_LOOP('',(#5624,#5625,#5626,#5627));
#1145=EDGE_LOOP('',(#5628,#5629,#5630,#5631));
#1146=EDGE_LOOP('',(#5632,#5633,#5634,#5635));
#1147=EDGE_LOOP('',(#5636,#5637,#5638,#5639));
#1148=EDGE_LOOP('',(#5640,#5641,#5642,#5643));
#1149=EDGE_LOOP('',(#5644,#5645,#5646,#5647));
#1150=EDGE_LOOP('',(#5648,#5649,#5650,#5651));
#1151=EDGE_LOOP('',(#5652,#5653,#5654,#5655));
#1152=EDGE_LOOP('',(#5656,#5657,#5658,#5659));
#1153=EDGE_LOOP('',(#5660,#5661,#5662,#5663,#5664));
#1154=EDGE_LOOP('',(#5665,#5666,#5667,#5668));
#1155=EDGE_LOOP('',(#5669,#5670,#5671,#5672));
#1156=EDGE_LOOP('',(#5673,#5674,#5675,#5676));
#1157=EDGE_LOOP('',(#5677,#5678,#5679,#5680));
#1158=EDGE_LOOP('',(#5681,#5682,#5683,#5684));
#1159=EDGE_LOOP('',(#5685,#5686,#5687,#5688));
#1160=EDGE_LOOP('',(#5689,#5690,#5691,#5692));
#1161=EDGE_LOOP('',(#5693,#5694,#5695,#5696));
#1162=EDGE_LOOP('',(#5697,#5698,#5699,#5700));
#1163=EDGE_LOOP('',(#5701,#5702,#5703,#5704));
#1164=EDGE_LOOP('',(#5705,#5706,#5707,#5708));
#1165=EDGE_LOOP('',(#5709,#5710,#5711,#5712));
#1166=EDGE_LOOP('',(#5713,#5714,#5715,#5716));
#1167=EDGE_LOOP('',(#5717,#5718,#5719,#5720));
#1168=EDGE_LOOP('',(#5721,#5722,#5723,#5724));
#1169=EDGE_LOOP('',(#5725,#5726,#5727,#5728));
#1170=EDGE_LOOP('',(#5729,#5730,#5731,#5732));
#1171=EDGE_LOOP('',(#5733,#5734,#5735,#5736));
#1172=EDGE_LOOP('',(#5737,#5738,#5739,#5740,#5741,#5742,#5743,#5744,#5745));
#1173=EDGE_LOOP('',(#5746,#5747,#5748,#5749,#5750,#5751,#5752));
#1174=EDGE_LOOP('',(#5753,#5754,#5755,#5756));
#1175=EDGE_LOOP('',(#5757,#5758,#5759,#5760));
#1176=EDGE_LOOP('',(#5761,#5762,#5763,#5764));
#1177=EDGE_LOOP('',(#5765,#5766,#5767,#5768));
#1178=EDGE_LOOP('',(#5769,#5770,#5771,#5772));
#1179=EDGE_LOOP('',(#5773,#5774,#5775,#5776));
#1180=EDGE_LOOP('',(#5777,#5778,#5779,#5780));
#1181=EDGE_LOOP('',(#5781,#5782,#5783,#5784));
#1182=EDGE_LOOP('',(#5785,#5786,#5787,#5788));
#1183=EDGE_LOOP('',(#5789,#5790,#5791,#5792));
#1184=EDGE_LOOP('',(#5793,#5794,#5795,#5796,#5797,#5798,#5799,#5800,#5801,
#5802));
#1185=EDGE_LOOP('',(#5803,#5804,#5805,#5806));
#1186=EDGE_LOOP('',(#5807,#5808,#5809,#5810));
#1187=EDGE_LOOP('',(#5811,#5812,#5813,#5814));
#1188=EDGE_LOOP('',(#5815,#5816,#5817,#5818));
#1189=EDGE_LOOP('',(#5819,#5820,#5821,#5822));
#1190=EDGE_LOOP('',(#5823,#5824,#5825,#5826));
#1191=EDGE_LOOP('',(#5827,#5828,#5829,#5830));
#1192=EDGE_LOOP('',(#5831,#5832,#5833,#5834));
#1193=EDGE_LOOP('',(#5835,#5836,#5837,#5838));
#1194=EDGE_LOOP('',(#5839,#5840,#5841,#5842));
#1195=EDGE_LOOP('',(#5843,#5844,#5845,#5846));
#1196=EDGE_LOOP('',(#5847,#5848,#5849,#5850));
#1197=EDGE_LOOP('',(#5851,#5852,#5853,#5854,#5855,#5856,#5857,#5858,#5859,
#5860,#5861,#5862));
#1198=EDGE_LOOP('',(#5863,#5864,#5865,#5866));
#1199=EDGE_LOOP('',(#5867,#5868,#5869,#5870));
#1200=EDGE_LOOP('',(#5871,#5872,#5873,#5874));
#1201=EDGE_LOOP('',(#5875,#5876,#5877,#5878));
#1202=EDGE_LOOP('',(#5879,#5880,#5881,#5882));
#1203=EDGE_LOOP('',(#5883,#5884,#5885,#5886));
#1204=EDGE_LOOP('',(#5887,#5888,#5889,#5890));
#1205=EDGE_LOOP('',(#5891,#5892,#5893,#5894));
#1206=EDGE_LOOP('',(#5895,#5896,#5897,#5898));
#1207=EDGE_LOOP('',(#5899,#5900,#5901,#5902));
#1208=EDGE_LOOP('',(#5903,#5904,#5905,#5906));
#1209=EDGE_LOOP('',(#5907,#5908,#5909,#5910));
#1210=EDGE_LOOP('',(#5911,#5912,#5913,#5914,#5915,#5916,#5917,#5918,#5919,
#5920,#5921,#5922));
#1211=EDGE_LOOP('',(#5923,#5924,#5925,#5926));
#1212=EDGE_LOOP('',(#5927,#5928,#5929,#5930));
#1213=EDGE_LOOP('',(#5931,#5932,#5933,#5934));
#1214=EDGE_LOOP('',(#5935,#5936,#5937,#5938));
#1215=EDGE_LOOP('',(#5939,#5940,#5941,#5942));
#1216=EDGE_LOOP('',(#5943,#5944,#5945,#5946));
#1217=EDGE_LOOP('',(#5947,#5948,#5949,#5950));
#1218=EDGE_LOOP('',(#5951,#5952,#5953,#5954));
#1219=EDGE_LOOP('',(#5955,#5956,#5957,#5958,#5959,#5960,#5961,#5962));
#1220=EDGE_LOOP('',(#5963,#5964,#5965,#5966));
#1221=EDGE_LOOP('',(#5967,#5968,#5969,#5970));
#1222=EDGE_LOOP('',(#5971,#5972,#5973,#5974));
#1223=EDGE_LOOP('',(#5975,#5976,#5977,#5978));
#1224=EDGE_LOOP('',(#5979,#5980,#5981,#5982));
#1225=EDGE_LOOP('',(#5983,#5984,#5985,#5986,#5987));
#1226=EDGE_LOOP('',(#5988,#5989,#5990,#5991));
#1227=EDGE_LOOP('',(#5992,#5993,#5994,#5995));
#1228=EDGE_LOOP('',(#5996,#5997,#5998,#5999));
#1229=EDGE_LOOP('',(#6000,#6001,#6002,#6003));
#1230=EDGE_LOOP('',(#6004,#6005,#6006,#6007));
#1231=EDGE_LOOP('',(#6008,#6009,#6010,#6011,#6012));
#1232=EDGE_LOOP('',(#6013,#6014,#6015,#6016));
#1233=EDGE_LOOP('',(#6017,#6018,#6019,#6020));
#1234=EDGE_LOOP('',(#6021,#6022,#6023,#6024));
#1235=EDGE_LOOP('',(#6025,#6026,#6027,#6028));
#1236=EDGE_LOOP('',(#6029,#6030,#6031,#6032));
#1237=EDGE_LOOP('',(#6033,#6034,#6035,#6036));
#1238=EDGE_LOOP('',(#6037,#6038,#6039,#6040));
#1239=EDGE_LOOP('',(#6041,#6042,#6043,#6044));
#1240=EDGE_LOOP('',(#6045,#6046,#6047,#6048));
#1241=EDGE_LOOP('',(#6049,#6050,#6051,#6052));
#1242=EDGE_LOOP('',(#6053,#6054,#6055,#6056));
#1243=EDGE_LOOP('',(#6057,#6058,#6059,#6060));
#1244=EDGE_LOOP('',(#6061,#6062,#6063,#6064));
#1245=EDGE_LOOP('',(#6065,#6066,#6067,#6068));
#1246=EDGE_LOOP('',(#6069,#6070,#6071,#6072));
#1247=EDGE_LOOP('',(#6073,#6074,#6075,#6076));
#1248=EDGE_LOOP('',(#6077,#6078,#6079,#6080));
#1249=EDGE_LOOP('',(#6081,#6082,#6083,#6084));
#1250=EDGE_LOOP('',(#6085,#6086,#6087,#6088));
#1251=EDGE_LOOP('',(#6089,#6090,#6091,#6092));
#1252=EDGE_LOOP('',(#6093,#6094,#6095,#6096));
#1253=EDGE_LOOP('',(#6097,#6098,#6099,#6100));
#1254=EDGE_LOOP('',(#6101,#6102,#6103,#6104,#6105,#6106,#6107,#6108,#6109,
#6110,#6111,#6112));
#1255=EDGE_LOOP('',(#6113,#6114,#6115,#6116));
#1256=EDGE_LOOP('',(#6117,#6118,#6119,#6120));
#1257=EDGE_LOOP('',(#6121,#6122,#6123,#6124));
#1258=EDGE_LOOP('',(#6125,#6126,#6127,#6128));
#1259=EDGE_LOOP('',(#6129,#6130,#6131,#6132));
#1260=EDGE_LOOP('',(#6133,#6134,#6135,#6136));
#1261=EDGE_LOOP('',(#6137,#6138,#6139,#6140));
#1262=EDGE_LOOP('',(#6141,#6142,#6143,#6144));
#1263=EDGE_LOOP('',(#6145,#6146,#6147,#6148));
#1264=EDGE_LOOP('',(#6149,#6150,#6151,#6152));
#1265=EDGE_LOOP('',(#6153,#6154,#6155,#6156));
#1266=EDGE_LOOP('',(#6157,#6158,#6159,#6160));
#1267=EDGE_LOOP('',(#6161,#6162,#6163,#6164));
#1268=EDGE_LOOP('',(#6165,#6166,#6167,#6168,#6169,#6170,#6171,#6172,#6173,
#6174,#6175,#6176,#6177));
#1269=EDGE_LOOP('',(#6178,#6179,#6180,#6181));
#1270=EDGE_LOOP('',(#6182,#6183,#6184,#6185));
#1271=EDGE_LOOP('',(#6186,#6187,#6188,#6189));
#1272=EDGE_LOOP('',(#6190,#6191,#6192,#6193));
#1273=EDGE_LOOP('',(#6194,#6195,#6196,#6197));
#1274=EDGE_LOOP('',(#6198,#6199,#6200,#6201));
#1275=EDGE_LOOP('',(#6202,#6203,#6204,#6205));
#1276=EDGE_LOOP('',(#6206,#6207,#6208,#6209));
#1277=EDGE_LOOP('',(#6210,#6211,#6212,#6213,#6214,#6215,#6216,#6217));
#1278=EDGE_LOOP('',(#6218,#6219,#6220,#6221));
#1279=EDGE_LOOP('',(#6222,#6223,#6224,#6225));
#1280=EDGE_LOOP('',(#6226,#6227,#6228,#6229));
#1281=EDGE_LOOP('',(#6230,#6231,#6232,#6233));
#1282=EDGE_LOOP('',(#6234,#6235,#6236,#6237));
#1283=EDGE_LOOP('',(#6238,#6239,#6240,#6241));
#1284=EDGE_LOOP('',(#6242,#6243,#6244,#6245));
#1285=EDGE_LOOP('',(#6246,#6247,#6248,#6249));
#1286=EDGE_LOOP('',(#6250,#6251,#6252,#6253));
#1287=EDGE_LOOP('',(#6254,#6255,#6256,#6257));
#1288=EDGE_LOOP('',(#6258,#6259,#6260,#6261));
#1289=EDGE_LOOP('',(#6262,#6263,#6264,#6265));
#1290=EDGE_LOOP('',(#6266,#6267,#6268,#6269));
#1291=EDGE_LOOP('',(#6270,#6271,#6272,#6273));
#1292=EDGE_LOOP('',(#6274,#6275,#6276,#6277,#6278,#6279,#6280,#6281,#6282,
#6283,#6284));
#1293=EDGE_LOOP('',(#6285,#6286,#6287));
#1294=EDGE_LOOP('',(#6288,#6289,#6290,#6291));
#1295=EDGE_LOOP('',(#6292,#6293,#6294,#6295));
#1296=EDGE_LOOP('',(#6296,#6297,#6298,#6299));
#1297=EDGE_LOOP('',(#6300,#6301,#6302,#6303));
#1298=EDGE_LOOP('',(#6304,#6305,#6306,#6307));
#1299=EDGE_LOOP('',(#6308,#6309,#6310,#6311));
#1300=EDGE_LOOP('',(#6312,#6313,#6314,#6315));
#1301=EDGE_LOOP('',(#6316,#6317,#6318,#6319));
#1302=EDGE_LOOP('',(#6320,#6321,#6322,#6323));
#1303=EDGE_LOOP('',(#6324,#6325,#6326,#6327));
#1304=EDGE_LOOP('',(#6328,#6329,#6330,#6331));
#1305=EDGE_LOOP('',(#6332,#6333,#6334,#6335));
#1306=EDGE_LOOP('',(#6336,#6337,#6338,#6339,#6340,#6341,#6342,#6343,#6344,
#6345,#6346,#6347));
#1307=EDGE_LOOP('',(#6348,#6349,#6350,#6351));
#1308=EDGE_LOOP('',(#6352,#6353,#6354,#6355));
#1309=EDGE_LOOP('',(#6356,#6357,#6358,#6359));
#1310=EDGE_LOOP('',(#6360,#6361,#6362,#6363));
#1311=EDGE_LOOP('',(#6364,#6365,#6366,#6367));
#1312=EDGE_LOOP('',(#6368,#6369,#6370,#6371));
#1313=EDGE_LOOP('',(#6372,#6373,#6374,#6375));
#1314=EDGE_LOOP('',(#6376,#6377,#6378,#6379));
#1315=EDGE_LOOP('',(#6380,#6381,#6382,#6383));
#1316=EDGE_LOOP('',(#6384,#6385,#6386,#6387));
#1317=EDGE_LOOP('',(#6388,#6389,#6390,#6391));
#1318=EDGE_LOOP('',(#6392,#6393,#6394,#6395));
#1319=EDGE_LOOP('',(#6396,#6397,#6398,#6399));
#1320=EDGE_LOOP('',(#6400,#6401,#6402,#6403,#6404,#6405,#6406,#6407,#6408,
#6409,#6410,#6411,#6412));
#1321=EDGE_LOOP('',(#6413,#6414,#6415));
#1322=EDGE_LOOP('',(#6416,#6417,#6418,#6419));
#1323=EDGE_LOOP('',(#6420,#6421,#6422,#6423,#6424,#6425,#6426));
#1324=EDGE_LOOP('',(#6427,#6428,#6429,#6430));
#1325=EDGE_LOOP('',(#6431,#6432,#6433,#6434));
#1326=EDGE_LOOP('',(#6435,#6436,#6437,#6438,#6439));
#1327=EDGE_LOOP('',(#6440,#6441,#6442,#6443));
#1328=EDGE_LOOP('',(#6444,#6445,#6446,#6447));
#1329=EDGE_LOOP('',(#6448,#6449,#6450,#6451,#6452));
#1330=EDGE_LOOP('',(#6453,#6454,#6455,#6456));
#1331=EDGE_LOOP('',(#6457));
#1332=EDGE_LOOP('',(#6458));
#1333=EDGE_LOOP('',(#6459));
#1334=EDGE_LOOP('',(#6460));
#1335=EDGE_LOOP('',(#6461,#6462,#6463,#6464));
#1336=EDGE_LOOP('',(#6465));
#1337=LINE('',#8976,#2066);
#1338=LINE('',#8984,#2067);
#1339=LINE('',#8992,#2068);
#1340=LINE('',#9002,#2069);
#1341=LINE('',#9012,#2070);
#1342=LINE('',#9016,#2071);
#1343=LINE('',#9018,#2072);
#1344=LINE('',#9020,#2073);
#1345=LINE('',#9022,#2074);
#1346=LINE('',#9024,#2075);
#1347=LINE('',#9026,#2076);
#1348=LINE('',#9028,#2077);
#1349=LINE('',#9030,#2078);
#1350=LINE('',#9032,#2079);
#1351=LINE('',#9034,#2080);
#1352=LINE('',#9036,#2081);
#1353=LINE('',#9037,#2082);
#1354=LINE('',#9040,#2083);
#1355=LINE('',#9044,#2084);
#1356=LINE('',#9051,#2085);
#1357=LINE('',#9055,#2086);
#1358=LINE('',#9062,#2087);
#1359=LINE('',#9069,#2088);
#1360=LINE('',#9075,#2089);
#1361=LINE('',#9081,#2090);
#1362=LINE('',#9085,#2091);
#1363=LINE('',#9089,#2092);
#1364=LINE('',#9093,#2093);
#1365=LINE('',#9095,#2094);
#1366=LINE('',#9096,#2095);
#1367=LINE('',#9099,#2096);
#1368=LINE('',#9100,#2097);
#1369=LINE('',#9103,#2098);
#1370=LINE('',#9104,#2099);
#1371=LINE('',#9109,#2100);
#1372=LINE('',#9113,#2101);
#1373=LINE('',#9117,#2102);
#1374=LINE('',#9121,#2103);
#1375=LINE('',#9123,#2104);
#1376=LINE('',#9124,#2105);
#1377=LINE('',#9127,#2106);
#1378=LINE('',#9128,#2107);
#1379=LINE('',#9131,#2108);
#1380=LINE('',#9132,#2109);
#1381=LINE('',#9142,#2110);
#1382=LINE('',#9158,#2111);
#1383=LINE('',#9174,#2112);
#1384=LINE('',#9190,#2113);
#1385=LINE('',#9199,#2114);
#1386=LINE('',#9201,#2115);
#1387=LINE('',#9202,#2116);
#1388=LINE('',#9205,#2117);
#1389=LINE('',#9209,#2118);
#1390=LINE('',#9213,#2119);
#1391=LINE('',#9217,#2120);
#1392=LINE('',#9218,#2121);
#1393=LINE('',#9221,#2122);
#1394=LINE('',#9225,#2123);
#1395=LINE('',#9229,#2124);
#1396=LINE('',#9244,#2125);
#1397=LINE('',#9245,#2126);
#1398=LINE('',#9287,#2127);
#1399=LINE('',#9288,#2128);
#1400=LINE('',#9324,#2129);
#1401=LINE('',#9360,#2130);
#1402=LINE('',#9391,#2131);
#1403=LINE('',#9393,#2132);
#1404=LINE('',#9395,#2133);
#1405=LINE('',#9399,#2134);
#1406=LINE('',#9401,#2135);
#1407=LINE('',#9403,#2136);
#1408=LINE('',#9405,#2137);
#1409=LINE('',#9407,#2138);
#1410=LINE('',#9409,#2139);
#1411=LINE('',#9428,#2140);
#1412=LINE('',#9430,#2141);
#1413=LINE('',#9432,#2142);
#1414=LINE('',#9434,#2143);
#1415=LINE('',#9436,#2144);
#1416=LINE('',#9455,#2145);
#1417=LINE('',#9457,#2146);
#1418=LINE('',#9459,#2147);
#1419=LINE('',#9461,#2148);
#1420=LINE('',#9463,#2149);
#1421=LINE('',#9465,#2150);
#1422=LINE('',#9467,#2151);
#1423=LINE('',#9469,#2152);
#1424=LINE('',#9471,#2153);
#1425=LINE('',#9473,#2154);
#1426=LINE('',#9475,#2155);
#1427=LINE('',#9476,#2156);
#1428=LINE('',#9503,#2157);
#1429=LINE('',#9505,#2158);
#1430=LINE('',#9507,#2159);
#1431=LINE('',#9509,#2160);
#1432=LINE('',#9511,#2161);
#1433=LINE('',#9528,#2162);
#1434=LINE('',#9530,#2163);
#1435=LINE('',#9532,#2164);
#1436=LINE('',#9534,#2165);
#1437=LINE('',#9536,#2166);
#1438=LINE('',#9538,#2167);
#1439=LINE('',#9540,#2168);
#1440=LINE('',#9541,#2169);
#1441=LINE('',#9544,#2170);
#1442=LINE('',#9546,#2171);
#1443=LINE('',#9548,#2172);
#1444=LINE('',#9550,#2173);
#1445=LINE('',#9552,#2174);
#1446=LINE('',#9554,#2175);
#1447=LINE('',#9556,#2176);
#1448=LINE('',#9558,#2177);
#1449=LINE('',#9560,#2178);
#1450=LINE('',#9562,#2179);
#1451=LINE('',#9564,#2180);
#1452=LINE('',#9566,#2181);
#1453=LINE('',#9567,#2182);
#1454=LINE('',#9570,#2183);
#1455=LINE('',#9572,#2184);
#1456=LINE('',#9574,#2185);
#1457=LINE('',#9576,#2186);
#1458=LINE('',#9578,#2187);
#1459=LINE('',#9580,#2188);
#1460=LINE('',#9582,#2189);
#1461=LINE('',#9584,#2190);
#1462=LINE('',#9586,#2191);
#1463=LINE('',#9588,#2192);
#1464=LINE('',#9590,#2193);
#1465=LINE('',#9591,#2194);
#1466=LINE('',#9594,#2195);
#1467=LINE('',#9596,#2196);
#1468=LINE('',#9623,#2197);
#1469=LINE('',#9664,#2198);
#1470=LINE('',#9705,#2199);
#1471=LINE('',#9758,#2200);
#1472=LINE('',#9808,#2201);
#1473=LINE('',#9811,#2202);
#1474=LINE('',#9813,#2203);
#1475=LINE('',#9815,#2204);
#1476=LINE('',#9817,#2205);
#1477=LINE('',#9819,#2206);
#1478=LINE('',#9821,#2207);
#1479=LINE('',#9823,#2208);
#1480=LINE('',#9824,#2209);
#1481=LINE('',#9827,#2210);
#1482=LINE('',#9829,#2211);
#1483=LINE('',#9831,#2212);
#1484=LINE('',#9833,#2213);
#1485=LINE('',#9835,#2214);
#1486=LINE('',#9837,#2215);
#1487=LINE('',#9839,#2216);
#1488=LINE('',#9841,#2217);
#1489=LINE('',#9843,#2218);
#1490=LINE('',#9845,#2219);
#1491=LINE('',#9847,#2220);
#1492=LINE('',#9848,#2221);
#1493=LINE('',#9851,#2222);
#1494=LINE('',#9853,#2223);
#1495=LINE('',#9855,#2224);
#1496=LINE('',#9871,#2225);
#1497=LINE('',#9873,#2226);
#1498=LINE('',#9875,#2227);
#1499=LINE('',#9877,#2228);
#1500=LINE('',#9879,#2229);
#1501=LINE('',#9895,#2230);
#1502=LINE('',#9896,#2231);
#1503=LINE('',#9910,#2232);
#1504=LINE('',#9912,#2233);
#1505=LINE('',#9914,#2234);
#1506=LINE('',#9930,#2235);
#1507=LINE('',#9932,#2236);
#1508=LINE('',#9934,#2237);
#1509=LINE('',#9940,#2238);
#1510=LINE('',#9943,#2239);
#1511=LINE('',#9989,#2240);
#1512=LINE('',#10009,#2241);
#1513=LINE('',#10011,#2242);
#1514=LINE('',#10046,#2243);
#1515=LINE('',#10099,#2244);
#1516=LINE('',#10101,#2245);
#1517=LINE('',#10103,#2246);
#1518=LINE('',#10104,#2247);
#1519=LINE('',#10107,#2248);
#1520=LINE('',#10109,#2249);
#1521=LINE('',#10111,#2250);
#1522=LINE('',#10113,#2251);
#1523=LINE('',#10115,#2252);
#1524=LINE('',#10116,#2253);
#1525=LINE('',#10119,#2254);
#1526=LINE('',#10121,#2255);
#1527=LINE('',#10123,#2256);
#1528=LINE('',#10125,#2257);
#1529=LINE('',#10127,#2258);
#1530=LINE('',#10129,#2259);
#1531=LINE('',#10131,#2260);
#1532=LINE('',#10133,#2261);
#1533=LINE('',#10135,#2262);
#1534=LINE('',#10137,#2263);
#1535=LINE('',#10139,#2264);
#1536=LINE('',#10140,#2265);
#1537=LINE('',#10143,#2266);
#1538=LINE('',#10145,#2267);
#1539=LINE('',#10147,#2268);
#1540=LINE('',#10149,#2269);
#1541=LINE('',#10151,#2270);
#1542=LINE('',#10153,#2271);
#1543=LINE('',#10155,#2272);
#1544=LINE('',#10156,#2273);
#1545=LINE('',#10159,#2274);
#1546=LINE('',#10161,#2275);
#1547=LINE('',#10163,#2276);
#1548=LINE('',#10165,#2277);
#1549=LINE('',#10167,#2278);
#1550=LINE('',#10169,#2279);
#1551=LINE('',#10171,#2280);
#1552=LINE('',#10173,#2281);
#1553=LINE('',#10175,#2282);
#1554=LINE('',#10176,#2283);
#1555=LINE('',#10179,#2284);
#1556=LINE('',#10181,#2285);
#1557=LINE('',#10205,#2286);
#1558=LINE('',#10207,#2287);
#1559=LINE('',#10209,#2288);
#1560=LINE('',#10230,#2289);
#1561=LINE('',#10241,#2290);
#1562=LINE('',#10243,#2291);
#1563=LINE('',#10245,#2292);
#1564=LINE('',#10268,#2293);
#1565=LINE('',#10270,#2294);
#1566=LINE('',#10272,#2295);
#1567=LINE('',#10294,#2296);
#1568=LINE('',#10296,#2297);
#1569=LINE('',#10298,#2298);
#1570=LINE('',#10300,#2299);
#1571=LINE('',#10302,#2300);
#1572=LINE('',#10340,#2301);
#1573=LINE('',#10357,#2302);
#1574=LINE('',#10359,#2303);
#1575=LINE('',#10361,#2304);
#1576=LINE('',#10363,#2305);
#1577=LINE('',#10379,#2306);
#1578=LINE('',#10381,#2307);
#1579=LINE('',#10383,#2308);
#1580=LINE('',#10384,#2309);
#1581=LINE('',#10386,#2310);
#1582=LINE('',#10387,#2311);
#1583=LINE('',#10404,#2312);
#1584=LINE('',#10405,#2313);
#1585=LINE('',#10414,#2314);
#1586=LINE('',#10415,#2315);
#1587=LINE('',#10420,#2316);
#1588=LINE('',#10422,#2317);
#1589=LINE('',#10432,#2318);
#1590=LINE('',#10433,#2319);
#1591=LINE('',#10438,#2320);
#1592=LINE('',#10440,#2321);
#1593=LINE('',#10443,#2322);
#1594=LINE('',#10444,#2323);
#1595=LINE('',#10449,#2324);
#1596=LINE('',#10451,#2325);
#1597=LINE('',#10457,#2326);
#1598=LINE('',#10459,#2327);
#1599=LINE('',#10463,#2328);
#1600=LINE('',#10465,#2329);
#1601=LINE('',#10466,#2330);
#1602=LINE('',#10467,#2331);
#1603=LINE('',#10469,#2332);
#1604=LINE('',#10470,#2333);
#1605=LINE('',#10472,#2334);
#1606=LINE('',#10473,#2335);
#1607=LINE('',#10475,#2336);
#1608=LINE('',#10477,#2337);
#1609=LINE('',#10479,#2338);
#1610=LINE('',#10482,#2339);
#1611=LINE('',#10484,#2340);
#1612=LINE('',#10486,#2341);
#1613=LINE('',#10489,#2342);
#1614=LINE('',#10491,#2343);
#1615=LINE('',#10492,#2344);
#1616=LINE('',#10494,#2345);
#1617=LINE('',#10522,#2346);
#1618=LINE('',#10537,#2347);
#1619=LINE('',#10540,#2348);
#1620=LINE('',#10541,#2349);
#1621=LINE('',#10544,#2350);
#1622=LINE('',#10545,#2351);
#1623=LINE('',#10548,#2352);
#1624=LINE('',#10549,#2353);
#1625=LINE('',#10552,#2354);
#1626=LINE('',#10553,#2355);
#1627=LINE('',#10581,#2356);
#1628=LINE('',#10597,#2357);
#1629=LINE('',#10598,#2358);
#1630=LINE('',#10601,#2359);
#1631=LINE('',#10602,#2360);
#1632=LINE('',#10605,#2361);
#1633=LINE('',#10606,#2362);
#1634=LINE('',#10608,#2363);
#1635=LINE('',#10625,#2364);
#1636=LINE('',#10634,#2365);
#1637=LINE('',#10637,#2366);
#1638=LINE('',#10638,#2367);
#1639=LINE('',#10660,#2368);
#1640=LINE('',#10680,#2369);
#1641=LINE('',#10694,#2370);
#1642=LINE('',#10720,#2371);
#1643=LINE('',#10740,#2372);
#1644=LINE('',#10747,#2373);
#1645=LINE('',#10748,#2374);
#1646=LINE('',#10751,#2375);
#1647=LINE('',#10752,#2376);
#1648=LINE('',#10755,#2377);
#1649=LINE('',#10756,#2378);
#1650=LINE('',#10759,#2379);
#1651=LINE('',#10760,#2380);
#1652=LINE('',#10763,#2381);
#1653=LINE('',#10764,#2382);
#1654=LINE('',#10772,#2383);
#1655=LINE('',#10783,#2384);
#1656=LINE('',#10803,#2385);
#1657=LINE('',#10820,#2386);
#1658=LINE('',#10827,#2387);
#1659=LINE('',#10828,#2388);
#1660=LINE('',#10831,#2389);
#1661=LINE('',#10832,#2390);
#1662=LINE('',#10835,#2391);
#1663=LINE('',#10836,#2392);
#1664=LINE('',#10852,#2393);
#1665=LINE('',#10875,#2394);
#1666=LINE('',#10892,#2395);
#1667=LINE('',#10899,#2396);
#1668=LINE('',#10900,#2397);
#1669=LINE('',#10903,#2398);
#1670=LINE('',#10904,#2399);
#1671=LINE('',#10906,#2400);
#1672=LINE('',#10910,#2401);
#1673=LINE('',#10912,#2402);
#1674=LINE('',#10913,#2403);
#1675=LINE('',#10916,#2404);
#1676=LINE('',#10917,#2405);
#1677=LINE('',#10957,#2406);
#1678=LINE('',#10979,#2407);
#1679=LINE('',#10980,#2408);
#1680=LINE('',#10983,#2409);
#1681=LINE('',#10984,#2410);
#1682=LINE('',#10987,#2411);
#1683=LINE('',#10988,#2412);
#1684=LINE('',#11010,#2413);
#1685=LINE('',#11042,#2414);
#1686=LINE('',#11054,#2415);
#1687=LINE('',#11058,#2416);
#1688=LINE('',#11060,#2417);
#1689=LINE('',#11061,#2418);
#1690=LINE('',#11064,#2419);
#1691=LINE('',#11065,#2420);
#1692=LINE('',#11068,#2421);
#1693=LINE('',#11069,#2422);
#1694=LINE('',#11072,#2423);
#1695=LINE('',#11073,#2424);
#1696=LINE('',#11076,#2425);
#1697=LINE('',#11077,#2426);
#1698=LINE('',#11080,#2427);
#1699=LINE('',#11081,#2428);
#1700=LINE('',#11084,#2429);
#1701=LINE('',#11085,#2430);
#1702=LINE('',#11088,#2431);
#1703=LINE('',#11089,#2432);
#1704=LINE('',#11092,#2433);
#1705=LINE('',#11093,#2434);
#1706=LINE('',#11095,#2435);
#1707=LINE('',#11099,#2436);
#1708=LINE('',#11101,#2437);
#1709=LINE('',#11102,#2438);
#1710=LINE('',#11105,#2439);
#1711=LINE('',#11106,#2440);
#1712=LINE('',#11109,#2441);
#1713=LINE('',#11110,#2442);
#1714=LINE('',#11113,#2443);
#1715=LINE('',#11114,#2444);
#1716=LINE('',#11117,#2445);
#1717=LINE('',#11118,#2446);
#1718=LINE('',#11121,#2447);
#1719=LINE('',#11122,#2448);
#1720=LINE('',#11125,#2449);
#1721=LINE('',#11126,#2450);
#1722=LINE('',#11128,#2451);
#1723=LINE('',#11132,#2452);
#1724=LINE('',#11134,#2453);
#1725=LINE('',#11135,#2454);
#1726=LINE('',#11138,#2455);
#1727=LINE('',#11139,#2456);
#1728=LINE('',#11142,#2457);
#1729=LINE('',#11143,#2458);
#1730=LINE('',#11146,#2459);
#1731=LINE('',#11147,#2460);
#1732=LINE('',#11150,#2461);
#1733=LINE('',#11151,#2462);
#1734=LINE('',#11154,#2463);
#1735=LINE('',#11155,#2464);
#1736=LINE('',#11158,#2465);
#1737=LINE('',#11159,#2466);
#1738=LINE('',#11162,#2467);
#1739=LINE('',#11163,#2468);
#1740=LINE('',#11166,#2469);
#1741=LINE('',#11167,#2470);
#1742=LINE('',#11170,#2471);
#1743=LINE('',#11171,#2472);
#1744=LINE('',#11174,#2473);
#1745=LINE('',#11175,#2474);
#1746=LINE('',#11177,#2475);
#1747=LINE('',#11181,#2476);
#1748=LINE('',#11183,#2477);
#1749=LINE('',#11184,#2478);
#1750=LINE('',#11187,#2479);
#1751=LINE('',#11188,#2480);
#1752=LINE('',#11191,#2481);
#1753=LINE('',#11192,#2482);
#1754=LINE('',#11195,#2483);
#1755=LINE('',#11196,#2484);
#1756=LINE('',#11199,#2485);
#1757=LINE('',#11200,#2486);
#1758=LINE('',#11202,#2487);
#1759=LINE('',#11206,#2488);
#1760=LINE('',#11208,#2489);
#1761=LINE('',#11209,#2490);
#1762=LINE('',#11212,#2491);
#1763=LINE('',#11213,#2492);
#1764=LINE('',#11216,#2493);
#1765=LINE('',#11217,#2494);
#1766=LINE('',#11219,#2495);
#1767=LINE('',#11352,#2496);
#1768=LINE('',#11495,#2497);
#1769=LINE('',#11597,#2498);
#1770=LINE('',#11615,#2499);
#1771=LINE('',#11618,#2500);
#1772=LINE('',#11620,#2501);
#1773=LINE('',#11621,#2502);
#1774=LINE('',#11624,#2503);
#1775=LINE('',#11626,#2504);
#1776=LINE('',#11627,#2505);
#1777=LINE('',#11629,#2506);
#1778=LINE('',#11630,#2507);
#1779=LINE('',#11673,#2508);
#1780=LINE('',#11688,#2509);
#1781=LINE('',#11691,#2510);
#1782=LINE('',#11693,#2511);
#1783=LINE('',#11694,#2512);
#1784=LINE('',#11697,#2513);
#1785=LINE('',#11699,#2514);
#1786=LINE('',#11700,#2515);
#1787=LINE('',#11702,#2516);
#1788=LINE('',#11703,#2517);
#1789=LINE('',#11706,#2518);
#1790=LINE('',#11708,#2519);
#1791=LINE('',#11709,#2520);
#1792=LINE('',#11712,#2521);
#1793=LINE('',#11713,#2522);
#1794=LINE('',#11747,#2523);
#1795=LINE('',#11797,#2524);
#1796=LINE('',#11815,#2525);
#1797=LINE('',#11827,#2526);
#1798=LINE('',#11830,#2527);
#1799=LINE('',#11845,#2528);
#1800=LINE('',#11852,#2529);
#1801=LINE('',#11854,#2530);
#1802=LINE('',#11855,#2531);
#1803=LINE('',#11870,#2532);
#1804=LINE('',#11884,#2533);
#1805=LINE('',#11888,#2534);
#1806=LINE('',#11890,#2535);
#1807=LINE('',#11891,#2536);
#1808=LINE('',#11922,#2537);
#1809=LINE('',#11924,#2538);
#1810=LINE('',#11925,#2539);
#1811=LINE('',#11933,#2540);
#1812=LINE('',#11956,#2541);
#1813=LINE('',#11976,#2542);
#1814=LINE('',#11983,#2543);
#1815=LINE('',#11984,#2544);
#1816=LINE('',#12006,#2545);
#1817=LINE('',#12024,#2546);
#1818=LINE('',#12047,#2547);
#1819=LINE('',#12137,#2548);
#1820=LINE('',#12149,#2549);
#1821=LINE('',#12152,#2550);
#1822=LINE('',#12153,#2551);
#1823=LINE('',#12163,#2552);
#1824=LINE('',#12170,#2553);
#1825=LINE('',#12171,#2554);
#1826=LINE('',#12174,#2555);
#1827=LINE('',#12175,#2556);
#1828=LINE('',#12178,#2557);
#1829=LINE('',#12179,#2558);
#1830=LINE('',#12207,#2559);
#1831=LINE('',#12223,#2560);
#1832=LINE('',#12224,#2561);
#1833=LINE('',#12227,#2562);
#1834=LINE('',#12228,#2563);
#1835=LINE('',#12230,#2564);
#1836=LINE('',#12234,#2565);
#1837=LINE('',#12236,#2566);
#1838=LINE('',#12237,#2567);
#1839=LINE('',#12240,#2568);
#1840=LINE('',#12241,#2569);
#1841=LINE('',#12244,#2570);
#1842=LINE('',#12245,#2571);
#1843=LINE('',#12273,#2572);
#1844=LINE('',#12289,#2573);
#1845=LINE('',#12290,#2574);
#1846=LINE('',#12293,#2575);
#1847=LINE('',#12294,#2576);
#1848=LINE('',#12297,#2577);
#1849=LINE('',#12298,#2578);
#1850=LINE('',#12301,#2579);
#1851=LINE('',#12302,#2580);
#1852=LINE('',#12305,#2581);
#1853=LINE('',#12306,#2582);
#1854=LINE('',#12334,#2583);
#1855=LINE('',#12350,#2584);
#1856=LINE('',#12351,#2585);
#1857=LINE('',#12353,#2586);
#1858=LINE('',#12357,#2587);
#1859=LINE('',#12359,#2588);
#1860=LINE('',#12360,#2589);
#1861=LINE('',#12363,#2590);
#1862=LINE('',#12364,#2591);
#1863=LINE('',#12367,#2592);
#1864=LINE('',#12368,#2593);
#1865=LINE('',#12371,#2594);
#1866=LINE('',#12372,#2595);
#1867=LINE('',#12375,#2596);
#1868=LINE('',#12376,#2597);
#1869=LINE('',#12379,#2598);
#1870=LINE('',#12380,#2599);
#1871=LINE('',#12383,#2600);
#1872=LINE('',#12384,#2601);
#1873=LINE('',#12387,#2602);
#1874=LINE('',#12388,#2603);
#1875=LINE('',#12391,#2604);
#1876=LINE('',#12392,#2605);
#1877=LINE('',#12395,#2606);
#1878=LINE('',#12396,#2607);
#1879=LINE('',#12399,#2608);
#1880=LINE('',#12400,#2609);
#1881=LINE('',#12402,#2610);
#1882=LINE('',#12406,#2611);
#1883=LINE('',#12408,#2612);
#1884=LINE('',#12409,#2613);
#1885=LINE('',#12412,#2614);
#1886=LINE('',#12413,#2615);
#1887=LINE('',#12416,#2616);
#1888=LINE('',#12417,#2617);
#1889=LINE('',#12420,#2618);
#1890=LINE('',#12421,#2619);
#1891=LINE('',#12424,#2620);
#1892=LINE('',#12425,#2621);
#1893=LINE('',#12428,#2622);
#1894=LINE('',#12429,#2623);
#1895=LINE('',#12432,#2624);
#1896=LINE('',#12433,#2625);
#1897=LINE('',#12435,#2626);
#1898=LINE('',#12536,#2627);
#1899=LINE('',#12587,#2628);
#1900=LINE('',#12590,#2629);
#1901=LINE('',#12591,#2630);
#1902=LINE('',#12607,#2631);
#1903=LINE('',#12696,#2632);
#1904=LINE('',#12738,#2633);
#1905=LINE('',#12815,#2634);
#1906=LINE('',#12854,#2635);
#1907=LINE('',#12857,#2636);
#1908=LINE('',#12858,#2637);
#1909=LINE('',#12922,#2638);
#1910=LINE('',#12969,#2639);
#1911=LINE('',#12978,#2640);
#1912=LINE('',#13040,#2641);
#1913=LINE('',#13061,#2642);
#1914=LINE('',#13064,#2643);
#1915=LINE('',#13066,#2644);
#1916=LINE('',#13067,#2645);
#1917=LINE('',#13070,#2646);
#1918=LINE('',#13072,#2647);
#1919=LINE('',#13073,#2648);
#1920=LINE('',#13075,#2649);
#1921=LINE('',#13076,#2650);
#1922=LINE('',#13079,#2651);
#1923=LINE('',#13081,#2652);
#1924=LINE('',#13082,#2653);
#1925=LINE('',#13085,#2654);
#1926=LINE('',#13086,#2655);
#1927=LINE('',#13138,#2656);
#1928=LINE('',#13165,#2657);
#1929=LINE('',#13169,#2658);
#1930=LINE('',#13171,#2659);
#1931=LINE('',#13172,#2660);
#1932=LINE('',#13175,#2661);
#1933=LINE('',#13176,#2662);
#1934=LINE('',#13179,#2663);
#1935=LINE('',#13180,#2664);
#1936=LINE('',#13183,#2665);
#1937=LINE('',#13184,#2666);
#1938=LINE('',#13187,#2667);
#1939=LINE('',#13188,#2668);
#1940=LINE('',#13191,#2669);
#1941=LINE('',#13192,#2670);
#1942=LINE('',#13195,#2671);
#1943=LINE('',#13196,#2672);
#1944=LINE('',#13199,#2673);
#1945=LINE('',#13200,#2674);
#1946=LINE('',#13203,#2675);
#1947=LINE('',#13204,#2676);
#1948=LINE('',#13207,#2677);
#1949=LINE('',#13208,#2678);
#1950=LINE('',#13211,#2679);
#1951=LINE('',#13212,#2680);
#1952=LINE('',#13214,#2681);
#1953=LINE('',#13218,#2682);
#1954=LINE('',#13220,#2683);
#1955=LINE('',#13221,#2684);
#1956=LINE('',#13224,#2685);
#1957=LINE('',#13225,#2686);
#1958=LINE('',#13228,#2687);
#1959=LINE('',#13229,#2688);
#1960=LINE('',#13232,#2689);
#1961=LINE('',#13233,#2690);
#1962=LINE('',#13236,#2691);
#1963=LINE('',#13237,#2692);
#1964=LINE('',#13240,#2693);
#1965=LINE('',#13241,#2694);
#1966=LINE('',#13244,#2695);
#1967=LINE('',#13245,#2696);
#1968=LINE('',#13248,#2697);
#1969=LINE('',#13249,#2698);
#1970=LINE('',#13252,#2699);
#1971=LINE('',#13253,#2700);
#1972=LINE('',#13256,#2701);
#1973=LINE('',#13257,#2702);
#1974=LINE('',#13260,#2703);
#1975=LINE('',#13261,#2704);
#1976=LINE('',#13264,#2705);
#1977=LINE('',#13265,#2706);
#1978=LINE('',#13267,#2707);
#1979=LINE('',#13271,#2708);
#1980=LINE('',#13273,#2709);
#1981=LINE('',#13274,#2710);
#1982=LINE('',#13277,#2711);
#1983=LINE('',#13278,#2712);
#1984=LINE('',#13281,#2713);
#1985=LINE('',#13282,#2714);
#1986=LINE('',#13285,#2715);
#1987=LINE('',#13286,#2716);
#1988=LINE('',#13289,#2717);
#1989=LINE('',#13290,#2718);
#1990=LINE('',#13293,#2719);
#1991=LINE('',#13294,#2720);
#1992=LINE('',#13297,#2721);
#1993=LINE('',#13298,#2722);
#1994=LINE('',#13300,#2723);
#1995=LINE('',#13326,#2724);
#1996=LINE('',#13335,#2725);
#1997=LINE('',#13338,#2726);
#1998=LINE('',#13340,#2727);
#1999=LINE('',#13341,#2728);
#2000=LINE('',#13469,#2729);
#2001=LINE('',#13478,#2730);
#2002=LINE('',#13486,#2731);
#2003=LINE('',#13503,#2732);
#2004=LINE('',#13520,#2733);
#2005=LINE('',#13527,#2734);
#2006=LINE('',#13528,#2735);
#2007=LINE('',#13531,#2736);
#2008=LINE('',#13532,#2737);
#2009=LINE('',#13535,#2738);
#2010=LINE('',#13536,#2739);
#2011=LINE('',#13539,#2740);
#2012=LINE('',#13540,#2741);
#2013=LINE('',#13543,#2742);
#2014=LINE('',#13544,#2743);
#2015=LINE('',#13554,#2744);
#2016=LINE('',#13592,#2745);
#2017=LINE('',#13594,#2746);
#2018=LINE('',#13595,#2747);
#2019=LINE('',#13598,#2748);
#2020=LINE('',#13599,#2749);
#2021=LINE('',#13602,#2750);
#2022=LINE('',#13603,#2751);
#2023=LINE('',#13606,#2752);
#2024=LINE('',#13607,#2753);
#2025=LINE('',#13610,#2754);
#2026=LINE('',#13611,#2755);
#2027=LINE('',#13614,#2756);
#2028=LINE('',#13615,#2757);
#2029=LINE('',#13618,#2758);
#2030=LINE('',#13619,#2759);
#2031=LINE('',#13622,#2760);
#2032=LINE('',#13623,#2761);
#2033=LINE('',#13626,#2762);
#2034=LINE('',#13627,#2763);
#2035=LINE('',#13630,#2764);
#2036=LINE('',#13631,#2765);
#2037=LINE('',#13634,#2766);
#2038=LINE('',#13635,#2767);
#2039=LINE('',#13637,#2768);
#2040=LINE('',#13641,#2769);
#2041=LINE('',#13643,#2770);
#2042=LINE('',#13644,#2771);
#2043=LINE('',#13678,#2772);
#2044=LINE('',#13697,#2773);
#2045=LINE('',#13698,#2774);
#2046=LINE('',#13701,#2775);
#2047=LINE('',#13702,#2776);
#2048=LINE('',#13705,#2777);
#2049=LINE('',#13706,#2778);
#2050=LINE('',#13709,#2779);
#2051=LINE('',#13710,#2780);
#2052=LINE('',#13713,#2781);
#2053=LINE('',#13714,#2782);
#2054=LINE('',#13748,#2783);
#2055=LINE('',#13767,#2784);
#2056=LINE('',#13768,#2785);
#2057=LINE('',#13771,#2786);
#2058=LINE('',#13772,#2787);
#2059=LINE('',#13775,#2788);
#2060=LINE('',#13776,#2789);
#2061=LINE('',#13779,#2790);
#2062=LINE('',#13780,#2791);
#2063=LINE('',#13782,#2792);
#2064=LINE('',#13790,#2793);
#2065=LINE('',#13793,#2794);
#2066=VECTOR('',#7336,2.49999999999998);
#2067=VECTOR('',#7345,10.);
#2068=VECTOR('',#7352,10.);
#2069=VECTOR('',#7361,10.);
#2070=VECTOR('',#7370,10.);
#2071=VECTOR('',#7373,10.);
#2072=VECTOR('',#7374,10.);
#2073=VECTOR('',#7375,10.);
#2074=VECTOR('',#7376,10.);
#2075=VECTOR('',#7377,10.);
#2076=VECTOR('',#7378,10.);
#2077=VECTOR('',#7379,10.);
#2078=VECTOR('',#7380,10.);
#2079=VECTOR('',#7381,10.);
#2080=VECTOR('',#7382,10.);
#2081=VECTOR('',#7383,10.);
#2082=VECTOR('',#7384,10.);
#2083=VECTOR('',#7387,1.99999999999998);
#2084=VECTOR('',#7392,2.5);
#2085=VECTOR('',#7401,2.);
#2086=VECTOR('',#7406,2.5);
#2087=VECTOR('',#7415,2.);
#2088=VECTOR('',#7424,2.5);
#2089=VECTOR('',#7431,2.);
#2090=VECTOR('',#7438,10.);
#2091=VECTOR('',#7443,10.);
#2092=VECTOR('',#7448,10.);
#2093=VECTOR('',#7453,10.);
#2094=VECTOR('',#7454,10.);
#2095=VECTOR('',#7455,10.);
#2096=VECTOR('',#7458,10.);
#2097=VECTOR('',#7459,10.);
#2098=VECTOR('',#7462,10.);
#2099=VECTOR('',#7463,10.);
#2100=VECTOR('',#7468,10.);
#2101=VECTOR('',#7473,10.);
#2102=VECTOR('',#7478,10.);
#2103=VECTOR('',#7483,10.);
#2104=VECTOR('',#7484,10.);
#2105=VECTOR('',#7485,10.);
#2106=VECTOR('',#7488,10.);
#2107=VECTOR('',#7489,10.);
#2108=VECTOR('',#7492,10.);
#2109=VECTOR('',#7493,10.);
#2110=VECTOR('',#7506,10.);
#2111=VECTOR('',#7529,10.);
#2112=VECTOR('',#7552,10.);
#2113=VECTOR('',#7575,10.);
#2114=VECTOR('',#7588,10.);
#2115=VECTOR('',#7589,10.);
#2116=VECTOR('',#7590,10.);
#2117=VECTOR('',#7593,10.);
#2118=VECTOR('',#7598,10.);
#2119=VECTOR('',#7603,10.);
#2120=VECTOR('',#7608,10.);
#2121=VECTOR('',#7609,10.);
#2122=VECTOR('',#7612,10.);
#2123=VECTOR('',#7617,10.);
#2124=VECTOR('',#7622,10.);
#2125=VECTOR('',#7639,10.);
#2126=VECTOR('',#7640,10.);
#2127=VECTOR('',#7667,10.);
#2128=VECTOR('',#7668,10.);
#2129=VECTOR('',#7689,10.);
#2130=VECTOR('',#7710,10.);
#2131=VECTOR('',#7725,10.);
#2132=VECTOR('',#7728,10.);
#2133=VECTOR('',#7731,10.);
#2134=VECTOR('',#7734,10.);
#2135=VECTOR('',#7735,10.);
#2136=VECTOR('',#7736,10.);
#2137=VECTOR('',#7737,10.);
#2138=VECTOR('',#7738,10.);
#2139=VECTOR('',#7739,10.);
#2140=VECTOR('',#7740,10.);
#2141=VECTOR('',#7741,10.);
#2142=VECTOR('',#7742,10.);
#2143=VECTOR('',#7743,10.);
#2144=VECTOR('',#7744,10.);
#2145=VECTOR('',#7745,10.);
#2146=VECTOR('',#7746,10.);
#2147=VECTOR('',#7747,10.);
#2148=VECTOR('',#7748,10.);
#2149=VECTOR('',#7749,10.);
#2150=VECTOR('',#7750,10.);
#2151=VECTOR('',#7751,10.);
#2152=VECTOR('',#7752,10.);
#2153=VECTOR('',#7753,10.);
#2154=VECTOR('',#7754,10.);
#2155=VECTOR('',#7755,10.);
#2156=VECTOR('',#7756,10.);
#2157=VECTOR('',#7757,10.);
#2158=VECTOR('',#7758,10.);
#2159=VECTOR('',#7759,10.);
#2160=VECTOR('',#7760,10.);
#2161=VECTOR('',#7761,10.);
#2162=VECTOR('',#7764,10.);
#2163=VECTOR('',#7765,10.);
#2164=VECTOR('',#7766,10.);
#2165=VECTOR('',#7767,10.);
#2166=VECTOR('',#7768,10.);
#2167=VECTOR('',#7769,10.);
#2168=VECTOR('',#7770,10.);
#2169=VECTOR('',#7771,10.);
#2170=VECTOR('',#7772,10.);
#2171=VECTOR('',#7773,10.);
#2172=VECTOR('',#7774,10.);
#2173=VECTOR('',#7775,10.);
#2174=VECTOR('',#7776,10.);
#2175=VECTOR('',#7777,10.);
#2176=VECTOR('',#7778,10.);
#2177=VECTOR('',#7779,10.);
#2178=VECTOR('',#7780,10.);
#2179=VECTOR('',#7781,10.);
#2180=VECTOR('',#7782,10.);
#2181=VECTOR('',#7783,10.);
#2182=VECTOR('',#7784,10.);
#2183=VECTOR('',#7785,10.);
#2184=VECTOR('',#7786,10.);
#2185=VECTOR('',#7787,10.);
#2186=VECTOR('',#7788,10.);
#2187=VECTOR('',#7789,10.);
#2188=VECTOR('',#7790,10.);
#2189=VECTOR('',#7791,10.);
#2190=VECTOR('',#7792,10.);
#2191=VECTOR('',#7793,10.);
#2192=VECTOR('',#7794,10.);
#2193=VECTOR('',#7795,10.);
#2194=VECTOR('',#7796,10.);
#2195=VECTOR('',#7797,10.);
#2196=VECTOR('',#7798,10.);
#2197=VECTOR('',#7799,10.);
#2198=VECTOR('',#7800,10.);
#2199=VECTOR('',#7801,10.);
#2200=VECTOR('',#7802,10.);
#2201=VECTOR('',#7803,10.);
#2202=VECTOR('',#7804,10.);
#2203=VECTOR('',#7805,10.);
#2204=VECTOR('',#7806,10.);
#2205=VECTOR('',#7807,10.);
#2206=VECTOR('',#7808,10.);
#2207=VECTOR('',#7809,10.);
#2208=VECTOR('',#7810,10.);
#2209=VECTOR('',#7811,10.);
#2210=VECTOR('',#7812,10.);
#2211=VECTOR('',#7813,10.);
#2212=VECTOR('',#7814,10.);
#2213=VECTOR('',#7815,10.);
#2214=VECTOR('',#7816,10.);
#2215=VECTOR('',#7817,10.);
#2216=VECTOR('',#7818,10.);
#2217=VECTOR('',#7819,10.);
#2218=VECTOR('',#7820,10.);
#2219=VECTOR('',#7821,10.);
#2220=VECTOR('',#7822,10.);
#2221=VECTOR('',#7823,10.);
#2222=VECTOR('',#7824,10.);
#2223=VECTOR('',#7825,10.);
#2224=VECTOR('',#7826,10.);
#2225=VECTOR('',#7827,10.);
#2226=VECTOR('',#7828,10.);
#2227=VECTOR('',#7829,10.);
#2228=VECTOR('',#7830,10.);
#2229=VECTOR('',#7831,10.);
#2230=VECTOR('',#7832,10.);
#2231=VECTOR('',#7833,10.);
#2232=VECTOR('',#7834,10.);
#2233=VECTOR('',#7835,10.);
#2234=VECTOR('',#7836,10.);
#2235=VECTOR('',#7837,10.);
#2236=VECTOR('',#7838,10.);
#2237=VECTOR('',#7839,10.);
#2238=VECTOR('',#7840,10.);
#2239=VECTOR('',#7841,10.);
#2240=VECTOR('',#7844,10.);
#2241=VECTOR('',#7847,10.);
#2242=VECTOR('',#7848,10.);
#2243=VECTOR('',#7849,10.);
#2244=VECTOR('',#7850,10.);
#2245=VECTOR('',#7851,10.);
#2246=VECTOR('',#7852,10.);
#2247=VECTOR('',#7853,10.);
#2248=VECTOR('',#7854,10.);
#2249=VECTOR('',#7855,10.);
#2250=VECTOR('',#7856,10.);
#2251=VECTOR('',#7857,10.);
#2252=VECTOR('',#7858,10.);
#2253=VECTOR('',#7859,10.);
#2254=VECTOR('',#7860,10.);
#2255=VECTOR('',#7861,10.);
#2256=VECTOR('',#7862,10.);
#2257=VECTOR('',#7863,10.);
#2258=VECTOR('',#7864,10.);
#2259=VECTOR('',#7865,10.);
#2260=VECTOR('',#7866,10.);
#2261=VECTOR('',#7867,10.);
#2262=VECTOR('',#7868,10.);
#2263=VECTOR('',#7869,10.);
#2264=VECTOR('',#7870,10.);
#2265=VECTOR('',#7871,10.);
#2266=VECTOR('',#7872,10.);
#2267=VECTOR('',#7873,10.);
#2268=VECTOR('',#7874,10.);
#2269=VECTOR('',#7875,10.);
#2270=VECTOR('',#7876,10.);
#2271=VECTOR('',#7877,10.);
#2272=VECTOR('',#7878,10.);
#2273=VECTOR('',#7879,10.);
#2274=VECTOR('',#7880,10.);
#2275=VECTOR('',#7881,10.);
#2276=VECTOR('',#7882,10.);
#2277=VECTOR('',#7883,10.);
#2278=VECTOR('',#7884,10.);
#2279=VECTOR('',#7885,10.);
#2280=VECTOR('',#7886,10.);
#2281=VECTOR('',#7887,10.);
#2282=VECTOR('',#7888,10.);
#2283=VECTOR('',#7889,10.);
#2284=VECTOR('',#7890,10.);
#2285=VECTOR('',#7891,10.);
#2286=VECTOR('',#7892,10.);
#2287=VECTOR('',#7893,10.);
#2288=VECTOR('',#7894,10.);
#2289=VECTOR('',#7895,10.);
#2290=VECTOR('',#7896,10.);
#2291=VECTOR('',#7897,10.);
#2292=VECTOR('',#7898,10.);
#2293=VECTOR('',#7899,10.);
#2294=VECTOR('',#7900,10.);
#2295=VECTOR('',#7901,10.);
#2296=VECTOR('',#7904,10.);
#2297=VECTOR('',#7905,10.);
#2298=VECTOR('',#7906,10.);
#2299=VECTOR('',#7907,10.);
#2300=VECTOR('',#7908,10.);
#2301=VECTOR('',#7909,10.);
#2302=VECTOR('',#7910,10.);
#2303=VECTOR('',#7911,10.);
#2304=VECTOR('',#7912,10.);
#2305=VECTOR('',#7913,10.);
#2306=VECTOR('',#7914,10.);
#2307=VECTOR('',#7915,10.);
#2308=VECTOR('',#7916,10.);
#2309=VECTOR('',#7917,10.);
#2310=VECTOR('',#7920,10.);
#2311=VECTOR('',#7921,10.);
#2312=VECTOR('',#7942,10.);
#2313=VECTOR('',#7943,10.);
#2314=VECTOR('',#7954,10.);
#2315=VECTOR('',#7955,10.);
#2316=VECTOR('',#7960,10.);
#2317=VECTOR('',#7961,10.);
#2318=VECTOR('',#7974,10.);
#2319=VECTOR('',#7975,10.);
#2320=VECTOR('',#7980,10.);
#2321=VECTOR('',#7981,10.);
#2322=VECTOR('',#7986,10.);
#2323=VECTOR('',#7987,10.);
#2324=VECTOR('',#7992,10.);
#2325=VECTOR('',#7993,10.);
#2326=VECTOR('',#8000,10.);
#2327=VECTOR('',#8001,10.);
#2328=VECTOR('',#8006,10.);
#2329=VECTOR('',#8007,10.);
#2330=VECTOR('',#8008,10.);
#2331=VECTOR('',#8009,10.);
#2332=VECTOR('',#8012,10.);
#2333=VECTOR('',#8013,10.);
#2334=VECTOR('',#8016,10.);
#2335=VECTOR('',#8017,10.);
#2336=VECTOR('',#8020,10.);
#2337=VECTOR('',#8023,10.);
#2338=VECTOR('',#8026,10.);
#2339=VECTOR('',#8031,10.);
#2340=VECTOR('',#8034,10.);
#2341=VECTOR('',#8037,10.);
#2342=VECTOR('',#8040,10.);
#2343=VECTOR('',#8041,10.);
#2344=VECTOR('',#8042,10.);
#2345=VECTOR('',#8045,10.);
#2346=VECTOR('',#8046,10.);
#2347=VECTOR('',#8047,10.);
#2348=VECTOR('',#8050,10.);
#2349=VECTOR('',#8051,10.);
#2350=VECTOR('',#8054,10.);
#2351=VECTOR('',#8055,10.);
#2352=VECTOR('',#8058,10.);
#2353=VECTOR('',#8059,10.);
#2354=VECTOR('',#8062,10.);
#2355=VECTOR('',#8063,10.);
#2356=VECTOR('',#8064,10.);
#2357=VECTOR('',#8067,10.);
#2358=VECTOR('',#8068,10.);
#2359=VECTOR('',#8071,10.);
#2360=VECTOR('',#8072,10.);
#2361=VECTOR('',#8075,10.);
#2362=VECTOR('',#8076,10.);
#2363=VECTOR('',#8079,10.);
#2364=VECTOR('',#8082,10.);
#2365=VECTOR('',#8083,10.);
#2366=VECTOR('',#8086,10.);
#2367=VECTOR('',#8087,10.);
#2368=VECTOR('',#8088,10.);
#2369=VECTOR('',#8089,10.);
#2370=VECTOR('',#8090,10.);
#2371=VECTOR('',#8091,10.);
#2372=VECTOR('',#8092,10.);
#2373=VECTOR('',#8095,10.);
#2374=VECTOR('',#8096,10.);
#2375=VECTOR('',#8099,10.);
#2376=VECTOR('',#8100,10.);
#2377=VECTOR('',#8103,10.);
#2378=VECTOR('',#8104,10.);
#2379=VECTOR('',#8107,10.);
#2380=VECTOR('',#8108,10.);
#2381=VECTOR('',#8111,10.);
#2382=VECTOR('',#8112,10.);
#2383=VECTOR('',#8113,10.);
#2384=VECTOR('',#8116,10.);
#2385=VECTOR('',#8117,10.);
#2386=VECTOR('',#8118,10.);
#2387=VECTOR('',#8121,10.);
#2388=VECTOR('',#8122,10.);
#2389=VECTOR('',#8125,10.);
#2390=VECTOR('',#8126,10.);
#2391=VECTOR('',#8129,10.);
#2392=VECTOR('',#8130,10.);
#2393=VECTOR('',#8131,10.);
#2394=VECTOR('',#8132,10.);
#2395=VECTOR('',#8133,10.);
#2396=VECTOR('',#8136,10.);
#2397=VECTOR('',#8137,10.);
#2398=VECTOR('',#8140,10.);
#2399=VECTOR('',#8141,10.);
#2400=VECTOR('',#8144,10.);
#2401=VECTOR('',#8149,10.);
#2402=VECTOR('',#8150,10.);
#2403=VECTOR('',#8151,10.);
#2404=VECTOR('',#8154,10.);
#2405=VECTOR('',#8155,10.);
#2406=VECTOR('',#8156,10.);
#2407=VECTOR('',#8159,10.);
#2408=VECTOR('',#8160,10.);
#2409=VECTOR('',#8163,10.);
#2410=VECTOR('',#8164,10.);
#2411=VECTOR('',#8167,10.);
#2412=VECTOR('',#8168,10.);
#2413=VECTOR('',#8169,10.);
#2414=VECTOR('',#8170,10.);
#2415=VECTOR('',#8173,10.);
#2416=VECTOR('',#8178,10.);
#2417=VECTOR('',#8179,10.);
#2418=VECTOR('',#8180,10.);
#2419=VECTOR('',#8183,10.);
#2420=VECTOR('',#8184,10.);
#2421=VECTOR('',#8187,10.);
#2422=VECTOR('',#8188,10.);
#2423=VECTOR('',#8191,10.);
#2424=VECTOR('',#8192,10.);
#2425=VECTOR('',#8195,10.);
#2426=VECTOR('',#8196,10.);
#2427=VECTOR('',#8199,10.);
#2428=VECTOR('',#8200,10.);
#2429=VECTOR('',#8203,10.);
#2430=VECTOR('',#8204,10.);
#2431=VECTOR('',#8207,10.);
#2432=VECTOR('',#8208,10.);
#2433=VECTOR('',#8211,10.);
#2434=VECTOR('',#8212,10.);
#2435=VECTOR('',#8215,10.);
#2436=VECTOR('',#8220,10.);
#2437=VECTOR('',#8221,10.);
#2438=VECTOR('',#8222,10.);
#2439=VECTOR('',#8225,10.);
#2440=VECTOR('',#8226,10.);
#2441=VECTOR('',#8229,10.);
#2442=VECTOR('',#8230,10.);
#2443=VECTOR('',#8233,10.);
#2444=VECTOR('',#8234,10.);
#2445=VECTOR('',#8237,10.);
#2446=VECTOR('',#8238,10.);
#2447=VECTOR('',#8241,10.);
#2448=VECTOR('',#8242,10.);
#2449=VECTOR('',#8245,10.);
#2450=VECTOR('',#8246,10.);
#2451=VECTOR('',#8249,10.);
#2452=VECTOR('',#8254,10.);
#2453=VECTOR('',#8255,10.);
#2454=VECTOR('',#8256,10.);
#2455=VECTOR('',#8259,10.);
#2456=VECTOR('',#8260,10.);
#2457=VECTOR('',#8263,10.);
#2458=VECTOR('',#8264,10.);
#2459=VECTOR('',#8267,10.);
#2460=VECTOR('',#8268,10.);
#2461=VECTOR('',#8271,10.);
#2462=VECTOR('',#8272,10.);
#2463=VECTOR('',#8275,10.);
#2464=VECTOR('',#8276,10.);
#2465=VECTOR('',#8279,10.);
#2466=VECTOR('',#8280,10.);
#2467=VECTOR('',#8283,10.);
#2468=VECTOR('',#8284,10.);
#2469=VECTOR('',#8287,10.);
#2470=VECTOR('',#8288,10.);
#2471=VECTOR('',#8291,10.);
#2472=VECTOR('',#8292,10.);
#2473=VECTOR('',#8295,10.);
#2474=VECTOR('',#8296,10.);
#2475=VECTOR('',#8299,10.);
#2476=VECTOR('',#8304,10.);
#2477=VECTOR('',#8305,10.);
#2478=VECTOR('',#8306,10.);
#2479=VECTOR('',#8309,10.);
#2480=VECTOR('',#8310,10.);
#2481=VECTOR('',#8313,10.);
#2482=VECTOR('',#8314,10.);
#2483=VECTOR('',#8317,10.);
#2484=VECTOR('',#8318,10.);
#2485=VECTOR('',#8321,10.);
#2486=VECTOR('',#8322,10.);
#2487=VECTOR('',#8325,10.);
#2488=VECTOR('',#8330,10.);
#2489=VECTOR('',#8331,10.);
#2490=VECTOR('',#8332,10.);
#2491=VECTOR('',#8335,10.);
#2492=VECTOR('',#8336,10.);
#2493=VECTOR('',#8339,10.);
#2494=VECTOR('',#8340,10.);
#2495=VECTOR('',#8343,10.);
#2496=VECTOR('',#8346,10.);
#2497=VECTOR('',#8347,10.);
#2498=VECTOR('',#8350,10.);
#2499=VECTOR('',#8351,10.);
#2500=VECTOR('',#8354,10.);
#2501=VECTOR('',#8355,10.);
#2502=VECTOR('',#8356,10.);
#2503=VECTOR('',#8359,10.);
#2504=VECTOR('',#8360,10.);
#2505=VECTOR('',#8361,10.);
#2506=VECTOR('',#8364,10.);
#2507=VECTOR('',#8365,10.);
#2508=VECTOR('',#8366,10.);
#2509=VECTOR('',#8367,10.);
#2510=VECTOR('',#8370,10.);
#2511=VECTOR('',#8371,10.);
#2512=VECTOR('',#8372,10.);
#2513=VECTOR('',#8375,10.);
#2514=VECTOR('',#8376,10.);
#2515=VECTOR('',#8377,10.);
#2516=VECTOR('',#8380,10.);
#2517=VECTOR('',#8381,10.);
#2518=VECTOR('',#8384,10.);
#2519=VECTOR('',#8385,10.);
#2520=VECTOR('',#8386,10.);
#2521=VECTOR('',#8389,10.);
#2522=VECTOR('',#8390,10.);
#2523=VECTOR('',#8391,10.);
#2524=VECTOR('',#8392,10.);
#2525=VECTOR('',#8395,10.);
#2526=VECTOR('',#8400,10.);
#2527=VECTOR('',#8403,10.);
#2528=VECTOR('',#8404,10.);
#2529=VECTOR('',#8407,10.);
#2530=VECTOR('',#8408,10.);
#2531=VECTOR('',#8409,10.);
#2532=VECTOR('',#8410,10.);
#2533=VECTOR('',#8413,10.);
#2534=VECTOR('',#8418,10.);
#2535=VECTOR('',#8419,10.);
#2536=VECTOR('',#8420,10.);
#2537=VECTOR('',#8423,10.);
#2538=VECTOR('',#8424,10.);
#2539=VECTOR('',#8425,10.);
#2540=VECTOR('',#8426,10.);
#2541=VECTOR('',#8429,10.);
#2542=VECTOR('',#8430,10.);
#2543=VECTOR('',#8433,10.);
#2544=VECTOR('',#8434,10.);
#2545=VECTOR('',#8435,10.);
#2546=VECTOR('',#8436,10.);
#2547=VECTOR('',#8439,10.);
#2548=VECTOR('',#8442,10.);
#2549=VECTOR('',#8443,10.);
#2550=VECTOR('',#8446,10.);
#2551=VECTOR('',#8447,10.);
#2552=VECTOR('',#8448,10.);
#2553=VECTOR('',#8451,10.);
#2554=VECTOR('',#8452,10.);
#2555=VECTOR('',#8455,10.);
#2556=VECTOR('',#8456,10.);
#2557=VECTOR('',#8459,10.);
#2558=VECTOR('',#8460,10.);
#2559=VECTOR('',#8461,10.);
#2560=VECTOR('',#8464,10.);
#2561=VECTOR('',#8465,10.);
#2562=VECTOR('',#8468,10.);
#2563=VECTOR('',#8469,10.);
#2564=VECTOR('',#8472,10.);
#2565=VECTOR('',#8477,10.);
#2566=VECTOR('',#8478,10.);
#2567=VECTOR('',#8479,10.);
#2568=VECTOR('',#8482,10.);
#2569=VECTOR('',#8483,10.);
#2570=VECTOR('',#8486,10.);
#2571=VECTOR('',#8487,10.);
#2572=VECTOR('',#8488,10.);
#2573=VECTOR('',#8491,10.);
#2574=VECTOR('',#8492,10.);
#2575=VECTOR('',#8495,10.);
#2576=VECTOR('',#8496,10.);
#2577=VECTOR('',#8499,10.);
#2578=VECTOR('',#8500,10.);
#2579=VECTOR('',#8503,10.);
#2580=VECTOR('',#8504,10.);
#2581=VECTOR('',#8507,10.);
#2582=VECTOR('',#8508,10.);
#2583=VECTOR('',#8509,10.);
#2584=VECTOR('',#8512,10.);
#2585=VECTOR('',#8513,10.);
#2586=VECTOR('',#8516,10.);
#2587=VECTOR('',#8521,10.);
#2588=VECTOR('',#8522,10.);
#2589=VECTOR('',#8523,10.);
#2590=VECTOR('',#8526,10.);
#2591=VECTOR('',#8527,10.);
#2592=VECTOR('',#8530,10.);
#2593=VECTOR('',#8531,10.);
#2594=VECTOR('',#8534,10.);
#2595=VECTOR('',#8535,10.);
#2596=VECTOR('',#8538,10.);
#2597=VECTOR('',#8539,10.);
#2598=VECTOR('',#8542,10.);
#2599=VECTOR('',#8543,10.);
#2600=VECTOR('',#8546,10.);
#2601=VECTOR('',#8547,10.);
#2602=VECTOR('',#8550,10.);
#2603=VECTOR('',#8551,10.);
#2604=VECTOR('',#8554,10.);
#2605=VECTOR('',#8555,10.);
#2606=VECTOR('',#8558,10.);
#2607=VECTOR('',#8559,10.);
#2608=VECTOR('',#8562,10.);
#2609=VECTOR('',#8563,10.);
#2610=VECTOR('',#8566,10.);
#2611=VECTOR('',#8571,10.);
#2612=VECTOR('',#8572,10.);
#2613=VECTOR('',#8573,10.);
#2614=VECTOR('',#8576,10.);
#2615=VECTOR('',#8577,10.);
#2616=VECTOR('',#8580,10.);
#2617=VECTOR('',#8581,10.);
#2618=VECTOR('',#8584,10.);
#2619=VECTOR('',#8585,10.);
#2620=VECTOR('',#8588,10.);
#2621=VECTOR('',#8589,10.);
#2622=VECTOR('',#8592,10.);
#2623=VECTOR('',#8593,10.);
#2624=VECTOR('',#8596,10.);
#2625=VECTOR('',#8597,10.);
#2626=VECTOR('',#8600,10.);
#2627=VECTOR('',#8603,10.);
#2628=VECTOR('',#8604,10.);
#2629=VECTOR('',#8607,10.);
#2630=VECTOR('',#8608,10.);
#2631=VECTOR('',#8609,10.);
#2632=VECTOR('',#8610,10.);
#2633=VECTOR('',#8613,10.);
#2634=VECTOR('',#8616,10.);
#2635=VECTOR('',#8617,10.);
#2636=VECTOR('',#8620,10.);
#2637=VECTOR('',#8621,10.);
#2638=VECTOR('',#8622,10.);
#2639=VECTOR('',#8623,10.);
#2640=VECTOR('',#8626,10.);
#2641=VECTOR('',#8629,10.);
#2642=VECTOR('',#8630,10.);
#2643=VECTOR('',#8633,10.);
#2644=VECTOR('',#8634,10.);
#2645=VECTOR('',#8635,10.);
#2646=VECTOR('',#8638,10.);
#2647=VECTOR('',#8639,10.);
#2648=VECTOR('',#8640,10.);
#2649=VECTOR('',#8643,10.);
#2650=VECTOR('',#8644,10.);
#2651=VECTOR('',#8647,10.);
#2652=VECTOR('',#8648,10.);
#2653=VECTOR('',#8649,10.);
#2654=VECTOR('',#8652,10.);
#2655=VECTOR('',#8653,10.);
#2656=VECTOR('',#8654,10.);
#2657=VECTOR('',#8657,10.);
#2658=VECTOR('',#8662,10.);
#2659=VECTOR('',#8663,10.);
#2660=VECTOR('',#8664,10.);
#2661=VECTOR('',#8667,10.);
#2662=VECTOR('',#8668,10.);
#2663=VECTOR('',#8671,10.);
#2664=VECTOR('',#8672,10.);
#2665=VECTOR('',#8675,10.);
#2666=VECTOR('',#8676,10.);
#2667=VECTOR('',#8679,10.);
#2668=VECTOR('',#8680,10.);
#2669=VECTOR('',#8683,10.);
#2670=VECTOR('',#8684,10.);
#2671=VECTOR('',#8687,10.);
#2672=VECTOR('',#8688,10.);
#2673=VECTOR('',#8691,10.);
#2674=VECTOR('',#8692,10.);
#2675=VECTOR('',#8695,10.);
#2676=VECTOR('',#8696,10.);
#2677=VECTOR('',#8699,10.);
#2678=VECTOR('',#8700,10.);
#2679=VECTOR('',#8703,10.);
#2680=VECTOR('',#8704,10.);
#2681=VECTOR('',#8707,10.);
#2682=VECTOR('',#8712,10.);
#2683=VECTOR('',#8713,10.);
#2684=VECTOR('',#8714,10.);
#2685=VECTOR('',#8717,10.);
#2686=VECTOR('',#8718,10.);
#2687=VECTOR('',#8721,10.);
#2688=VECTOR('',#8722,10.);
#2689=VECTOR('',#8725,10.);
#2690=VECTOR('',#8726,10.);
#2691=VECTOR('',#8729,10.);
#2692=VECTOR('',#8730,10.);
#2693=VECTOR('',#8733,10.);
#2694=VECTOR('',#8734,10.);
#2695=VECTOR('',#8737,10.);
#2696=VECTOR('',#8738,10.);
#2697=VECTOR('',#8741,10.);
#2698=VECTOR('',#8742,10.);
#2699=VECTOR('',#8745,10.);
#2700=VECTOR('',#8746,10.);
#2701=VECTOR('',#8749,10.);
#2702=VECTOR('',#8750,10.);
#2703=VECTOR('',#8753,10.);
#2704=VECTOR('',#8754,10.);
#2705=VECTOR('',#8757,10.);
#2706=VECTOR('',#8758,10.);
#2707=VECTOR('',#8761,10.);
#2708=VECTOR('',#8766,10.);
#2709=VECTOR('',#8767,10.);
#2710=VECTOR('',#8768,10.);
#2711=VECTOR('',#8771,10.);
#2712=VECTOR('',#8772,10.);
#2713=VECTOR('',#8775,10.);
#2714=VECTOR('',#8776,10.);
#2715=VECTOR('',#8779,10.);
#2716=VECTOR('',#8780,10.);
#2717=VECTOR('',#8783,10.);
#2718=VECTOR('',#8784,10.);
#2719=VECTOR('',#8787,10.);
#2720=VECTOR('',#8788,10.);
#2721=VECTOR('',#8791,10.);
#2722=VECTOR('',#8792,10.);
#2723=VECTOR('',#8795,10.);
#2724=VECTOR('',#8798,10.);
#2725=VECTOR('',#8799,10.);
#2726=VECTOR('',#8802,10.);
#2727=VECTOR('',#8803,10.);
#2728=VECTOR('',#8804,10.);
#2729=VECTOR('',#8805,10.);
#2730=VECTOR('',#8806,10.);
#2731=VECTOR('',#8807,10.);
#2732=VECTOR('',#8810,10.);
#2733=VECTOR('',#8811,10.);
#2734=VECTOR('',#8814,10.);
#2735=VECTOR('',#8815,10.);
#2736=VECTOR('',#8818,10.);
#2737=VECTOR('',#8819,10.);
#2738=VECTOR('',#8822,10.);
#2739=VECTOR('',#8823,10.);
#2740=VECTOR('',#8826,10.);
#2741=VECTOR('',#8827,10.);
#2742=VECTOR('',#8830,10.);
#2743=VECTOR('',#8831,10.);
#2744=VECTOR('',#8832,10.);
#2745=VECTOR('',#8837,10.);
#2746=VECTOR('',#8838,10.);
#2747=VECTOR('',#8839,10.);
#2748=VECTOR('',#8842,10.);
#2749=VECTOR('',#8843,10.);
#2750=VECTOR('',#8846,10.);
#2751=VECTOR('',#8847,10.);
#2752=VECTOR('',#8850,10.);
#2753=VECTOR('',#8851,10.);
#2754=VECTOR('',#8854,10.);
#2755=VECTOR('',#8855,10.);
#2756=VECTOR('',#8858,10.);
#2757=VECTOR('',#8859,10.);
#2758=VECTOR('',#8862,10.);
#2759=VECTOR('',#8863,10.);
#2760=VECTOR('',#8866,10.);
#2761=VECTOR('',#8867,10.);
#2762=VECTOR('',#8870,10.);
#2763=VECTOR('',#8871,10.);
#2764=VECTOR('',#8874,10.);
#2765=VECTOR('',#8875,10.);
#2766=VECTOR('',#8878,10.);
#2767=VECTOR('',#8879,10.);
#2768=VECTOR('',#8882,10.);
#2769=VECTOR('',#8887,10.);
#2770=VECTOR('',#8888,10.);
#2771=VECTOR('',#8889,10.);
#2772=VECTOR('',#8890,10.);
#2773=VECTOR('',#8893,10.);
#2774=VECTOR('',#8894,10.);
#2775=VECTOR('',#8897,10.);
#2776=VECTOR('',#8898,10.);
#2777=VECTOR('',#8901,10.);
#2778=VECTOR('',#8902,10.);
#2779=VECTOR('',#8905,10.);
#2780=VECTOR('',#8906,10.);
#2781=VECTOR('',#8909,10.);
#2782=VECTOR('',#8910,10.);
#2783=VECTOR('',#8911,10.);
#2784=VECTOR('',#8914,10.);
#2785=VECTOR('',#8915,10.);
#2786=VECTOR('',#8918,10.);
#2787=VECTOR('',#8919,10.);
#2788=VECTOR('',#8922,10.);
#2789=VECTOR('',#8923,10.);
#2790=VECTOR('',#8926,10.);
#2791=VECTOR('',#8927,10.);
#2792=VECTOR('',#8930,10.);
#2793=VECTOR('',#8945,10.);
#2794=VECTOR('',#8950,10.);
#2795=CIRCLE('',#6872,3.);
#2796=CIRCLE('',#6873,2.99999999999998);
#2797=CIRCLE('',#6874,3.);
#2798=CIRCLE('',#6875,1.99999999999998);
#2799=CIRCLE('',#6876,1.99999999999998);
#2800=CIRCLE('',#6878,5.);
#2801=CIRCLE('',#6879,5.);
#2802=CIRCLE('',#6880,3.);
#2803=CIRCLE('',#6881,5.);
#2804=CIRCLE('',#6882,5.);
#2805=CIRCLE('',#6883,3.);
#2806=CIRCLE('',#6884,3.);
#2807=CIRCLE('',#6885,5.);
#2808=CIRCLE('',#6886,5.);
#2809=CIRCLE('',#6887,3.);
#2810=CIRCLE('',#6888,3.);
#2811=CIRCLE('',#6889,5.);
#2812=CIRCLE('',#6890,5.);
#2813=CIRCLE('',#6892,1.99999999999998);
#2814=CIRCLE('',#6894,2.);
#2815=CIRCLE('',#6895,2.);
#2816=CIRCLE('',#6896,3.);
#2817=CIRCLE('',#6898,2.);
#2818=CIRCLE('',#6900,2.);
#2819=CIRCLE('',#6901,2.);
#2820=CIRCLE('',#6902,3.);
#2821=CIRCLE('',#6904,2.);
#2822=CIRCLE('',#6906,3.);
#2823=CIRCLE('',#6907,3.);
#2824=CIRCLE('',#6908,2.);
#2825=CIRCLE('',#6909,2.);
#2826=CIRCLE('',#6911,2.);
#2827=CIRCLE('',#6913,0.5);
#2828=CIRCLE('',#6918,0.5);
#2829=CIRCLE('',#6923,0.5);
#2830=CIRCLE('',#6928,0.5);
#2831=CIRCLE('',#6933,1.);
#2832=CIRCLE('',#6934,1.);
#2833=CIRCLE('',#6935,4.);
#2834=CIRCLE('',#6937,1.);
#2835=CIRCLE('',#6939,1.);
#2836=CIRCLE('',#6940,4.);
#2837=CIRCLE('',#6942,1.);
#2838=CIRCLE('',#6943,4.);
#2839=CIRCLE('',#6945,1.);
#2840=CIRCLE('',#6946,4.);
#2841=CIRCLE('',#6948,1.);
#2842=CIRCLE('',#6950,1.);
#2843=CIRCLE('',#6951,4.);
#2844=CIRCLE('',#6953,1.);
#2845=CIRCLE('',#6954,4.);
#2846=CIRCLE('',#6956,1.);
#2847=CIRCLE('',#6957,4.);
#2848=CIRCLE('',#6959,1.);
#2849=CIRCLE('',#6961,1.);
#2850=CIRCLE('',#6962,4.);
#2851=CIRCLE('',#6964,1.);
#2852=CIRCLE('',#6965,4.);
#2853=CIRCLE('',#6967,1.);
#2854=CIRCLE('',#6968,4.);
#2855=CIRCLE('',#6970,1.);
#2856=CIRCLE('',#6972,1.);
#2857=CIRCLE('',#6973,4.);
#2858=CIRCLE('',#6975,4.);
#2859=CIRCLE('',#6978,4.);
#2860=CIRCLE('',#6980,4.);
#2861=CIRCLE('',#6982,4.);
#2862=CIRCLE('',#6985,4.);
#2863=CIRCLE('',#6987,4.);
#2864=CIRCLE('',#6989,4.);
#2865=CIRCLE('',#6991,2.);
#2866=CIRCLE('',#6992,6.);
#2867=CIRCLE('',#6993,2.);
#2868=CIRCLE('',#6994,4.);
#2869=CIRCLE('',#6996,2.);
#2870=CIRCLE('',#6998,2.);
#2871=CIRCLE('',#6999,4.);
#2872=CIRCLE('',#7000,6.);
#2873=CIRCLE('',#7001,2.);
#2874=CIRCLE('',#7002,4.);
#2875=CIRCLE('',#7003,2.);
#2876=CIRCLE('',#7005,2.);
#2877=CIRCLE('',#7006,4.);
#2878=CIRCLE('',#7007,6.);
#2879=CIRCLE('',#7009,2.);
#2880=CIRCLE('',#7011,2.);
#2881=CIRCLE('',#7012,6.);
#2882=CIRCLE('',#7013,2.);
#2883=CIRCLE('',#7014,2.);
#2884=CIRCLE('',#7016,2.);
#2885=CIRCLE('',#7017,6.);
#2886=CIRCLE('',#7019,2.);
#2887=CIRCLE('',#7021,2.);
#2888=CIRCLE('',#7022,6.);
#2889=CIRCLE('',#7023,2.);
#2890=CIRCLE('',#7024,2.);
#2891=CIRCLE('',#7026,2.);
#2892=CIRCLE('',#7027,6.);
#2893=CIRCLE('',#7029,2.);
#2894=CIRCLE('',#7031,2.);
#2895=CIRCLE('',#7032,4.);
#2896=CIRCLE('',#7033,6.);
#2897=CIRCLE('',#7034,2.);
#2898=CIRCLE('',#7035,4.);
#2899=CIRCLE('',#7047,4.);
#2900=CIRCLE('',#7048,4.);
#2901=CIRCLE('',#7049,4.);
#2902=CIRCLE('',#7051,4.);
#2903=CIRCLE('',#7052,4.);
#2904=CIRCLE('',#7053,4.);
#2905=CIRCLE('',#7056,4.);
#2906=CIRCLE('',#7057,4.);
#2907=CIRCLE('',#7058,4.00000000000001);
#2908=CIRCLE('',#7064,4.);
#2909=CIRCLE('',#7065,4.);
#2910=CIRCLE('',#7066,4.);
#2911=VERTEX_POINT('',#8969);
#2912=VERTEX_POINT('',#8970);
#2913=VERTEX_POINT('',#8972);
#2914=VERTEX_POINT('',#8975);
#2915=VERTEX_POINT('',#8977);
#2916=VERTEX_POINT('',#8981);
#2917=VERTEX_POINT('',#8983);
#2918=VERTEX_POINT('',#8985);
#2919=VERTEX_POINT('',#8987);
#2920=VERTEX_POINT('',#8989);
#2921=VERTEX_POINT('',#8991);
#2922=VERTEX_POINT('',#8993);
#2923=VERTEX_POINT('',#8995);
#2924=VERTEX_POINT('',#8997);
#2925=VERTEX_POINT('',#8999);
#2926=VERTEX_POINT('',#9001);
#2927=VERTEX_POINT('',#9003);
#2928=VERTEX_POINT('',#9005);
#2929=VERTEX_POINT('',#9007);
#2930=VERTEX_POINT('',#9009);
#2931=VERTEX_POINT('',#9011);
#2932=VERTEX_POINT('',#9014);
#2933=VERTEX_POINT('',#9015);
#2934=VERTEX_POINT('',#9017);
#2935=VERTEX_POINT('',#9019);
#2936=VERTEX_POINT('',#9021);
#2937=VERTEX_POINT('',#9023);
#2938=VERTEX_POINT('',#9025);
#2939=VERTEX_POINT('',#9027);
#2940=VERTEX_POINT('',#9029);
#2941=VERTEX_POINT('',#9031);
#2942=VERTEX_POINT('',#9033);
#2943=VERTEX_POINT('',#9035);
#2944=VERTEX_POINT('',#9039);
#2945=VERTEX_POINT('',#9043);
#2946=VERTEX_POINT('',#9045);
#2947=VERTEX_POINT('',#9050);
#2948=VERTEX_POINT('',#9054);
#2949=VERTEX_POINT('',#9056);
#2950=VERTEX_POINT('',#9061);
#2951=VERTEX_POINT('',#9065);
#2952=VERTEX_POINT('',#9068);
#2953=VERTEX_POINT('',#9070);
#2954=VERTEX_POINT('',#9074);
#2955=VERTEX_POINT('',#9078);
#2956=VERTEX_POINT('',#9080);
#2957=VERTEX_POINT('',#9084);
#2958=VERTEX_POINT('',#9088);
#2959=VERTEX_POINT('',#9092);
#2960=VERTEX_POINT('',#9094);
#2961=VERTEX_POINT('',#9098);
#2962=VERTEX_POINT('',#9102);
#2963=VERTEX_POINT('',#9106);
#2964=VERTEX_POINT('',#9108);
#2965=VERTEX_POINT('',#9112);
#2966=VERTEX_POINT('',#9116);
#2967=VERTEX_POINT('',#9120);
#2968=VERTEX_POINT('',#9122);
#2969=VERTEX_POINT('',#9126);
#2970=VERTEX_POINT('',#9130);
#2971=VERTEX_POINT('',#9134);
#2972=VERTEX_POINT('',#9136);
#2973=VERTEX_POINT('',#9140);
#2974=VERTEX_POINT('',#9144);
#2975=VERTEX_POINT('',#9148);
#2976=VERTEX_POINT('',#9152);
#2977=VERTEX_POINT('',#9156);
#2978=VERTEX_POINT('',#9160);
#2979=VERTEX_POINT('',#9164);
#2980=VERTEX_POINT('',#9168);
#2981=VERTEX_POINT('',#9172);
#2982=VERTEX_POINT('',#9176);
#2983=VERTEX_POINT('',#9180);
#2984=VERTEX_POINT('',#9184);
#2985=VERTEX_POINT('',#9188);
#2986=VERTEX_POINT('',#9192);
#2987=VERTEX_POINT('',#9198);
#2988=VERTEX_POINT('',#9200);
#2989=VERTEX_POINT('',#9204);
#2990=VERTEX_POINT('',#9208);
#2991=VERTEX_POINT('',#9212);
#2992=VERTEX_POINT('',#9216);
#2993=VERTEX_POINT('',#9220);
#2994=VERTEX_POINT('',#9224);
#2995=VERTEX_POINT('',#9228);
#2996=VERTEX_POINT('',#9232);
#2997=VERTEX_POINT('',#9233);
#2998=VERTEX_POINT('',#9235);
#2999=VERTEX_POINT('',#9237);
#3000=VERTEX_POINT('',#9241);
#3001=VERTEX_POINT('',#9242);
#3002=VERTEX_POINT('',#9247);
#3003=VERTEX_POINT('',#9248);
#3004=VERTEX_POINT('',#9273);
#3005=VERTEX_POINT('',#9274);
#3006=VERTEX_POINT('',#9279);
#3007=VERTEX_POINT('',#9280);
#3008=VERTEX_POINT('',#9285);
#3009=VERTEX_POINT('',#9290);
#3010=VERTEX_POINT('',#9314);
#3011=VERTEX_POINT('',#9318);
#3012=VERTEX_POINT('',#9322);
#3013=VERTEX_POINT('',#9326);
#3014=VERTEX_POINT('',#9350);
#3015=VERTEX_POINT('',#9354);
#3016=VERTEX_POINT('',#9358);
#3017=VERTEX_POINT('',#9362);
#3018=VERTEX_POINT('',#9363);
#3019=VERTEX_POINT('',#9397);
#3020=VERTEX_POINT('',#9398);
#3021=VERTEX_POINT('',#9400);
#3022=VERTEX_POINT('',#9402);
#3023=VERTEX_POINT('',#9404);
#3024=VERTEX_POINT('',#9406);
#3025=VERTEX_POINT('',#9408);
#3026=VERTEX_POINT('',#9410);
#3027=VERTEX_POINT('',#9427);
#3028=VERTEX_POINT('',#9429);
#3029=VERTEX_POINT('',#9431);
#3030=VERTEX_POINT('',#9433);
#3031=VERTEX_POINT('',#9435);
#3032=VERTEX_POINT('',#9453);
#3033=VERTEX_POINT('',#9454);
#3034=VERTEX_POINT('',#9456);
#3035=VERTEX_POINT('',#9458);
#3036=VERTEX_POINT('',#9460);
#3037=VERTEX_POINT('',#9462);
#3038=VERTEX_POINT('',#9464);
#3039=VERTEX_POINT('',#9466);
#3040=VERTEX_POINT('',#9468);
#3041=VERTEX_POINT('',#9470);
#3042=VERTEX_POINT('',#9472);
#3043=VERTEX_POINT('',#9474);
#3044=VERTEX_POINT('',#9477);
#3045=VERTEX_POINT('',#9478);
#3046=VERTEX_POINT('',#9486);
#3047=VERTEX_POINT('',#9497);
#3048=VERTEX_POINT('',#9502);
#3049=VERTEX_POINT('',#9504);
#3050=VERTEX_POINT('',#9506);
#3051=VERTEX_POINT('',#9508);
#3052=VERTEX_POINT('',#9510);
#3053=VERTEX_POINT('',#9512);
#3054=VERTEX_POINT('',#9517);
#3055=VERTEX_POINT('',#9526);
#3056=VERTEX_POINT('',#9527);
#3057=VERTEX_POINT('',#9529);
#3058=VERTEX_POINT('',#9531);
#3059=VERTEX_POINT('',#9533);
#3060=VERTEX_POINT('',#9535);
#3061=VERTEX_POINT('',#9537);
#3062=VERTEX_POINT('',#9539);
#3063=VERTEX_POINT('',#9542);
#3064=VERTEX_POINT('',#9543);
#3065=VERTEX_POINT('',#9545);
#3066=VERTEX_POINT('',#9547);
#3067=VERTEX_POINT('',#9549);
#3068=VERTEX_POINT('',#9551);
#3069=VERTEX_POINT('',#9553);
#3070=VERTEX_POINT('',#9555);
#3071=VERTEX_POINT('',#9557);
#3072=VERTEX_POINT('',#9559);
#3073=VERTEX_POINT('',#9561);
#3074=VERTEX_POINT('',#9563);
#3075=VERTEX_POINT('',#9565);
#3076=VERTEX_POINT('',#9568);
#3077=VERTEX_POINT('',#9569);
#3078=VERTEX_POINT('',#9571);
#3079=VERTEX_POINT('',#9573);
#3080=VERTEX_POINT('',#9575);
#3081=VERTEX_POINT('',#9577);
#3082=VERTEX_POINT('',#9579);
#3083=VERTEX_POINT('',#9581);
#3084=VERTEX_POINT('',#9583);
#3085=VERTEX_POINT('',#9585);
#3086=VERTEX_POINT('',#9587);
#3087=VERTEX_POINT('',#9589);
#3088=VERTEX_POINT('',#9592);
#3089=VERTEX_POINT('',#9593);
#3090=VERTEX_POINT('',#9595);
#3091=VERTEX_POINT('',#9597);
#3092=VERTEX_POINT('',#9624);
#3093=VERTEX_POINT('',#9625);
#3094=VERTEX_POINT('',#9663);
#3095=VERTEX_POINT('',#9665);
#3096=VERTEX_POINT('',#9673);
#3097=VERTEX_POINT('',#9706);
#3098=VERTEX_POINT('',#9707);
#3099=VERTEX_POINT('',#9757);
#3100=VERTEX_POINT('',#9759);
#3101=VERTEX_POINT('',#9800);
#3102=VERTEX_POINT('',#9809);
#3103=VERTEX_POINT('',#9810);
#3104=VERTEX_POINT('',#9812);
#3105=VERTEX_POINT('',#9814);
#3106=VERTEX_POINT('',#9816);
#3107=VERTEX_POINT('',#9818);
#3108=VERTEX_POINT('',#9820);
#3109=VERTEX_POINT('',#9822);
#3110=VERTEX_POINT('',#9825);
#3111=VERTEX_POINT('',#9826);
#3112=VERTEX_POINT('',#9828);
#3113=VERTEX_POINT('',#9830);
#3114=VERTEX_POINT('',#9832);
#3115=VERTEX_POINT('',#9834);
#3116=VERTEX_POINT('',#9836);
#3117=VERTEX_POINT('',#9838);
#3118=VERTEX_POINT('',#9840);
#3119=VERTEX_POINT('',#9842);
#3120=VERTEX_POINT('',#9844);
#3121=VERTEX_POINT('',#9846);
#3122=VERTEX_POINT('',#9849);
#3123=VERTEX_POINT('',#9850);
#3124=VERTEX_POINT('',#9852);
#3125=VERTEX_POINT('',#9854);
#3126=VERTEX_POINT('',#9856);
#3127=VERTEX_POINT('',#9870);
#3128=VERTEX_POINT('',#9872);
#3129=VERTEX_POINT('',#9874);
#3130=VERTEX_POINT('',#9876);
#3131=VERTEX_POINT('',#9878);
#3132=VERTEX_POINT('',#9880);
#3133=VERTEX_POINT('',#9894);
#3134=VERTEX_POINT('',#9897);
#3135=VERTEX_POINT('',#9898);
#3136=VERTEX_POINT('',#9909);
#3137=VERTEX_POINT('',#9911);
#3138=VERTEX_POINT('',#9913);
#3139=VERTEX_POINT('',#9915);
#3140=VERTEX_POINT('',#9929);
#3141=VERTEX_POINT('',#9931);
#3142=VERTEX_POINT('',#9933);
#3143=VERTEX_POINT('',#9935);
#3144=VERTEX_POINT('',#9941);
#3145=VERTEX_POINT('',#9942);
#3146=VERTEX_POINT('',#9944);
#3147=VERTEX_POINT('',#9964);
#3148=VERTEX_POINT('',#9975);
#3149=VERTEX_POINT('',#9977);
#3150=VERTEX_POINT('',#9988);
#3151=VERTEX_POINT('',#9990);
#3152=VERTEX_POINT('',#9995);
#3153=VERTEX_POINT('',#10007);
#3154=VERTEX_POINT('',#10008);
#3155=VERTEX_POINT('',#10010);
#3156=VERTEX_POINT('',#10012);
#3157=VERTEX_POINT('',#10029);
#3158=VERTEX_POINT('',#10047);
#3159=VERTEX_POINT('',#10097);
#3160=VERTEX_POINT('',#10098);
#3161=VERTEX_POINT('',#10100);
#3162=VERTEX_POINT('',#10102);
#3163=VERTEX_POINT('',#10105);
#3164=VERTEX_POINT('',#10106);
#3165=VERTEX_POINT('',#10108);
#3166=VERTEX_POINT('',#10110);
#3167=VERTEX_POINT('',#10112);
#3168=VERTEX_POINT('',#10114);
#3169=VERTEX_POINT('',#10117);
#3170=VERTEX_POINT('',#10118);
#3171=VERTEX_POINT('',#10120);
#3172=VERTEX_POINT('',#10122);
#3173=VERTEX_POINT('',#10124);
#3174=VERTEX_POINT('',#10126);
#3175=VERTEX_POINT('',#10128);
#3176=VERTEX_POINT('',#10130);
#3177=VERTEX_POINT('',#10132);
#3178=VERTEX_POINT('',#10134);
#3179=VERTEX_POINT('',#10136);
#3180=VERTEX_POINT('',#10138);
#3181=VERTEX_POINT('',#10141);
#3182=VERTEX_POINT('',#10142);
#3183=VERTEX_POINT('',#10144);
#3184=VERTEX_POINT('',#10146);
#3185=VERTEX_POINT('',#10148);
#3186=VERTEX_POINT('',#10150);
#3187=VERTEX_POINT('',#10152);
#3188=VERTEX_POINT('',#10154);
#3189=VERTEX_POINT('',#10157);
#3190=VERTEX_POINT('',#10158);
#3191=VERTEX_POINT('',#10160);
#3192=VERTEX_POINT('',#10162);
#3193=VERTEX_POINT('',#10164);
#3194=VERTEX_POINT('',#10166);
#3195=VERTEX_POINT('',#10168);
#3196=VERTEX_POINT('',#10170);
#3197=VERTEX_POINT('',#10172);
#3198=VERTEX_POINT('',#10174);
#3199=VERTEX_POINT('',#10177);
#3200=VERTEX_POINT('',#10178);
#3201=VERTEX_POINT('',#10180);
#3202=VERTEX_POINT('',#10182);
#3203=VERTEX_POINT('',#10193);
#3204=VERTEX_POINT('',#10204);
#3205=VERTEX_POINT('',#10206);
#3206=VERTEX_POINT('',#10208);
#3207=VERTEX_POINT('',#10210);
#3208=VERTEX_POINT('',#10231);
#3209=VERTEX_POINT('',#10232);
#3210=VERTEX_POINT('',#10240);
#3211=VERTEX_POINT('',#10242);
#3212=VERTEX_POINT('',#10244);
#3213=VERTEX_POINT('',#10246);
#3214=VERTEX_POINT('',#10251);
#3215=VERTEX_POINT('',#10259);
#3216=VERTEX_POINT('',#10267);
#3217=VERTEX_POINT('',#10269);
#3218=VERTEX_POINT('',#10271);
#3219=VERTEX_POINT('',#10273);
#3220=VERTEX_POINT('',#10278);
#3221=VERTEX_POINT('',#10286);
#3222=VERTEX_POINT('',#10291);
#3223=VERTEX_POINT('',#10293);
#3224=VERTEX_POINT('',#10295);
#3225=VERTEX_POINT('',#10297);
#3226=VERTEX_POINT('',#10299);
#3227=VERTEX_POINT('',#10301);
#3228=VERTEX_POINT('',#10303);
#3229=VERTEX_POINT('',#10308);
#3230=VERTEX_POINT('',#10319);
#3231=VERTEX_POINT('',#10324);
#3232=VERTEX_POINT('',#10329);
#3233=VERTEX_POINT('',#10341);
#3234=VERTEX_POINT('',#10342);
#3235=VERTEX_POINT('',#10356);
#3236=VERTEX_POINT('',#10358);
#3237=VERTEX_POINT('',#10360);
#3238=VERTEX_POINT('',#10362);
#3239=VERTEX_POINT('',#10364);
#3240=VERTEX_POINT('',#10378);
#3241=VERTEX_POINT('',#10380);
#3242=VERTEX_POINT('',#10382);
#3243=VERTEX_POINT('',#10390);
#3244=VERTEX_POINT('',#10391);
#3245=VERTEX_POINT('',#10393);
#3246=VERTEX_POINT('',#10397);
#3247=VERTEX_POINT('',#10398);
#3248=VERTEX_POINT('',#10400);
#3249=VERTEX_POINT('',#10407);
#3250=VERTEX_POINT('',#10408);
#3251=VERTEX_POINT('',#10410);
#3252=VERTEX_POINT('',#10417);
#3253=VERTEX_POINT('',#10418);
#3254=VERTEX_POINT('',#10421);
#3255=VERTEX_POINT('',#10425);
#3256=VERTEX_POINT('',#10426);
#3257=VERTEX_POINT('',#10428);
#3258=VERTEX_POINT('',#10435);
#3259=VERTEX_POINT('',#10436);
#3260=VERTEX_POINT('',#10439);
#3261=VERTEX_POINT('',#10446);
#3262=VERTEX_POINT('',#10447);
#3263=VERTEX_POINT('',#10450);
#3264=VERTEX_POINT('',#10454);
#3265=VERTEX_POINT('',#10455);
#3266=VERTEX_POINT('',#10458);
#3267=VERTEX_POINT('',#10462);
#3268=VERTEX_POINT('',#10464);
#3269=VERTEX_POINT('',#10488);
#3270=VERTEX_POINT('',#10490);
#3271=VERTEX_POINT('',#10521);
#3272=VERTEX_POINT('',#10523);
#3273=VERTEX_POINT('',#10539);
#3274=VERTEX_POINT('',#10543);
#3275=VERTEX_POINT('',#10547);
#3276=VERTEX_POINT('',#10551);
#3277=VERTEX_POINT('',#10580);
#3278=VERTEX_POINT('',#10596);
#3279=VERTEX_POINT('',#10600);
#3280=VERTEX_POINT('',#10604);
#3281=VERTEX_POINT('',#10624);
#3282=VERTEX_POINT('',#10626);
#3283=VERTEX_POINT('',#10636);
#3284=VERTEX_POINT('',#10659);
#3285=VERTEX_POINT('',#10679);
#3286=VERTEX_POINT('',#10693);
#3287=VERTEX_POINT('',#10719);
#3288=VERTEX_POINT('',#10739);
#3289=VERTEX_POINT('',#10746);
#3290=VERTEX_POINT('',#10750);
#3291=VERTEX_POINT('',#10754);
#3292=VERTEX_POINT('',#10758);
#3293=VERTEX_POINT('',#10762);
#3294=VERTEX_POINT('',#10771);
#3295=VERTEX_POINT('',#10782);
#3296=VERTEX_POINT('',#10802);
#3297=VERTEX_POINT('',#10819);
#3298=VERTEX_POINT('',#10826);
#3299=VERTEX_POINT('',#10830);
#3300=VERTEX_POINT('',#10834);
#3301=VERTEX_POINT('',#10851);
#3302=VERTEX_POINT('',#10874);
#3303=VERTEX_POINT('',#10891);
#3304=VERTEX_POINT('',#10898);
#3305=VERTEX_POINT('',#10902);
#3306=VERTEX_POINT('',#10909);
#3307=VERTEX_POINT('',#10911);
#3308=VERTEX_POINT('',#10915);
#3309=VERTEX_POINT('',#10956);
#3310=VERTEX_POINT('',#10978);
#3311=VERTEX_POINT('',#10982);
#3312=VERTEX_POINT('',#10986);
#3313=VERTEX_POINT('',#11009);
#3314=VERTEX_POINT('',#11041);
#3315=VERTEX_POINT('',#11057);
#3316=VERTEX_POINT('',#11059);
#3317=VERTEX_POINT('',#11063);
#3318=VERTEX_POINT('',#11067);
#3319=VERTEX_POINT('',#11071);
#3320=VERTEX_POINT('',#11075);
#3321=VERTEX_POINT('',#11079);
#3322=VERTEX_POINT('',#11083);
#3323=VERTEX_POINT('',#11087);
#3324=VERTEX_POINT('',#11091);
#3325=VERTEX_POINT('',#11098);
#3326=VERTEX_POINT('',#11100);
#3327=VERTEX_POINT('',#11104);
#3328=VERTEX_POINT('',#11108);
#3329=VERTEX_POINT('',#11112);
#3330=VERTEX_POINT('',#11116);
#3331=VERTEX_POINT('',#11120);
#3332=VERTEX_POINT('',#11124);
#3333=VERTEX_POINT('',#11131);
#3334=VERTEX_POINT('',#11133);
#3335=VERTEX_POINT('',#11137);
#3336=VERTEX_POINT('',#11141);
#3337=VERTEX_POINT('',#11145);
#3338=VERTEX_POINT('',#11149);
#3339=VERTEX_POINT('',#11153);
#3340=VERTEX_POINT('',#11157);
#3341=VERTEX_POINT('',#11161);
#3342=VERTEX_POINT('',#11165);
#3343=VERTEX_POINT('',#11169);
#3344=VERTEX_POINT('',#11173);
#3345=VERTEX_POINT('',#11180);
#3346=VERTEX_POINT('',#11182);
#3347=VERTEX_POINT('',#11186);
#3348=VERTEX_POINT('',#11190);
#3349=VERTEX_POINT('',#11194);
#3350=VERTEX_POINT('',#11198);
#3351=VERTEX_POINT('',#11205);
#3352=VERTEX_POINT('',#11207);
#3353=VERTEX_POINT('',#11211);
#3354=VERTEX_POINT('',#11215);
#3355=VERTEX_POINT('',#11307);
#3356=VERTEX_POINT('',#11351);
#3357=VERTEX_POINT('',#11494);
#3358=VERTEX_POINT('',#11578);
#3359=VERTEX_POINT('',#11579);
#3360=VERTEX_POINT('',#11596);
#3361=VERTEX_POINT('',#11598);
#3362=VERTEX_POINT('',#11617);
#3363=VERTEX_POINT('',#11619);
#3364=VERTEX_POINT('',#11623);
#3365=VERTEX_POINT('',#11625);
#3366=VERTEX_POINT('',#11657);
#3367=VERTEX_POINT('',#11658);
#3368=VERTEX_POINT('',#11672);
#3369=VERTEX_POINT('',#11674);
#3370=VERTEX_POINT('',#11690);
#3371=VERTEX_POINT('',#11692);
#3372=VERTEX_POINT('',#11696);
#3373=VERTEX_POINT('',#11698);
#3374=VERTEX_POINT('',#11705);
#3375=VERTEX_POINT('',#11707);
#3376=VERTEX_POINT('',#11711);
#3377=VERTEX_POINT('',#11746);
#3378=VERTEX_POINT('',#11796);
#3379=VERTEX_POINT('',#11823);
#3380=VERTEX_POINT('',#11824);
#3381=VERTEX_POINT('',#11826);
#3382=VERTEX_POINT('',#11828);
#3383=VERTEX_POINT('',#11839);
#3384=VERTEX_POINT('',#11844);
#3385=VERTEX_POINT('',#11851);
#3386=VERTEX_POINT('',#11853);
#3387=VERTEX_POINT('',#11864);
#3388=VERTEX_POINT('',#11869);
#3389=VERTEX_POINT('',#11881);
#3390=VERTEX_POINT('',#11883);
#3391=VERTEX_POINT('',#11887);
#3392=VERTEX_POINT('',#11889);
#3393=VERTEX_POINT('',#11921);
#3394=VERTEX_POINT('',#11923);
#3395=VERTEX_POINT('',#11932);
#3396=VERTEX_POINT('',#11955);
#3397=VERTEX_POINT('',#11975);
#3398=VERTEX_POINT('',#11982);
#3399=VERTEX_POINT('',#12005);
#3400=VERTEX_POINT('',#12023);
#3401=VERTEX_POINT('',#12046);
#3402=VERTEX_POINT('',#12136);
#3403=VERTEX_POINT('',#12138);
#3404=VERTEX_POINT('',#12151);
#3405=VERTEX_POINT('',#12162);
#3406=VERTEX_POINT('',#12169);
#3407=VERTEX_POINT('',#12173);
#3408=VERTEX_POINT('',#12177);
#3409=VERTEX_POINT('',#12206);
#3410=VERTEX_POINT('',#12222);
#3411=VERTEX_POINT('',#12226);
#3412=VERTEX_POINT('',#12233);
#3413=VERTEX_POINT('',#12235);
#3414=VERTEX_POINT('',#12239);
#3415=VERTEX_POINT('',#12243);
#3416=VERTEX_POINT('',#12272);
#3417=VERTEX_POINT('',#12288);
#3418=VERTEX_POINT('',#12292);
#3419=VERTEX_POINT('',#12296);
#3420=VERTEX_POINT('',#12300);
#3421=VERTEX_POINT('',#12304);
#3422=VERTEX_POINT('',#12333);
#3423=VERTEX_POINT('',#12349);
#3424=VERTEX_POINT('',#12356);
#3425=VERTEX_POINT('',#12358);
#3426=VERTEX_POINT('',#12362);
#3427=VERTEX_POINT('',#12366);
#3428=VERTEX_POINT('',#12370);
#3429=VERTEX_POINT('',#12374);
#3430=VERTEX_POINT('',#12378);
#3431=VERTEX_POINT('',#12382);
#3432=VERTEX_POINT('',#12386);
#3433=VERTEX_POINT('',#12390);
#3434=VERTEX_POINT('',#12394);
#3435=VERTEX_POINT('',#12398);
#3436=VERTEX_POINT('',#12405);
#3437=VERTEX_POINT('',#12407);
#3438=VERTEX_POINT('',#12411);
#3439=VERTEX_POINT('',#12415);
#3440=VERTEX_POINT('',#12419);
#3441=VERTEX_POINT('',#12423);
#3442=VERTEX_POINT('',#12427);
#3443=VERTEX_POINT('',#12431);
#3444=VERTEX_POINT('',#12535);
#3445=VERTEX_POINT('',#12537);
#3446=VERTEX_POINT('',#12589);
#3447=VERTEX_POINT('',#12606);
#3448=VERTEX_POINT('',#12695);
#3449=VERTEX_POINT('',#12814);
#3450=VERTEX_POINT('',#12816);
#3451=VERTEX_POINT('',#12856);
#3452=VERTEX_POINT('',#12921);
#3453=VERTEX_POINT('',#12968);
#3454=VERTEX_POINT('',#13018);
#3455=VERTEX_POINT('',#13019);
#3456=VERTEX_POINT('',#13039);
#3457=VERTEX_POINT('',#13041);
#3458=VERTEX_POINT('',#13063);
#3459=VERTEX_POINT('',#13065);
#3460=VERTEX_POINT('',#13069);
#3461=VERTEX_POINT('',#13071);
#3462=VERTEX_POINT('',#13078);
#3463=VERTEX_POINT('',#13080);
#3464=VERTEX_POINT('',#13084);
#3465=VERTEX_POINT('',#13137);
#3466=VERTEX_POINT('',#13168);
#3467=VERTEX_POINT('',#13170);
#3468=VERTEX_POINT('',#13174);
#3469=VERTEX_POINT('',#13178);
#3470=VERTEX_POINT('',#13182);
#3471=VERTEX_POINT('',#13186);
#3472=VERTEX_POINT('',#13190);
#3473=VERTEX_POINT('',#13194);
#3474=VERTEX_POINT('',#13198);
#3475=VERTEX_POINT('',#13202);
#3476=VERTEX_POINT('',#13206);
#3477=VERTEX_POINT('',#13210);
#3478=VERTEX_POINT('',#13217);
#3479=VERTEX_POINT('',#13219);
#3480=VERTEX_POINT('',#13223);
#3481=VERTEX_POINT('',#13227);
#3482=VERTEX_POINT('',#13231);
#3483=VERTEX_POINT('',#13235);
#3484=VERTEX_POINT('',#13239);
#3485=VERTEX_POINT('',#13243);
#3486=VERTEX_POINT('',#13247);
#3487=VERTEX_POINT('',#13251);
#3488=VERTEX_POINT('',#13255);
#3489=VERTEX_POINT('',#13259);
#3490=VERTEX_POINT('',#13263);
#3491=VERTEX_POINT('',#13270);
#3492=VERTEX_POINT('',#13272);
#3493=VERTEX_POINT('',#13276);
#3494=VERTEX_POINT('',#13280);
#3495=VERTEX_POINT('',#13284);
#3496=VERTEX_POINT('',#13288);
#3497=VERTEX_POINT('',#13292);
#3498=VERTEX_POINT('',#13296);
#3499=VERTEX_POINT('',#13316);
#3500=VERTEX_POINT('',#13317);
#3501=VERTEX_POINT('',#13325);
#3502=VERTEX_POINT('',#13327);
#3503=VERTEX_POINT('',#13337);
#3504=VERTEX_POINT('',#13339);
#3505=VERTEX_POINT('',#13468);
#3506=VERTEX_POINT('',#13470);
#3507=VERTEX_POINT('',#13485);
#3508=VERTEX_POINT('',#13502);
#3509=VERTEX_POINT('',#13519);
#3510=VERTEX_POINT('',#13526);
#3511=VERTEX_POINT('',#13530);
#3512=VERTEX_POINT('',#13534);
#3513=VERTEX_POINT('',#13538);
#3514=VERTEX_POINT('',#13542);
#3515=VERTEX_POINT('',#13553);
#3516=VERTEX_POINT('',#13591);
#3517=VERTEX_POINT('',#13593);
#3518=VERTEX_POINT('',#13597);
#3519=VERTEX_POINT('',#13601);
#3520=VERTEX_POINT('',#13605);
#3521=VERTEX_POINT('',#13609);
#3522=VERTEX_POINT('',#13613);
#3523=VERTEX_POINT('',#13617);
#3524=VERTEX_POINT('',#13621);
#3525=VERTEX_POINT('',#13625);
#3526=VERTEX_POINT('',#13629);
#3527=VERTEX_POINT('',#13633);
#3528=VERTEX_POINT('',#13640);
#3529=VERTEX_POINT('',#13642);
#3530=VERTEX_POINT('',#13677);
#3531=VERTEX_POINT('',#13696);
#3532=VERTEX_POINT('',#13700);
#3533=VERTEX_POINT('',#13704);
#3534=VERTEX_POINT('',#13708);
#3535=VERTEX_POINT('',#13712);
#3536=VERTEX_POINT('',#13747);
#3537=VERTEX_POINT('',#13766);
#3538=VERTEX_POINT('',#13770);
#3539=VERTEX_POINT('',#13774);
#3540=VERTEX_POINT('',#13778);
#3541=EDGE_CURVE('',#2911,#2912,#2795,.T.);
#3542=EDGE_CURVE('',#2911,#2913,#2796,.T.);
#3543=EDGE_CURVE('',#2912,#2913,#2797,.T.);
#3544=EDGE_CURVE('',#2912,#2914,#1337,.T.);
#3545=EDGE_CURVE('',#2914,#2915,#2798,.T.);
#3546=EDGE_CURVE('',#2915,#2914,#2799,.T.);
#3547=EDGE_CURVE('',#2916,#2911,#2800,.T.);
#3548=EDGE_CURVE('',#2917,#2916,#1338,.T.);
#3549=EDGE_CURVE('',#2918,#2917,#2801,.T.);
#3550=EDGE_CURVE('',#2919,#2918,#2802,.T.);
#3551=EDGE_CURVE('',#2920,#2919,#2803,.T.);
#3552=EDGE_CURVE('',#2921,#2920,#1339,.T.);
#3553=EDGE_CURVE('',#2922,#2921,#2804,.T.);
#3554=EDGE_CURVE('',#2923,#2922,#2805,.T.);
#3555=EDGE_CURVE('',#2924,#2923,#2806,.T.);
#3556=EDGE_CURVE('',#2925,#2924,#2807,.T.);
#3557=EDGE_CURVE('',#2926,#2925,#1340,.T.);
#3558=EDGE_CURVE('',#2927,#2926,#2808,.T.);
#3559=EDGE_CURVE('',#2928,#2927,#2809,.T.);
#3560=EDGE_CURVE('',#2929,#2928,#2810,.T.);
#3561=EDGE_CURVE('',#2930,#2929,#2811,.T.);
#3562=EDGE_CURVE('',#2931,#2930,#1341,.T.);
#3563=EDGE_CURVE('',#2913,#2931,#2812,.T.);
#3564=EDGE_CURVE('',#2932,#2933,#1342,.T.);
#3565=EDGE_CURVE('',#2932,#2934,#1343,.T.);
#3566=EDGE_CURVE('',#2934,#2935,#1344,.T.);
#3567=EDGE_CURVE('',#2935,#2936,#1345,.T.);
#3568=EDGE_CURVE('',#2937,#2936,#1346,.T.);
#3569=EDGE_CURVE('',#2938,#2937,#1347,.T.);
#3570=EDGE_CURVE('',#2939,#2938,#1348,.T.);
#3571=EDGE_CURVE('',#2939,#2940,#1349,.T.);
#3572=EDGE_CURVE('',#2940,#2941,#1350,.T.);
#3573=EDGE_CURVE('',#2941,#2942,#1351,.T.);
#3574=EDGE_CURVE('',#2943,#2942,#1352,.T.);
#3575=EDGE_CURVE('',#2933,#2943,#1353,.T.);
#3576=EDGE_CURVE('',#2915,#2944,#1354,.T.);
#3577=EDGE_CURVE('',#2944,#2944,#2813,.T.);
#3578=EDGE_CURVE('',#2928,#2945,#1355,.T.);
#3579=EDGE_CURVE('',#2945,#2946,#2814,.T.);
#3580=EDGE_CURVE('',#2946,#2945,#2815,.T.);
#3581=EDGE_CURVE('',#2929,#2927,#2816,.T.);
#3582=EDGE_CURVE('',#2946,#2947,#1356,.T.);
#3583=EDGE_CURVE('',#2947,#2947,#2817,.T.);
#3584=EDGE_CURVE('',#2923,#2948,#1357,.T.);
#3585=EDGE_CURVE('',#2948,#2949,#2818,.T.);
#3586=EDGE_CURVE('',#2949,#2948,#2819,.T.);
#3587=EDGE_CURVE('',#2924,#2922,#2820,.T.);
#3588=EDGE_CURVE('',#2949,#2950,#1358,.T.);
#3589=EDGE_CURVE('',#2950,#2950,#2821,.T.);
#3590=EDGE_CURVE('',#2919,#2951,#2822,.T.);
#3591=EDGE_CURVE('',#2951,#2918,#2823,.T.);
#3592=EDGE_CURVE('',#2951,#2952,#1359,.T.);
#3593=EDGE_CURVE('',#2952,#2953,#2824,.T.);
#3594=EDGE_CURVE('',#2953,#2952,#2825,.T.);
#3595=EDGE_CURVE('',#2953,#2954,#1360,.T.);
#3596=EDGE_CURVE('',#2954,#2954,#2826,.T.);
#3597=EDGE_CURVE('',#2942,#2955,#2827,.T.);
#3598=EDGE_CURVE('',#2955,#2956,#1361,.T.);
#3599=EDGE_CURVE('',#2956,#2943,#208,.T.);
#3600=EDGE_CURVE('',#2956,#2957,#1362,.T.);
#3601=EDGE_CURVE('',#2957,#2933,#209,.T.);
#3602=EDGE_CURVE('',#2957,#2958,#1363,.T.);
#3603=EDGE_CURVE('',#2958,#2932,#2828,.T.);
#3604=EDGE_CURVE('',#2956,#2959,#1364,.T.);
#3605=EDGE_CURVE('',#2960,#2959,#1365,.T.);
#3606=EDGE_CURVE('',#2957,#2960,#1366,.T.);
#3607=EDGE_CURVE('',#2955,#2961,#1367,.T.);
#3608=EDGE_CURVE('',#2959,#2961,#1368,.T.);
#3609=EDGE_CURVE('',#2941,#2962,#1369,.T.);
#3610=EDGE_CURVE('',#2961,#2962,#1370,.T.);
#3611=EDGE_CURVE('',#2936,#2963,#2829,.T.);
#3612=EDGE_CURVE('',#2963,#2964,#1371,.T.);
#3613=EDGE_CURVE('',#2964,#2937,#210,.T.);
#3614=EDGE_CURVE('',#2964,#2965,#1372,.T.);
#3615=EDGE_CURVE('',#2965,#2938,#211,.T.);
#3616=EDGE_CURVE('',#2965,#2966,#1373,.T.);
#3617=EDGE_CURVE('',#2966,#2939,#2830,.T.);
#3618=EDGE_CURVE('',#2964,#2967,#1374,.T.);
#3619=EDGE_CURVE('',#2968,#2967,#1375,.T.);
#3620=EDGE_CURVE('',#2965,#2968,#1376,.T.);
#3621=EDGE_CURVE('',#2963,#2969,#1377,.T.);
#3622=EDGE_CURVE('',#2967,#2969,#1378,.T.);
#3623=EDGE_CURVE('',#2970,#2935,#1379,.T.);
#3624=EDGE_CURVE('',#2969,#2970,#1380,.T.);
#3625=EDGE_CURVE('',#2971,#2913,#2831,.T.);
#3626=EDGE_CURVE('',#2931,#2972,#2832,.T.);
#3627=EDGE_CURVE('',#2972,#2971,#2833,.T.);
#3628=EDGE_CURVE('',#2930,#2973,#2834,.T.);
#3629=EDGE_CURVE('',#2973,#2972,#1381,.T.);
#3630=EDGE_CURVE('',#2929,#2974,#2835,.T.);
#3631=EDGE_CURVE('',#2974,#2973,#2836,.T.);
#3632=EDGE_CURVE('',#2927,#2975,#2837,.T.);
#3633=EDGE_CURVE('',#2975,#2974,#2838,.T.);
#3634=EDGE_CURVE('',#2926,#2976,#2839,.T.);
#3635=EDGE_CURVE('',#2976,#2975,#2840,.T.);
#3636=EDGE_CURVE('',#2925,#2977,#2841,.T.);
#3637=EDGE_CURVE('',#2977,#2976,#1382,.T.);
#3638=EDGE_CURVE('',#2924,#2978,#2842,.T.);
#3639=EDGE_CURVE('',#2978,#2977,#2843,.T.);
#3640=EDGE_CURVE('',#2922,#2979,#2844,.T.);
#3641=EDGE_CURVE('',#2979,#2978,#2845,.T.);
#3642=EDGE_CURVE('',#2921,#2980,#2846,.T.);
#3643=EDGE_CURVE('',#2980,#2979,#2847,.T.);
#3644=EDGE_CURVE('',#2920,#2981,#2848,.T.);
#3645=EDGE_CURVE('',#2981,#2980,#1383,.T.);
#3646=EDGE_CURVE('',#2919,#2982,#2849,.T.);
#3647=EDGE_CURVE('',#2982,#2981,#2850,.T.);
#3648=EDGE_CURVE('',#2918,#2983,#2851,.T.);
#3649=EDGE_CURVE('',#2983,#2982,#2852,.T.);
#3650=EDGE_CURVE('',#2917,#2984,#2853,.T.);
#3651=EDGE_CURVE('',#2984,#2983,#2854,.T.);
#3652=EDGE_CURVE('',#2916,#2985,#2855,.T.);
#3653=EDGE_CURVE('',#2985,#2984,#1384,.T.);
#3654=EDGE_CURVE('',#2911,#2986,#2856,.T.);
#3655=EDGE_CURVE('',#2986,#2985,#2857,.T.);
#3656=EDGE_CURVE('',#2971,#2986,#2858,.T.);
#3657=EDGE_CURVE('',#2987,#2981,#1385,.T.);
#3658=EDGE_CURVE('',#2988,#2987,#1386,.T.);
#3659=EDGE_CURVE('',#2980,#2988,#1387,.T.);
#3660=EDGE_CURVE('',#2982,#2989,#1388,.T.);
#3661=EDGE_CURVE('',#2987,#2989,#2859,.T.);
#3662=EDGE_CURVE('',#2990,#2983,#1389,.T.);
#3663=EDGE_CURVE('',#2989,#2990,#2860,.T.);
#3664=EDGE_CURVE('',#2984,#2991,#1390,.T.);
#3665=EDGE_CURVE('',#2990,#2991,#2861,.T.);
#3666=EDGE_CURVE('',#2992,#2985,#1391,.T.);
#3667=EDGE_CURVE('',#2991,#2992,#1392,.T.);
#3668=EDGE_CURVE('',#2986,#2993,#1393,.T.);
#3669=EDGE_CURVE('',#2992,#2993,#2862,.T.);
#3670=EDGE_CURVE('',#2994,#2971,#1394,.T.);
#3671=EDGE_CURVE('',#2993,#2994,#2863,.T.);
#3672=EDGE_CURVE('',#2972,#2995,#1395,.T.);
#3673=EDGE_CURVE('',#2994,#2995,#2864,.T.);
#3674=EDGE_CURVE('',#2996,#2997,#2865,.T.);
#3675=EDGE_CURVE('',#2997,#2998,#2866,.T.);
#3676=EDGE_CURVE('',#2998,#2999,#2867,.T.);
#3677=EDGE_CURVE('',#2999,#2996,#2868,.T.);
#3678=EDGE_CURVE('',#3000,#3001,#2869,.T.);
#3679=EDGE_CURVE('',#3001,#2999,#1396,.T.);
#3680=EDGE_CURVE('',#2998,#3000,#1397,.T.);
#3681=EDGE_CURVE('',#3002,#3003,#2870,.T.);
#3682=EDGE_CURVE('',#3003,#3001,#2871,.T.);
#3683=EDGE_CURVE('',#3000,#3002,#2872,.T.);
#3684=EDGE_CURVE('',#3004,#3005,#2873,.T.);
#3685=EDGE_CURVE('',#3005,#3003,#2874,.T.);
#3686=EDGE_CURVE('',#3002,#3004,#2875,.T.);
#3687=EDGE_CURVE('',#3006,#3007,#2876,.T.);
#3688=EDGE_CURVE('',#3007,#3005,#2877,.T.);
#3689=EDGE_CURVE('',#3004,#3006,#2878,.T.);
#3690=EDGE_CURVE('',#3008,#2995,#2879,.T.);
#3691=EDGE_CURVE('',#2995,#3007,#1398,.T.);
#3692=EDGE_CURVE('',#3006,#3008,#1399,.T.);
#3693=EDGE_CURVE('',#3009,#2994,#2880,.T.);
#3694=EDGE_CURVE('',#3008,#3009,#2881,.T.);
#3695=EDGE_CURVE('',#3010,#2993,#2882,.T.);
#3696=EDGE_CURVE('',#3009,#3010,#2883,.T.);
#3697=EDGE_CURVE('',#3011,#2992,#2884,.T.);
#3698=EDGE_CURVE('',#3010,#3011,#2885,.T.);
#3699=EDGE_CURVE('',#3012,#2991,#2886,.T.);
#3700=EDGE_CURVE('',#3011,#3012,#1400,.T.);
#3701=EDGE_CURVE('',#3013,#2990,#2887,.T.);
#3702=EDGE_CURVE('',#3012,#3013,#2888,.T.);
#3703=EDGE_CURVE('',#3014,#2989,#2889,.T.);
#3704=EDGE_CURVE('',#3013,#3014,#2890,.T.);
#3705=EDGE_CURVE('',#3015,#2987,#2891,.T.);
#3706=EDGE_CURVE('',#3014,#3015,#2892,.T.);
#3707=EDGE_CURVE('',#3016,#2988,#2893,.T.);
#3708=EDGE_CURVE('',#3015,#3016,#1401,.T.);
#3709=EDGE_CURVE('',#3017,#3018,#2894,.T.);
#3710=EDGE_CURVE('',#3018,#2988,#2895,.T.);
#3711=EDGE_CURVE('',#3016,#3017,#2896,.T.);
#3712=EDGE_CURVE('',#3017,#2997,#2897,.T.);
#3713=EDGE_CURVE('',#2996,#3018,#2898,.T.);
#3714=EDGE_CURVE('',#3018,#2979,#1402,.T.);
#3715=EDGE_CURVE('',#2978,#2996,#1403,.T.);
#3716=EDGE_CURVE('',#2999,#2977,#1404,.T.);
#3717=EDGE_CURVE('',#3019,#3020,#1405,.T.);
#3718=EDGE_CURVE('',#3020,#3021,#1406,.T.);
#3719=EDGE_CURVE('',#3021,#3022,#1407,.T.);
#3720=EDGE_CURVE('',#3022,#3023,#1408,.T.);
#3721=EDGE_CURVE('',#3023,#3024,#1409,.T.);
#3722=EDGE_CURVE('',#3024,#3025,#1410,.T.);
#3723=EDGE_CURVE('',#3025,#3026,#72,.T.);
#3724=EDGE_CURVE('',#3026,#3027,#1411,.T.);
#3725=EDGE_CURVE('',#3027,#3028,#1412,.T.);
#3726=EDGE_CURVE('',#3028,#3029,#1413,.T.);
#3727=EDGE_CURVE('',#3029,#3030,#1414,.T.);
#3728=EDGE_CURVE('',#3030,#3031,#1415,.T.);
#3729=EDGE_CURVE('',#3031,#3019,#73,.T.);
#3730=EDGE_CURVE('',#3032,#3033,#1416,.T.);
#3731=EDGE_CURVE('',#3033,#3034,#1417,.T.);
#3732=EDGE_CURVE('',#3034,#3035,#1418,.T.);
#3733=EDGE_CURVE('',#3035,#3036,#1419,.T.);
#3734=EDGE_CURVE('',#3036,#3037,#1420,.T.);
#3735=EDGE_CURVE('',#3037,#3038,#1421,.T.);
#3736=EDGE_CURVE('',#3038,#3039,#1422,.T.);
#3737=EDGE_CURVE('',#3039,#3040,#1423,.T.);
#3738=EDGE_CURVE('',#3040,#3041,#1424,.T.);
#3739=EDGE_CURVE('',#3041,#3042,#1425,.T.);
#3740=EDGE_CURVE('',#3042,#3043,#1426,.T.);
#3741=EDGE_CURVE('',#3043,#3032,#1427,.T.);
#3742=EDGE_CURVE('',#3044,#3045,#74,.T.);
#3743=EDGE_CURVE('',#3045,#3046,#75,.T.);
#3744=EDGE_CURVE('',#3046,#3047,#76,.T.);
#3745=EDGE_CURVE('',#3047,#3048,#1428,.T.);
#3746=EDGE_CURVE('',#3048,#3049,#1429,.T.);
#3747=EDGE_CURVE('',#3049,#3050,#1430,.T.);
#3748=EDGE_CURVE('',#3050,#3051,#1431,.T.);
#3749=EDGE_CURVE('',#3051,#3052,#1432,.T.);
#3750=EDGE_CURVE('',#3052,#3053,#77,.T.);
#3751=EDGE_CURVE('',#3053,#3054,#78,.T.);
#3752=EDGE_CURVE('',#3054,#3044,#212,.T.);
#3753=EDGE_CURVE('',#3055,#3056,#1433,.T.);
#3754=EDGE_CURVE('',#3056,#3057,#1434,.T.);
#3755=EDGE_CURVE('',#3057,#3058,#1435,.T.);
#3756=EDGE_CURVE('',#3058,#3059,#1436,.T.);
#3757=EDGE_CURVE('',#3059,#3060,#1437,.T.);
#3758=EDGE_CURVE('',#3060,#3061,#1438,.T.);
#3759=EDGE_CURVE('',#3061,#3062,#1439,.T.);
#3760=EDGE_CURVE('',#3062,#3055,#1440,.T.);
#3761=EDGE_CURVE('',#3063,#3064,#1441,.T.);
#3762=EDGE_CURVE('',#3064,#3065,#1442,.T.);
#3763=EDGE_CURVE('',#3065,#3066,#1443,.T.);
#3764=EDGE_CURVE('',#3066,#3067,#1444,.T.);
#3765=EDGE_CURVE('',#3067,#3068,#1445,.T.);
#3766=EDGE_CURVE('',#3068,#3069,#1446,.T.);
#3767=EDGE_CURVE('',#3069,#3070,#1447,.T.);
#3768=EDGE_CURVE('',#3070,#3071,#1448,.T.);
#3769=EDGE_CURVE('',#3071,#3072,#1449,.T.);
#3770=EDGE_CURVE('',#3072,#3073,#1450,.T.);
#3771=EDGE_CURVE('',#3073,#3074,#1451,.T.);
#3772=EDGE_CURVE('',#3074,#3075,#1452,.T.);
#3773=EDGE_CURVE('',#3075,#3063,#1453,.T.);
#3774=EDGE_CURVE('',#3076,#3077,#1454,.T.);
#3775=EDGE_CURVE('',#3077,#3078,#1455,.T.);
#3776=EDGE_CURVE('',#3078,#3079,#1456,.T.);
#3777=EDGE_CURVE('',#3079,#3080,#1457,.T.);
#3778=EDGE_CURVE('',#3080,#3081,#1458,.T.);
#3779=EDGE_CURVE('',#3081,#3082,#1459,.T.);
#3780=EDGE_CURVE('',#3082,#3083,#1460,.T.);
#3781=EDGE_CURVE('',#3083,#3084,#1461,.T.);
#3782=EDGE_CURVE('',#3084,#3085,#1462,.T.);
#3783=EDGE_CURVE('',#3085,#3086,#1463,.T.);
#3784=EDGE_CURVE('',#3086,#3087,#1464,.T.);
#3785=EDGE_CURVE('',#3087,#3076,#1465,.T.);
#3786=EDGE_CURVE('',#3088,#3089,#1466,.T.);
#3787=EDGE_CURVE('',#3089,#3090,#1467,.T.);
#3788=EDGE_CURVE('',#3090,#3091,#79,.T.);
#3789=EDGE_CURVE('',#3091,#3088,#1468,.T.);
#3790=EDGE_CURVE('',#3092,#3093,#80,.T.);
#3791=EDGE_CURVE('',#3093,#3094,#1469,.T.);
#3792=EDGE_CURVE('',#3094,#3095,#81,.T.);
#3793=EDGE_CURVE('',#3095,#3096,#82,.T.);
#3794=EDGE_CURVE('',#3096,#3092,#1470,.T.);
#3795=EDGE_CURVE('',#3097,#3098,#83,.T.);
#3796=EDGE_CURVE('',#3098,#3099,#1471,.T.);
#3797=EDGE_CURVE('',#3099,#3100,#84,.T.);
#3798=EDGE_CURVE('',#3100,#3101,#85,.T.);
#3799=EDGE_CURVE('',#3101,#3097,#1472,.T.);
#3800=EDGE_CURVE('',#3102,#3103,#1473,.T.);
#3801=EDGE_CURVE('',#3103,#3104,#1474,.T.);
#3802=EDGE_CURVE('',#3104,#3105,#1475,.T.);
#3803=EDGE_CURVE('',#3105,#3106,#1476,.T.);
#3804=EDGE_CURVE('',#3106,#3107,#1477,.T.);
#3805=EDGE_CURVE('',#3107,#3108,#1478,.T.);
#3806=EDGE_CURVE('',#3108,#3109,#1479,.T.);
#3807=EDGE_CURVE('',#3109,#3102,#1480,.T.);
#3808=EDGE_CURVE('',#3110,#3111,#1481,.T.);
#3809=EDGE_CURVE('',#3111,#3112,#1482,.T.);
#3810=EDGE_CURVE('',#3112,#3113,#1483,.T.);
#3811=EDGE_CURVE('',#3113,#3114,#1484,.T.);
#3812=EDGE_CURVE('',#3114,#3115,#1485,.T.);
#3813=EDGE_CURVE('',#3115,#3116,#1486,.T.);
#3814=EDGE_CURVE('',#3116,#3117,#1487,.T.);
#3815=EDGE_CURVE('',#3117,#3118,#1488,.T.);
#3816=EDGE_CURVE('',#3118,#3119,#1489,.T.);
#3817=EDGE_CURVE('',#3119,#3120,#1490,.T.);
#3818=EDGE_CURVE('',#3120,#3121,#1491,.T.);
#3819=EDGE_CURVE('',#3121,#3110,#1492,.T.);
#3820=EDGE_CURVE('',#3122,#3123,#1493,.T.);
#3821=EDGE_CURVE('',#3123,#3124,#1494,.T.);
#3822=EDGE_CURVE('',#3124,#3125,#1495,.T.);
#3823=EDGE_CURVE('',#3125,#3126,#86,.T.);
#3824=EDGE_CURVE('',#3126,#3127,#1496,.T.);
#3825=EDGE_CURVE('',#3127,#3128,#1497,.T.);
#3826=EDGE_CURVE('',#3128,#3129,#1498,.T.);
#3827=EDGE_CURVE('',#3129,#3130,#1499,.T.);
#3828=EDGE_CURVE('',#3130,#3131,#1500,.T.);
#3829=EDGE_CURVE('',#3131,#3132,#87,.T.);
#3830=EDGE_CURVE('',#3132,#3133,#1501,.T.);
#3831=EDGE_CURVE('',#3133,#3122,#1502,.T.);
#3832=EDGE_CURVE('',#3134,#3135,#88,.T.);
#3833=EDGE_CURVE('',#3135,#3136,#1503,.T.);
#3834=EDGE_CURVE('',#3136,#3137,#1504,.T.);
#3835=EDGE_CURVE('',#3137,#3138,#1505,.T.);
#3836=EDGE_CURVE('',#3138,#3139,#89,.T.);
#3837=EDGE_CURVE('',#3139,#3140,#1506,.T.);
#3838=EDGE_CURVE('',#3140,#3141,#1507,.T.);
#3839=EDGE_CURVE('',#3141,#3142,#1508,.T.);
#3840=EDGE_CURVE('',#3142,#3143,#90,.T.);
#3841=EDGE_CURVE('',#3143,#3134,#1509,.T.);
#3842=EDGE_CURVE('',#3144,#3145,#1510,.T.);
#3843=EDGE_CURVE('',#3145,#3146,#91,.T.);
#3844=EDGE_CURVE('',#3146,#3147,#92,.T.);
#3845=EDGE_CURVE('',#3147,#3148,#213,.T.);
#3846=EDGE_CURVE('',#3148,#3149,#93,.T.);
#3847=EDGE_CURVE('',#3149,#3150,#1511,.T.);
#3848=EDGE_CURVE('',#3150,#3151,#94,.T.);
#3849=EDGE_CURVE('',#3151,#3152,#95,.T.);
#3850=EDGE_CURVE('',#3152,#3144,#214,.T.);
#3851=EDGE_CURVE('',#3153,#3154,#1512,.T.);
#3852=EDGE_CURVE('',#3154,#3155,#1513,.T.);
#3853=EDGE_CURVE('',#3155,#3156,#96,.T.);
#3854=EDGE_CURVE('',#3156,#3157,#97,.T.);
#3855=EDGE_CURVE('',#3157,#3153,#1514,.T.);
#3856=EDGE_CURVE('',#3158,#3158,#98,.T.);
#3857=EDGE_CURVE('',#3159,#3160,#1515,.T.);
#3858=EDGE_CURVE('',#3160,#3161,#1516,.T.);
#3859=EDGE_CURVE('',#3161,#3162,#1517,.T.);
#3860=EDGE_CURVE('',#3162,#3159,#1518,.T.);
#3861=EDGE_CURVE('',#3163,#3164,#1519,.T.);
#3862=EDGE_CURVE('',#3164,#3165,#1520,.T.);
#3863=EDGE_CURVE('',#3165,#3166,#1521,.T.);
#3864=EDGE_CURVE('',#3166,#3167,#1522,.T.);
#3865=EDGE_CURVE('',#3167,#3168,#1523,.T.);
#3866=EDGE_CURVE('',#3168,#3163,#1524,.T.);
#3867=EDGE_CURVE('',#3169,#3170,#1525,.T.);
#3868=EDGE_CURVE('',#3170,#3171,#1526,.T.);
#3869=EDGE_CURVE('',#3171,#3172,#1527,.T.);
#3870=EDGE_CURVE('',#3172,#3173,#1528,.T.);
#3871=EDGE_CURVE('',#3173,#3174,#1529,.T.);
#3872=EDGE_CURVE('',#3174,#3175,#1530,.T.);
#3873=EDGE_CURVE('',#3175,#3176,#1531,.T.);
#3874=EDGE_CURVE('',#3176,#3177,#1532,.T.);
#3875=EDGE_CURVE('',#3177,#3178,#1533,.T.);
#3876=EDGE_CURVE('',#3178,#3179,#1534,.T.);
#3877=EDGE_CURVE('',#3179,#3180,#1535,.T.);
#3878=EDGE_CURVE('',#3180,#3169,#1536,.T.);
#3879=EDGE_CURVE('',#3181,#3182,#1537,.T.);
#3880=EDGE_CURVE('',#3182,#3183,#1538,.T.);
#3881=EDGE_CURVE('',#3183,#3184,#1539,.T.);
#3882=EDGE_CURVE('',#3184,#3185,#1540,.T.);
#3883=EDGE_CURVE('',#3185,#3186,#1541,.T.);
#3884=EDGE_CURVE('',#3186,#3187,#1542,.T.);
#3885=EDGE_CURVE('',#3187,#3188,#1543,.T.);
#3886=EDGE_CURVE('',#3188,#3181,#1544,.T.);
#3887=EDGE_CURVE('',#3189,#3190,#1545,.T.);
#3888=EDGE_CURVE('',#3190,#3191,#1546,.T.);
#3889=EDGE_CURVE('',#3191,#3192,#1547,.T.);
#3890=EDGE_CURVE('',#3192,#3193,#1548,.T.);
#3891=EDGE_CURVE('',#3193,#3194,#1549,.T.);
#3892=EDGE_CURVE('',#3194,#3195,#1550,.T.);
#3893=EDGE_CURVE('',#3195,#3196,#1551,.T.);
#3894=EDGE_CURVE('',#3196,#3197,#1552,.T.);
#3895=EDGE_CURVE('',#3197,#3198,#1553,.T.);
#3896=EDGE_CURVE('',#3198,#3189,#1554,.T.);
#3897=EDGE_CURVE('',#3199,#3200,#1555,.T.);
#3898=EDGE_CURVE('',#3200,#3201,#1556,.T.);
#3899=EDGE_CURVE('',#3201,#3202,#99,.T.);
#3900=EDGE_CURVE('',#3202,#3203,#100,.T.);
#3901=EDGE_CURVE('',#3203,#3204,#1557,.T.);
#3902=EDGE_CURVE('',#3204,#3205,#1558,.T.);
#3903=EDGE_CURVE('',#3205,#3206,#1559,.T.);
#3904=EDGE_CURVE('',#3206,#3207,#101,.T.);
#3905=EDGE_CURVE('',#3207,#3199,#1560,.T.);
#3906=EDGE_CURVE('',#3208,#3209,#102,.T.);
#3907=EDGE_CURVE('',#3209,#3210,#1561,.T.);
#3908=EDGE_CURVE('',#3210,#3211,#1562,.T.);
#3909=EDGE_CURVE('',#3211,#3212,#1563,.T.);
#3910=EDGE_CURVE('',#3212,#3213,#103,.T.);
#3911=EDGE_CURVE('',#3213,#3214,#104,.T.);
#3912=EDGE_CURVE('',#3214,#3215,#105,.T.);
#3913=EDGE_CURVE('',#3215,#3216,#1564,.T.);
#3914=EDGE_CURVE('',#3216,#3217,#1565,.T.);
#3915=EDGE_CURVE('',#3217,#3218,#1566,.T.);
#3916=EDGE_CURVE('',#3218,#3219,#106,.T.);
#3917=EDGE_CURVE('',#3219,#3220,#107,.T.);
#3918=EDGE_CURVE('',#3220,#3221,#108,.T.);
#3919=EDGE_CURVE('',#3221,#3222,#215,.T.);
#3920=EDGE_CURVE('',#3222,#3223,#1567,.T.);
#3921=EDGE_CURVE('',#3223,#3224,#1568,.T.);
#3922=EDGE_CURVE('',#3224,#3225,#1569,.T.);
#3923=EDGE_CURVE('',#3225,#3226,#1570,.T.);
#3924=EDGE_CURVE('',#3226,#3227,#1571,.T.);
#3925=EDGE_CURVE('',#3227,#3228,#109,.T.);
#3926=EDGE_CURVE('',#3228,#3229,#110,.T.);
#3927=EDGE_CURVE('',#3229,#3230,#111,.T.);
#3928=EDGE_CURVE('',#3230,#3231,#112,.T.);
#3929=EDGE_CURVE('',#3231,#3232,#113,.T.);
#3930=EDGE_CURVE('',#3232,#3208,#1572,.T.);
#3931=EDGE_CURVE('',#3233,#3234,#114,.T.);
#3932=EDGE_CURVE('',#3234,#3235,#1573,.T.);
#3933=EDGE_CURVE('',#3235,#3236,#1574,.T.);
#3934=EDGE_CURVE('',#3236,#3237,#1575,.T.);
#3935=EDGE_CURVE('',#3237,#3238,#1576,.T.);
#3936=EDGE_CURVE('',#3238,#3239,#115,.T.);
#3937=EDGE_CURVE('',#3239,#3240,#1577,.T.);
#3938=EDGE_CURVE('',#3240,#3241,#1578,.T.);
#3939=EDGE_CURVE('',#3241,#3242,#1579,.T.);
#3940=EDGE_CURVE('',#3242,#3233,#1580,.T.);
#3941=EDGE_CURVE('',#2974,#3005,#1581,.T.);
#3942=EDGE_CURVE('',#3007,#2973,#1582,.T.);
#3943=EDGE_CURVE('',#3243,#3244,#2899,.F.);
#3944=EDGE_CURVE('',#3245,#3243,#2900,.F.);
#3945=EDGE_CURVE('',#3244,#3245,#2901,.F.);
#3946=EDGE_CURVE('',#3246,#3247,#2902,.F.);
#3947=EDGE_CURVE('',#3248,#3246,#2903,.F.);
#3948=EDGE_CURVE('',#3247,#3248,#2904,.F.);
#3949=EDGE_CURVE('',#3243,#3248,#1583,.T.);
#3950=EDGE_CURVE('',#3246,#3245,#1584,.T.);
#3951=EDGE_CURVE('',#3249,#3250,#2905,.F.);
#3952=EDGE_CURVE('',#3251,#3249,#2906,.F.);
#3953=EDGE_CURVE('',#3250,#3251,#2907,.F.);
#3954=EDGE_CURVE('',#3249,#3243,#1585,.T.);
#3955=EDGE_CURVE('',#3244,#3251,#1586,.T.);
#3956=EDGE_CURVE('',#3252,#3253,#216,.T.);
#3957=EDGE_CURVE('',#3252,#3250,#1587,.T.);
#3958=EDGE_CURVE('',#3251,#3254,#1588,.T.);
#3959=EDGE_CURVE('',#3253,#3254,#217,.T.);
#3960=EDGE_CURVE('',#3255,#3256,#2908,.F.);
#3961=EDGE_CURVE('',#3257,#3255,#2909,.F.);
#3962=EDGE_CURVE('',#3256,#3257,#2910,.F.);
#3963=EDGE_CURVE('',#3255,#3249,#1589,.T.);
#3964=EDGE_CURVE('',#3250,#3257,#1590,.T.);
#3965=EDGE_CURVE('',#3258,#3259,#218,.T.);
#3966=EDGE_CURVE('',#3258,#3256,#1591,.T.);
#3967=EDGE_CURVE('',#3257,#3260,#1592,.T.);
#3968=EDGE_CURVE('',#3259,#3260,#219,.T.);
#3969=EDGE_CURVE('',#3248,#3255,#1593,.T.);
#3970=EDGE_CURVE('',#3256,#3247,#1594,.T.);
#3971=EDGE_CURVE('',#3261,#3262,#220,.T.);
#3972=EDGE_CURVE('',#3261,#3246,#1595,.T.);
#3973=EDGE_CURVE('',#3247,#3263,#1596,.T.);
#3974=EDGE_CURVE('',#3262,#3263,#221,.T.);
#3975=EDGE_CURVE('',#3264,#3265,#222,.T.);
#3976=EDGE_CURVE('',#3264,#3244,#1597,.T.);
#3977=EDGE_CURVE('',#3245,#3266,#1598,.T.);
#3978=EDGE_CURVE('',#3265,#3266,#223,.T.);
#3979=EDGE_CURVE('',#3260,#3267,#1599,.T.);
#3980=EDGE_CURVE('',#3267,#3268,#1600,.T.);
#3981=EDGE_CURVE('',#3268,#2960,#1601,.T.);
#3982=EDGE_CURVE('',#3259,#2960,#1602,.T.);
#3983=EDGE_CURVE('',#2970,#3252,#1603,.T.);
#3984=EDGE_CURVE('',#2934,#3267,#1604,.T.);
#3985=EDGE_CURVE('',#3262,#2959,#1605,.T.);
#3986=EDGE_CURVE('',#3263,#3258,#1606,.T.);
#3987=EDGE_CURVE('',#2967,#3253,#1607,.T.);
#3988=EDGE_CURVE('',#3254,#3264,#1608,.T.);
#3989=EDGE_CURVE('',#3265,#2968,#1609,.T.);
#3990=EDGE_CURVE('',#2976,#3001,#1610,.T.);
#3991=EDGE_CURVE('',#3003,#2975,#1611,.T.);
#3992=EDGE_CURVE('',#2962,#3261,#1612,.T.);
#3993=EDGE_CURVE('',#3266,#3269,#1613,.T.);
#3994=EDGE_CURVE('',#3269,#3270,#1614,.T.);
#3995=EDGE_CURVE('',#3270,#2968,#1615,.T.);
#3996=EDGE_CURVE('',#2940,#3269,#1616,.T.);
#3997=EDGE_CURVE('',#3233,#3271,#1617,.T.);
#3998=EDGE_CURVE('',#3271,#3272,#116,.T.);
#3999=EDGE_CURVE('',#3234,#3272,#1618,.T.);
#4000=EDGE_CURVE('',#3242,#3273,#1619,.T.);
#4001=EDGE_CURVE('',#3273,#3271,#1620,.T.);
#4002=EDGE_CURVE('',#3241,#3274,#1621,.T.);
#4003=EDGE_CURVE('',#3274,#3273,#1622,.T.);
#4004=EDGE_CURVE('',#3240,#3275,#1623,.T.);
#4005=EDGE_CURVE('',#3275,#3274,#1624,.T.);
#4006=EDGE_CURVE('',#3239,#3276,#1625,.T.);
#4007=EDGE_CURVE('',#3276,#3275,#1626,.T.);
#4008=EDGE_CURVE('',#3238,#3277,#1627,.T.);
#4009=EDGE_CURVE('',#3277,#3276,#117,.T.);
#4010=EDGE_CURVE('',#3237,#3278,#1628,.T.);
#4011=EDGE_CURVE('',#3278,#3277,#1629,.T.);
#4012=EDGE_CURVE('',#3236,#3279,#1630,.T.);
#4013=EDGE_CURVE('',#3279,#3278,#1631,.T.);
#4014=EDGE_CURVE('',#3235,#3280,#1632,.T.);
#4015=EDGE_CURVE('',#3280,#3279,#1633,.T.);
#4016=EDGE_CURVE('',#3272,#3280,#1634,.T.);
#4017=EDGE_CURVE('',#3208,#3281,#1635,.T.);
#4018=EDGE_CURVE('',#3281,#3282,#118,.T.);
#4019=EDGE_CURVE('',#3209,#3282,#1636,.T.);
#4020=EDGE_CURVE('',#3232,#3283,#1637,.T.);
#4021=EDGE_CURVE('',#3283,#3281,#1638,.T.);
#4022=EDGE_CURVE('',#3231,#3284,#1639,.T.);
#4023=EDGE_CURVE('',#3284,#3283,#119,.T.);
#4024=EDGE_CURVE('',#3230,#3285,#1640,.T.);
#4025=EDGE_CURVE('',#3285,#3284,#120,.T.);
#4026=EDGE_CURVE('',#3229,#3286,#1641,.T.);
#4027=EDGE_CURVE('',#3286,#3285,#121,.T.);
#4028=EDGE_CURVE('',#3228,#3287,#1642,.T.);
#4029=EDGE_CURVE('',#3287,#3286,#122,.T.);
#4030=EDGE_CURVE('',#3227,#3288,#1643,.T.);
#4031=EDGE_CURVE('',#3288,#3287,#123,.T.);
#4032=EDGE_CURVE('',#3226,#3289,#1644,.T.);
#4033=EDGE_CURVE('',#3289,#3288,#1645,.T.);
#4034=EDGE_CURVE('',#3225,#3290,#1646,.T.);
#4035=EDGE_CURVE('',#3290,#3289,#1647,.T.);
#4036=EDGE_CURVE('',#3224,#3291,#1648,.T.);
#4037=EDGE_CURVE('',#3291,#3290,#1649,.T.);
#4038=EDGE_CURVE('',#3223,#3292,#1650,.T.);
#4039=EDGE_CURVE('',#3292,#3291,#1651,.T.);
#4040=EDGE_CURVE('',#3222,#3293,#1652,.T.);
#4041=EDGE_CURVE('',#3293,#3292,#1653,.T.);
#4042=EDGE_CURVE('',#3221,#3294,#1654,.T.);
#4043=EDGE_CURVE('',#3294,#3293,#224,.T.);
#4044=EDGE_CURVE('',#3220,#3295,#1655,.T.);
#4045=EDGE_CURVE('',#3295,#3294,#124,.T.);
#4046=EDGE_CURVE('',#3219,#3296,#1656,.T.);
#4047=EDGE_CURVE('',#3296,#3295,#125,.T.);
#4048=EDGE_CURVE('',#3218,#3297,#1657,.T.);
#4049=EDGE_CURVE('',#3297,#3296,#126,.T.);
#4050=EDGE_CURVE('',#3217,#3298,#1658,.T.);
#4051=EDGE_CURVE('',#3298,#3297,#1659,.T.);
#4052=EDGE_CURVE('',#3216,#3299,#1660,.T.);
#4053=EDGE_CURVE('',#3299,#3298,#1661,.T.);
#4054=EDGE_CURVE('',#3215,#3300,#1662,.T.);
#4055=EDGE_CURVE('',#3300,#3299,#1663,.T.);
#4056=EDGE_CURVE('',#3214,#3301,#1664,.T.);
#4057=EDGE_CURVE('',#3301,#3300,#127,.T.);
#4058=EDGE_CURVE('',#3213,#3302,#1665,.T.);
#4059=EDGE_CURVE('',#3302,#3301,#128,.T.);
#4060=EDGE_CURVE('',#3212,#3303,#1666,.T.);
#4061=EDGE_CURVE('',#3303,#3302,#129,.T.);
#4062=EDGE_CURVE('',#3211,#3304,#1667,.T.);
#4063=EDGE_CURVE('',#3304,#3303,#1668,.T.);
#4064=EDGE_CURVE('',#3210,#3305,#1669,.T.);
#4065=EDGE_CURVE('',#3305,#3304,#1670,.T.);
#4066=EDGE_CURVE('',#3282,#3305,#1671,.T.);
#4067=EDGE_CURVE('',#3199,#3306,#1672,.T.);
#4068=EDGE_CURVE('',#3306,#3307,#1673,.T.);
#4069=EDGE_CURVE('',#3200,#3307,#1674,.T.);
#4070=EDGE_CURVE('',#3207,#3308,#1675,.T.);
#4071=EDGE_CURVE('',#3308,#3306,#1676,.T.);
#4072=EDGE_CURVE('',#3206,#3309,#1677,.T.);
#4073=EDGE_CURVE('',#3309,#3308,#130,.T.);
#4074=EDGE_CURVE('',#3205,#3310,#1678,.T.);
#4075=EDGE_CURVE('',#3310,#3309,#1679,.T.);
#4076=EDGE_CURVE('',#3204,#3311,#1680,.T.);
#4077=EDGE_CURVE('',#3311,#3310,#1681,.T.);
#4078=EDGE_CURVE('',#3203,#3312,#1682,.T.);
#4079=EDGE_CURVE('',#3312,#3311,#1683,.T.);
#4080=EDGE_CURVE('',#3202,#3313,#1684,.T.);
#4081=EDGE_CURVE('',#3313,#3312,#131,.T.);
#4082=EDGE_CURVE('',#3201,#3314,#1685,.T.);
#4083=EDGE_CURVE('',#3314,#3313,#132,.T.);
#4084=EDGE_CURVE('',#3307,#3314,#1686,.T.);
#4085=EDGE_CURVE('',#3189,#3315,#1687,.T.);
#4086=EDGE_CURVE('',#3315,#3316,#1688,.T.);
#4087=EDGE_CURVE('',#3190,#3316,#1689,.T.);
#4088=EDGE_CURVE('',#3198,#3317,#1690,.T.);
#4089=EDGE_CURVE('',#3317,#3315,#1691,.T.);
#4090=EDGE_CURVE('',#3197,#3318,#1692,.T.);
#4091=EDGE_CURVE('',#3318,#3317,#1693,.T.);
#4092=EDGE_CURVE('',#3196,#3319,#1694,.T.);
#4093=EDGE_CURVE('',#3319,#3318,#1695,.T.);
#4094=EDGE_CURVE('',#3195,#3320,#1696,.T.);
#4095=EDGE_CURVE('',#3320,#3319,#1697,.T.);
#4096=EDGE_CURVE('',#3194,#3321,#1698,.T.);
#4097=EDGE_CURVE('',#3321,#3320,#1699,.T.);
#4098=EDGE_CURVE('',#3193,#3322,#1700,.T.);
#4099=EDGE_CURVE('',#3322,#3321,#1701,.T.);
#4100=EDGE_CURVE('',#3192,#3323,#1702,.T.);
#4101=EDGE_CURVE('',#3323,#3322,#1703,.T.);
#4102=EDGE_CURVE('',#3191,#3324,#1704,.T.);
#4103=EDGE_CURVE('',#3324,#3323,#1705,.T.);
#4104=EDGE_CURVE('',#3316,#3324,#1706,.T.);
#4105=EDGE_CURVE('',#3181,#3325,#1707,.T.);
#4106=EDGE_CURVE('',#3325,#3326,#1708,.T.);
#4107=EDGE_CURVE('',#3182,#3326,#1709,.T.);
#4108=EDGE_CURVE('',#3188,#3327,#1710,.T.);
#4109=EDGE_CURVE('',#3327,#3325,#1711,.T.);
#4110=EDGE_CURVE('',#3187,#3328,#1712,.T.);
#4111=EDGE_CURVE('',#3328,#3327,#1713,.T.);
#4112=EDGE_CURVE('',#3186,#3329,#1714,.T.);
#4113=EDGE_CURVE('',#3329,#3328,#1715,.T.);
#4114=EDGE_CURVE('',#3185,#3330,#1716,.T.);
#4115=EDGE_CURVE('',#3330,#3329,#1717,.T.);
#4116=EDGE_CURVE('',#3184,#3331,#1718,.T.);
#4117=EDGE_CURVE('',#3331,#3330,#1719,.T.);
#4118=EDGE_CURVE('',#3183,#3332,#1720,.T.);
#4119=EDGE_CURVE('',#3332,#3331,#1721,.T.);
#4120=EDGE_CURVE('',#3326,#3332,#1722,.T.);
#4121=EDGE_CURVE('',#3169,#3333,#1723,.T.);
#4122=EDGE_CURVE('',#3333,#3334,#1724,.T.);
#4123=EDGE_CURVE('',#3170,#3334,#1725,.T.);
#4124=EDGE_CURVE('',#3180,#3335,#1726,.T.);
#4125=EDGE_CURVE('',#3335,#3333,#1727,.T.);
#4126=EDGE_CURVE('',#3179,#3336,#1728,.T.);
#4127=EDGE_CURVE('',#3336,#3335,#1729,.T.);
#4128=EDGE_CURVE('',#3178,#3337,#1730,.T.);
#4129=EDGE_CURVE('',#3337,#3336,#1731,.T.);
#4130=EDGE_CURVE('',#3177,#3338,#1732,.T.);
#4131=EDGE_CURVE('',#3338,#3337,#1733,.T.);
#4132=EDGE_CURVE('',#3176,#3339,#1734,.T.);
#4133=EDGE_CURVE('',#3339,#3338,#1735,.T.);
#4134=EDGE_CURVE('',#3175,#3340,#1736,.T.);
#4135=EDGE_CURVE('',#3340,#3339,#1737,.T.);
#4136=EDGE_CURVE('',#3174,#3341,#1738,.T.);
#4137=EDGE_CURVE('',#3341,#3340,#1739,.T.);
#4138=EDGE_CURVE('',#3173,#3342,#1740,.T.);
#4139=EDGE_CURVE('',#3342,#3341,#1741,.T.);
#4140=EDGE_CURVE('',#3172,#3343,#1742,.T.);
#4141=EDGE_CURVE('',#3343,#3342,#1743,.T.);
#4142=EDGE_CURVE('',#3171,#3344,#1744,.T.);
#4143=EDGE_CURVE('',#3344,#3343,#1745,.T.);
#4144=EDGE_CURVE('',#3334,#3344,#1746,.T.);
#4145=EDGE_CURVE('',#3163,#3345,#1747,.T.);
#4146=EDGE_CURVE('',#3345,#3346,#1748,.T.);
#4147=EDGE_CURVE('',#3164,#3346,#1749,.T.);
#4148=EDGE_CURVE('',#3168,#3347,#1750,.T.);
#4149=EDGE_CURVE('',#3347,#3345,#1751,.T.);
#4150=EDGE_CURVE('',#3167,#3348,#1752,.T.);
#4151=EDGE_CURVE('',#3348,#3347,#1753,.T.);
#4152=EDGE_CURVE('',#3166,#3349,#1754,.T.);
#4153=EDGE_CURVE('',#3349,#3348,#1755,.T.);
#4154=EDGE_CURVE('',#3165,#3350,#1756,.T.);
#4155=EDGE_CURVE('',#3350,#3349,#1757,.T.);
#4156=EDGE_CURVE('',#3346,#3350,#1758,.T.);
#4157=EDGE_CURVE('',#3159,#3351,#1759,.T.);
#4158=EDGE_CURVE('',#3351,#3352,#1760,.T.);
#4159=EDGE_CURVE('',#3160,#3352,#1761,.T.);
#4160=EDGE_CURVE('',#3162,#3353,#1762,.T.);
#4161=EDGE_CURVE('',#3353,#3351,#1763,.T.);
#4162=EDGE_CURVE('',#3161,#3354,#1764,.T.);
#4163=EDGE_CURVE('',#3354,#3353,#1765,.T.);
#4164=EDGE_CURVE('',#3352,#3354,#1766,.T.);
#4165=EDGE_CURVE('',#3355,#3355,#133,.T.);
#4166=EDGE_CURVE('',#3355,#3356,#1767,.T.);
#4167=EDGE_CURVE('',#3356,#3356,#134,.T.);
#4168=EDGE_CURVE('',#3158,#3357,#1768,.T.);
#4169=EDGE_CURVE('',#3357,#3357,#135,.T.);
#4170=EDGE_CURVE('',#3358,#3359,#136,.T.);
#4171=EDGE_CURVE('',#3358,#3360,#1769,.T.);
#4172=EDGE_CURVE('',#3360,#3361,#137,.T.);
#4173=EDGE_CURVE('',#3359,#3361,#1770,.T.);
#4174=EDGE_CURVE('',#3362,#3358,#1771,.T.);
#4175=EDGE_CURVE('',#3362,#3363,#1772,.T.);
#4176=EDGE_CURVE('',#3363,#3360,#1773,.T.);
#4177=EDGE_CURVE('',#3364,#3362,#1774,.T.);
#4178=EDGE_CURVE('',#3364,#3365,#1775,.T.);
#4179=EDGE_CURVE('',#3365,#3363,#1776,.T.);
#4180=EDGE_CURVE('',#3359,#3364,#1777,.T.);
#4181=EDGE_CURVE('',#3361,#3365,#1778,.T.);
#4182=EDGE_CURVE('',#3366,#3367,#138,.T.);
#4183=EDGE_CURVE('',#3366,#3368,#1779,.T.);
#4184=EDGE_CURVE('',#3368,#3369,#139,.T.);
#4185=EDGE_CURVE('',#3367,#3369,#1780,.T.);
#4186=EDGE_CURVE('',#3370,#3366,#1781,.T.);
#4187=EDGE_CURVE('',#3370,#3371,#1782,.T.);
#4188=EDGE_CURVE('',#3371,#3368,#1783,.T.);
#4189=EDGE_CURVE('',#3372,#3370,#1784,.T.);
#4190=EDGE_CURVE('',#3372,#3373,#1785,.T.);
#4191=EDGE_CURVE('',#3373,#3371,#1786,.T.);
#4192=EDGE_CURVE('',#3367,#3372,#1787,.T.);
#4193=EDGE_CURVE('',#3369,#3373,#1788,.T.);
#4194=EDGE_CURVE('',#3153,#3374,#1789,.T.);
#4195=EDGE_CURVE('',#3374,#3375,#1790,.T.);
#4196=EDGE_CURVE('',#3154,#3375,#1791,.T.);
#4197=EDGE_CURVE('',#3157,#3376,#1792,.T.);
#4198=EDGE_CURVE('',#3376,#3374,#1793,.T.);
#4199=EDGE_CURVE('',#3156,#3377,#1794,.T.);
#4200=EDGE_CURVE('',#3377,#3376,#140,.T.);
#4201=EDGE_CURVE('',#3155,#3378,#1795,.T.);
#4202=EDGE_CURVE('',#3378,#3377,#141,.T.);
#4203=EDGE_CURVE('',#3375,#3378,#1796,.T.);
#4204=EDGE_CURVE('',#3379,#3380,#225,.T.);
#4205=EDGE_CURVE('',#3379,#3381,#1797,.T.);
#4206=EDGE_CURVE('',#3381,#3382,#226,.T.);
#4207=EDGE_CURVE('',#3380,#3382,#1798,.T.);
#4208=EDGE_CURVE('',#3383,#3379,#142,.T.);
#4209=EDGE_CURVE('',#3383,#3384,#1799,.T.);
#4210=EDGE_CURVE('',#3384,#3381,#143,.T.);
#4211=EDGE_CURVE('',#3385,#3383,#1800,.T.);
#4212=EDGE_CURVE('',#3385,#3386,#1801,.T.);
#4213=EDGE_CURVE('',#3386,#3384,#1802,.T.);
#4214=EDGE_CURVE('',#3387,#3385,#144,.T.);
#4215=EDGE_CURVE('',#3387,#3388,#1803,.T.);
#4216=EDGE_CURVE('',#3388,#3386,#145,.T.);
#4217=EDGE_CURVE('',#3389,#3387,#227,.T.);
#4218=EDGE_CURVE('',#3389,#3390,#1804,.T.);
#4219=EDGE_CURVE('',#3390,#3388,#228,.T.);
#4220=EDGE_CURVE('',#3391,#3389,#1805,.T.);
#4221=EDGE_CURVE('',#3391,#3392,#1806,.T.);
#4222=EDGE_CURVE('',#3392,#3390,#1807,.T.);
#4223=EDGE_CURVE('',#3380,#3391,#146,.T.);
#4224=EDGE_CURVE('',#3382,#3392,#147,.T.);
#4225=EDGE_CURVE('',#3144,#3393,#1808,.T.);
#4226=EDGE_CURVE('',#3393,#3394,#1809,.T.);
#4227=EDGE_CURVE('',#3145,#3394,#1810,.T.);
#4228=EDGE_CURVE('',#3152,#3395,#1811,.T.);
#4229=EDGE_CURVE('',#3395,#3393,#229,.T.);
#4230=EDGE_CURVE('',#3151,#3396,#1812,.T.);
#4231=EDGE_CURVE('',#3396,#3395,#148,.T.);
#4232=EDGE_CURVE('',#3150,#3397,#1813,.T.);
#4233=EDGE_CURVE('',#3397,#3396,#149,.T.);
#4234=EDGE_CURVE('',#3149,#3398,#1814,.T.);
#4235=EDGE_CURVE('',#3398,#3397,#1815,.T.);
#4236=EDGE_CURVE('',#3148,#3399,#1816,.T.);
#4237=EDGE_CURVE('',#3399,#3398,#150,.T.);
#4238=EDGE_CURVE('',#3147,#3400,#1817,.T.);
#4239=EDGE_CURVE('',#3400,#3399,#230,.T.);
#4240=EDGE_CURVE('',#3146,#3401,#1818,.T.);
#4241=EDGE_CURVE('',#3401,#3400,#151,.T.);
#4242=EDGE_CURVE('',#3394,#3401,#152,.T.);
#4243=EDGE_CURVE('',#3134,#3402,#1819,.T.);
#4244=EDGE_CURVE('',#3402,#3403,#153,.T.);
#4245=EDGE_CURVE('',#3135,#3403,#1820,.T.);
#4246=EDGE_CURVE('',#3143,#3404,#1821,.T.);
#4247=EDGE_CURVE('',#3404,#3402,#1822,.T.);
#4248=EDGE_CURVE('',#3142,#3405,#1823,.T.);
#4249=EDGE_CURVE('',#3405,#3404,#154,.T.);
#4250=EDGE_CURVE('',#3141,#3406,#1824,.T.);
#4251=EDGE_CURVE('',#3406,#3405,#1825,.T.);
#4252=EDGE_CURVE('',#3140,#3407,#1826,.T.);
#4253=EDGE_CURVE('',#3407,#3406,#1827,.T.);
#4254=EDGE_CURVE('',#3139,#3408,#1828,.T.);
#4255=EDGE_CURVE('',#3408,#3407,#1829,.T.);
#4256=EDGE_CURVE('',#3138,#3409,#1830,.T.);
#4257=EDGE_CURVE('',#3409,#3408,#155,.T.);
#4258=EDGE_CURVE('',#3137,#3410,#1831,.T.);
#4259=EDGE_CURVE('',#3410,#3409,#1832,.T.);
#4260=EDGE_CURVE('',#3136,#3411,#1833,.T.);
#4261=EDGE_CURVE('',#3411,#3410,#1834,.T.);
#4262=EDGE_CURVE('',#3403,#3411,#1835,.T.);
#4263=EDGE_CURVE('',#3122,#3412,#1836,.T.);
#4264=EDGE_CURVE('',#3412,#3413,#1837,.T.);
#4265=EDGE_CURVE('',#3123,#3413,#1838,.T.);
#4266=EDGE_CURVE('',#3133,#3414,#1839,.T.);
#4267=EDGE_CURVE('',#3414,#3412,#1840,.T.);
#4268=EDGE_CURVE('',#3132,#3415,#1841,.T.);
#4269=EDGE_CURVE('',#3415,#3414,#1842,.T.);
#4270=EDGE_CURVE('',#3131,#3416,#1843,.T.);
#4271=EDGE_CURVE('',#3416,#3415,#156,.T.);
#4272=EDGE_CURVE('',#3130,#3417,#1844,.T.);
#4273=EDGE_CURVE('',#3417,#3416,#1845,.T.);
#4274=EDGE_CURVE('',#3129,#3418,#1846,.T.);
#4275=EDGE_CURVE('',#3418,#3417,#1847,.T.);
#4276=EDGE_CURVE('',#3128,#3419,#1848,.T.);
#4277=EDGE_CURVE('',#3419,#3418,#1849,.T.);
#4278=EDGE_CURVE('',#3127,#3420,#1850,.T.);
#4279=EDGE_CURVE('',#3420,#3419,#1851,.T.);
#4280=EDGE_CURVE('',#3126,#3421,#1852,.T.);
#4281=EDGE_CURVE('',#3421,#3420,#1853,.T.);
#4282=EDGE_CURVE('',#3125,#3422,#1854,.T.);
#4283=EDGE_CURVE('',#3422,#3421,#157,.T.);
#4284=EDGE_CURVE('',#3124,#3423,#1855,.T.);
#4285=EDGE_CURVE('',#3423,#3422,#1856,.T.);
#4286=EDGE_CURVE('',#3413,#3423,#1857,.T.);
#4287=EDGE_CURVE('',#3110,#3424,#1858,.T.);
#4288=EDGE_CURVE('',#3424,#3425,#1859,.T.);
#4289=EDGE_CURVE('',#3111,#3425,#1860,.T.);
#4290=EDGE_CURVE('',#3121,#3426,#1861,.T.);
#4291=EDGE_CURVE('',#3426,#3424,#1862,.T.);
#4292=EDGE_CURVE('',#3120,#3427,#1863,.T.);
#4293=EDGE_CURVE('',#3427,#3426,#1864,.T.);
#4294=EDGE_CURVE('',#3119,#3428,#1865,.T.);
#4295=EDGE_CURVE('',#3428,#3427,#1866,.T.);
#4296=EDGE_CURVE('',#3118,#3429,#1867,.T.);
#4297=EDGE_CURVE('',#3429,#3428,#1868,.T.);
#4298=EDGE_CURVE('',#3117,#3430,#1869,.T.);
#4299=EDGE_CURVE('',#3430,#3429,#1870,.T.);
#4300=EDGE_CURVE('',#3116,#3431,#1871,.T.);
#4301=EDGE_CURVE('',#3431,#3430,#1872,.T.);
#4302=EDGE_CURVE('',#3115,#3432,#1873,.T.);
#4303=EDGE_CURVE('',#3432,#3431,#1874,.T.);
#4304=EDGE_CURVE('',#3114,#3433,#1875,.T.);
#4305=EDGE_CURVE('',#3433,#3432,#1876,.T.);
#4306=EDGE_CURVE('',#3113,#3434,#1877,.T.);
#4307=EDGE_CURVE('',#3434,#3433,#1878,.T.);
#4308=EDGE_CURVE('',#3112,#3435,#1879,.T.);
#4309=EDGE_CURVE('',#3435,#3434,#1880,.T.);
#4310=EDGE_CURVE('',#3425,#3435,#1881,.T.);
#4311=EDGE_CURVE('',#3102,#3436,#1882,.T.);
#4312=EDGE_CURVE('',#3436,#3437,#1883,.T.);
#4313=EDGE_CURVE('',#3103,#3437,#1884,.T.);
#4314=EDGE_CURVE('',#3109,#3438,#1885,.T.);
#4315=EDGE_CURVE('',#3438,#3436,#1886,.T.);
#4316=EDGE_CURVE('',#3108,#3439,#1887,.T.);
#4317=EDGE_CURVE('',#3439,#3438,#1888,.T.);
#4318=EDGE_CURVE('',#3107,#3440,#1889,.T.);
#4319=EDGE_CURVE('',#3440,#3439,#1890,.T.);
#4320=EDGE_CURVE('',#3106,#3441,#1891,.T.);
#4321=EDGE_CURVE('',#3441,#3440,#1892,.T.);
#4322=EDGE_CURVE('',#3105,#3442,#1893,.T.);
#4323=EDGE_CURVE('',#3442,#3441,#1894,.T.);
#4324=EDGE_CURVE('',#3104,#3443,#1895,.T.);
#4325=EDGE_CURVE('',#3443,#3442,#1896,.T.);
#4326=EDGE_CURVE('',#3437,#3443,#1897,.T.);
#4327=EDGE_CURVE('',#3097,#3444,#1898,.T.);
#4328=EDGE_CURVE('',#3444,#3445,#158,.T.);
#4329=EDGE_CURVE('',#3098,#3445,#1899,.T.);
#4330=EDGE_CURVE('',#3101,#3446,#1900,.T.);
#4331=EDGE_CURVE('',#3446,#3444,#1901,.T.);
#4332=EDGE_CURVE('',#3100,#3447,#1902,.T.);
#4333=EDGE_CURVE('',#3447,#3446,#159,.T.);
#4334=EDGE_CURVE('',#3099,#3448,#1903,.T.);
#4335=EDGE_CURVE('',#3448,#3447,#160,.T.);
#4336=EDGE_CURVE('',#3445,#3448,#1904,.T.);
#4337=EDGE_CURVE('',#3092,#3449,#1905,.T.);
#4338=EDGE_CURVE('',#3449,#3450,#161,.T.);
#4339=EDGE_CURVE('',#3093,#3450,#1906,.T.);
#4340=EDGE_CURVE('',#3096,#3451,#1907,.T.);
#4341=EDGE_CURVE('',#3451,#3449,#1908,.T.);
#4342=EDGE_CURVE('',#3095,#3452,#1909,.T.);
#4343=EDGE_CURVE('',#3452,#3451,#162,.T.);
#4344=EDGE_CURVE('',#3094,#3453,#1910,.T.);
#4345=EDGE_CURVE('',#3453,#3452,#163,.T.);
#4346=EDGE_CURVE('',#3450,#3453,#1911,.T.);
#4347=EDGE_CURVE('',#3454,#3455,#164,.T.);
#4348=EDGE_CURVE('',#3454,#3456,#1912,.T.);
#4349=EDGE_CURVE('',#3456,#3457,#165,.T.);
#4350=EDGE_CURVE('',#3455,#3457,#1913,.T.);
#4351=EDGE_CURVE('',#3458,#3454,#1914,.T.);
#4352=EDGE_CURVE('',#3458,#3459,#1915,.T.);
#4353=EDGE_CURVE('',#3459,#3456,#1916,.T.);
#4354=EDGE_CURVE('',#3460,#3458,#1917,.T.);
#4355=EDGE_CURVE('',#3460,#3461,#1918,.T.);
#4356=EDGE_CURVE('',#3461,#3459,#1919,.T.);
#4357=EDGE_CURVE('',#3455,#3460,#1920,.T.);
#4358=EDGE_CURVE('',#3457,#3461,#1921,.T.);
#4359=EDGE_CURVE('',#3088,#3462,#1922,.T.);
#4360=EDGE_CURVE('',#3462,#3463,#1923,.T.);
#4361=EDGE_CURVE('',#3089,#3463,#1924,.T.);
#4362=EDGE_CURVE('',#3091,#3464,#1925,.T.);
#4363=EDGE_CURVE('',#3464,#3462,#1926,.T.);
#4364=EDGE_CURVE('',#3090,#3465,#1927,.T.);
#4365=EDGE_CURVE('',#3465,#3464,#166,.T.);
#4366=EDGE_CURVE('',#3463,#3465,#1928,.T.);
#4367=EDGE_CURVE('',#3076,#3466,#1929,.T.);
#4368=EDGE_CURVE('',#3466,#3467,#1930,.T.);
#4369=EDGE_CURVE('',#3077,#3467,#1931,.T.);
#4370=EDGE_CURVE('',#3087,#3468,#1932,.T.);
#4371=EDGE_CURVE('',#3468,#3466,#1933,.T.);
#4372=EDGE_CURVE('',#3086,#3469,#1934,.T.);
#4373=EDGE_CURVE('',#3469,#3468,#1935,.T.);
#4374=EDGE_CURVE('',#3085,#3470,#1936,.T.);
#4375=EDGE_CURVE('',#3470,#3469,#1937,.T.);
#4376=EDGE_CURVE('',#3084,#3471,#1938,.T.);
#4377=EDGE_CURVE('',#3471,#3470,#1939,.T.);
#4378=EDGE_CURVE('',#3083,#3472,#1940,.T.);
#4379=EDGE_CURVE('',#3472,#3471,#1941,.T.);
#4380=EDGE_CURVE('',#3082,#3473,#1942,.T.);
#4381=EDGE_CURVE('',#3473,#3472,#1943,.T.);
#4382=EDGE_CURVE('',#3081,#3474,#1944,.T.);
#4383=EDGE_CURVE('',#3474,#3473,#1945,.T.);
#4384=EDGE_CURVE('',#3080,#3475,#1946,.T.);
#4385=EDGE_CURVE('',#3475,#3474,#1947,.T.);
#4386=EDGE_CURVE('',#3079,#3476,#1948,.T.);
#4387=EDGE_CURVE('',#3476,#3475,#1949,.T.);
#4388=EDGE_CURVE('',#3078,#3477,#1950,.T.);
#4389=EDGE_CURVE('',#3477,#3476,#1951,.T.);
#4390=EDGE_CURVE('',#3467,#3477,#1952,.T.);
#4391=EDGE_CURVE('',#3063,#3478,#1953,.T.);
#4392=EDGE_CURVE('',#3478,#3479,#1954,.T.);
#4393=EDGE_CURVE('',#3064,#3479,#1955,.T.);
#4394=EDGE_CURVE('',#3075,#3480,#1956,.T.);
#4395=EDGE_CURVE('',#3480,#3478,#1957,.T.);
#4396=EDGE_CURVE('',#3074,#3481,#1958,.T.);
#4397=EDGE_CURVE('',#3481,#3480,#1959,.T.);
#4398=EDGE_CURVE('',#3073,#3482,#1960,.T.);
#4399=EDGE_CURVE('',#3482,#3481,#1961,.T.);
#4400=EDGE_CURVE('',#3072,#3483,#1962,.T.);
#4401=EDGE_CURVE('',#3483,#3482,#1963,.T.);
#4402=EDGE_CURVE('',#3071,#3484,#1964,.T.);
#4403=EDGE_CURVE('',#3484,#3483,#1965,.T.);
#4404=EDGE_CURVE('',#3070,#3485,#1966,.T.);
#4405=EDGE_CURVE('',#3485,#3484,#1967,.T.);
#4406=EDGE_CURVE('',#3069,#3486,#1968,.T.);
#4407=EDGE_CURVE('',#3486,#3485,#1969,.T.);
#4408=EDGE_CURVE('',#3068,#3487,#1970,.T.);
#4409=EDGE_CURVE('',#3487,#3486,#1971,.T.);
#4410=EDGE_CURVE('',#3067,#3488,#1972,.T.);
#4411=EDGE_CURVE('',#3488,#3487,#1973,.T.);
#4412=EDGE_CURVE('',#3066,#3489,#1974,.T.);
#4413=EDGE_CURVE('',#3489,#3488,#1975,.T.);
#4414=EDGE_CURVE('',#3065,#3490,#1976,.T.);
#4415=EDGE_CURVE('',#3490,#3489,#1977,.T.);
#4416=EDGE_CURVE('',#3479,#3490,#1978,.T.);
#4417=EDGE_CURVE('',#3055,#3491,#1979,.T.);
#4418=EDGE_CURVE('',#3491,#3492,#1980,.T.);
#4419=EDGE_CURVE('',#3056,#3492,#1981,.T.);
#4420=EDGE_CURVE('',#3062,#3493,#1982,.T.);
#4421=EDGE_CURVE('',#3493,#3491,#1983,.T.);
#4422=EDGE_CURVE('',#3061,#3494,#1984,.T.);
#4423=EDGE_CURVE('',#3494,#3493,#1985,.T.);
#4424=EDGE_CURVE('',#3060,#3495,#1986,.T.);
#4425=EDGE_CURVE('',#3495,#3494,#1987,.T.);
#4426=EDGE_CURVE('',#3059,#3496,#1988,.T.);
#4427=EDGE_CURVE('',#3496,#3495,#1989,.T.);
#4428=EDGE_CURVE('',#3058,#3497,#1990,.T.);
#4429=EDGE_CURVE('',#3497,#3496,#1991,.T.);
#4430=EDGE_CURVE('',#3057,#3498,#1992,.T.);
#4431=EDGE_CURVE('',#3498,#3497,#1993,.T.);
#4432=EDGE_CURVE('',#3492,#3498,#1994,.T.);
#4433=EDGE_CURVE('',#3499,#3500,#167,.T.);
#4434=EDGE_CURVE('',#3499,#3501,#1995,.T.);
#4435=EDGE_CURVE('',#3501,#3502,#168,.T.);
#4436=EDGE_CURVE('',#3500,#3502,#1996,.T.);
#4437=EDGE_CURVE('',#3503,#3499,#1997,.T.);
#4438=EDGE_CURVE('',#3503,#3504,#1998,.T.);
#4439=EDGE_CURVE('',#3504,#3501,#1999,.T.);
#4440=EDGE_CURVE('',#3500,#3503,#169,.T.);
#4441=EDGE_CURVE('',#3502,#3504,#170,.T.);
#4442=EDGE_CURVE('',#3044,#3505,#2000,.T.);
#4443=EDGE_CURVE('',#3505,#3506,#171,.T.);
#4444=EDGE_CURVE('',#3045,#3506,#2001,.T.);
#4445=EDGE_CURVE('',#3054,#3507,#2002,.T.);
#4446=EDGE_CURVE('',#3507,#3505,#231,.T.);
#4447=EDGE_CURVE('',#3053,#3508,#2003,.T.);
#4448=EDGE_CURVE('',#3508,#3507,#172,.T.);
#4449=EDGE_CURVE('',#3052,#3509,#2004,.T.);
#4450=EDGE_CURVE('',#3509,#3508,#173,.T.);
#4451=EDGE_CURVE('',#3051,#3510,#2005,.T.);
#4452=EDGE_CURVE('',#3510,#3509,#2006,.T.);
#4453=EDGE_CURVE('',#3050,#3511,#2007,.T.);
#4454=EDGE_CURVE('',#3511,#3510,#2008,.T.);
#4455=EDGE_CURVE('',#3049,#3512,#2009,.T.);
#4456=EDGE_CURVE('',#3512,#3511,#2010,.T.);
#4457=EDGE_CURVE('',#3048,#3513,#2011,.T.);
#4458=EDGE_CURVE('',#3513,#3512,#2012,.T.);
#4459=EDGE_CURVE('',#3047,#3514,#2013,.T.);
#4460=EDGE_CURVE('',#3514,#3513,#2014,.T.);
#4461=EDGE_CURVE('',#3046,#3515,#2015,.T.);
#4462=EDGE_CURVE('',#3515,#3514,#174,.T.);
#4463=EDGE_CURVE('',#3506,#3515,#175,.T.);
#4464=EDGE_CURVE('',#3032,#3516,#2016,.T.);
#4465=EDGE_CURVE('',#3516,#3517,#2017,.T.);
#4466=EDGE_CURVE('',#3033,#3517,#2018,.T.);
#4467=EDGE_CURVE('',#3043,#3518,#2019,.T.);
#4468=EDGE_CURVE('',#3518,#3516,#2020,.T.);
#4469=EDGE_CURVE('',#3042,#3519,#2021,.T.);
#4470=EDGE_CURVE('',#3519,#3518,#2022,.T.);
#4471=EDGE_CURVE('',#3041,#3520,#2023,.T.);
#4472=EDGE_CURVE('',#3520,#3519,#2024,.T.);
#4473=EDGE_CURVE('',#3040,#3521,#2025,.T.);
#4474=EDGE_CURVE('',#3521,#3520,#2026,.T.);
#4475=EDGE_CURVE('',#3039,#3522,#2027,.T.);
#4476=EDGE_CURVE('',#3522,#3521,#2028,.T.);
#4477=EDGE_CURVE('',#3038,#3523,#2029,.T.);
#4478=EDGE_CURVE('',#3523,#3522,#2030,.T.);
#4479=EDGE_CURVE('',#3037,#3524,#2031,.T.);
#4480=EDGE_CURVE('',#3524,#3523,#2032,.T.);
#4481=EDGE_CURVE('',#3036,#3525,#2033,.T.);
#4482=EDGE_CURVE('',#3525,#3524,#2034,.T.);
#4483=EDGE_CURVE('',#3035,#3526,#2035,.T.);
#4484=EDGE_CURVE('',#3526,#3525,#2036,.T.);
#4485=EDGE_CURVE('',#3034,#3527,#2037,.T.);
#4486=EDGE_CURVE('',#3527,#3526,#2038,.T.);
#4487=EDGE_CURVE('',#3517,#3527,#2039,.T.);
#4488=EDGE_CURVE('',#3019,#3528,#2040,.T.);
#4489=EDGE_CURVE('',#3528,#3529,#2041,.T.);
#4490=EDGE_CURVE('',#3020,#3529,#2042,.T.);
#4491=EDGE_CURVE('',#3031,#3530,#2043,.T.);
#4492=EDGE_CURVE('',#3530,#3528,#176,.T.);
#4493=EDGE_CURVE('',#3030,#3531,#2044,.T.);
#4494=EDGE_CURVE('',#3531,#3530,#2045,.T.);
#4495=EDGE_CURVE('',#3029,#3532,#2046,.T.);
#4496=EDGE_CURVE('',#3532,#3531,#2047,.T.);
#4497=EDGE_CURVE('',#3028,#3533,#2048,.T.);
#4498=EDGE_CURVE('',#3533,#3532,#2049,.T.);
#4499=EDGE_CURVE('',#3027,#3534,#2050,.T.);
#4500=EDGE_CURVE('',#3534,#3533,#2051,.T.);
#4501=EDGE_CURVE('',#3026,#3535,#2052,.T.);
#4502=EDGE_CURVE('',#3535,#3534,#2053,.T.);
#4503=EDGE_CURVE('',#3025,#3536,#2054,.T.);
#4504=EDGE_CURVE('',#3536,#3535,#177,.T.);
#4505=EDGE_CURVE('',#3024,#3537,#2055,.T.);
#4506=EDGE_CURVE('',#3537,#3536,#2056,.T.);
#4507=EDGE_CURVE('',#3023,#3538,#2057,.T.);
#4508=EDGE_CURVE('',#3538,#3537,#2058,.T.);
#4509=EDGE_CURVE('',#3022,#3539,#2059,.T.);
#4510=EDGE_CURVE('',#3539,#3538,#2060,.T.);
#4511=EDGE_CURVE('',#3021,#3540,#2061,.T.);
#4512=EDGE_CURVE('',#3540,#3539,#2062,.T.);
#4513=EDGE_CURVE('',#3529,#3540,#2063,.T.);
#4514=EDGE_CURVE('',#3270,#2966,#2064,.T.);
#4515=EDGE_CURVE('',#2958,#3268,#2065,.T.);
#4516=ORIENTED_EDGE('',*,*,#3541,.F.);
#4517=ORIENTED_EDGE('',*,*,#3542,.T.);
#4518=ORIENTED_EDGE('',*,*,#3543,.F.);
#4519=ORIENTED_EDGE('',*,*,#3544,.T.);
#4520=ORIENTED_EDGE('',*,*,#3545,.T.);
#4521=ORIENTED_EDGE('',*,*,#3546,.T.);
#4522=ORIENTED_EDGE('',*,*,#3544,.F.);
#4523=ORIENTED_EDGE('',*,*,#3542,.F.);
#4524=ORIENTED_EDGE('',*,*,#3547,.F.);
#4525=ORIENTED_EDGE('',*,*,#3548,.F.);
#4526=ORIENTED_EDGE('',*,*,#3549,.F.);
#4527=ORIENTED_EDGE('',*,*,#3550,.F.);
#4528=ORIENTED_EDGE('',*,*,#3551,.F.);
#4529=ORIENTED_EDGE('',*,*,#3552,.F.);
#4530=ORIENTED_EDGE('',*,*,#3553,.F.);
#4531=ORIENTED_EDGE('',*,*,#3554,.F.);
#4532=ORIENTED_EDGE('',*,*,#3555,.F.);
#4533=ORIENTED_EDGE('',*,*,#3556,.F.);
#4534=ORIENTED_EDGE('',*,*,#3557,.F.);
#4535=ORIENTED_EDGE('',*,*,#3558,.F.);
#4536=ORIENTED_EDGE('',*,*,#3559,.F.);
#4537=ORIENTED_EDGE('',*,*,#3560,.F.);
#4538=ORIENTED_EDGE('',*,*,#3561,.F.);
#4539=ORIENTED_EDGE('',*,*,#3562,.F.);
#4540=ORIENTED_EDGE('',*,*,#3563,.F.);
#4541=ORIENTED_EDGE('',*,*,#3564,.F.);
#4542=ORIENTED_EDGE('',*,*,#3565,.T.);
#4543=ORIENTED_EDGE('',*,*,#3566,.T.);
#4544=ORIENTED_EDGE('',*,*,#3567,.T.);
#4545=ORIENTED_EDGE('',*,*,#3568,.F.);
#4546=ORIENTED_EDGE('',*,*,#3569,.F.);
#4547=ORIENTED_EDGE('',*,*,#3570,.F.);
#4548=ORIENTED_EDGE('',*,*,#3571,.T.);
#4549=ORIENTED_EDGE('',*,*,#3572,.T.);
#4550=ORIENTED_EDGE('',*,*,#3573,.T.);
#4551=ORIENTED_EDGE('',*,*,#3574,.F.);
#4552=ORIENTED_EDGE('',*,*,#3575,.F.);
#4553=ORIENTED_EDGE('',*,*,#3545,.F.);
#4554=ORIENTED_EDGE('',*,*,#3546,.F.);
#4555=ORIENTED_EDGE('',*,*,#3576,.T.);
#4556=ORIENTED_EDGE('',*,*,#3577,.T.);
#4557=ORIENTED_EDGE('',*,*,#3576,.F.);
#4558=ORIENTED_EDGE('',*,*,#3560,.T.);
#4559=ORIENTED_EDGE('',*,*,#3578,.T.);
#4560=ORIENTED_EDGE('',*,*,#3579,.T.);
#4561=ORIENTED_EDGE('',*,*,#3580,.T.);
#4562=ORIENTED_EDGE('',*,*,#3578,.F.);
#4563=ORIENTED_EDGE('',*,*,#3559,.T.);
#4564=ORIENTED_EDGE('',*,*,#3581,.F.);
#4565=ORIENTED_EDGE('',*,*,#3579,.F.);
#4566=ORIENTED_EDGE('',*,*,#3580,.F.);
#4567=ORIENTED_EDGE('',*,*,#3582,.T.);
#4568=ORIENTED_EDGE('',*,*,#3583,.T.);
#4569=ORIENTED_EDGE('',*,*,#3582,.F.);
#4570=ORIENTED_EDGE('',*,*,#3555,.T.);
#4571=ORIENTED_EDGE('',*,*,#3584,.T.);
#4572=ORIENTED_EDGE('',*,*,#3585,.T.);
#4573=ORIENTED_EDGE('',*,*,#3586,.T.);
#4574=ORIENTED_EDGE('',*,*,#3584,.F.);
#4575=ORIENTED_EDGE('',*,*,#3554,.T.);
#4576=ORIENTED_EDGE('',*,*,#3587,.F.);
#4577=ORIENTED_EDGE('',*,*,#3585,.F.);
#4578=ORIENTED_EDGE('',*,*,#3586,.F.);
#4579=ORIENTED_EDGE('',*,*,#3588,.T.);
#4580=ORIENTED_EDGE('',*,*,#3589,.T.);
#4581=ORIENTED_EDGE('',*,*,#3588,.F.);
#4582=ORIENTED_EDGE('',*,*,#3590,.F.);
#4583=ORIENTED_EDGE('',*,*,#3550,.T.);
#4584=ORIENTED_EDGE('',*,*,#3591,.F.);
#4585=ORIENTED_EDGE('',*,*,#3592,.T.);
#4586=ORIENTED_EDGE('',*,*,#3593,.T.);
#4587=ORIENTED_EDGE('',*,*,#3594,.T.);
#4588=ORIENTED_EDGE('',*,*,#3592,.F.);
#4589=ORIENTED_EDGE('',*,*,#3593,.F.);
#4590=ORIENTED_EDGE('',*,*,#3594,.F.);
#4591=ORIENTED_EDGE('',*,*,#3595,.T.);
#4592=ORIENTED_EDGE('',*,*,#3596,.T.);
#4593=ORIENTED_EDGE('',*,*,#3595,.F.);
#4594=ORIENTED_EDGE('',*,*,#3574,.T.);
#4595=ORIENTED_EDGE('',*,*,#3597,.T.);
#4596=ORIENTED_EDGE('',*,*,#3598,.T.);
#4597=ORIENTED_EDGE('',*,*,#3599,.T.);
#4598=ORIENTED_EDGE('',*,*,#3575,.T.);
#4599=ORIENTED_EDGE('',*,*,#3599,.F.);
#4600=ORIENTED_EDGE('',*,*,#3600,.T.);
#4601=ORIENTED_EDGE('',*,*,#3601,.T.);
#4602=ORIENTED_EDGE('',*,*,#3602,.T.);
#4603=ORIENTED_EDGE('',*,*,#3603,.T.);
#4604=ORIENTED_EDGE('',*,*,#3564,.T.);
#4605=ORIENTED_EDGE('',*,*,#3601,.F.);
#4606=ORIENTED_EDGE('',*,*,#3600,.F.);
#4607=ORIENTED_EDGE('',*,*,#3604,.T.);
#4608=ORIENTED_EDGE('',*,*,#3605,.F.);
#4609=ORIENTED_EDGE('',*,*,#3606,.F.);
#4610=ORIENTED_EDGE('',*,*,#3598,.F.);
#4611=ORIENTED_EDGE('',*,*,#3607,.T.);
#4612=ORIENTED_EDGE('',*,*,#3608,.F.);
#4613=ORIENTED_EDGE('',*,*,#3604,.F.);
#4614=ORIENTED_EDGE('',*,*,#3597,.F.);
#4615=ORIENTED_EDGE('',*,*,#3573,.F.);
#4616=ORIENTED_EDGE('',*,*,#3609,.T.);
#4617=ORIENTED_EDGE('',*,*,#3610,.F.);
#4618=ORIENTED_EDGE('',*,*,#3607,.F.);
#4619=ORIENTED_EDGE('',*,*,#3568,.T.);
#4620=ORIENTED_EDGE('',*,*,#3611,.T.);
#4621=ORIENTED_EDGE('',*,*,#3612,.T.);
#4622=ORIENTED_EDGE('',*,*,#3613,.T.);
#4623=ORIENTED_EDGE('',*,*,#3569,.T.);
#4624=ORIENTED_EDGE('',*,*,#3613,.F.);
#4625=ORIENTED_EDGE('',*,*,#3614,.T.);
#4626=ORIENTED_EDGE('',*,*,#3615,.T.);
#4627=ORIENTED_EDGE('',*,*,#3616,.T.);
#4628=ORIENTED_EDGE('',*,*,#3617,.T.);
#4629=ORIENTED_EDGE('',*,*,#3570,.T.);
#4630=ORIENTED_EDGE('',*,*,#3615,.F.);
#4631=ORIENTED_EDGE('',*,*,#3614,.F.);
#4632=ORIENTED_EDGE('',*,*,#3618,.T.);
#4633=ORIENTED_EDGE('',*,*,#3619,.F.);
#4634=ORIENTED_EDGE('',*,*,#3620,.F.);
#4635=ORIENTED_EDGE('',*,*,#3612,.F.);
#4636=ORIENTED_EDGE('',*,*,#3621,.T.);
#4637=ORIENTED_EDGE('',*,*,#3622,.F.);
#4638=ORIENTED_EDGE('',*,*,#3618,.F.);
#4639=ORIENTED_EDGE('',*,*,#3611,.F.);
#4640=ORIENTED_EDGE('',*,*,#3567,.F.);
#4641=ORIENTED_EDGE('',*,*,#3623,.F.);
#4642=ORIENTED_EDGE('',*,*,#3624,.F.);
#4643=ORIENTED_EDGE('',*,*,#3621,.F.);
#4644=ORIENTED_EDGE('',*,*,#3625,.T.);
#4645=ORIENTED_EDGE('',*,*,#3563,.T.);
#4646=ORIENTED_EDGE('',*,*,#3626,.T.);
#4647=ORIENTED_EDGE('',*,*,#3627,.T.);
#4648=ORIENTED_EDGE('',*,*,#3628,.T.);
#4649=ORIENTED_EDGE('',*,*,#3629,.T.);
#4650=ORIENTED_EDGE('',*,*,#3626,.F.);
#4651=ORIENTED_EDGE('',*,*,#3562,.T.);
#4652=ORIENTED_EDGE('',*,*,#3630,.T.);
#4653=ORIENTED_EDGE('',*,*,#3631,.T.);
#4654=ORIENTED_EDGE('',*,*,#3628,.F.);
#4655=ORIENTED_EDGE('',*,*,#3561,.T.);
#4656=ORIENTED_EDGE('',*,*,#3632,.T.);
#4657=ORIENTED_EDGE('',*,*,#3633,.T.);
#4658=ORIENTED_EDGE('',*,*,#3630,.F.);
#4659=ORIENTED_EDGE('',*,*,#3581,.T.);
#4660=ORIENTED_EDGE('',*,*,#3634,.T.);
#4661=ORIENTED_EDGE('',*,*,#3635,.T.);
#4662=ORIENTED_EDGE('',*,*,#3632,.F.);
#4663=ORIENTED_EDGE('',*,*,#3558,.T.);
#4664=ORIENTED_EDGE('',*,*,#3636,.T.);
#4665=ORIENTED_EDGE('',*,*,#3637,.T.);
#4666=ORIENTED_EDGE('',*,*,#3634,.F.);
#4667=ORIENTED_EDGE('',*,*,#3557,.T.);
#4668=ORIENTED_EDGE('',*,*,#3638,.T.);
#4669=ORIENTED_EDGE('',*,*,#3639,.T.);
#4670=ORIENTED_EDGE('',*,*,#3636,.F.);
#4671=ORIENTED_EDGE('',*,*,#3556,.T.);
#4672=ORIENTED_EDGE('',*,*,#3640,.T.);
#4673=ORIENTED_EDGE('',*,*,#3641,.T.);
#4674=ORIENTED_EDGE('',*,*,#3638,.F.);
#4675=ORIENTED_EDGE('',*,*,#3587,.T.);
#4676=ORIENTED_EDGE('',*,*,#3642,.T.);
#4677=ORIENTED_EDGE('',*,*,#3643,.T.);
#4678=ORIENTED_EDGE('',*,*,#3640,.F.);
#4679=ORIENTED_EDGE('',*,*,#3553,.T.);
#4680=ORIENTED_EDGE('',*,*,#3644,.T.);
#4681=ORIENTED_EDGE('',*,*,#3645,.T.);
#4682=ORIENTED_EDGE('',*,*,#3642,.F.);
#4683=ORIENTED_EDGE('',*,*,#3552,.T.);
#4684=ORIENTED_EDGE('',*,*,#3646,.T.);
#4685=ORIENTED_EDGE('',*,*,#3647,.T.);
#4686=ORIENTED_EDGE('',*,*,#3644,.F.);
#4687=ORIENTED_EDGE('',*,*,#3551,.T.);
#4688=ORIENTED_EDGE('',*,*,#3648,.T.);
#4689=ORIENTED_EDGE('',*,*,#3649,.T.);
#4690=ORIENTED_EDGE('',*,*,#3646,.F.);
#4691=ORIENTED_EDGE('',*,*,#3590,.T.);
#4692=ORIENTED_EDGE('',*,*,#3591,.T.);
#4693=ORIENTED_EDGE('',*,*,#3650,.T.);
#4694=ORIENTED_EDGE('',*,*,#3651,.T.);
#4695=ORIENTED_EDGE('',*,*,#3648,.F.);
#4696=ORIENTED_EDGE('',*,*,#3549,.T.);
#4697=ORIENTED_EDGE('',*,*,#3652,.T.);
#4698=ORIENTED_EDGE('',*,*,#3653,.T.);
#4699=ORIENTED_EDGE('',*,*,#3650,.F.);
#4700=ORIENTED_EDGE('',*,*,#3548,.T.);
#4701=ORIENTED_EDGE('',*,*,#3654,.T.);
#4702=ORIENTED_EDGE('',*,*,#3655,.T.);
#4703=ORIENTED_EDGE('',*,*,#3652,.F.);
#4704=ORIENTED_EDGE('',*,*,#3547,.T.);
#4705=ORIENTED_EDGE('',*,*,#3654,.F.);
#4706=ORIENTED_EDGE('',*,*,#3541,.T.);
#4707=ORIENTED_EDGE('',*,*,#3543,.T.);
#4708=ORIENTED_EDGE('',*,*,#3625,.F.);
#4709=ORIENTED_EDGE('',*,*,#3656,.T.);
#4710=ORIENTED_EDGE('',*,*,#3645,.F.);
#4711=ORIENTED_EDGE('',*,*,#3657,.F.);
#4712=ORIENTED_EDGE('',*,*,#3658,.F.);
#4713=ORIENTED_EDGE('',*,*,#3659,.F.);
#4714=ORIENTED_EDGE('',*,*,#3647,.F.);
#4715=ORIENTED_EDGE('',*,*,#3660,.T.);
#4716=ORIENTED_EDGE('',*,*,#3661,.F.);
#4717=ORIENTED_EDGE('',*,*,#3657,.T.);
#4718=ORIENTED_EDGE('',*,*,#3649,.F.);
#4719=ORIENTED_EDGE('',*,*,#3662,.F.);
#4720=ORIENTED_EDGE('',*,*,#3663,.F.);
#4721=ORIENTED_EDGE('',*,*,#3660,.F.);
#4722=ORIENTED_EDGE('',*,*,#3651,.F.);
#4723=ORIENTED_EDGE('',*,*,#3664,.T.);
#4724=ORIENTED_EDGE('',*,*,#3665,.F.);
#4725=ORIENTED_EDGE('',*,*,#3662,.T.);
#4726=ORIENTED_EDGE('',*,*,#3653,.F.);
#4727=ORIENTED_EDGE('',*,*,#3666,.F.);
#4728=ORIENTED_EDGE('',*,*,#3667,.F.);
#4729=ORIENTED_EDGE('',*,*,#3664,.F.);
#4730=ORIENTED_EDGE('',*,*,#3655,.F.);
#4731=ORIENTED_EDGE('',*,*,#3668,.T.);
#4732=ORIENTED_EDGE('',*,*,#3669,.F.);
#4733=ORIENTED_EDGE('',*,*,#3666,.T.);
#4734=ORIENTED_EDGE('',*,*,#3656,.F.);
#4735=ORIENTED_EDGE('',*,*,#3670,.F.);
#4736=ORIENTED_EDGE('',*,*,#3671,.F.);
#4737=ORIENTED_EDGE('',*,*,#3668,.F.);
#4738=ORIENTED_EDGE('',*,*,#3627,.F.);
#4739=ORIENTED_EDGE('',*,*,#3672,.T.);
#4740=ORIENTED_EDGE('',*,*,#3673,.F.);
#4741=ORIENTED_EDGE('',*,*,#3670,.T.);
#4742=ORIENTED_EDGE('',*,*,#3674,.T.);
#4743=ORIENTED_EDGE('',*,*,#3675,.T.);
#4744=ORIENTED_EDGE('',*,*,#3676,.T.);
#4745=ORIENTED_EDGE('',*,*,#3677,.T.);
#4746=ORIENTED_EDGE('',*,*,#3678,.T.);
#4747=ORIENTED_EDGE('',*,*,#3679,.T.);
#4748=ORIENTED_EDGE('',*,*,#3676,.F.);
#4749=ORIENTED_EDGE('',*,*,#3680,.T.);
#4750=ORIENTED_EDGE('',*,*,#3681,.T.);
#4751=ORIENTED_EDGE('',*,*,#3682,.T.);
#4752=ORIENTED_EDGE('',*,*,#3678,.F.);
#4753=ORIENTED_EDGE('',*,*,#3683,.T.);
#4754=ORIENTED_EDGE('',*,*,#3684,.T.);
#4755=ORIENTED_EDGE('',*,*,#3685,.T.);
#4756=ORIENTED_EDGE('',*,*,#3681,.F.);
#4757=ORIENTED_EDGE('',*,*,#3686,.T.);
#4758=ORIENTED_EDGE('',*,*,#3687,.T.);
#4759=ORIENTED_EDGE('',*,*,#3688,.T.);
#4760=ORIENTED_EDGE('',*,*,#3684,.F.);
#4761=ORIENTED_EDGE('',*,*,#3689,.T.);
#4762=ORIENTED_EDGE('',*,*,#3690,.T.);
#4763=ORIENTED_EDGE('',*,*,#3691,.T.);
#4764=ORIENTED_EDGE('',*,*,#3687,.F.);
#4765=ORIENTED_EDGE('',*,*,#3692,.T.);
#4766=ORIENTED_EDGE('',*,*,#3693,.T.);
#4767=ORIENTED_EDGE('',*,*,#3673,.T.);
#4768=ORIENTED_EDGE('',*,*,#3690,.F.);
#4769=ORIENTED_EDGE('',*,*,#3694,.T.);
#4770=ORIENTED_EDGE('',*,*,#3695,.T.);
#4771=ORIENTED_EDGE('',*,*,#3671,.T.);
#4772=ORIENTED_EDGE('',*,*,#3693,.F.);
#4773=ORIENTED_EDGE('',*,*,#3696,.T.);
#4774=ORIENTED_EDGE('',*,*,#3697,.T.);
#4775=ORIENTED_EDGE('',*,*,#3669,.T.);
#4776=ORIENTED_EDGE('',*,*,#3695,.F.);
#4777=ORIENTED_EDGE('',*,*,#3698,.T.);
#4778=ORIENTED_EDGE('',*,*,#3699,.T.);
#4779=ORIENTED_EDGE('',*,*,#3667,.T.);
#4780=ORIENTED_EDGE('',*,*,#3697,.F.);
#4781=ORIENTED_EDGE('',*,*,#3700,.T.);
#4782=ORIENTED_EDGE('',*,*,#3701,.T.);
#4783=ORIENTED_EDGE('',*,*,#3665,.T.);
#4784=ORIENTED_EDGE('',*,*,#3699,.F.);
#4785=ORIENTED_EDGE('',*,*,#3702,.T.);
#4786=ORIENTED_EDGE('',*,*,#3703,.T.);
#4787=ORIENTED_EDGE('',*,*,#3663,.T.);
#4788=ORIENTED_EDGE('',*,*,#3701,.F.);
#4789=ORIENTED_EDGE('',*,*,#3704,.T.);
#4790=ORIENTED_EDGE('',*,*,#3705,.T.);
#4791=ORIENTED_EDGE('',*,*,#3661,.T.);
#4792=ORIENTED_EDGE('',*,*,#3703,.F.);
#4793=ORIENTED_EDGE('',*,*,#3706,.T.);
#4794=ORIENTED_EDGE('',*,*,#3707,.T.);
#4795=ORIENTED_EDGE('',*,*,#3658,.T.);
#4796=ORIENTED_EDGE('',*,*,#3705,.F.);
#4797=ORIENTED_EDGE('',*,*,#3708,.T.);
#4798=ORIENTED_EDGE('',*,*,#3709,.T.);
#4799=ORIENTED_EDGE('',*,*,#3710,.T.);
#4800=ORIENTED_EDGE('',*,*,#3707,.F.);
#4801=ORIENTED_EDGE('',*,*,#3711,.T.);
#4802=ORIENTED_EDGE('',*,*,#3709,.F.);
#4803=ORIENTED_EDGE('',*,*,#3712,.T.);
#4804=ORIENTED_EDGE('',*,*,#3674,.F.);
#4805=ORIENTED_EDGE('',*,*,#3713,.T.);
#4806=ORIENTED_EDGE('',*,*,#3643,.F.);
#4807=ORIENTED_EDGE('',*,*,#3659,.T.);
#4808=ORIENTED_EDGE('',*,*,#3710,.F.);
#4809=ORIENTED_EDGE('',*,*,#3714,.T.);
#4810=ORIENTED_EDGE('',*,*,#3641,.F.);
#4811=ORIENTED_EDGE('',*,*,#3714,.F.);
#4812=ORIENTED_EDGE('',*,*,#3713,.F.);
#4813=ORIENTED_EDGE('',*,*,#3715,.F.);
#4814=ORIENTED_EDGE('',*,*,#3639,.F.);
#4815=ORIENTED_EDGE('',*,*,#3715,.T.);
#4816=ORIENTED_EDGE('',*,*,#3677,.F.);
#4817=ORIENTED_EDGE('',*,*,#3716,.T.);
#4818=ORIENTED_EDGE('',*,*,#3675,.F.);
#4819=ORIENTED_EDGE('',*,*,#3712,.F.);
#4820=ORIENTED_EDGE('',*,*,#3711,.F.);
#4821=ORIENTED_EDGE('',*,*,#3708,.F.);
#4822=ORIENTED_EDGE('',*,*,#3706,.F.);
#4823=ORIENTED_EDGE('',*,*,#3704,.F.);
#4824=ORIENTED_EDGE('',*,*,#3702,.F.);
#4825=ORIENTED_EDGE('',*,*,#3700,.F.);
#4826=ORIENTED_EDGE('',*,*,#3698,.F.);
#4827=ORIENTED_EDGE('',*,*,#3696,.F.);
#4828=ORIENTED_EDGE('',*,*,#3694,.F.);
#4829=ORIENTED_EDGE('',*,*,#3692,.F.);
#4830=ORIENTED_EDGE('',*,*,#3689,.F.);
#4831=ORIENTED_EDGE('',*,*,#3686,.F.);
#4832=ORIENTED_EDGE('',*,*,#3683,.F.);
#4833=ORIENTED_EDGE('',*,*,#3680,.F.);
#4834=ORIENTED_EDGE('',*,*,#3717,.T.);
#4835=ORIENTED_EDGE('',*,*,#3718,.T.);
#4836=ORIENTED_EDGE('',*,*,#3719,.T.);
#4837=ORIENTED_EDGE('',*,*,#3720,.T.);
#4838=ORIENTED_EDGE('',*,*,#3721,.T.);
#4839=ORIENTED_EDGE('',*,*,#3722,.T.);
#4840=ORIENTED_EDGE('',*,*,#3723,.T.);
#4841=ORIENTED_EDGE('',*,*,#3724,.T.);
#4842=ORIENTED_EDGE('',*,*,#3725,.T.);
#4843=ORIENTED_EDGE('',*,*,#3726,.T.);
#4844=ORIENTED_EDGE('',*,*,#3727,.T.);
#4845=ORIENTED_EDGE('',*,*,#3728,.T.);
#4846=ORIENTED_EDGE('',*,*,#3729,.T.);
#4847=ORIENTED_EDGE('',*,*,#3730,.T.);
#4848=ORIENTED_EDGE('',*,*,#3731,.T.);
#4849=ORIENTED_EDGE('',*,*,#3732,.T.);
#4850=ORIENTED_EDGE('',*,*,#3733,.T.);
#4851=ORIENTED_EDGE('',*,*,#3734,.T.);
#4852=ORIENTED_EDGE('',*,*,#3735,.T.);
#4853=ORIENTED_EDGE('',*,*,#3736,.T.);
#4854=ORIENTED_EDGE('',*,*,#3737,.T.);
#4855=ORIENTED_EDGE('',*,*,#3738,.T.);
#4856=ORIENTED_EDGE('',*,*,#3739,.T.);
#4857=ORIENTED_EDGE('',*,*,#3740,.T.);
#4858=ORIENTED_EDGE('',*,*,#3741,.T.);
#4859=ORIENTED_EDGE('',*,*,#3742,.T.);
#4860=ORIENTED_EDGE('',*,*,#3743,.T.);
#4861=ORIENTED_EDGE('',*,*,#3744,.T.);
#4862=ORIENTED_EDGE('',*,*,#3745,.T.);
#4863=ORIENTED_EDGE('',*,*,#3746,.T.);
#4864=ORIENTED_EDGE('',*,*,#3747,.T.);
#4865=ORIENTED_EDGE('',*,*,#3748,.T.);
#4866=ORIENTED_EDGE('',*,*,#3749,.T.);
#4867=ORIENTED_EDGE('',*,*,#3750,.T.);
#4868=ORIENTED_EDGE('',*,*,#3751,.T.);
#4869=ORIENTED_EDGE('',*,*,#3752,.T.);
#4870=ORIENTED_EDGE('',*,*,#3753,.T.);
#4871=ORIENTED_EDGE('',*,*,#3754,.T.);
#4872=ORIENTED_EDGE('',*,*,#3755,.T.);
#4873=ORIENTED_EDGE('',*,*,#3756,.T.);
#4874=ORIENTED_EDGE('',*,*,#3757,.T.);
#4875=ORIENTED_EDGE('',*,*,#3758,.T.);
#4876=ORIENTED_EDGE('',*,*,#3759,.T.);
#4877=ORIENTED_EDGE('',*,*,#3760,.T.);
#4878=ORIENTED_EDGE('',*,*,#3761,.T.);
#4879=ORIENTED_EDGE('',*,*,#3762,.T.);
#4880=ORIENTED_EDGE('',*,*,#3763,.T.);
#4881=ORIENTED_EDGE('',*,*,#3764,.T.);
#4882=ORIENTED_EDGE('',*,*,#3765,.T.);
#4883=ORIENTED_EDGE('',*,*,#3766,.T.);
#4884=ORIENTED_EDGE('',*,*,#3767,.T.);
#4885=ORIENTED_EDGE('',*,*,#3768,.T.);
#4886=ORIENTED_EDGE('',*,*,#3769,.T.);
#4887=ORIENTED_EDGE('',*,*,#3770,.T.);
#4888=ORIENTED_EDGE('',*,*,#3771,.T.);
#4889=ORIENTED_EDGE('',*,*,#3772,.T.);
#4890=ORIENTED_EDGE('',*,*,#3773,.T.);
#4891=ORIENTED_EDGE('',*,*,#3774,.T.);
#4892=ORIENTED_EDGE('',*,*,#3775,.T.);
#4893=ORIENTED_EDGE('',*,*,#3776,.T.);
#4894=ORIENTED_EDGE('',*,*,#3777,.T.);
#4895=ORIENTED_EDGE('',*,*,#3778,.T.);
#4896=ORIENTED_EDGE('',*,*,#3779,.T.);
#4897=ORIENTED_EDGE('',*,*,#3780,.T.);
#4898=ORIENTED_EDGE('',*,*,#3781,.T.);
#4899=ORIENTED_EDGE('',*,*,#3782,.T.);
#4900=ORIENTED_EDGE('',*,*,#3783,.T.);
#4901=ORIENTED_EDGE('',*,*,#3784,.T.);
#4902=ORIENTED_EDGE('',*,*,#3785,.T.);
#4903=ORIENTED_EDGE('',*,*,#3786,.T.);
#4904=ORIENTED_EDGE('',*,*,#3787,.T.);
#4905=ORIENTED_EDGE('',*,*,#3788,.T.);
#4906=ORIENTED_EDGE('',*,*,#3789,.T.);
#4907=ORIENTED_EDGE('',*,*,#3790,.T.);
#4908=ORIENTED_EDGE('',*,*,#3791,.T.);
#4909=ORIENTED_EDGE('',*,*,#3792,.T.);
#4910=ORIENTED_EDGE('',*,*,#3793,.T.);
#4911=ORIENTED_EDGE('',*,*,#3794,.T.);
#4912=ORIENTED_EDGE('',*,*,#3795,.T.);
#4913=ORIENTED_EDGE('',*,*,#3796,.T.);
#4914=ORIENTED_EDGE('',*,*,#3797,.T.);
#4915=ORIENTED_EDGE('',*,*,#3798,.T.);
#4916=ORIENTED_EDGE('',*,*,#3799,.T.);
#4917=ORIENTED_EDGE('',*,*,#3800,.T.);
#4918=ORIENTED_EDGE('',*,*,#3801,.T.);
#4919=ORIENTED_EDGE('',*,*,#3802,.T.);
#4920=ORIENTED_EDGE('',*,*,#3803,.T.);
#4921=ORIENTED_EDGE('',*,*,#3804,.T.);
#4922=ORIENTED_EDGE('',*,*,#3805,.T.);
#4923=ORIENTED_EDGE('',*,*,#3806,.T.);
#4924=ORIENTED_EDGE('',*,*,#3807,.T.);
#4925=ORIENTED_EDGE('',*,*,#3808,.T.);
#4926=ORIENTED_EDGE('',*,*,#3809,.T.);
#4927=ORIENTED_EDGE('',*,*,#3810,.T.);
#4928=ORIENTED_EDGE('',*,*,#3811,.T.);
#4929=ORIENTED_EDGE('',*,*,#3812,.T.);
#4930=ORIENTED_EDGE('',*,*,#3813,.T.);
#4931=ORIENTED_EDGE('',*,*,#3814,.T.);
#4932=ORIENTED_EDGE('',*,*,#3815,.T.);
#4933=ORIENTED_EDGE('',*,*,#3816,.T.);
#4934=ORIENTED_EDGE('',*,*,#3817,.T.);
#4935=ORIENTED_EDGE('',*,*,#3818,.T.);
#4936=ORIENTED_EDGE('',*,*,#3819,.T.);
#4937=ORIENTED_EDGE('',*,*,#3820,.T.);
#4938=ORIENTED_EDGE('',*,*,#3821,.T.);
#4939=ORIENTED_EDGE('',*,*,#3822,.T.);
#4940=ORIENTED_EDGE('',*,*,#3823,.T.);
#4941=ORIENTED_EDGE('',*,*,#3824,.T.);
#4942=ORIENTED_EDGE('',*,*,#3825,.T.);
#4943=ORIENTED_EDGE('',*,*,#3826,.T.);
#4944=ORIENTED_EDGE('',*,*,#3827,.T.);
#4945=ORIENTED_EDGE('',*,*,#3828,.T.);
#4946=ORIENTED_EDGE('',*,*,#3829,.T.);
#4947=ORIENTED_EDGE('',*,*,#3830,.T.);
#4948=ORIENTED_EDGE('',*,*,#3831,.T.);
#4949=ORIENTED_EDGE('',*,*,#3832,.T.);
#4950=ORIENTED_EDGE('',*,*,#3833,.T.);
#4951=ORIENTED_EDGE('',*,*,#3834,.T.);
#4952=ORIENTED_EDGE('',*,*,#3835,.T.);
#4953=ORIENTED_EDGE('',*,*,#3836,.T.);
#4954=ORIENTED_EDGE('',*,*,#3837,.T.);
#4955=ORIENTED_EDGE('',*,*,#3838,.T.);
#4956=ORIENTED_EDGE('',*,*,#3839,.T.);
#4957=ORIENTED_EDGE('',*,*,#3840,.T.);
#4958=ORIENTED_EDGE('',*,*,#3841,.T.);
#4959=ORIENTED_EDGE('',*,*,#3842,.T.);
#4960=ORIENTED_EDGE('',*,*,#3843,.T.);
#4961=ORIENTED_EDGE('',*,*,#3844,.T.);
#4962=ORIENTED_EDGE('',*,*,#3845,.T.);
#4963=ORIENTED_EDGE('',*,*,#3846,.T.);
#4964=ORIENTED_EDGE('',*,*,#3847,.T.);
#4965=ORIENTED_EDGE('',*,*,#3848,.T.);
#4966=ORIENTED_EDGE('',*,*,#3849,.T.);
#4967=ORIENTED_EDGE('',*,*,#3850,.T.);
#4968=ORIENTED_EDGE('',*,*,#3851,.T.);
#4969=ORIENTED_EDGE('',*,*,#3852,.T.);
#4970=ORIENTED_EDGE('',*,*,#3853,.T.);
#4971=ORIENTED_EDGE('',*,*,#3854,.T.);
#4972=ORIENTED_EDGE('',*,*,#3855,.T.);
#4973=ORIENTED_EDGE('',*,*,#3856,.T.);
#4974=ORIENTED_EDGE('',*,*,#3857,.T.);
#4975=ORIENTED_EDGE('',*,*,#3858,.T.);
#4976=ORIENTED_EDGE('',*,*,#3859,.T.);
#4977=ORIENTED_EDGE('',*,*,#3860,.T.);
#4978=ORIENTED_EDGE('',*,*,#3861,.T.);
#4979=ORIENTED_EDGE('',*,*,#3862,.T.);
#4980=ORIENTED_EDGE('',*,*,#3863,.T.);
#4981=ORIENTED_EDGE('',*,*,#3864,.T.);
#4982=ORIENTED_EDGE('',*,*,#3865,.T.);
#4983=ORIENTED_EDGE('',*,*,#3866,.T.);
#4984=ORIENTED_EDGE('',*,*,#3867,.T.);
#4985=ORIENTED_EDGE('',*,*,#3868,.T.);
#4986=ORIENTED_EDGE('',*,*,#3869,.T.);
#4987=ORIENTED_EDGE('',*,*,#3870,.T.);
#4988=ORIENTED_EDGE('',*,*,#3871,.T.);
#4989=ORIENTED_EDGE('',*,*,#3872,.T.);
#4990=ORIENTED_EDGE('',*,*,#3873,.T.);
#4991=ORIENTED_EDGE('',*,*,#3874,.T.);
#4992=ORIENTED_EDGE('',*,*,#3875,.T.);
#4993=ORIENTED_EDGE('',*,*,#3876,.T.);
#4994=ORIENTED_EDGE('',*,*,#3877,.T.);
#4995=ORIENTED_EDGE('',*,*,#3878,.T.);
#4996=ORIENTED_EDGE('',*,*,#3879,.T.);
#4997=ORIENTED_EDGE('',*,*,#3880,.T.);
#4998=ORIENTED_EDGE('',*,*,#3881,.T.);
#4999=ORIENTED_EDGE('',*,*,#3882,.T.);
#5000=ORIENTED_EDGE('',*,*,#3883,.T.);
#5001=ORIENTED_EDGE('',*,*,#3884,.T.);
#5002=ORIENTED_EDGE('',*,*,#3885,.T.);
#5003=ORIENTED_EDGE('',*,*,#3886,.T.);
#5004=ORIENTED_EDGE('',*,*,#3887,.T.);
#5005=ORIENTED_EDGE('',*,*,#3888,.T.);
#5006=ORIENTED_EDGE('',*,*,#3889,.T.);
#5007=ORIENTED_EDGE('',*,*,#3890,.T.);
#5008=ORIENTED_EDGE('',*,*,#3891,.T.);
#5009=ORIENTED_EDGE('',*,*,#3892,.T.);
#5010=ORIENTED_EDGE('',*,*,#3893,.T.);
#5011=ORIENTED_EDGE('',*,*,#3894,.T.);
#5012=ORIENTED_EDGE('',*,*,#3895,.T.);
#5013=ORIENTED_EDGE('',*,*,#3896,.T.);
#5014=ORIENTED_EDGE('',*,*,#3897,.T.);
#5015=ORIENTED_EDGE('',*,*,#3898,.T.);
#5016=ORIENTED_EDGE('',*,*,#3899,.T.);
#5017=ORIENTED_EDGE('',*,*,#3900,.T.);
#5018=ORIENTED_EDGE('',*,*,#3901,.T.);
#5019=ORIENTED_EDGE('',*,*,#3902,.T.);
#5020=ORIENTED_EDGE('',*,*,#3903,.T.);
#5021=ORIENTED_EDGE('',*,*,#3904,.T.);
#5022=ORIENTED_EDGE('',*,*,#3905,.T.);
#5023=ORIENTED_EDGE('',*,*,#3906,.T.);
#5024=ORIENTED_EDGE('',*,*,#3907,.T.);
#5025=ORIENTED_EDGE('',*,*,#3908,.T.);
#5026=ORIENTED_EDGE('',*,*,#3909,.T.);
#5027=ORIENTED_EDGE('',*,*,#3910,.T.);
#5028=ORIENTED_EDGE('',*,*,#3911,.T.);
#5029=ORIENTED_EDGE('',*,*,#3912,.T.);
#5030=ORIENTED_EDGE('',*,*,#3913,.T.);
#5031=ORIENTED_EDGE('',*,*,#3914,.T.);
#5032=ORIENTED_EDGE('',*,*,#3915,.T.);
#5033=ORIENTED_EDGE('',*,*,#3916,.T.);
#5034=ORIENTED_EDGE('',*,*,#3917,.T.);
#5035=ORIENTED_EDGE('',*,*,#3918,.T.);
#5036=ORIENTED_EDGE('',*,*,#3919,.T.);
#5037=ORIENTED_EDGE('',*,*,#3920,.T.);
#5038=ORIENTED_EDGE('',*,*,#3921,.T.);
#5039=ORIENTED_EDGE('',*,*,#3922,.T.);
#5040=ORIENTED_EDGE('',*,*,#3923,.T.);
#5041=ORIENTED_EDGE('',*,*,#3924,.T.);
#5042=ORIENTED_EDGE('',*,*,#3925,.T.);
#5043=ORIENTED_EDGE('',*,*,#3926,.T.);
#5044=ORIENTED_EDGE('',*,*,#3927,.T.);
#5045=ORIENTED_EDGE('',*,*,#3928,.T.);
#5046=ORIENTED_EDGE('',*,*,#3929,.T.);
#5047=ORIENTED_EDGE('',*,*,#3930,.T.);
#5048=ORIENTED_EDGE('',*,*,#3931,.T.);
#5049=ORIENTED_EDGE('',*,*,#3932,.T.);
#5050=ORIENTED_EDGE('',*,*,#3933,.T.);
#5051=ORIENTED_EDGE('',*,*,#3934,.T.);
#5052=ORIENTED_EDGE('',*,*,#3935,.T.);
#5053=ORIENTED_EDGE('',*,*,#3936,.T.);
#5054=ORIENTED_EDGE('',*,*,#3937,.T.);
#5055=ORIENTED_EDGE('',*,*,#3938,.T.);
#5056=ORIENTED_EDGE('',*,*,#3939,.T.);
#5057=ORIENTED_EDGE('',*,*,#3940,.T.);
#5058=ORIENTED_EDGE('',*,*,#3631,.F.);
#5059=ORIENTED_EDGE('',*,*,#3941,.T.);
#5060=ORIENTED_EDGE('',*,*,#3688,.F.);
#5061=ORIENTED_EDGE('',*,*,#3942,.T.);
#5062=ORIENTED_EDGE('',*,*,#3629,.F.);
#5063=ORIENTED_EDGE('',*,*,#3942,.F.);
#5064=ORIENTED_EDGE('',*,*,#3691,.F.);
#5065=ORIENTED_EDGE('',*,*,#3672,.F.);
#5066=ORIENTED_EDGE('',*,*,#3943,.F.);
#5067=ORIENTED_EDGE('',*,*,#3944,.F.);
#5068=ORIENTED_EDGE('',*,*,#3945,.F.);
#5069=ORIENTED_EDGE('',*,*,#3946,.F.);
#5070=ORIENTED_EDGE('',*,*,#3947,.F.);
#5071=ORIENTED_EDGE('',*,*,#3948,.F.);
#5072=ORIENTED_EDGE('',*,*,#3944,.T.);
#5073=ORIENTED_EDGE('',*,*,#3949,.T.);
#5074=ORIENTED_EDGE('',*,*,#3947,.T.);
#5075=ORIENTED_EDGE('',*,*,#3950,.T.);
#5076=ORIENTED_EDGE('',*,*,#3951,.F.);
#5077=ORIENTED_EDGE('',*,*,#3952,.F.);
#5078=ORIENTED_EDGE('',*,*,#3953,.F.);
#5079=ORIENTED_EDGE('',*,*,#3952,.T.);
#5080=ORIENTED_EDGE('',*,*,#3954,.T.);
#5081=ORIENTED_EDGE('',*,*,#3943,.T.);
#5082=ORIENTED_EDGE('',*,*,#3955,.T.);
#5083=ORIENTED_EDGE('',*,*,#3956,.F.);
#5084=ORIENTED_EDGE('',*,*,#3957,.T.);
#5085=ORIENTED_EDGE('',*,*,#3953,.T.);
#5086=ORIENTED_EDGE('',*,*,#3958,.T.);
#5087=ORIENTED_EDGE('',*,*,#3959,.F.);
#5088=ORIENTED_EDGE('',*,*,#3960,.F.);
#5089=ORIENTED_EDGE('',*,*,#3961,.F.);
#5090=ORIENTED_EDGE('',*,*,#3962,.F.);
#5091=ORIENTED_EDGE('',*,*,#3961,.T.);
#5092=ORIENTED_EDGE('',*,*,#3963,.T.);
#5093=ORIENTED_EDGE('',*,*,#3951,.T.);
#5094=ORIENTED_EDGE('',*,*,#3964,.T.);
#5095=ORIENTED_EDGE('',*,*,#3965,.F.);
#5096=ORIENTED_EDGE('',*,*,#3966,.T.);
#5097=ORIENTED_EDGE('',*,*,#3962,.T.);
#5098=ORIENTED_EDGE('',*,*,#3967,.T.);
#5099=ORIENTED_EDGE('',*,*,#3968,.F.);
#5100=ORIENTED_EDGE('',*,*,#3948,.T.);
#5101=ORIENTED_EDGE('',*,*,#3969,.T.);
#5102=ORIENTED_EDGE('',*,*,#3960,.T.);
#5103=ORIENTED_EDGE('',*,*,#3970,.T.);
#5104=ORIENTED_EDGE('',*,*,#3971,.F.);
#5105=ORIENTED_EDGE('',*,*,#3972,.T.);
#5106=ORIENTED_EDGE('',*,*,#3946,.T.);
#5107=ORIENTED_EDGE('',*,*,#3973,.T.);
#5108=ORIENTED_EDGE('',*,*,#3974,.F.);
#5109=ORIENTED_EDGE('',*,*,#3975,.F.);
#5110=ORIENTED_EDGE('',*,*,#3976,.T.);
#5111=ORIENTED_EDGE('',*,*,#3945,.T.);
#5112=ORIENTED_EDGE('',*,*,#3977,.T.);
#5113=ORIENTED_EDGE('',*,*,#3978,.F.);
#5114=ORIENTED_EDGE('',*,*,#3968,.T.);
#5115=ORIENTED_EDGE('',*,*,#3979,.T.);
#5116=ORIENTED_EDGE('',*,*,#3980,.T.);
#5117=ORIENTED_EDGE('',*,*,#3981,.T.);
#5118=ORIENTED_EDGE('',*,*,#3982,.F.);
#5119=ORIENTED_EDGE('',*,*,#3967,.F.);
#5120=ORIENTED_EDGE('',*,*,#3964,.F.);
#5121=ORIENTED_EDGE('',*,*,#3957,.F.);
#5122=ORIENTED_EDGE('',*,*,#3983,.F.);
#5123=ORIENTED_EDGE('',*,*,#3623,.T.);
#5124=ORIENTED_EDGE('',*,*,#3566,.F.);
#5125=ORIENTED_EDGE('',*,*,#3984,.T.);
#5126=ORIENTED_EDGE('',*,*,#3979,.F.);
#5127=ORIENTED_EDGE('',*,*,#3965,.T.);
#5128=ORIENTED_EDGE('',*,*,#3982,.T.);
#5129=ORIENTED_EDGE('',*,*,#3605,.T.);
#5130=ORIENTED_EDGE('',*,*,#3985,.F.);
#5131=ORIENTED_EDGE('',*,*,#3974,.T.);
#5132=ORIENTED_EDGE('',*,*,#3986,.T.);
#5133=ORIENTED_EDGE('',*,*,#3956,.T.);
#5134=ORIENTED_EDGE('',*,*,#3987,.F.);
#5135=ORIENTED_EDGE('',*,*,#3622,.T.);
#5136=ORIENTED_EDGE('',*,*,#3624,.T.);
#5137=ORIENTED_EDGE('',*,*,#3983,.T.);
#5138=ORIENTED_EDGE('',*,*,#3958,.F.);
#5139=ORIENTED_EDGE('',*,*,#3955,.F.);
#5140=ORIENTED_EDGE('',*,*,#3976,.F.);
#5141=ORIENTED_EDGE('',*,*,#3988,.F.);
#5142=ORIENTED_EDGE('',*,*,#3959,.T.);
#5143=ORIENTED_EDGE('',*,*,#3988,.T.);
#5144=ORIENTED_EDGE('',*,*,#3975,.T.);
#5145=ORIENTED_EDGE('',*,*,#3989,.T.);
#5146=ORIENTED_EDGE('',*,*,#3619,.T.);
#5147=ORIENTED_EDGE('',*,*,#3987,.T.);
#5148=ORIENTED_EDGE('',*,*,#3949,.F.);
#5149=ORIENTED_EDGE('',*,*,#3954,.F.);
#5150=ORIENTED_EDGE('',*,*,#3963,.F.);
#5151=ORIENTED_EDGE('',*,*,#3969,.F.);
#5152=ORIENTED_EDGE('',*,*,#3637,.F.);
#5153=ORIENTED_EDGE('',*,*,#3716,.F.);
#5154=ORIENTED_EDGE('',*,*,#3679,.F.);
#5155=ORIENTED_EDGE('',*,*,#3990,.F.);
#5156=ORIENTED_EDGE('',*,*,#3635,.F.);
#5157=ORIENTED_EDGE('',*,*,#3990,.T.);
#5158=ORIENTED_EDGE('',*,*,#3682,.F.);
#5159=ORIENTED_EDGE('',*,*,#3991,.T.);
#5160=ORIENTED_EDGE('',*,*,#3971,.T.);
#5161=ORIENTED_EDGE('',*,*,#3985,.T.);
#5162=ORIENTED_EDGE('',*,*,#3608,.T.);
#5163=ORIENTED_EDGE('',*,*,#3610,.T.);
#5164=ORIENTED_EDGE('',*,*,#3992,.T.);
#5165=ORIENTED_EDGE('',*,*,#3978,.T.);
#5166=ORIENTED_EDGE('',*,*,#3993,.T.);
#5167=ORIENTED_EDGE('',*,*,#3994,.T.);
#5168=ORIENTED_EDGE('',*,*,#3995,.T.);
#5169=ORIENTED_EDGE('',*,*,#3989,.F.);
#5170=ORIENTED_EDGE('',*,*,#3972,.F.);
#5171=ORIENTED_EDGE('',*,*,#3992,.F.);
#5172=ORIENTED_EDGE('',*,*,#3609,.F.);
#5173=ORIENTED_EDGE('',*,*,#3572,.F.);
#5174=ORIENTED_EDGE('',*,*,#3996,.T.);
#5175=ORIENTED_EDGE('',*,*,#3993,.F.);
#5176=ORIENTED_EDGE('',*,*,#3977,.F.);
#5177=ORIENTED_EDGE('',*,*,#3950,.F.);
#5178=ORIENTED_EDGE('',*,*,#3931,.F.);
#5179=ORIENTED_EDGE('',*,*,#3997,.T.);
#5180=ORIENTED_EDGE('',*,*,#3998,.T.);
#5181=ORIENTED_EDGE('',*,*,#3999,.F.);
#5182=ORIENTED_EDGE('',*,*,#3940,.F.);
#5183=ORIENTED_EDGE('',*,*,#4000,.T.);
#5184=ORIENTED_EDGE('',*,*,#4001,.T.);
#5185=ORIENTED_EDGE('',*,*,#3997,.F.);
#5186=ORIENTED_EDGE('',*,*,#3939,.F.);
#5187=ORIENTED_EDGE('',*,*,#4002,.T.);
#5188=ORIENTED_EDGE('',*,*,#4003,.T.);
#5189=ORIENTED_EDGE('',*,*,#4000,.F.);
#5190=ORIENTED_EDGE('',*,*,#3938,.F.);
#5191=ORIENTED_EDGE('',*,*,#4004,.T.);
#5192=ORIENTED_EDGE('',*,*,#4005,.T.);
#5193=ORIENTED_EDGE('',*,*,#4002,.F.);
#5194=ORIENTED_EDGE('',*,*,#3937,.F.);
#5195=ORIENTED_EDGE('',*,*,#4006,.T.);
#5196=ORIENTED_EDGE('',*,*,#4007,.T.);
#5197=ORIENTED_EDGE('',*,*,#4004,.F.);
#5198=ORIENTED_EDGE('',*,*,#3936,.F.);
#5199=ORIENTED_EDGE('',*,*,#4008,.T.);
#5200=ORIENTED_EDGE('',*,*,#4009,.T.);
#5201=ORIENTED_EDGE('',*,*,#4006,.F.);
#5202=ORIENTED_EDGE('',*,*,#3935,.F.);
#5203=ORIENTED_EDGE('',*,*,#4010,.T.);
#5204=ORIENTED_EDGE('',*,*,#4011,.T.);
#5205=ORIENTED_EDGE('',*,*,#4008,.F.);
#5206=ORIENTED_EDGE('',*,*,#3934,.F.);
#5207=ORIENTED_EDGE('',*,*,#4012,.T.);
#5208=ORIENTED_EDGE('',*,*,#4013,.T.);
#5209=ORIENTED_EDGE('',*,*,#4010,.F.);
#5210=ORIENTED_EDGE('',*,*,#3933,.F.);
#5211=ORIENTED_EDGE('',*,*,#4014,.T.);
#5212=ORIENTED_EDGE('',*,*,#4015,.T.);
#5213=ORIENTED_EDGE('',*,*,#4012,.F.);
#5214=ORIENTED_EDGE('',*,*,#3932,.F.);
#5215=ORIENTED_EDGE('',*,*,#3999,.T.);
#5216=ORIENTED_EDGE('',*,*,#4016,.T.);
#5217=ORIENTED_EDGE('',*,*,#4014,.F.);
#5218=ORIENTED_EDGE('',*,*,#4016,.F.);
#5219=ORIENTED_EDGE('',*,*,#3998,.F.);
#5220=ORIENTED_EDGE('',*,*,#4001,.F.);
#5221=ORIENTED_EDGE('',*,*,#4003,.F.);
#5222=ORIENTED_EDGE('',*,*,#4005,.F.);
#5223=ORIENTED_EDGE('',*,*,#4007,.F.);
#5224=ORIENTED_EDGE('',*,*,#4009,.F.);
#5225=ORIENTED_EDGE('',*,*,#4011,.F.);
#5226=ORIENTED_EDGE('',*,*,#4013,.F.);
#5227=ORIENTED_EDGE('',*,*,#4015,.F.);
#5228=ORIENTED_EDGE('',*,*,#3906,.F.);
#5229=ORIENTED_EDGE('',*,*,#4017,.T.);
#5230=ORIENTED_EDGE('',*,*,#4018,.T.);
#5231=ORIENTED_EDGE('',*,*,#4019,.F.);
#5232=ORIENTED_EDGE('',*,*,#3930,.F.);
#5233=ORIENTED_EDGE('',*,*,#4020,.T.);
#5234=ORIENTED_EDGE('',*,*,#4021,.T.);
#5235=ORIENTED_EDGE('',*,*,#4017,.F.);
#5236=ORIENTED_EDGE('',*,*,#3929,.F.);
#5237=ORIENTED_EDGE('',*,*,#4022,.T.);
#5238=ORIENTED_EDGE('',*,*,#4023,.T.);
#5239=ORIENTED_EDGE('',*,*,#4020,.F.);
#5240=ORIENTED_EDGE('',*,*,#3928,.F.);
#5241=ORIENTED_EDGE('',*,*,#4024,.T.);
#5242=ORIENTED_EDGE('',*,*,#4025,.T.);
#5243=ORIENTED_EDGE('',*,*,#4022,.F.);
#5244=ORIENTED_EDGE('',*,*,#3927,.F.);
#5245=ORIENTED_EDGE('',*,*,#4026,.T.);
#5246=ORIENTED_EDGE('',*,*,#4027,.T.);
#5247=ORIENTED_EDGE('',*,*,#4024,.F.);
#5248=ORIENTED_EDGE('',*,*,#3926,.F.);
#5249=ORIENTED_EDGE('',*,*,#4028,.T.);
#5250=ORIENTED_EDGE('',*,*,#4029,.T.);
#5251=ORIENTED_EDGE('',*,*,#4026,.F.);
#5252=ORIENTED_EDGE('',*,*,#3925,.F.);
#5253=ORIENTED_EDGE('',*,*,#4030,.T.);
#5254=ORIENTED_EDGE('',*,*,#4031,.T.);
#5255=ORIENTED_EDGE('',*,*,#4028,.F.);
#5256=ORIENTED_EDGE('',*,*,#3924,.F.);
#5257=ORIENTED_EDGE('',*,*,#4032,.T.);
#5258=ORIENTED_EDGE('',*,*,#4033,.T.);
#5259=ORIENTED_EDGE('',*,*,#4030,.F.);
#5260=ORIENTED_EDGE('',*,*,#3923,.F.);
#5261=ORIENTED_EDGE('',*,*,#4034,.T.);
#5262=ORIENTED_EDGE('',*,*,#4035,.T.);
#5263=ORIENTED_EDGE('',*,*,#4032,.F.);
#5264=ORIENTED_EDGE('',*,*,#3922,.F.);
#5265=ORIENTED_EDGE('',*,*,#4036,.T.);
#5266=ORIENTED_EDGE('',*,*,#4037,.T.);
#5267=ORIENTED_EDGE('',*,*,#4034,.F.);
#5268=ORIENTED_EDGE('',*,*,#3921,.F.);
#5269=ORIENTED_EDGE('',*,*,#4038,.T.);
#5270=ORIENTED_EDGE('',*,*,#4039,.T.);
#5271=ORIENTED_EDGE('',*,*,#4036,.F.);
#5272=ORIENTED_EDGE('',*,*,#3920,.F.);
#5273=ORIENTED_EDGE('',*,*,#4040,.T.);
#5274=ORIENTED_EDGE('',*,*,#4041,.T.);
#5275=ORIENTED_EDGE('',*,*,#4038,.F.);
#5276=ORIENTED_EDGE('',*,*,#3919,.F.);
#5277=ORIENTED_EDGE('',*,*,#4042,.T.);
#5278=ORIENTED_EDGE('',*,*,#4043,.T.);
#5279=ORIENTED_EDGE('',*,*,#4040,.F.);
#5280=ORIENTED_EDGE('',*,*,#3918,.F.);
#5281=ORIENTED_EDGE('',*,*,#4044,.T.);
#5282=ORIENTED_EDGE('',*,*,#4045,.T.);
#5283=ORIENTED_EDGE('',*,*,#4042,.F.);
#5284=ORIENTED_EDGE('',*,*,#3917,.F.);
#5285=ORIENTED_EDGE('',*,*,#4046,.T.);
#5286=ORIENTED_EDGE('',*,*,#4047,.T.);
#5287=ORIENTED_EDGE('',*,*,#4044,.F.);
#5288=ORIENTED_EDGE('',*,*,#3916,.F.);
#5289=ORIENTED_EDGE('',*,*,#4048,.T.);
#5290=ORIENTED_EDGE('',*,*,#4049,.T.);
#5291=ORIENTED_EDGE('',*,*,#4046,.F.);
#5292=ORIENTED_EDGE('',*,*,#3915,.F.);
#5293=ORIENTED_EDGE('',*,*,#4050,.T.);
#5294=ORIENTED_EDGE('',*,*,#4051,.T.);
#5295=ORIENTED_EDGE('',*,*,#4048,.F.);
#5296=ORIENTED_EDGE('',*,*,#3914,.F.);
#5297=ORIENTED_EDGE('',*,*,#4052,.T.);
#5298=ORIENTED_EDGE('',*,*,#4053,.T.);
#5299=ORIENTED_EDGE('',*,*,#4050,.F.);
#5300=ORIENTED_EDGE('',*,*,#3913,.F.);
#5301=ORIENTED_EDGE('',*,*,#4054,.T.);
#5302=ORIENTED_EDGE('',*,*,#4055,.T.);
#5303=ORIENTED_EDGE('',*,*,#4052,.F.);
#5304=ORIENTED_EDGE('',*,*,#3912,.F.);
#5305=ORIENTED_EDGE('',*,*,#4056,.T.);
#5306=ORIENTED_EDGE('',*,*,#4057,.T.);
#5307=ORIENTED_EDGE('',*,*,#4054,.F.);
#5308=ORIENTED_EDGE('',*,*,#3911,.F.);
#5309=ORIENTED_EDGE('',*,*,#4058,.T.);
#5310=ORIENTED_EDGE('',*,*,#4059,.T.);
#5311=ORIENTED_EDGE('',*,*,#4056,.F.);
#5312=ORIENTED_EDGE('',*,*,#3910,.F.);
#5313=ORIENTED_EDGE('',*,*,#4060,.T.);
#5314=ORIENTED_EDGE('',*,*,#4061,.T.);
#5315=ORIENTED_EDGE('',*,*,#4058,.F.);
#5316=ORIENTED_EDGE('',*,*,#3909,.F.);
#5317=ORIENTED_EDGE('',*,*,#4062,.T.);
#5318=ORIENTED_EDGE('',*,*,#4063,.T.);
#5319=ORIENTED_EDGE('',*,*,#4060,.F.);
#5320=ORIENTED_EDGE('',*,*,#3908,.F.);
#5321=ORIENTED_EDGE('',*,*,#4064,.T.);
#5322=ORIENTED_EDGE('',*,*,#4065,.T.);
#5323=ORIENTED_EDGE('',*,*,#4062,.F.);
#5324=ORIENTED_EDGE('',*,*,#3907,.F.);
#5325=ORIENTED_EDGE('',*,*,#4019,.T.);
#5326=ORIENTED_EDGE('',*,*,#4066,.T.);
#5327=ORIENTED_EDGE('',*,*,#4064,.F.);
#5328=ORIENTED_EDGE('',*,*,#4066,.F.);
#5329=ORIENTED_EDGE('',*,*,#4018,.F.);
#5330=ORIENTED_EDGE('',*,*,#4021,.F.);
#5331=ORIENTED_EDGE('',*,*,#4023,.F.);
#5332=ORIENTED_EDGE('',*,*,#4025,.F.);
#5333=ORIENTED_EDGE('',*,*,#4027,.F.);
#5334=ORIENTED_EDGE('',*,*,#4029,.F.);
#5335=ORIENTED_EDGE('',*,*,#4031,.F.);
#5336=ORIENTED_EDGE('',*,*,#4033,.F.);
#5337=ORIENTED_EDGE('',*,*,#4035,.F.);
#5338=ORIENTED_EDGE('',*,*,#4037,.F.);
#5339=ORIENTED_EDGE('',*,*,#4039,.F.);
#5340=ORIENTED_EDGE('',*,*,#4041,.F.);
#5341=ORIENTED_EDGE('',*,*,#4043,.F.);
#5342=ORIENTED_EDGE('',*,*,#4045,.F.);
#5343=ORIENTED_EDGE('',*,*,#4047,.F.);
#5344=ORIENTED_EDGE('',*,*,#4049,.F.);
#5345=ORIENTED_EDGE('',*,*,#4051,.F.);
#5346=ORIENTED_EDGE('',*,*,#4053,.F.);
#5347=ORIENTED_EDGE('',*,*,#4055,.F.);
#5348=ORIENTED_EDGE('',*,*,#4057,.F.);
#5349=ORIENTED_EDGE('',*,*,#4059,.F.);
#5350=ORIENTED_EDGE('',*,*,#4061,.F.);
#5351=ORIENTED_EDGE('',*,*,#4063,.F.);
#5352=ORIENTED_EDGE('',*,*,#4065,.F.);
#5353=ORIENTED_EDGE('',*,*,#3897,.F.);
#5354=ORIENTED_EDGE('',*,*,#4067,.T.);
#5355=ORIENTED_EDGE('',*,*,#4068,.T.);
#5356=ORIENTED_EDGE('',*,*,#4069,.F.);
#5357=ORIENTED_EDGE('',*,*,#3905,.F.);
#5358=ORIENTED_EDGE('',*,*,#4070,.T.);
#5359=ORIENTED_EDGE('',*,*,#4071,.T.);
#5360=ORIENTED_EDGE('',*,*,#4067,.F.);
#5361=ORIENTED_EDGE('',*,*,#3904,.F.);
#5362=ORIENTED_EDGE('',*,*,#4072,.T.);
#5363=ORIENTED_EDGE('',*,*,#4073,.T.);
#5364=ORIENTED_EDGE('',*,*,#4070,.F.);
#5365=ORIENTED_EDGE('',*,*,#3903,.F.);
#5366=ORIENTED_EDGE('',*,*,#4074,.T.);
#5367=ORIENTED_EDGE('',*,*,#4075,.T.);
#5368=ORIENTED_EDGE('',*,*,#4072,.F.);
#5369=ORIENTED_EDGE('',*,*,#3902,.F.);
#5370=ORIENTED_EDGE('',*,*,#4076,.T.);
#5371=ORIENTED_EDGE('',*,*,#4077,.T.);
#5372=ORIENTED_EDGE('',*,*,#4074,.F.);
#5373=ORIENTED_EDGE('',*,*,#3901,.F.);
#5374=ORIENTED_EDGE('',*,*,#4078,.T.);
#5375=ORIENTED_EDGE('',*,*,#4079,.T.);
#5376=ORIENTED_EDGE('',*,*,#4076,.F.);
#5377=ORIENTED_EDGE('',*,*,#3900,.F.);
#5378=ORIENTED_EDGE('',*,*,#4080,.T.);
#5379=ORIENTED_EDGE('',*,*,#4081,.T.);
#5380=ORIENTED_EDGE('',*,*,#4078,.F.);
#5381=ORIENTED_EDGE('',*,*,#3899,.F.);
#5382=ORIENTED_EDGE('',*,*,#4082,.T.);
#5383=ORIENTED_EDGE('',*,*,#4083,.T.);
#5384=ORIENTED_EDGE('',*,*,#4080,.F.);
#5385=ORIENTED_EDGE('',*,*,#3898,.F.);
#5386=ORIENTED_EDGE('',*,*,#4069,.T.);
#5387=ORIENTED_EDGE('',*,*,#4084,.T.);
#5388=ORIENTED_EDGE('',*,*,#4082,.F.);
#5389=ORIENTED_EDGE('',*,*,#4084,.F.);
#5390=ORIENTED_EDGE('',*,*,#4068,.F.);
#5391=ORIENTED_EDGE('',*,*,#4071,.F.);
#5392=ORIENTED_EDGE('',*,*,#4073,.F.);
#5393=ORIENTED_EDGE('',*,*,#4075,.F.);
#5394=ORIENTED_EDGE('',*,*,#4077,.F.);
#5395=ORIENTED_EDGE('',*,*,#4079,.F.);
#5396=ORIENTED_EDGE('',*,*,#4081,.F.);
#5397=ORIENTED_EDGE('',*,*,#4083,.F.);
#5398=ORIENTED_EDGE('',*,*,#3887,.F.);
#5399=ORIENTED_EDGE('',*,*,#4085,.T.);
#5400=ORIENTED_EDGE('',*,*,#4086,.T.);
#5401=ORIENTED_EDGE('',*,*,#4087,.F.);
#5402=ORIENTED_EDGE('',*,*,#3896,.F.);
#5403=ORIENTED_EDGE('',*,*,#4088,.T.);
#5404=ORIENTED_EDGE('',*,*,#4089,.T.);
#5405=ORIENTED_EDGE('',*,*,#4085,.F.);
#5406=ORIENTED_EDGE('',*,*,#3895,.F.);
#5407=ORIENTED_EDGE('',*,*,#4090,.T.);
#5408=ORIENTED_EDGE('',*,*,#4091,.T.);
#5409=ORIENTED_EDGE('',*,*,#4088,.F.);
#5410=ORIENTED_EDGE('',*,*,#3894,.F.);
#5411=ORIENTED_EDGE('',*,*,#4092,.T.);
#5412=ORIENTED_EDGE('',*,*,#4093,.T.);
#5413=ORIENTED_EDGE('',*,*,#4090,.F.);
#5414=ORIENTED_EDGE('',*,*,#3893,.F.);
#5415=ORIENTED_EDGE('',*,*,#4094,.T.);
#5416=ORIENTED_EDGE('',*,*,#4095,.T.);
#5417=ORIENTED_EDGE('',*,*,#4092,.F.);
#5418=ORIENTED_EDGE('',*,*,#3892,.F.);
#5419=ORIENTED_EDGE('',*,*,#4096,.T.);
#5420=ORIENTED_EDGE('',*,*,#4097,.T.);
#5421=ORIENTED_EDGE('',*,*,#4094,.F.);
#5422=ORIENTED_EDGE('',*,*,#3891,.F.);
#5423=ORIENTED_EDGE('',*,*,#4098,.T.);
#5424=ORIENTED_EDGE('',*,*,#4099,.T.);
#5425=ORIENTED_EDGE('',*,*,#4096,.F.);
#5426=ORIENTED_EDGE('',*,*,#3890,.F.);
#5427=ORIENTED_EDGE('',*,*,#4100,.T.);
#5428=ORIENTED_EDGE('',*,*,#4101,.T.);
#5429=ORIENTED_EDGE('',*,*,#4098,.F.);
#5430=ORIENTED_EDGE('',*,*,#3889,.F.);
#5431=ORIENTED_EDGE('',*,*,#4102,.T.);
#5432=ORIENTED_EDGE('',*,*,#4103,.T.);
#5433=ORIENTED_EDGE('',*,*,#4100,.F.);
#5434=ORIENTED_EDGE('',*,*,#3888,.F.);
#5435=ORIENTED_EDGE('',*,*,#4087,.T.);
#5436=ORIENTED_EDGE('',*,*,#4104,.T.);
#5437=ORIENTED_EDGE('',*,*,#4102,.F.);
#5438=ORIENTED_EDGE('',*,*,#4104,.F.);
#5439=ORIENTED_EDGE('',*,*,#4086,.F.);
#5440=ORIENTED_EDGE('',*,*,#4089,.F.);
#5441=ORIENTED_EDGE('',*,*,#4091,.F.);
#5442=ORIENTED_EDGE('',*,*,#4093,.F.);
#5443=ORIENTED_EDGE('',*,*,#4095,.F.);
#5444=ORIENTED_EDGE('',*,*,#4097,.F.);
#5445=ORIENTED_EDGE('',*,*,#4099,.F.);
#5446=ORIENTED_EDGE('',*,*,#4101,.F.);
#5447=ORIENTED_EDGE('',*,*,#4103,.F.);
#5448=ORIENTED_EDGE('',*,*,#3879,.F.);
#5449=ORIENTED_EDGE('',*,*,#4105,.T.);
#5450=ORIENTED_EDGE('',*,*,#4106,.T.);
#5451=ORIENTED_EDGE('',*,*,#4107,.F.);
#5452=ORIENTED_EDGE('',*,*,#3886,.F.);
#5453=ORIENTED_EDGE('',*,*,#4108,.T.);
#5454=ORIENTED_EDGE('',*,*,#4109,.T.);
#5455=ORIENTED_EDGE('',*,*,#4105,.F.);
#5456=ORIENTED_EDGE('',*,*,#3885,.F.);
#5457=ORIENTED_EDGE('',*,*,#4110,.T.);
#5458=ORIENTED_EDGE('',*,*,#4111,.T.);
#5459=ORIENTED_EDGE('',*,*,#4108,.F.);
#5460=ORIENTED_EDGE('',*,*,#3884,.F.);
#5461=ORIENTED_EDGE('',*,*,#4112,.T.);
#5462=ORIENTED_EDGE('',*,*,#4113,.T.);
#5463=ORIENTED_EDGE('',*,*,#4110,.F.);
#5464=ORIENTED_EDGE('',*,*,#3883,.F.);
#5465=ORIENTED_EDGE('',*,*,#4114,.T.);
#5466=ORIENTED_EDGE('',*,*,#4115,.T.);
#5467=ORIENTED_EDGE('',*,*,#4112,.F.);
#5468=ORIENTED_EDGE('',*,*,#3882,.F.);
#5469=ORIENTED_EDGE('',*,*,#4116,.T.);
#5470=ORIENTED_EDGE('',*,*,#4117,.T.);
#5471=ORIENTED_EDGE('',*,*,#4114,.F.);
#5472=ORIENTED_EDGE('',*,*,#3881,.F.);
#5473=ORIENTED_EDGE('',*,*,#4118,.T.);
#5474=ORIENTED_EDGE('',*,*,#4119,.T.);
#5475=ORIENTED_EDGE('',*,*,#4116,.F.);
#5476=ORIENTED_EDGE('',*,*,#3880,.F.);
#5477=ORIENTED_EDGE('',*,*,#4107,.T.);
#5478=ORIENTED_EDGE('',*,*,#4120,.T.);
#5479=ORIENTED_EDGE('',*,*,#4118,.F.);
#5480=ORIENTED_EDGE('',*,*,#4120,.F.);
#5481=ORIENTED_EDGE('',*,*,#4106,.F.);
#5482=ORIENTED_EDGE('',*,*,#4109,.F.);
#5483=ORIENTED_EDGE('',*,*,#4111,.F.);
#5484=ORIENTED_EDGE('',*,*,#4113,.F.);
#5485=ORIENTED_EDGE('',*,*,#4115,.F.);
#5486=ORIENTED_EDGE('',*,*,#4117,.F.);
#5487=ORIENTED_EDGE('',*,*,#4119,.F.);
#5488=ORIENTED_EDGE('',*,*,#3867,.F.);
#5489=ORIENTED_EDGE('',*,*,#4121,.T.);
#5490=ORIENTED_EDGE('',*,*,#4122,.T.);
#5491=ORIENTED_EDGE('',*,*,#4123,.F.);
#5492=ORIENTED_EDGE('',*,*,#3878,.F.);
#5493=ORIENTED_EDGE('',*,*,#4124,.T.);
#5494=ORIENTED_EDGE('',*,*,#4125,.T.);
#5495=ORIENTED_EDGE('',*,*,#4121,.F.);
#5496=ORIENTED_EDGE('',*,*,#3877,.F.);
#5497=ORIENTED_EDGE('',*,*,#4126,.T.);
#5498=ORIENTED_EDGE('',*,*,#4127,.T.);
#5499=ORIENTED_EDGE('',*,*,#4124,.F.);
#5500=ORIENTED_EDGE('',*,*,#3876,.F.);
#5501=ORIENTED_EDGE('',*,*,#4128,.T.);
#5502=ORIENTED_EDGE('',*,*,#4129,.T.);
#5503=ORIENTED_EDGE('',*,*,#4126,.F.);
#5504=ORIENTED_EDGE('',*,*,#3875,.F.);
#5505=ORIENTED_EDGE('',*,*,#4130,.T.);
#5506=ORIENTED_EDGE('',*,*,#4131,.T.);
#5507=ORIENTED_EDGE('',*,*,#4128,.F.);
#5508=ORIENTED_EDGE('',*,*,#3874,.F.);
#5509=ORIENTED_EDGE('',*,*,#4132,.T.);
#5510=ORIENTED_EDGE('',*,*,#4133,.T.);
#5511=ORIENTED_EDGE('',*,*,#4130,.F.);
#5512=ORIENTED_EDGE('',*,*,#3873,.F.);
#5513=ORIENTED_EDGE('',*,*,#4134,.T.);
#5514=ORIENTED_EDGE('',*,*,#4135,.T.);
#5515=ORIENTED_EDGE('',*,*,#4132,.F.);
#5516=ORIENTED_EDGE('',*,*,#3872,.F.);
#5517=ORIENTED_EDGE('',*,*,#4136,.T.);
#5518=ORIENTED_EDGE('',*,*,#4137,.T.);
#5519=ORIENTED_EDGE('',*,*,#4134,.F.);
#5520=ORIENTED_EDGE('',*,*,#3871,.F.);
#5521=ORIENTED_EDGE('',*,*,#4138,.T.);
#5522=ORIENTED_EDGE('',*,*,#4139,.T.);
#5523=ORIENTED_EDGE('',*,*,#4136,.F.);
#5524=ORIENTED_EDGE('',*,*,#3870,.F.);
#5525=ORIENTED_EDGE('',*,*,#4140,.T.);
#5526=ORIENTED_EDGE('',*,*,#4141,.T.);
#5527=ORIENTED_EDGE('',*,*,#4138,.F.);
#5528=ORIENTED_EDGE('',*,*,#3869,.F.);
#5529=ORIENTED_EDGE('',*,*,#4142,.T.);
#5530=ORIENTED_EDGE('',*,*,#4143,.T.);
#5531=ORIENTED_EDGE('',*,*,#4140,.F.);
#5532=ORIENTED_EDGE('',*,*,#3868,.F.);
#5533=ORIENTED_EDGE('',*,*,#4123,.T.);
#5534=ORIENTED_EDGE('',*,*,#4144,.T.);
#5535=ORIENTED_EDGE('',*,*,#4142,.F.);
#5536=ORIENTED_EDGE('',*,*,#4144,.F.);
#5537=ORIENTED_EDGE('',*,*,#4122,.F.);
#5538=ORIENTED_EDGE('',*,*,#4125,.F.);
#5539=ORIENTED_EDGE('',*,*,#4127,.F.);
#5540=ORIENTED_EDGE('',*,*,#4129,.F.);
#5541=ORIENTED_EDGE('',*,*,#4131,.F.);
#5542=ORIENTED_EDGE('',*,*,#4133,.F.);
#5543=ORIENTED_EDGE('',*,*,#4135,.F.);
#5544=ORIENTED_EDGE('',*,*,#4137,.F.);
#5545=ORIENTED_EDGE('',*,*,#4139,.F.);
#5546=ORIENTED_EDGE('',*,*,#4141,.F.);
#5547=ORIENTED_EDGE('',*,*,#4143,.F.);
#5548=ORIENTED_EDGE('',*,*,#3861,.F.);
#5549=ORIENTED_EDGE('',*,*,#4145,.T.);
#5550=ORIENTED_EDGE('',*,*,#4146,.T.);
#5551=ORIENTED_EDGE('',*,*,#4147,.F.);
#5552=ORIENTED_EDGE('',*,*,#3866,.F.);
#5553=ORIENTED_EDGE('',*,*,#4148,.T.);
#5554=ORIENTED_EDGE('',*,*,#4149,.T.);
#5555=ORIENTED_EDGE('',*,*,#4145,.F.);
#5556=ORIENTED_EDGE('',*,*,#3865,.F.);
#5557=ORIENTED_EDGE('',*,*,#4150,.T.);
#5558=ORIENTED_EDGE('',*,*,#4151,.T.);
#5559=ORIENTED_EDGE('',*,*,#4148,.F.);
#5560=ORIENTED_EDGE('',*,*,#3864,.F.);
#5561=ORIENTED_EDGE('',*,*,#4152,.T.);
#5562=ORIENTED_EDGE('',*,*,#4153,.T.);
#5563=ORIENTED_EDGE('',*,*,#4150,.F.);
#5564=ORIENTED_EDGE('',*,*,#3863,.F.);
#5565=ORIENTED_EDGE('',*,*,#4154,.T.);
#5566=ORIENTED_EDGE('',*,*,#4155,.T.);
#5567=ORIENTED_EDGE('',*,*,#4152,.F.);
#5568=ORIENTED_EDGE('',*,*,#3862,.F.);
#5569=ORIENTED_EDGE('',*,*,#4147,.T.);
#5570=ORIENTED_EDGE('',*,*,#4156,.T.);
#5571=ORIENTED_EDGE('',*,*,#4154,.F.);
#5572=ORIENTED_EDGE('',*,*,#4156,.F.);
#5573=ORIENTED_EDGE('',*,*,#4146,.F.);
#5574=ORIENTED_EDGE('',*,*,#4149,.F.);
#5575=ORIENTED_EDGE('',*,*,#4151,.F.);
#5576=ORIENTED_EDGE('',*,*,#4153,.F.);
#5577=ORIENTED_EDGE('',*,*,#4155,.F.);
#5578=ORIENTED_EDGE('',*,*,#3857,.F.);
#5579=ORIENTED_EDGE('',*,*,#4157,.T.);
#5580=ORIENTED_EDGE('',*,*,#4158,.T.);
#5581=ORIENTED_EDGE('',*,*,#4159,.F.);
#5582=ORIENTED_EDGE('',*,*,#3860,.F.);
#5583=ORIENTED_EDGE('',*,*,#4160,.T.);
#5584=ORIENTED_EDGE('',*,*,#4161,.T.);
#5585=ORIENTED_EDGE('',*,*,#4157,.F.);
#5586=ORIENTED_EDGE('',*,*,#3859,.F.);
#5587=ORIENTED_EDGE('',*,*,#4162,.T.);
#5588=ORIENTED_EDGE('',*,*,#4163,.T.);
#5589=ORIENTED_EDGE('',*,*,#4160,.F.);
#5590=ORIENTED_EDGE('',*,*,#3858,.F.);
#5591=ORIENTED_EDGE('',*,*,#4159,.T.);
#5592=ORIENTED_EDGE('',*,*,#4164,.T.);
#5593=ORIENTED_EDGE('',*,*,#4162,.F.);
#5594=ORIENTED_EDGE('',*,*,#4164,.F.);
#5595=ORIENTED_EDGE('',*,*,#4158,.F.);
#5596=ORIENTED_EDGE('',*,*,#4161,.F.);
#5597=ORIENTED_EDGE('',*,*,#4163,.F.);
#5598=ORIENTED_EDGE('',*,*,#4165,.F.);
#5599=ORIENTED_EDGE('',*,*,#4166,.T.);
#5600=ORIENTED_EDGE('',*,*,#4167,.T.);
#5601=ORIENTED_EDGE('',*,*,#4166,.F.);
#5602=ORIENTED_EDGE('',*,*,#3856,.F.);
#5603=ORIENTED_EDGE('',*,*,#4168,.T.);
#5604=ORIENTED_EDGE('',*,*,#4169,.T.);
#5605=ORIENTED_EDGE('',*,*,#4168,.F.);
#5606=ORIENTED_EDGE('',*,*,#4169,.F.);
#5607=ORIENTED_EDGE('',*,*,#4167,.F.);
#5608=ORIENTED_EDGE('',*,*,#4170,.F.);
#5609=ORIENTED_EDGE('',*,*,#4171,.T.);
#5610=ORIENTED_EDGE('',*,*,#4172,.T.);
#5611=ORIENTED_EDGE('',*,*,#4173,.F.);
#5612=ORIENTED_EDGE('',*,*,#4174,.F.);
#5613=ORIENTED_EDGE('',*,*,#4175,.T.);
#5614=ORIENTED_EDGE('',*,*,#4176,.T.);
#5615=ORIENTED_EDGE('',*,*,#4171,.F.);
#5616=ORIENTED_EDGE('',*,*,#4177,.F.);
#5617=ORIENTED_EDGE('',*,*,#4178,.T.);
#5618=ORIENTED_EDGE('',*,*,#4179,.T.);
#5619=ORIENTED_EDGE('',*,*,#4175,.F.);
#5620=ORIENTED_EDGE('',*,*,#4180,.F.);
#5621=ORIENTED_EDGE('',*,*,#4173,.T.);
#5622=ORIENTED_EDGE('',*,*,#4181,.T.);
#5623=ORIENTED_EDGE('',*,*,#4178,.F.);
#5624=ORIENTED_EDGE('',*,*,#4182,.F.);
#5625=ORIENTED_EDGE('',*,*,#4183,.T.);
#5626=ORIENTED_EDGE('',*,*,#4184,.T.);
#5627=ORIENTED_EDGE('',*,*,#4185,.F.);
#5628=ORIENTED_EDGE('',*,*,#4186,.F.);
#5629=ORIENTED_EDGE('',*,*,#4187,.T.);
#5630=ORIENTED_EDGE('',*,*,#4188,.T.);
#5631=ORIENTED_EDGE('',*,*,#4183,.F.);
#5632=ORIENTED_EDGE('',*,*,#4189,.F.);
#5633=ORIENTED_EDGE('',*,*,#4190,.T.);
#5634=ORIENTED_EDGE('',*,*,#4191,.T.);
#5635=ORIENTED_EDGE('',*,*,#4187,.F.);
#5636=ORIENTED_EDGE('',*,*,#4192,.F.);
#5637=ORIENTED_EDGE('',*,*,#4185,.T.);
#5638=ORIENTED_EDGE('',*,*,#4193,.T.);
#5639=ORIENTED_EDGE('',*,*,#4190,.F.);
#5640=ORIENTED_EDGE('',*,*,#3851,.F.);
#5641=ORIENTED_EDGE('',*,*,#4194,.T.);
#5642=ORIENTED_EDGE('',*,*,#4195,.T.);
#5643=ORIENTED_EDGE('',*,*,#4196,.F.);
#5644=ORIENTED_EDGE('',*,*,#3855,.F.);
#5645=ORIENTED_EDGE('',*,*,#4197,.T.);
#5646=ORIENTED_EDGE('',*,*,#4198,.T.);
#5647=ORIENTED_EDGE('',*,*,#4194,.F.);
#5648=ORIENTED_EDGE('',*,*,#3854,.F.);
#5649=ORIENTED_EDGE('',*,*,#4199,.T.);
#5650=ORIENTED_EDGE('',*,*,#4200,.T.);
#5651=ORIENTED_EDGE('',*,*,#4197,.F.);
#5652=ORIENTED_EDGE('',*,*,#3853,.F.);
#5653=ORIENTED_EDGE('',*,*,#4201,.T.);
#5654=ORIENTED_EDGE('',*,*,#4202,.T.);
#5655=ORIENTED_EDGE('',*,*,#4199,.F.);
#5656=ORIENTED_EDGE('',*,*,#3852,.F.);
#5657=ORIENTED_EDGE('',*,*,#4196,.T.);
#5658=ORIENTED_EDGE('',*,*,#4203,.T.);
#5659=ORIENTED_EDGE('',*,*,#4201,.F.);
#5660=ORIENTED_EDGE('',*,*,#4203,.F.);
#5661=ORIENTED_EDGE('',*,*,#4195,.F.);
#5662=ORIENTED_EDGE('',*,*,#4198,.F.);
#5663=ORIENTED_EDGE('',*,*,#4200,.F.);
#5664=ORIENTED_EDGE('',*,*,#4202,.F.);
#5665=ORIENTED_EDGE('',*,*,#4193,.F.);
#5666=ORIENTED_EDGE('',*,*,#4184,.F.);
#5667=ORIENTED_EDGE('',*,*,#4188,.F.);
#5668=ORIENTED_EDGE('',*,*,#4191,.F.);
#5669=ORIENTED_EDGE('',*,*,#4181,.F.);
#5670=ORIENTED_EDGE('',*,*,#4172,.F.);
#5671=ORIENTED_EDGE('',*,*,#4176,.F.);
#5672=ORIENTED_EDGE('',*,*,#4179,.F.);
#5673=ORIENTED_EDGE('',*,*,#4204,.F.);
#5674=ORIENTED_EDGE('',*,*,#4205,.T.);
#5675=ORIENTED_EDGE('',*,*,#4206,.T.);
#5676=ORIENTED_EDGE('',*,*,#4207,.F.);
#5677=ORIENTED_EDGE('',*,*,#4208,.F.);
#5678=ORIENTED_EDGE('',*,*,#4209,.T.);
#5679=ORIENTED_EDGE('',*,*,#4210,.T.);
#5680=ORIENTED_EDGE('',*,*,#4205,.F.);
#5681=ORIENTED_EDGE('',*,*,#4211,.F.);
#5682=ORIENTED_EDGE('',*,*,#4212,.T.);
#5683=ORIENTED_EDGE('',*,*,#4213,.T.);
#5684=ORIENTED_EDGE('',*,*,#4209,.F.);
#5685=ORIENTED_EDGE('',*,*,#4214,.F.);
#5686=ORIENTED_EDGE('',*,*,#4215,.T.);
#5687=ORIENTED_EDGE('',*,*,#4216,.T.);
#5688=ORIENTED_EDGE('',*,*,#4212,.F.);
#5689=ORIENTED_EDGE('',*,*,#4217,.F.);
#5690=ORIENTED_EDGE('',*,*,#4218,.T.);
#5691=ORIENTED_EDGE('',*,*,#4219,.T.);
#5692=ORIENTED_EDGE('',*,*,#4215,.F.);
#5693=ORIENTED_EDGE('',*,*,#4220,.F.);
#5694=ORIENTED_EDGE('',*,*,#4221,.T.);
#5695=ORIENTED_EDGE('',*,*,#4222,.T.);
#5696=ORIENTED_EDGE('',*,*,#4218,.F.);
#5697=ORIENTED_EDGE('',*,*,#4223,.F.);
#5698=ORIENTED_EDGE('',*,*,#4207,.T.);
#5699=ORIENTED_EDGE('',*,*,#4224,.T.);
#5700=ORIENTED_EDGE('',*,*,#4221,.F.);
#5701=ORIENTED_EDGE('',*,*,#3842,.F.);
#5702=ORIENTED_EDGE('',*,*,#4225,.T.);
#5703=ORIENTED_EDGE('',*,*,#4226,.T.);
#5704=ORIENTED_EDGE('',*,*,#4227,.F.);
#5705=ORIENTED_EDGE('',*,*,#3850,.F.);
#5706=ORIENTED_EDGE('',*,*,#4228,.T.);
#5707=ORIENTED_EDGE('',*,*,#4229,.T.);
#5708=ORIENTED_EDGE('',*,*,#4225,.F.);
#5709=ORIENTED_EDGE('',*,*,#3849,.F.);
#5710=ORIENTED_EDGE('',*,*,#4230,.T.);
#5711=ORIENTED_EDGE('',*,*,#4231,.T.);
#5712=ORIENTED_EDGE('',*,*,#4228,.F.);
#5713=ORIENTED_EDGE('',*,*,#3848,.F.);
#5714=ORIENTED_EDGE('',*,*,#4232,.T.);
#5715=ORIENTED_EDGE('',*,*,#4233,.T.);
#5716=ORIENTED_EDGE('',*,*,#4230,.F.);
#5717=ORIENTED_EDGE('',*,*,#3847,.F.);
#5718=ORIENTED_EDGE('',*,*,#4234,.T.);
#5719=ORIENTED_EDGE('',*,*,#4235,.T.);
#5720=ORIENTED_EDGE('',*,*,#4232,.F.);
#5721=ORIENTED_EDGE('',*,*,#3846,.F.);
#5722=ORIENTED_EDGE('',*,*,#4236,.T.);
#5723=ORIENTED_EDGE('',*,*,#4237,.T.);
#5724=ORIENTED_EDGE('',*,*,#4234,.F.);
#5725=ORIENTED_EDGE('',*,*,#3845,.F.);
#5726=ORIENTED_EDGE('',*,*,#4238,.T.);
#5727=ORIENTED_EDGE('',*,*,#4239,.T.);
#5728=ORIENTED_EDGE('',*,*,#4236,.F.);
#5729=ORIENTED_EDGE('',*,*,#3844,.F.);
#5730=ORIENTED_EDGE('',*,*,#4240,.T.);
#5731=ORIENTED_EDGE('',*,*,#4241,.T.);
#5732=ORIENTED_EDGE('',*,*,#4238,.F.);
#5733=ORIENTED_EDGE('',*,*,#3843,.F.);
#5734=ORIENTED_EDGE('',*,*,#4227,.T.);
#5735=ORIENTED_EDGE('',*,*,#4242,.T.);
#5736=ORIENTED_EDGE('',*,*,#4240,.F.);
#5737=ORIENTED_EDGE('',*,*,#4242,.F.);
#5738=ORIENTED_EDGE('',*,*,#4226,.F.);
#5739=ORIENTED_EDGE('',*,*,#4229,.F.);
#5740=ORIENTED_EDGE('',*,*,#4231,.F.);
#5741=ORIENTED_EDGE('',*,*,#4233,.F.);
#5742=ORIENTED_EDGE('',*,*,#4235,.F.);
#5743=ORIENTED_EDGE('',*,*,#4237,.F.);
#5744=ORIENTED_EDGE('',*,*,#4239,.F.);
#5745=ORIENTED_EDGE('',*,*,#4241,.F.);
#5746=ORIENTED_EDGE('',*,*,#4224,.F.);
#5747=ORIENTED_EDGE('',*,*,#4206,.F.);
#5748=ORIENTED_EDGE('',*,*,#4210,.F.);
#5749=ORIENTED_EDGE('',*,*,#4213,.F.);
#5750=ORIENTED_EDGE('',*,*,#4216,.F.);
#5751=ORIENTED_EDGE('',*,*,#4219,.F.);
#5752=ORIENTED_EDGE('',*,*,#4222,.F.);
#5753=ORIENTED_EDGE('',*,*,#3832,.F.);
#5754=ORIENTED_EDGE('',*,*,#4243,.T.);
#5755=ORIENTED_EDGE('',*,*,#4244,.T.);
#5756=ORIENTED_EDGE('',*,*,#4245,.F.);
#5757=ORIENTED_EDGE('',*,*,#3841,.F.);
#5758=ORIENTED_EDGE('',*,*,#4246,.T.);
#5759=ORIENTED_EDGE('',*,*,#4247,.T.);
#5760=ORIENTED_EDGE('',*,*,#4243,.F.);
#5761=ORIENTED_EDGE('',*,*,#3840,.F.);
#5762=ORIENTED_EDGE('',*,*,#4248,.T.);
#5763=ORIENTED_EDGE('',*,*,#4249,.T.);
#5764=ORIENTED_EDGE('',*,*,#4246,.F.);
#5765=ORIENTED_EDGE('',*,*,#3839,.F.);
#5766=ORIENTED_EDGE('',*,*,#4250,.T.);
#5767=ORIENTED_EDGE('',*,*,#4251,.T.);
#5768=ORIENTED_EDGE('',*,*,#4248,.F.);
#5769=ORIENTED_EDGE('',*,*,#3838,.F.);
#5770=ORIENTED_EDGE('',*,*,#4252,.T.);
#5771=ORIENTED_EDGE('',*,*,#4253,.T.);
#5772=ORIENTED_EDGE('',*,*,#4250,.F.);
#5773=ORIENTED_EDGE('',*,*,#3837,.F.);
#5774=ORIENTED_EDGE('',*,*,#4254,.T.);
#5775=ORIENTED_EDGE('',*,*,#4255,.T.);
#5776=ORIENTED_EDGE('',*,*,#4252,.F.);
#5777=ORIENTED_EDGE('',*,*,#3836,.F.);
#5778=ORIENTED_EDGE('',*,*,#4256,.T.);
#5779=ORIENTED_EDGE('',*,*,#4257,.T.);
#5780=ORIENTED_EDGE('',*,*,#4254,.F.);
#5781=ORIENTED_EDGE('',*,*,#3835,.F.);
#5782=ORIENTED_EDGE('',*,*,#4258,.T.);
#5783=ORIENTED_EDGE('',*,*,#4259,.T.);
#5784=ORIENTED_EDGE('',*,*,#4256,.F.);
#5785=ORIENTED_EDGE('',*,*,#3834,.F.);
#5786=ORIENTED_EDGE('',*,*,#4260,.T.);
#5787=ORIENTED_EDGE('',*,*,#4261,.T.);
#5788=ORIENTED_EDGE('',*,*,#4258,.F.);
#5789=ORIENTED_EDGE('',*,*,#3833,.F.);
#5790=ORIENTED_EDGE('',*,*,#4245,.T.);
#5791=ORIENTED_EDGE('',*,*,#4262,.T.);
#5792=ORIENTED_EDGE('',*,*,#4260,.F.);
#5793=ORIENTED_EDGE('',*,*,#4262,.F.);
#5794=ORIENTED_EDGE('',*,*,#4244,.F.);
#5795=ORIENTED_EDGE('',*,*,#4247,.F.);
#5796=ORIENTED_EDGE('',*,*,#4249,.F.);
#5797=ORIENTED_EDGE('',*,*,#4251,.F.);
#5798=ORIENTED_EDGE('',*,*,#4253,.F.);
#5799=ORIENTED_EDGE('',*,*,#4255,.F.);
#5800=ORIENTED_EDGE('',*,*,#4257,.F.);
#5801=ORIENTED_EDGE('',*,*,#4259,.F.);
#5802=ORIENTED_EDGE('',*,*,#4261,.F.);
#5803=ORIENTED_EDGE('',*,*,#3820,.F.);
#5804=ORIENTED_EDGE('',*,*,#4263,.T.);
#5805=ORIENTED_EDGE('',*,*,#4264,.T.);
#5806=ORIENTED_EDGE('',*,*,#4265,.F.);
#5807=ORIENTED_EDGE('',*,*,#3831,.F.);
#5808=ORIENTED_EDGE('',*,*,#4266,.T.);
#5809=ORIENTED_EDGE('',*,*,#4267,.T.);
#5810=ORIENTED_EDGE('',*,*,#4263,.F.);
#5811=ORIENTED_EDGE('',*,*,#3830,.F.);
#5812=ORIENTED_EDGE('',*,*,#4268,.T.);
#5813=ORIENTED_EDGE('',*,*,#4269,.T.);
#5814=ORIENTED_EDGE('',*,*,#4266,.F.);
#5815=ORIENTED_EDGE('',*,*,#3829,.F.);
#5816=ORIENTED_EDGE('',*,*,#4270,.T.);
#5817=ORIENTED_EDGE('',*,*,#4271,.T.);
#5818=ORIENTED_EDGE('',*,*,#4268,.F.);
#5819=ORIENTED_EDGE('',*,*,#3828,.F.);
#5820=ORIENTED_EDGE('',*,*,#4272,.T.);
#5821=ORIENTED_EDGE('',*,*,#4273,.T.);
#5822=ORIENTED_EDGE('',*,*,#4270,.F.);
#5823=ORIENTED_EDGE('',*,*,#3827,.F.);
#5824=ORIENTED_EDGE('',*,*,#4274,.T.);
#5825=ORIENTED_EDGE('',*,*,#4275,.T.);
#5826=ORIENTED_EDGE('',*,*,#4272,.F.);
#5827=ORIENTED_EDGE('',*,*,#3826,.F.);
#5828=ORIENTED_EDGE('',*,*,#4276,.T.);
#5829=ORIENTED_EDGE('',*,*,#4277,.T.);
#5830=ORIENTED_EDGE('',*,*,#4274,.F.);
#5831=ORIENTED_EDGE('',*,*,#3825,.F.);
#5832=ORIENTED_EDGE('',*,*,#4278,.T.);
#5833=ORIENTED_EDGE('',*,*,#4279,.T.);
#5834=ORIENTED_EDGE('',*,*,#4276,.F.);
#5835=ORIENTED_EDGE('',*,*,#3824,.F.);
#5836=ORIENTED_EDGE('',*,*,#4280,.T.);
#5837=ORIENTED_EDGE('',*,*,#4281,.T.);
#5838=ORIENTED_EDGE('',*,*,#4278,.F.);
#5839=ORIENTED_EDGE('',*,*,#3823,.F.);
#5840=ORIENTED_EDGE('',*,*,#4282,.T.);
#5841=ORIENTED_EDGE('',*,*,#4283,.T.);
#5842=ORIENTED_EDGE('',*,*,#4280,.F.);
#5843=ORIENTED_EDGE('',*,*,#3822,.F.);
#5844=ORIENTED_EDGE('',*,*,#4284,.T.);
#5845=ORIENTED_EDGE('',*,*,#4285,.T.);
#5846=ORIENTED_EDGE('',*,*,#4282,.F.);
#5847=ORIENTED_EDGE('',*,*,#3821,.F.);
#5848=ORIENTED_EDGE('',*,*,#4265,.T.);
#5849=ORIENTED_EDGE('',*,*,#4286,.T.);
#5850=ORIENTED_EDGE('',*,*,#4284,.F.);
#5851=ORIENTED_EDGE('',*,*,#4286,.F.);
#5852=ORIENTED_EDGE('',*,*,#4264,.F.);
#5853=ORIENTED_EDGE('',*,*,#4267,.F.);
#5854=ORIENTED_EDGE('',*,*,#4269,.F.);
#5855=ORIENTED_EDGE('',*,*,#4271,.F.);
#5856=ORIENTED_EDGE('',*,*,#4273,.F.);
#5857=ORIENTED_EDGE('',*,*,#4275,.F.);
#5858=ORIENTED_EDGE('',*,*,#4277,.F.);
#5859=ORIENTED_EDGE('',*,*,#4279,.F.);
#5860=ORIENTED_EDGE('',*,*,#4281,.F.);
#5861=ORIENTED_EDGE('',*,*,#4283,.F.);
#5862=ORIENTED_EDGE('',*,*,#4285,.F.);
#5863=ORIENTED_EDGE('',*,*,#3808,.F.);
#5864=ORIENTED_EDGE('',*,*,#4287,.T.);
#5865=ORIENTED_EDGE('',*,*,#4288,.T.);
#5866=ORIENTED_EDGE('',*,*,#4289,.F.);
#5867=ORIENTED_EDGE('',*,*,#3819,.F.);
#5868=ORIENTED_EDGE('',*,*,#4290,.T.);
#5869=ORIENTED_EDGE('',*,*,#4291,.T.);
#5870=ORIENTED_EDGE('',*,*,#4287,.F.);
#5871=ORIENTED_EDGE('',*,*,#3818,.F.);
#5872=ORIENTED_EDGE('',*,*,#4292,.T.);
#5873=ORIENTED_EDGE('',*,*,#4293,.T.);
#5874=ORIENTED_EDGE('',*,*,#4290,.F.);
#5875=ORIENTED_EDGE('',*,*,#3817,.F.);
#5876=ORIENTED_EDGE('',*,*,#4294,.T.);
#5877=ORIENTED_EDGE('',*,*,#4295,.T.);
#5878=ORIENTED_EDGE('',*,*,#4292,.F.);
#5879=ORIENTED_EDGE('',*,*,#3816,.F.);
#5880=ORIENTED_EDGE('',*,*,#4296,.T.);
#5881=ORIENTED_EDGE('',*,*,#4297,.T.);
#5882=ORIENTED_EDGE('',*,*,#4294,.F.);
#5883=ORIENTED_EDGE('',*,*,#3815,.F.);
#5884=ORIENTED_EDGE('',*,*,#4298,.T.);
#5885=ORIENTED_EDGE('',*,*,#4299,.T.);
#5886=ORIENTED_EDGE('',*,*,#4296,.F.);
#5887=ORIENTED_EDGE('',*,*,#3814,.F.);
#5888=ORIENTED_EDGE('',*,*,#4300,.T.);
#5889=ORIENTED_EDGE('',*,*,#4301,.T.);
#5890=ORIENTED_EDGE('',*,*,#4298,.F.);
#5891=ORIENTED_EDGE('',*,*,#3813,.F.);
#5892=ORIENTED_EDGE('',*,*,#4302,.T.);
#5893=ORIENTED_EDGE('',*,*,#4303,.T.);
#5894=ORIENTED_EDGE('',*,*,#4300,.F.);
#5895=ORIENTED_EDGE('',*,*,#3812,.F.);
#5896=ORIENTED_EDGE('',*,*,#4304,.T.);
#5897=ORIENTED_EDGE('',*,*,#4305,.T.);
#5898=ORIENTED_EDGE('',*,*,#4302,.F.);
#5899=ORIENTED_EDGE('',*,*,#3811,.F.);
#5900=ORIENTED_EDGE('',*,*,#4306,.T.);
#5901=ORIENTED_EDGE('',*,*,#4307,.T.);
#5902=ORIENTED_EDGE('',*,*,#4304,.F.);
#5903=ORIENTED_EDGE('',*,*,#3810,.F.);
#5904=ORIENTED_EDGE('',*,*,#4308,.T.);
#5905=ORIENTED_EDGE('',*,*,#4309,.T.);
#5906=ORIENTED_EDGE('',*,*,#4306,.F.);
#5907=ORIENTED_EDGE('',*,*,#3809,.F.);
#5908=ORIENTED_EDGE('',*,*,#4289,.T.);
#5909=ORIENTED_EDGE('',*,*,#4310,.T.);
#5910=ORIENTED_EDGE('',*,*,#4308,.F.);
#5911=ORIENTED_EDGE('',*,*,#4310,.F.);
#5912=ORIENTED_EDGE('',*,*,#4288,.F.);
#5913=ORIENTED_EDGE('',*,*,#4291,.F.);
#5914=ORIENTED_EDGE('',*,*,#4293,.F.);
#5915=ORIENTED_EDGE('',*,*,#4295,.F.);
#5916=ORIENTED_EDGE('',*,*,#4297,.F.);
#5917=ORIENTED_EDGE('',*,*,#4299,.F.);
#5918=ORIENTED_EDGE('',*,*,#4301,.F.);
#5919=ORIENTED_EDGE('',*,*,#4303,.F.);
#5920=ORIENTED_EDGE('',*,*,#4305,.F.);
#5921=ORIENTED_EDGE('',*,*,#4307,.F.);
#5922=ORIENTED_EDGE('',*,*,#4309,.F.);
#5923=ORIENTED_EDGE('',*,*,#3800,.F.);
#5924=ORIENTED_EDGE('',*,*,#4311,.T.);
#5925=ORIENTED_EDGE('',*,*,#4312,.T.);
#5926=ORIENTED_EDGE('',*,*,#4313,.F.);
#5927=ORIENTED_EDGE('',*,*,#3807,.F.);
#5928=ORIENTED_EDGE('',*,*,#4314,.T.);
#5929=ORIENTED_EDGE('',*,*,#4315,.T.);
#5930=ORIENTED_EDGE('',*,*,#4311,.F.);
#5931=ORIENTED_EDGE('',*,*,#3806,.F.);
#5932=ORIENTED_EDGE('',*,*,#4316,.T.);
#5933=ORIENTED_EDGE('',*,*,#4317,.T.);
#5934=ORIENTED_EDGE('',*,*,#4314,.F.);
#5935=ORIENTED_EDGE('',*,*,#3805,.F.);
#5936=ORIENTED_EDGE('',*,*,#4318,.T.);
#5937=ORIENTED_EDGE('',*,*,#4319,.T.);
#5938=ORIENTED_EDGE('',*,*,#4316,.F.);
#5939=ORIENTED_EDGE('',*,*,#3804,.F.);
#5940=ORIENTED_EDGE('',*,*,#4320,.T.);
#5941=ORIENTED_EDGE('',*,*,#4321,.T.);
#5942=ORIENTED_EDGE('',*,*,#4318,.F.);
#5943=ORIENTED_EDGE('',*,*,#3803,.F.);
#5944=ORIENTED_EDGE('',*,*,#4322,.T.);
#5945=ORIENTED_EDGE('',*,*,#4323,.T.);
#5946=ORIENTED_EDGE('',*,*,#4320,.F.);
#5947=ORIENTED_EDGE('',*,*,#3802,.F.);
#5948=ORIENTED_EDGE('',*,*,#4324,.T.);
#5949=ORIENTED_EDGE('',*,*,#4325,.T.);
#5950=ORIENTED_EDGE('',*,*,#4322,.F.);
#5951=ORIENTED_EDGE('',*,*,#3801,.F.);
#5952=ORIENTED_EDGE('',*,*,#4313,.T.);
#5953=ORIENTED_EDGE('',*,*,#4326,.T.);
#5954=ORIENTED_EDGE('',*,*,#4324,.F.);
#5955=ORIENTED_EDGE('',*,*,#4326,.F.);
#5956=ORIENTED_EDGE('',*,*,#4312,.F.);
#5957=ORIENTED_EDGE('',*,*,#4315,.F.);
#5958=ORIENTED_EDGE('',*,*,#4317,.F.);
#5959=ORIENTED_EDGE('',*,*,#4319,.F.);
#5960=ORIENTED_EDGE('',*,*,#4321,.F.);
#5961=ORIENTED_EDGE('',*,*,#4323,.F.);
#5962=ORIENTED_EDGE('',*,*,#4325,.F.);
#5963=ORIENTED_EDGE('',*,*,#3795,.F.);
#5964=ORIENTED_EDGE('',*,*,#4327,.T.);
#5965=ORIENTED_EDGE('',*,*,#4328,.T.);
#5966=ORIENTED_EDGE('',*,*,#4329,.F.);
#5967=ORIENTED_EDGE('',*,*,#3799,.F.);
#5968=ORIENTED_EDGE('',*,*,#4330,.T.);
#5969=ORIENTED_EDGE('',*,*,#4331,.T.);
#5970=ORIENTED_EDGE('',*,*,#4327,.F.);
#5971=ORIENTED_EDGE('',*,*,#3798,.F.);
#5972=ORIENTED_EDGE('',*,*,#4332,.T.);
#5973=ORIENTED_EDGE('',*,*,#4333,.T.);
#5974=ORIENTED_EDGE('',*,*,#4330,.F.);
#5975=ORIENTED_EDGE('',*,*,#3797,.F.);
#5976=ORIENTED_EDGE('',*,*,#4334,.T.);
#5977=ORIENTED_EDGE('',*,*,#4335,.T.);
#5978=ORIENTED_EDGE('',*,*,#4332,.F.);
#5979=ORIENTED_EDGE('',*,*,#3796,.F.);
#5980=ORIENTED_EDGE('',*,*,#4329,.T.);
#5981=ORIENTED_EDGE('',*,*,#4336,.T.);
#5982=ORIENTED_EDGE('',*,*,#4334,.F.);
#5983=ORIENTED_EDGE('',*,*,#4336,.F.);
#5984=ORIENTED_EDGE('',*,*,#4328,.F.);
#5985=ORIENTED_EDGE('',*,*,#4331,.F.);
#5986=ORIENTED_EDGE('',*,*,#4333,.F.);
#5987=ORIENTED_EDGE('',*,*,#4335,.F.);
#5988=ORIENTED_EDGE('',*,*,#3790,.F.);
#5989=ORIENTED_EDGE('',*,*,#4337,.T.);
#5990=ORIENTED_EDGE('',*,*,#4338,.T.);
#5991=ORIENTED_EDGE('',*,*,#4339,.F.);
#5992=ORIENTED_EDGE('',*,*,#3794,.F.);
#5993=ORIENTED_EDGE('',*,*,#4340,.T.);
#5994=ORIENTED_EDGE('',*,*,#4341,.T.);
#5995=ORIENTED_EDGE('',*,*,#4337,.F.);
#5996=ORIENTED_EDGE('',*,*,#3793,.F.);
#5997=ORIENTED_EDGE('',*,*,#4342,.T.);
#5998=ORIENTED_EDGE('',*,*,#4343,.T.);
#5999=ORIENTED_EDGE('',*,*,#4340,.F.);
#6000=ORIENTED_EDGE('',*,*,#3792,.F.);
#6001=ORIENTED_EDGE('',*,*,#4344,.T.);
#6002=ORIENTED_EDGE('',*,*,#4345,.T.);
#6003=ORIENTED_EDGE('',*,*,#4342,.F.);
#6004=ORIENTED_EDGE('',*,*,#3791,.F.);
#6005=ORIENTED_EDGE('',*,*,#4339,.T.);
#6006=ORIENTED_EDGE('',*,*,#4346,.T.);
#6007=ORIENTED_EDGE('',*,*,#4344,.F.);
#6008=ORIENTED_EDGE('',*,*,#4346,.F.);
#6009=ORIENTED_EDGE('',*,*,#4338,.F.);
#6010=ORIENTED_EDGE('',*,*,#4341,.F.);
#6011=ORIENTED_EDGE('',*,*,#4343,.F.);
#6012=ORIENTED_EDGE('',*,*,#4345,.F.);
#6013=ORIENTED_EDGE('',*,*,#4347,.F.);
#6014=ORIENTED_EDGE('',*,*,#4348,.T.);
#6015=ORIENTED_EDGE('',*,*,#4349,.T.);
#6016=ORIENTED_EDGE('',*,*,#4350,.F.);
#6017=ORIENTED_EDGE('',*,*,#4351,.F.);
#6018=ORIENTED_EDGE('',*,*,#4352,.T.);
#6019=ORIENTED_EDGE('',*,*,#4353,.T.);
#6020=ORIENTED_EDGE('',*,*,#4348,.F.);
#6021=ORIENTED_EDGE('',*,*,#4354,.F.);
#6022=ORIENTED_EDGE('',*,*,#4355,.T.);
#6023=ORIENTED_EDGE('',*,*,#4356,.T.);
#6024=ORIENTED_EDGE('',*,*,#4352,.F.);
#6025=ORIENTED_EDGE('',*,*,#4357,.F.);
#6026=ORIENTED_EDGE('',*,*,#4350,.T.);
#6027=ORIENTED_EDGE('',*,*,#4358,.T.);
#6028=ORIENTED_EDGE('',*,*,#4355,.F.);
#6029=ORIENTED_EDGE('',*,*,#3786,.F.);
#6030=ORIENTED_EDGE('',*,*,#4359,.T.);
#6031=ORIENTED_EDGE('',*,*,#4360,.T.);
#6032=ORIENTED_EDGE('',*,*,#4361,.F.);
#6033=ORIENTED_EDGE('',*,*,#3789,.F.);
#6034=ORIENTED_EDGE('',*,*,#4362,.T.);
#6035=ORIENTED_EDGE('',*,*,#4363,.T.);
#6036=ORIENTED_EDGE('',*,*,#4359,.F.);
#6037=ORIENTED_EDGE('',*,*,#3788,.F.);
#6038=ORIENTED_EDGE('',*,*,#4364,.T.);
#6039=ORIENTED_EDGE('',*,*,#4365,.T.);
#6040=ORIENTED_EDGE('',*,*,#4362,.F.);
#6041=ORIENTED_EDGE('',*,*,#3787,.F.);
#6042=ORIENTED_EDGE('',*,*,#4361,.T.);
#6043=ORIENTED_EDGE('',*,*,#4366,.T.);
#6044=ORIENTED_EDGE('',*,*,#4364,.F.);
#6045=ORIENTED_EDGE('',*,*,#4366,.F.);
#6046=ORIENTED_EDGE('',*,*,#4360,.F.);
#6047=ORIENTED_EDGE('',*,*,#4363,.F.);
#6048=ORIENTED_EDGE('',*,*,#4365,.F.);
#6049=ORIENTED_EDGE('',*,*,#4358,.F.);
#6050=ORIENTED_EDGE('',*,*,#4349,.F.);
#6051=ORIENTED_EDGE('',*,*,#4353,.F.);
#6052=ORIENTED_EDGE('',*,*,#4356,.F.);
#6053=ORIENTED_EDGE('',*,*,#3774,.F.);
#6054=ORIENTED_EDGE('',*,*,#4367,.T.);
#6055=ORIENTED_EDGE('',*,*,#4368,.T.);
#6056=ORIENTED_EDGE('',*,*,#4369,.F.);
#6057=ORIENTED_EDGE('',*,*,#3785,.F.);
#6058=ORIENTED_EDGE('',*,*,#4370,.T.);
#6059=ORIENTED_EDGE('',*,*,#4371,.T.);
#6060=ORIENTED_EDGE('',*,*,#4367,.F.);
#6061=ORIENTED_EDGE('',*,*,#3784,.F.);
#6062=ORIENTED_EDGE('',*,*,#4372,.T.);
#6063=ORIENTED_EDGE('',*,*,#4373,.T.);
#6064=ORIENTED_EDGE('',*,*,#4370,.F.);
#6065=ORIENTED_EDGE('',*,*,#3783,.F.);
#6066=ORIENTED_EDGE('',*,*,#4374,.T.);
#6067=ORIENTED_EDGE('',*,*,#4375,.T.);
#6068=ORIENTED_EDGE('',*,*,#4372,.F.);
#6069=ORIENTED_EDGE('',*,*,#3782,.F.);
#6070=ORIENTED_EDGE('',*,*,#4376,.T.);
#6071=ORIENTED_EDGE('',*,*,#4377,.T.);
#6072=ORIENTED_EDGE('',*,*,#4374,.F.);
#6073=ORIENTED_EDGE('',*,*,#3781,.F.);
#6074=ORIENTED_EDGE('',*,*,#4378,.T.);
#6075=ORIENTED_EDGE('',*,*,#4379,.T.);
#6076=ORIENTED_EDGE('',*,*,#4376,.F.);
#6077=ORIENTED_EDGE('',*,*,#3780,.F.);
#6078=ORIENTED_EDGE('',*,*,#4380,.T.);
#6079=ORIENTED_EDGE('',*,*,#4381,.T.);
#6080=ORIENTED_EDGE('',*,*,#4378,.F.);
#6081=ORIENTED_EDGE('',*,*,#3779,.F.);
#6082=ORIENTED_EDGE('',*,*,#4382,.T.);
#6083=ORIENTED_EDGE('',*,*,#4383,.T.);
#6084=ORIENTED_EDGE('',*,*,#4380,.F.);
#6085=ORIENTED_EDGE('',*,*,#3778,.F.);
#6086=ORIENTED_EDGE('',*,*,#4384,.T.);
#6087=ORIENTED_EDGE('',*,*,#4385,.T.);
#6088=ORIENTED_EDGE('',*,*,#4382,.F.);
#6089=ORIENTED_EDGE('',*,*,#3777,.F.);
#6090=ORIENTED_EDGE('',*,*,#4386,.T.);
#6091=ORIENTED_EDGE('',*,*,#4387,.T.);
#6092=ORIENTED_EDGE('',*,*,#4384,.F.);
#6093=ORIENTED_EDGE('',*,*,#3776,.F.);
#6094=ORIENTED_EDGE('',*,*,#4388,.T.);
#6095=ORIENTED_EDGE('',*,*,#4389,.T.);
#6096=ORIENTED_EDGE('',*,*,#4386,.F.);
#6097=ORIENTED_EDGE('',*,*,#3775,.F.);
#6098=ORIENTED_EDGE('',*,*,#4369,.T.);
#6099=ORIENTED_EDGE('',*,*,#4390,.T.);
#6100=ORIENTED_EDGE('',*,*,#4388,.F.);
#6101=ORIENTED_EDGE('',*,*,#4390,.F.);
#6102=ORIENTED_EDGE('',*,*,#4368,.F.);
#6103=ORIENTED_EDGE('',*,*,#4371,.F.);
#6104=ORIENTED_EDGE('',*,*,#4373,.F.);
#6105=ORIENTED_EDGE('',*,*,#4375,.F.);
#6106=ORIENTED_EDGE('',*,*,#4377,.F.);
#6107=ORIENTED_EDGE('',*,*,#4379,.F.);
#6108=ORIENTED_EDGE('',*,*,#4381,.F.);
#6109=ORIENTED_EDGE('',*,*,#4383,.F.);
#6110=ORIENTED_EDGE('',*,*,#4385,.F.);
#6111=ORIENTED_EDGE('',*,*,#4387,.F.);
#6112=ORIENTED_EDGE('',*,*,#4389,.F.);
#6113=ORIENTED_EDGE('',*,*,#3761,.F.);
#6114=ORIENTED_EDGE('',*,*,#4391,.T.);
#6115=ORIENTED_EDGE('',*,*,#4392,.T.);
#6116=ORIENTED_EDGE('',*,*,#4393,.F.);
#6117=ORIENTED_EDGE('',*,*,#3773,.F.);
#6118=ORIENTED_EDGE('',*,*,#4394,.T.);
#6119=ORIENTED_EDGE('',*,*,#4395,.T.);
#6120=ORIENTED_EDGE('',*,*,#4391,.F.);
#6121=ORIENTED_EDGE('',*,*,#3772,.F.);
#6122=ORIENTED_EDGE('',*,*,#4396,.T.);
#6123=ORIENTED_EDGE('',*,*,#4397,.T.);
#6124=ORIENTED_EDGE('',*,*,#4394,.F.);
#6125=ORIENTED_EDGE('',*,*,#3771,.F.);
#6126=ORIENTED_EDGE('',*,*,#4398,.T.);
#6127=ORIENTED_EDGE('',*,*,#4399,.T.);
#6128=ORIENTED_EDGE('',*,*,#4396,.F.);
#6129=ORIENTED_EDGE('',*,*,#3770,.F.);
#6130=ORIENTED_EDGE('',*,*,#4400,.T.);
#6131=ORIENTED_EDGE('',*,*,#4401,.T.);
#6132=ORIENTED_EDGE('',*,*,#4398,.F.);
#6133=ORIENTED_EDGE('',*,*,#3769,.F.);
#6134=ORIENTED_EDGE('',*,*,#4402,.T.);
#6135=ORIENTED_EDGE('',*,*,#4403,.T.);
#6136=ORIENTED_EDGE('',*,*,#4400,.F.);
#6137=ORIENTED_EDGE('',*,*,#3768,.F.);
#6138=ORIENTED_EDGE('',*,*,#4404,.T.);
#6139=ORIENTED_EDGE('',*,*,#4405,.T.);
#6140=ORIENTED_EDGE('',*,*,#4402,.F.);
#6141=ORIENTED_EDGE('',*,*,#3767,.F.);
#6142=ORIENTED_EDGE('',*,*,#4406,.T.);
#6143=ORIENTED_EDGE('',*,*,#4407,.T.);
#6144=ORIENTED_EDGE('',*,*,#4404,.F.);
#6145=ORIENTED_EDGE('',*,*,#3766,.F.);
#6146=ORIENTED_EDGE('',*,*,#4408,.T.);
#6147=ORIENTED_EDGE('',*,*,#4409,.T.);
#6148=ORIENTED_EDGE('',*,*,#4406,.F.);
#6149=ORIENTED_EDGE('',*,*,#3765,.F.);
#6150=ORIENTED_EDGE('',*,*,#4410,.T.);
#6151=ORIENTED_EDGE('',*,*,#4411,.T.);
#6152=ORIENTED_EDGE('',*,*,#4408,.F.);
#6153=ORIENTED_EDGE('',*,*,#3764,.F.);
#6154=ORIENTED_EDGE('',*,*,#4412,.T.);
#6155=ORIENTED_EDGE('',*,*,#4413,.T.);
#6156=ORIENTED_EDGE('',*,*,#4410,.F.);
#6157=ORIENTED_EDGE('',*,*,#3763,.F.);
#6158=ORIENTED_EDGE('',*,*,#4414,.T.);
#6159=ORIENTED_EDGE('',*,*,#4415,.T.);
#6160=ORIENTED_EDGE('',*,*,#4412,.F.);
#6161=ORIENTED_EDGE('',*,*,#3762,.F.);
#6162=ORIENTED_EDGE('',*,*,#4393,.T.);
#6163=ORIENTED_EDGE('',*,*,#4416,.T.);
#6164=ORIENTED_EDGE('',*,*,#4414,.F.);
#6165=ORIENTED_EDGE('',*,*,#4416,.F.);
#6166=ORIENTED_EDGE('',*,*,#4392,.F.);
#6167=ORIENTED_EDGE('',*,*,#4395,.F.);
#6168=ORIENTED_EDGE('',*,*,#4397,.F.);
#6169=ORIENTED_EDGE('',*,*,#4399,.F.);
#6170=ORIENTED_EDGE('',*,*,#4401,.F.);
#6171=ORIENTED_EDGE('',*,*,#4403,.F.);
#6172=ORIENTED_EDGE('',*,*,#4405,.F.);
#6173=ORIENTED_EDGE('',*,*,#4407,.F.);
#6174=ORIENTED_EDGE('',*,*,#4409,.F.);
#6175=ORIENTED_EDGE('',*,*,#4411,.F.);
#6176=ORIENTED_EDGE('',*,*,#4413,.F.);
#6177=ORIENTED_EDGE('',*,*,#4415,.F.);
#6178=ORIENTED_EDGE('',*,*,#3753,.F.);
#6179=ORIENTED_EDGE('',*,*,#4417,.T.);
#6180=ORIENTED_EDGE('',*,*,#4418,.T.);
#6181=ORIENTED_EDGE('',*,*,#4419,.F.);
#6182=ORIENTED_EDGE('',*,*,#3760,.F.);
#6183=ORIENTED_EDGE('',*,*,#4420,.T.);
#6184=ORIENTED_EDGE('',*,*,#4421,.T.);
#6185=ORIENTED_EDGE('',*,*,#4417,.F.);
#6186=ORIENTED_EDGE('',*,*,#3759,.F.);
#6187=ORIENTED_EDGE('',*,*,#4422,.T.);
#6188=ORIENTED_EDGE('',*,*,#4423,.T.);
#6189=ORIENTED_EDGE('',*,*,#4420,.F.);
#6190=ORIENTED_EDGE('',*,*,#3758,.F.);
#6191=ORIENTED_EDGE('',*,*,#4424,.T.);
#6192=ORIENTED_EDGE('',*,*,#4425,.T.);
#6193=ORIENTED_EDGE('',*,*,#4422,.F.);
#6194=ORIENTED_EDGE('',*,*,#3757,.F.);
#6195=ORIENTED_EDGE('',*,*,#4426,.T.);
#6196=ORIENTED_EDGE('',*,*,#4427,.T.);
#6197=ORIENTED_EDGE('',*,*,#4424,.F.);
#6198=ORIENTED_EDGE('',*,*,#3756,.F.);
#6199=ORIENTED_EDGE('',*,*,#4428,.T.);
#6200=ORIENTED_EDGE('',*,*,#4429,.T.);
#6201=ORIENTED_EDGE('',*,*,#4426,.F.);
#6202=ORIENTED_EDGE('',*,*,#3755,.F.);
#6203=ORIENTED_EDGE('',*,*,#4430,.T.);
#6204=ORIENTED_EDGE('',*,*,#4431,.T.);
#6205=ORIENTED_EDGE('',*,*,#4428,.F.);
#6206=ORIENTED_EDGE('',*,*,#3754,.F.);
#6207=ORIENTED_EDGE('',*,*,#4419,.T.);
#6208=ORIENTED_EDGE('',*,*,#4432,.T.);
#6209=ORIENTED_EDGE('',*,*,#4430,.F.);
#6210=ORIENTED_EDGE('',*,*,#4432,.F.);
#6211=ORIENTED_EDGE('',*,*,#4418,.F.);
#6212=ORIENTED_EDGE('',*,*,#4421,.F.);
#6213=ORIENTED_EDGE('',*,*,#4423,.F.);
#6214=ORIENTED_EDGE('',*,*,#4425,.F.);
#6215=ORIENTED_EDGE('',*,*,#4427,.F.);
#6216=ORIENTED_EDGE('',*,*,#4429,.F.);
#6217=ORIENTED_EDGE('',*,*,#4431,.F.);
#6218=ORIENTED_EDGE('',*,*,#4433,.F.);
#6219=ORIENTED_EDGE('',*,*,#4434,.T.);
#6220=ORIENTED_EDGE('',*,*,#4435,.T.);
#6221=ORIENTED_EDGE('',*,*,#4436,.F.);
#6222=ORIENTED_EDGE('',*,*,#4437,.F.);
#6223=ORIENTED_EDGE('',*,*,#4438,.T.);
#6224=ORIENTED_EDGE('',*,*,#4439,.T.);
#6225=ORIENTED_EDGE('',*,*,#4434,.F.);
#6226=ORIENTED_EDGE('',*,*,#4440,.F.);
#6227=ORIENTED_EDGE('',*,*,#4436,.T.);
#6228=ORIENTED_EDGE('',*,*,#4441,.T.);
#6229=ORIENTED_EDGE('',*,*,#4438,.F.);
#6230=ORIENTED_EDGE('',*,*,#3742,.F.);
#6231=ORIENTED_EDGE('',*,*,#4442,.T.);
#6232=ORIENTED_EDGE('',*,*,#4443,.T.);
#6233=ORIENTED_EDGE('',*,*,#4444,.F.);
#6234=ORIENTED_EDGE('',*,*,#3752,.F.);
#6235=ORIENTED_EDGE('',*,*,#4445,.T.);
#6236=ORIENTED_EDGE('',*,*,#4446,.T.);
#6237=ORIENTED_EDGE('',*,*,#4442,.F.);
#6238=ORIENTED_EDGE('',*,*,#3751,.F.);
#6239=ORIENTED_EDGE('',*,*,#4447,.T.);
#6240=ORIENTED_EDGE('',*,*,#4448,.T.);
#6241=ORIENTED_EDGE('',*,*,#4445,.F.);
#6242=ORIENTED_EDGE('',*,*,#3750,.F.);
#6243=ORIENTED_EDGE('',*,*,#4449,.T.);
#6244=ORIENTED_EDGE('',*,*,#4450,.T.);
#6245=ORIENTED_EDGE('',*,*,#4447,.F.);
#6246=ORIENTED_EDGE('',*,*,#3749,.F.);
#6247=ORIENTED_EDGE('',*,*,#4451,.T.);
#6248=ORIENTED_EDGE('',*,*,#4452,.T.);
#6249=ORIENTED_EDGE('',*,*,#4449,.F.);
#6250=ORIENTED_EDGE('',*,*,#3748,.F.);
#6251=ORIENTED_EDGE('',*,*,#4453,.T.);
#6252=ORIENTED_EDGE('',*,*,#4454,.T.);
#6253=ORIENTED_EDGE('',*,*,#4451,.F.);
#6254=ORIENTED_EDGE('',*,*,#3747,.F.);
#6255=ORIENTED_EDGE('',*,*,#4455,.T.);
#6256=ORIENTED_EDGE('',*,*,#4456,.T.);
#6257=ORIENTED_EDGE('',*,*,#4453,.F.);
#6258=ORIENTED_EDGE('',*,*,#3746,.F.);
#6259=ORIENTED_EDGE('',*,*,#4457,.T.);
#6260=ORIENTED_EDGE('',*,*,#4458,.T.);
#6261=ORIENTED_EDGE('',*,*,#4455,.F.);
#6262=ORIENTED_EDGE('',*,*,#3745,.F.);
#6263=ORIENTED_EDGE('',*,*,#4459,.T.);
#6264=ORIENTED_EDGE('',*,*,#4460,.T.);
#6265=ORIENTED_EDGE('',*,*,#4457,.F.);
#6266=ORIENTED_EDGE('',*,*,#3744,.F.);
#6267=ORIENTED_EDGE('',*,*,#4461,.T.);
#6268=ORIENTED_EDGE('',*,*,#4462,.T.);
#6269=ORIENTED_EDGE('',*,*,#4459,.F.);
#6270=ORIENTED_EDGE('',*,*,#3743,.F.);
#6271=ORIENTED_EDGE('',*,*,#4444,.T.);
#6272=ORIENTED_EDGE('',*,*,#4463,.T.);
#6273=ORIENTED_EDGE('',*,*,#4461,.F.);
#6274=ORIENTED_EDGE('',*,*,#4463,.F.);
#6275=ORIENTED_EDGE('',*,*,#4443,.F.);
#6276=ORIENTED_EDGE('',*,*,#4446,.F.);
#6277=ORIENTED_EDGE('',*,*,#4448,.F.);
#6278=ORIENTED_EDGE('',*,*,#4450,.F.);
#6279=ORIENTED_EDGE('',*,*,#4452,.F.);
#6280=ORIENTED_EDGE('',*,*,#4454,.F.);
#6281=ORIENTED_EDGE('',*,*,#4456,.F.);
#6282=ORIENTED_EDGE('',*,*,#4458,.F.);
#6283=ORIENTED_EDGE('',*,*,#4460,.F.);
#6284=ORIENTED_EDGE('',*,*,#4462,.F.);
#6285=ORIENTED_EDGE('',*,*,#4441,.F.);
#6286=ORIENTED_EDGE('',*,*,#4435,.F.);
#6287=ORIENTED_EDGE('',*,*,#4439,.F.);
#6288=ORIENTED_EDGE('',*,*,#3730,.F.);
#6289=ORIENTED_EDGE('',*,*,#4464,.T.);
#6290=ORIENTED_EDGE('',*,*,#4465,.T.);
#6291=ORIENTED_EDGE('',*,*,#4466,.F.);
#6292=ORIENTED_EDGE('',*,*,#3741,.F.);
#6293=ORIENTED_EDGE('',*,*,#4467,.T.);
#6294=ORIENTED_EDGE('',*,*,#4468,.T.);
#6295=ORIENTED_EDGE('',*,*,#4464,.F.);
#6296=ORIENTED_EDGE('',*,*,#3740,.F.);
#6297=ORIENTED_EDGE('',*,*,#4469,.T.);
#6298=ORIENTED_EDGE('',*,*,#4470,.T.);
#6299=ORIENTED_EDGE('',*,*,#4467,.F.);
#6300=ORIENTED_EDGE('',*,*,#3739,.F.);
#6301=ORIENTED_EDGE('',*,*,#4471,.T.);
#6302=ORIENTED_EDGE('',*,*,#4472,.T.);
#6303=ORIENTED_EDGE('',*,*,#4469,.F.);
#6304=ORIENTED_EDGE('',*,*,#3738,.F.);
#6305=ORIENTED_EDGE('',*,*,#4473,.T.);
#6306=ORIENTED_EDGE('',*,*,#4474,.T.);
#6307=ORIENTED_EDGE('',*,*,#4471,.F.);
#6308=ORIENTED_EDGE('',*,*,#3737,.F.);
#6309=ORIENTED_EDGE('',*,*,#4475,.T.);
#6310=ORIENTED_EDGE('',*,*,#4476,.T.);
#6311=ORIENTED_EDGE('',*,*,#4473,.F.);
#6312=ORIENTED_EDGE('',*,*,#3736,.F.);
#6313=ORIENTED_EDGE('',*,*,#4477,.T.);
#6314=ORIENTED_EDGE('',*,*,#4478,.T.);
#6315=ORIENTED_EDGE('',*,*,#4475,.F.);
#6316=ORIENTED_EDGE('',*,*,#3735,.F.);
#6317=ORIENTED_EDGE('',*,*,#4479,.T.);
#6318=ORIENTED_EDGE('',*,*,#4480,.T.);
#6319=ORIENTED_EDGE('',*,*,#4477,.F.);
#6320=ORIENTED_EDGE('',*,*,#3734,.F.);
#6321=ORIENTED_EDGE('',*,*,#4481,.T.);
#6322=ORIENTED_EDGE('',*,*,#4482,.T.);
#6323=ORIENTED_EDGE('',*,*,#4479,.F.);
#6324=ORIENTED_EDGE('',*,*,#3733,.F.);
#6325=ORIENTED_EDGE('',*,*,#4483,.T.);
#6326=ORIENTED_EDGE('',*,*,#4484,.T.);
#6327=ORIENTED_EDGE('',*,*,#4481,.F.);
#6328=ORIENTED_EDGE('',*,*,#3732,.F.);
#6329=ORIENTED_EDGE('',*,*,#4485,.T.);
#6330=ORIENTED_EDGE('',*,*,#4486,.T.);
#6331=ORIENTED_EDGE('',*,*,#4483,.F.);
#6332=ORIENTED_EDGE('',*,*,#3731,.F.);
#6333=ORIENTED_EDGE('',*,*,#4466,.T.);
#6334=ORIENTED_EDGE('',*,*,#4487,.T.);
#6335=ORIENTED_EDGE('',*,*,#4485,.F.);
#6336=ORIENTED_EDGE('',*,*,#4487,.F.);
#6337=ORIENTED_EDGE('',*,*,#4465,.F.);
#6338=ORIENTED_EDGE('',*,*,#4468,.F.);
#6339=ORIENTED_EDGE('',*,*,#4470,.F.);
#6340=ORIENTED_EDGE('',*,*,#4472,.F.);
#6341=ORIENTED_EDGE('',*,*,#4474,.F.);
#6342=ORIENTED_EDGE('',*,*,#4476,.F.);
#6343=ORIENTED_EDGE('',*,*,#4478,.F.);
#6344=ORIENTED_EDGE('',*,*,#4480,.F.);
#6345=ORIENTED_EDGE('',*,*,#4482,.F.);
#6346=ORIENTED_EDGE('',*,*,#4484,.F.);
#6347=ORIENTED_EDGE('',*,*,#4486,.F.);
#6348=ORIENTED_EDGE('',*,*,#3717,.F.);
#6349=ORIENTED_EDGE('',*,*,#4488,.T.);
#6350=ORIENTED_EDGE('',*,*,#4489,.T.);
#6351=ORIENTED_EDGE('',*,*,#4490,.F.);
#6352=ORIENTED_EDGE('',*,*,#3729,.F.);
#6353=ORIENTED_EDGE('',*,*,#4491,.T.);
#6354=ORIENTED_EDGE('',*,*,#4492,.T.);
#6355=ORIENTED_EDGE('',*,*,#4488,.F.);
#6356=ORIENTED_EDGE('',*,*,#3728,.F.);
#6357=ORIENTED_EDGE('',*,*,#4493,.T.);
#6358=ORIENTED_EDGE('',*,*,#4494,.T.);
#6359=ORIENTED_EDGE('',*,*,#4491,.F.);
#6360=ORIENTED_EDGE('',*,*,#3727,.F.);
#6361=ORIENTED_EDGE('',*,*,#4495,.T.);
#6362=ORIENTED_EDGE('',*,*,#4496,.T.);
#6363=ORIENTED_EDGE('',*,*,#4493,.F.);
#6364=ORIENTED_EDGE('',*,*,#3726,.F.);
#6365=ORIENTED_EDGE('',*,*,#4497,.T.);
#6366=ORIENTED_EDGE('',*,*,#4498,.T.);
#6367=ORIENTED_EDGE('',*,*,#4495,.F.);
#6368=ORIENTED_EDGE('',*,*,#3725,.F.);
#6369=ORIENTED_EDGE('',*,*,#4499,.T.);
#6370=ORIENTED_EDGE('',*,*,#4500,.T.);
#6371=ORIENTED_EDGE('',*,*,#4497,.F.);
#6372=ORIENTED_EDGE('',*,*,#3724,.F.);
#6373=ORIENTED_EDGE('',*,*,#4501,.T.);
#6374=ORIENTED_EDGE('',*,*,#4502,.T.);
#6375=ORIENTED_EDGE('',*,*,#4499,.F.);
#6376=ORIENTED_EDGE('',*,*,#3723,.F.);
#6377=ORIENTED_EDGE('',*,*,#4503,.T.);
#6378=ORIENTED_EDGE('',*,*,#4504,.T.);
#6379=ORIENTED_EDGE('',*,*,#4501,.F.);
#6380=ORIENTED_EDGE('',*,*,#3722,.F.);
#6381=ORIENTED_EDGE('',*,*,#4505,.T.);
#6382=ORIENTED_EDGE('',*,*,#4506,.T.);
#6383=ORIENTED_EDGE('',*,*,#4503,.F.);
#6384=ORIENTED_EDGE('',*,*,#3721,.F.);
#6385=ORIENTED_EDGE('',*,*,#4507,.T.);
#6386=ORIENTED_EDGE('',*,*,#4508,.T.);
#6387=ORIENTED_EDGE('',*,*,#4505,.F.);
#6388=ORIENTED_EDGE('',*,*,#3720,.F.);
#6389=ORIENTED_EDGE('',*,*,#4509,.T.);
#6390=ORIENTED_EDGE('',*,*,#4510,.T.);
#6391=ORIENTED_EDGE('',*,*,#4507,.F.);
#6392=ORIENTED_EDGE('',*,*,#3719,.F.);
#6393=ORIENTED_EDGE('',*,*,#4511,.T.);
#6394=ORIENTED_EDGE('',*,*,#4512,.T.);
#6395=ORIENTED_EDGE('',*,*,#4509,.F.);
#6396=ORIENTED_EDGE('',*,*,#3718,.F.);
#6397=ORIENTED_EDGE('',*,*,#4490,.T.);
#6398=ORIENTED_EDGE('',*,*,#4513,.T.);
#6399=ORIENTED_EDGE('',*,*,#4511,.F.);
#6400=ORIENTED_EDGE('',*,*,#4513,.F.);
#6401=ORIENTED_EDGE('',*,*,#4489,.F.);
#6402=ORIENTED_EDGE('',*,*,#4492,.F.);
#6403=ORIENTED_EDGE('',*,*,#4494,.F.);
#6404=ORIENTED_EDGE('',*,*,#4496,.F.);
#6405=ORIENTED_EDGE('',*,*,#4498,.F.);
#6406=ORIENTED_EDGE('',*,*,#4500,.F.);
#6407=ORIENTED_EDGE('',*,*,#4502,.F.);
#6408=ORIENTED_EDGE('',*,*,#4504,.F.);
#6409=ORIENTED_EDGE('',*,*,#4506,.F.);
#6410=ORIENTED_EDGE('',*,*,#4508,.F.);
#6411=ORIENTED_EDGE('',*,*,#4510,.F.);
#6412=ORIENTED_EDGE('',*,*,#4512,.F.);
#6413=ORIENTED_EDGE('',*,*,#4433,.T.);
#6414=ORIENTED_EDGE('',*,*,#4440,.T.);
#6415=ORIENTED_EDGE('',*,*,#4437,.T.);
#6416=ORIENTED_EDGE('',*,*,#4347,.T.);
#6417=ORIENTED_EDGE('',*,*,#4357,.T.);
#6418=ORIENTED_EDGE('',*,*,#4354,.T.);
#6419=ORIENTED_EDGE('',*,*,#4351,.T.);
#6420=ORIENTED_EDGE('',*,*,#4204,.T.);
#6421=ORIENTED_EDGE('',*,*,#4223,.T.);
#6422=ORIENTED_EDGE('',*,*,#4220,.T.);
#6423=ORIENTED_EDGE('',*,*,#4217,.T.);
#6424=ORIENTED_EDGE('',*,*,#4214,.T.);
#6425=ORIENTED_EDGE('',*,*,#4211,.T.);
#6426=ORIENTED_EDGE('',*,*,#4208,.T.);
#6427=ORIENTED_EDGE('',*,*,#4182,.T.);
#6428=ORIENTED_EDGE('',*,*,#4192,.T.);
#6429=ORIENTED_EDGE('',*,*,#4189,.T.);
#6430=ORIENTED_EDGE('',*,*,#4186,.T.);
#6431=ORIENTED_EDGE('',*,*,#4170,.T.);
#6432=ORIENTED_EDGE('',*,*,#4180,.T.);
#6433=ORIENTED_EDGE('',*,*,#4177,.T.);
#6434=ORIENTED_EDGE('',*,*,#4174,.T.);
#6435=ORIENTED_EDGE('',*,*,#3617,.F.);
#6436=ORIENTED_EDGE('',*,*,#4514,.F.);
#6437=ORIENTED_EDGE('',*,*,#3994,.F.);
#6438=ORIENTED_EDGE('',*,*,#3996,.F.);
#6439=ORIENTED_EDGE('',*,*,#3571,.F.);
#6440=ORIENTED_EDGE('',*,*,#3616,.F.);
#6441=ORIENTED_EDGE('',*,*,#3620,.T.);
#6442=ORIENTED_EDGE('',*,*,#3995,.F.);
#6443=ORIENTED_EDGE('',*,*,#4514,.T.);
#6444=ORIENTED_EDGE('',*,*,#3602,.F.);
#6445=ORIENTED_EDGE('',*,*,#3606,.T.);
#6446=ORIENTED_EDGE('',*,*,#3981,.F.);
#6447=ORIENTED_EDGE('',*,*,#4515,.F.);
#6448=ORIENTED_EDGE('',*,*,#3603,.F.);
#6449=ORIENTED_EDGE('',*,*,#4515,.T.);
#6450=ORIENTED_EDGE('',*,*,#3980,.F.);
#6451=ORIENTED_EDGE('',*,*,#3984,.F.);
#6452=ORIENTED_EDGE('',*,*,#3565,.F.);
#6453=ORIENTED_EDGE('',*,*,#3966,.F.);
#6454=ORIENTED_EDGE('',*,*,#3986,.F.);
#6455=ORIENTED_EDGE('',*,*,#3973,.F.);
#6456=ORIENTED_EDGE('',*,*,#3970,.F.);
#6457=ORIENTED_EDGE('',*,*,#3596,.F.);
#6458=ORIENTED_EDGE('',*,*,#3589,.F.);
#6459=ORIENTED_EDGE('',*,*,#3577,.F.);
#6460=ORIENTED_EDGE('',*,*,#3583,.F.);
#6461=ORIENTED_EDGE('',*,*,#3633,.F.);
#6462=ORIENTED_EDGE('',*,*,#3991,.F.);
#6463=ORIENTED_EDGE('',*,*,#3685,.F.);
#6464=ORIENTED_EDGE('',*,*,#3941,.F.);
#6465=ORIENTED_EDGE('',*,*,#4165,.T.);
#6466=CONICAL_SURFACE('',#6871,2.49999999999998,0.785398163397446);
#6467=CONICAL_SURFACE('',#6893,2.5,0.785398163397446);
#6468=CONICAL_SURFACE('',#6899,2.5,0.785398163397446);
#6469=CONICAL_SURFACE('',#6905,2.5,0.785398163397446);
#6470=ADVANCED_FACE('',(#550),#6466,.F.);
#6471=ADVANCED_FACE('',(#551,#270),#301,.T.);
#6472=ADVANCED_FACE('',(#552),#232,.F.);
#6473=ADVANCED_FACE('',(#553),#6467,.F.);
#6474=ADVANCED_FACE('',(#554),#233,.F.);
#6475=ADVANCED_FACE('',(#555),#6468,.F.);
#6476=ADVANCED_FACE('',(#556),#234,.F.);
#6477=ADVANCED_FACE('',(#557),#6469,.F.);
#6478=ADVANCED_FACE('',(#558),#235,.F.);
#6479=ADVANCED_FACE('',(#559),#236,.T.);
#6480=ADVANCED_FACE('',(#560),#237,.T.);
#6481=ADVANCED_FACE('',(#561),#238,.T.);
#6482=ADVANCED_FACE('',(#562),#302,.T.);
#6483=ADVANCED_FACE('',(#563),#303,.T.);
#6484=ADVANCED_FACE('',(#564),#304,.F.);
#6485=ADVANCED_FACE('',(#565),#239,.T.);
#6486=ADVANCED_FACE('',(#566),#240,.T.);
#6487=ADVANCED_FACE('',(#567),#241,.T.);
#6488=ADVANCED_FACE('',(#568),#305,.T.);
#6489=ADVANCED_FACE('',(#569),#306,.T.);
#6490=ADVANCED_FACE('',(#570),#307,.T.);
#6491=ADVANCED_FACE('',(#571),#188,.T.);
#6492=ADVANCED_FACE('',(#572),#242,.T.);
#6493=ADVANCED_FACE('',(#573),#189,.T.);
#6494=ADVANCED_FACE('',(#574),#190,.T.);
#6495=ADVANCED_FACE('',(#575),#191,.T.);
#6496=ADVANCED_FACE('',(#576),#243,.T.);
#6497=ADVANCED_FACE('',(#577),#192,.T.);
#6498=ADVANCED_FACE('',(#578),#193,.T.);
#6499=ADVANCED_FACE('',(#579),#194,.T.);
#6500=ADVANCED_FACE('',(#580),#244,.T.);
#6501=ADVANCED_FACE('',(#581),#195,.T.);
#6502=ADVANCED_FACE('',(#582),#196,.T.);
#6503=ADVANCED_FACE('',(#583),#197,.T.);
#6504=ADVANCED_FACE('',(#584),#245,.T.);
#6505=ADVANCED_FACE('',(#585),#198,.T.);
#6506=ADVANCED_FACE('',(#586),#199,.T.);
#6507=ADVANCED_FACE('',(#587),#308,.T.);
#6508=ADVANCED_FACE('',(#588),#246,.F.);
#6509=ADVANCED_FACE('',(#589),#247,.T.);
#6510=ADVANCED_FACE('',(#590),#248,.F.);
#6511=ADVANCED_FACE('',(#591),#309,.T.);
#6512=ADVANCED_FACE('',(#592),#249,.F.);
#6513=ADVANCED_FACE('',(#593),#250,.T.);
#6514=ADVANCED_FACE('',(#594),#251,.F.);
#6515=ADVANCED_FACE('',(#595),#200,.T.);
#6516=ADVANCED_FACE('',(#596),#252,.T.);
#6517=ADVANCED_FACE('',(#597),#201,.T.);
#6518=ADVANCED_FACE('',(#598),#178,.F.);
#6519=ADVANCED_FACE('',(#599),#202,.T.);
#6520=ADVANCED_FACE('',(#600),#253,.T.);
#6521=ADVANCED_FACE('',(#601),#203,.T.);
#6522=ADVANCED_FACE('',(#602),#179,.F.);
#6523=ADVANCED_FACE('',(#603),#204,.T.);
#6524=ADVANCED_FACE('',(#604),#254,.T.);
#6525=ADVANCED_FACE('',(#605),#205,.T.);
#6526=ADVANCED_FACE('',(#606),#180,.F.);
#6527=ADVANCED_FACE('',(#607),#206,.T.);
#6528=ADVANCED_FACE('',(#608),#255,.T.);
#6529=ADVANCED_FACE('',(#609),#207,.T.);
#6530=ADVANCED_FACE('',(#610),#181,.F.);
#6531=ADVANCED_FACE('',(#611),#256,.F.);
#6532=ADVANCED_FACE('',(#612),#257,.T.);
#6533=ADVANCED_FACE('',(#613),#258,.F.);
#6534=ADVANCED_FACE('',(#614,#271,#272,#273,#274,#275,#276,#277,#278,#279,
#280,#281,#282,#283,#284,#285,#286,#287,#288,#289,#290,#291,#292,#293,#294),
#310,.F.);
#6535=ADVANCED_FACE('',(#615),#259,.F.);
#6536=ADVANCED_FACE('',(#616),#311,.T.);
#6537=ADVANCED_FACE('',(#617),#68,.F.);
#6538=ADVANCED_FACE('',(#618),#69,.F.);
#6539=ADVANCED_FACE('',(#619),#260,.F.);
#6540=ADVANCED_FACE('',(#620),#70,.F.);
#6541=ADVANCED_FACE('',(#621),#261,.F.);
#6542=ADVANCED_FACE('',(#622),#262,.F.);
#6543=ADVANCED_FACE('',(#623),#71,.F.);
#6544=ADVANCED_FACE('',(#624),#263,.F.);
#6545=ADVANCED_FACE('',(#625),#264,.F.);
#6546=ADVANCED_FACE('',(#626),#265,.F.);
#6547=ADVANCED_FACE('',(#627),#266,.F.);
#6548=ADVANCED_FACE('',(#628),#267,.F.);
#6549=ADVANCED_FACE('',(#629),#312,.T.);
#6550=ADVANCED_FACE('',(#630),#313,.T.);
#6551=ADVANCED_FACE('',(#631),#314,.T.);
#6552=ADVANCED_FACE('',(#632),#315,.T.);
#6553=ADVANCED_FACE('',(#633),#316,.T.);
#6554=ADVANCED_FACE('',(#634),#317,.T.);
#6555=ADVANCED_FACE('',(#635),#318,.T.);
#6556=ADVANCED_FACE('',(#636),#319,.T.);
#6557=ADVANCED_FACE('',(#637),#268,.F.);
#6558=ADVANCED_FACE('',(#638),#320,.T.);
#6559=ADVANCED_FACE('',(#639),#321,.T.);
#6560=ADVANCED_FACE('',(#640),#322,.T.);
#6561=ADVANCED_FACE('',(#641),#15,.F.);
#6562=ADVANCED_FACE('',(#642),#323,.F.);
#6563=ADVANCED_FACE('',(#643),#324,.F.);
#6564=ADVANCED_FACE('',(#644),#325,.F.);
#6565=ADVANCED_FACE('',(#645),#326,.F.);
#6566=ADVANCED_FACE('',(#646),#16,.F.);
#6567=ADVANCED_FACE('',(#647),#327,.F.);
#6568=ADVANCED_FACE('',(#648),#328,.F.);
#6569=ADVANCED_FACE('',(#649),#329,.F.);
#6570=ADVANCED_FACE('',(#650),#330,.F.);
#6571=ADVANCED_FACE('',(#651),#331,.T.);
#6572=ADVANCED_FACE('',(#652),#17,.F.);
#6573=ADVANCED_FACE('',(#653),#332,.F.);
#6574=ADVANCED_FACE('',(#654),#18,.F.);
#6575=ADVANCED_FACE('',(#655),#19,.F.);
#6576=ADVANCED_FACE('',(#656),#20,.F.);
#6577=ADVANCED_FACE('',(#657),#21,.F.);
#6578=ADVANCED_FACE('',(#658),#22,.F.);
#6579=ADVANCED_FACE('',(#659),#333,.F.);
#6580=ADVANCED_FACE('',(#660),#334,.F.);
#6581=ADVANCED_FACE('',(#661),#335,.F.);
#6582=ADVANCED_FACE('',(#662),#336,.F.);
#6583=ADVANCED_FACE('',(#663),#337,.F.);
#6584=ADVANCED_FACE('',(#664),#182,.F.);
#6585=ADVANCED_FACE('',(#665),#23,.F.);
#6586=ADVANCED_FACE('',(#666),#24,.F.);
#6587=ADVANCED_FACE('',(#667),#25,.F.);
#6588=ADVANCED_FACE('',(#668),#338,.F.);
#6589=ADVANCED_FACE('',(#669),#339,.F.);
#6590=ADVANCED_FACE('',(#670),#340,.F.);
#6591=ADVANCED_FACE('',(#671),#26,.F.);
#6592=ADVANCED_FACE('',(#672),#27,.F.);
#6593=ADVANCED_FACE('',(#673),#28,.F.);
#6594=ADVANCED_FACE('',(#674),#341,.F.);
#6595=ADVANCED_FACE('',(#675),#342,.F.);
#6596=ADVANCED_FACE('',(#676),#343,.F.);
#6597=ADVANCED_FACE('',(#677),#344,.T.);
#6598=ADVANCED_FACE('',(#678),#345,.F.);
#6599=ADVANCED_FACE('',(#679),#346,.F.);
#6600=ADVANCED_FACE('',(#680),#29,.F.);
#6601=ADVANCED_FACE('',(#681),#347,.F.);
#6602=ADVANCED_FACE('',(#682),#348,.F.);
#6603=ADVANCED_FACE('',(#683),#349,.F.);
#6604=ADVANCED_FACE('',(#684),#30,.F.);
#6605=ADVANCED_FACE('',(#685),#31,.F.);
#6606=ADVANCED_FACE('',(#686),#350,.F.);
#6607=ADVANCED_FACE('',(#687),#351,.T.);
#6608=ADVANCED_FACE('',(#688),#352,.F.);
#6609=ADVANCED_FACE('',(#689),#353,.F.);
#6610=ADVANCED_FACE('',(#690),#354,.F.);
#6611=ADVANCED_FACE('',(#691),#355,.F.);
#6612=ADVANCED_FACE('',(#692),#356,.F.);
#6613=ADVANCED_FACE('',(#693),#357,.F.);
#6614=ADVANCED_FACE('',(#694),#358,.F.);
#6615=ADVANCED_FACE('',(#695),#359,.F.);
#6616=ADVANCED_FACE('',(#696),#360,.F.);
#6617=ADVANCED_FACE('',(#697),#361,.F.);
#6618=ADVANCED_FACE('',(#698),#362,.F.);
#6619=ADVANCED_FACE('',(#699),#363,.F.);
#6620=ADVANCED_FACE('',(#700),#364,.F.);
#6621=ADVANCED_FACE('',(#701),#365,.F.);
#6622=ADVANCED_FACE('',(#702),#366,.F.);
#6623=ADVANCED_FACE('',(#703),#367,.F.);
#6624=ADVANCED_FACE('',(#704),#368,.F.);
#6625=ADVANCED_FACE('',(#705),#369,.F.);
#6626=ADVANCED_FACE('',(#706),#370,.F.);
#6627=ADVANCED_FACE('',(#707),#371,.F.);
#6628=ADVANCED_FACE('',(#708),#372,.F.);
#6629=ADVANCED_FACE('',(#709),#373,.F.);
#6630=ADVANCED_FACE('',(#710),#374,.F.);
#6631=ADVANCED_FACE('',(#711),#375,.F.);
#6632=ADVANCED_FACE('',(#712),#376,.F.);
#6633=ADVANCED_FACE('',(#713),#377,.F.);
#6634=ADVANCED_FACE('',(#714),#378,.F.);
#6635=ADVANCED_FACE('',(#715),#379,.F.);
#6636=ADVANCED_FACE('',(#716),#380,.F.);
#6637=ADVANCED_FACE('',(#717),#381,.F.);
#6638=ADVANCED_FACE('',(#718),#382,.F.);
#6639=ADVANCED_FACE('',(#719),#383,.F.);
#6640=ADVANCED_FACE('',(#720),#384,.F.);
#6641=ADVANCED_FACE('',(#721),#385,.F.);
#6642=ADVANCED_FACE('',(#722),#386,.F.);
#6643=ADVANCED_FACE('',(#723),#387,.F.);
#6644=ADVANCED_FACE('',(#724),#388,.F.);
#6645=ADVANCED_FACE('',(#725),#389,.F.);
#6646=ADVANCED_FACE('',(#726),#390,.F.);
#6647=ADVANCED_FACE('',(#727),#391,.F.);
#6648=ADVANCED_FACE('',(#728),#392,.F.);
#6649=ADVANCED_FACE('',(#729),#393,.F.);
#6650=ADVANCED_FACE('',(#730),#394,.F.);
#6651=ADVANCED_FACE('',(#731),#395,.F.);
#6652=ADVANCED_FACE('',(#732),#396,.F.);
#6653=ADVANCED_FACE('',(#733),#32,.F.);
#6654=ADVANCED_FACE('',(#734),#33,.F.);
#6655=ADVANCED_FACE('',(#735,#295),#397,.T.);
#6656=ADVANCED_FACE('',(#736),#34,.F.);
#6657=ADVANCED_FACE('',(#737),#398,.F.);
#6658=ADVANCED_FACE('',(#738),#399,.F.);
#6659=ADVANCED_FACE('',(#739),#400,.F.);
#6660=ADVANCED_FACE('',(#740),#35,.F.);
#6661=ADVANCED_FACE('',(#741),#401,.F.);
#6662=ADVANCED_FACE('',(#742),#402,.F.);
#6663=ADVANCED_FACE('',(#743),#403,.F.);
#6664=ADVANCED_FACE('',(#744),#404,.F.);
#6665=ADVANCED_FACE('',(#745),#405,.F.);
#6666=ADVANCED_FACE('',(#746),#36,.F.);
#6667=ADVANCED_FACE('',(#747),#37,.F.);
#6668=ADVANCED_FACE('',(#748),#406,.F.);
#6669=ADVANCED_FACE('',(#749,#296,#297),#407,.T.);
#6670=ADVANCED_FACE('',(#750),#183,.F.);
#6671=ADVANCED_FACE('',(#751),#38,.F.);
#6672=ADVANCED_FACE('',(#752),#408,.F.);
#6673=ADVANCED_FACE('',(#753),#39,.F.);
#6674=ADVANCED_FACE('',(#754),#184,.F.);
#6675=ADVANCED_FACE('',(#755),#409,.F.);
#6676=ADVANCED_FACE('',(#756),#40,.F.);
#6677=ADVANCED_FACE('',(#757),#410,.F.);
#6678=ADVANCED_FACE('',(#758),#185,.F.);
#6679=ADVANCED_FACE('',(#759),#41,.F.);
#6680=ADVANCED_FACE('',(#760),#42,.F.);
#6681=ADVANCED_FACE('',(#761),#411,.F.);
#6682=ADVANCED_FACE('',(#762),#43,.F.);
#6683=ADVANCED_FACE('',(#763),#186,.T.);
#6684=ADVANCED_FACE('',(#764),#44,.F.);
#6685=ADVANCED_FACE('',(#765),#45,.F.);
#6686=ADVANCED_FACE('',(#766,#298),#412,.T.);
#6687=ADVANCED_FACE('',(#767),#46,.F.);
#6688=ADVANCED_FACE('',(#768),#413,.F.);
#6689=ADVANCED_FACE('',(#769),#47,.F.);
#6690=ADVANCED_FACE('',(#770),#414,.F.);
#6691=ADVANCED_FACE('',(#771),#415,.F.);
#6692=ADVANCED_FACE('',(#772),#416,.F.);
#6693=ADVANCED_FACE('',(#773),#48,.F.);
#6694=ADVANCED_FACE('',(#774),#417,.F.);
#6695=ADVANCED_FACE('',(#775),#418,.F.);
#6696=ADVANCED_FACE('',(#776),#419,.F.);
#6697=ADVANCED_FACE('',(#777),#420,.T.);
#6698=ADVANCED_FACE('',(#778),#421,.F.);
#6699=ADVANCED_FACE('',(#779),#422,.F.);
#6700=ADVANCED_FACE('',(#780),#423,.F.);
#6701=ADVANCED_FACE('',(#781),#49,.F.);
#6702=ADVANCED_FACE('',(#782),#424,.F.);
#6703=ADVANCED_FACE('',(#783),#425,.F.);
#6704=ADVANCED_FACE('',(#784),#426,.F.);
#6705=ADVANCED_FACE('',(#785),#427,.F.);
#6706=ADVANCED_FACE('',(#786),#428,.F.);
#6707=ADVANCED_FACE('',(#787),#50,.F.);
#6708=ADVANCED_FACE('',(#788),#429,.F.);
#6709=ADVANCED_FACE('',(#789),#430,.F.);
#6710=ADVANCED_FACE('',(#790),#431,.T.);
#6711=ADVANCED_FACE('',(#791),#432,.F.);
#6712=ADVANCED_FACE('',(#792),#433,.F.);
#6713=ADVANCED_FACE('',(#793),#434,.F.);
#6714=ADVANCED_FACE('',(#794),#435,.F.);
#6715=ADVANCED_FACE('',(#795),#436,.F.);
#6716=ADVANCED_FACE('',(#796),#437,.F.);
#6717=ADVANCED_FACE('',(#797),#438,.F.);
#6718=ADVANCED_FACE('',(#798),#439,.F.);
#6719=ADVANCED_FACE('',(#799),#440,.F.);
#6720=ADVANCED_FACE('',(#800),#441,.F.);
#6721=ADVANCED_FACE('',(#801),#442,.F.);
#6722=ADVANCED_FACE('',(#802),#443,.F.);
#6723=ADVANCED_FACE('',(#803),#444,.F.);
#6724=ADVANCED_FACE('',(#804),#445,.F.);
#6725=ADVANCED_FACE('',(#805),#446,.F.);
#6726=ADVANCED_FACE('',(#806),#447,.F.);
#6727=ADVANCED_FACE('',(#807),#448,.F.);
#6728=ADVANCED_FACE('',(#808),#449,.F.);
#6729=ADVANCED_FACE('',(#809),#450,.F.);
#6730=ADVANCED_FACE('',(#810),#451,.F.);
#6731=ADVANCED_FACE('',(#811),#452,.F.);
#6732=ADVANCED_FACE('',(#812),#453,.F.);
#6733=ADVANCED_FACE('',(#813),#51,.F.);
#6734=ADVANCED_FACE('',(#814),#454,.F.);
#6735=ADVANCED_FACE('',(#815),#52,.F.);
#6736=ADVANCED_FACE('',(#816),#53,.F.);
#6737=ADVANCED_FACE('',(#817),#455,.F.);
#6738=ADVANCED_FACE('',(#818),#456,.T.);
#6739=ADVANCED_FACE('',(#819),#54,.F.);
#6740=ADVANCED_FACE('',(#820),#457,.F.);
#6741=ADVANCED_FACE('',(#821),#55,.F.);
#6742=ADVANCED_FACE('',(#822),#56,.F.);
#6743=ADVANCED_FACE('',(#823),#458,.F.);
#6744=ADVANCED_FACE('',(#824),#459,.T.);
#6745=ADVANCED_FACE('',(#825),#57,.F.);
#6746=ADVANCED_FACE('',(#826),#460,.F.);
#6747=ADVANCED_FACE('',(#827),#461,.F.);
#6748=ADVANCED_FACE('',(#828),#462,.F.);
#6749=ADVANCED_FACE('',(#829),#463,.F.);
#6750=ADVANCED_FACE('',(#830),#464,.F.);
#6751=ADVANCED_FACE('',(#831),#58,.F.);
#6752=ADVANCED_FACE('',(#832),#465,.F.);
#6753=ADVANCED_FACE('',(#833,#299),#466,.T.);
#6754=ADVANCED_FACE('',(#834),#467,.F.);
#6755=ADVANCED_FACE('',(#835),#468,.F.);
#6756=ADVANCED_FACE('',(#836),#469,.F.);
#6757=ADVANCED_FACE('',(#837),#470,.F.);
#6758=ADVANCED_FACE('',(#838),#471,.F.);
#6759=ADVANCED_FACE('',(#839),#472,.F.);
#6760=ADVANCED_FACE('',(#840),#473,.F.);
#6761=ADVANCED_FACE('',(#841),#474,.F.);
#6762=ADVANCED_FACE('',(#842),#475,.F.);
#6763=ADVANCED_FACE('',(#843),#476,.F.);
#6764=ADVANCED_FACE('',(#844),#477,.F.);
#6765=ADVANCED_FACE('',(#845),#478,.F.);
#6766=ADVANCED_FACE('',(#846),#479,.F.);
#6767=ADVANCED_FACE('',(#847),#480,.F.);
#6768=ADVANCED_FACE('',(#848),#481,.F.);
#6769=ADVANCED_FACE('',(#849),#482,.F.);
#6770=ADVANCED_FACE('',(#850),#483,.F.);
#6771=ADVANCED_FACE('',(#851),#484,.F.);
#6772=ADVANCED_FACE('',(#852),#485,.F.);
#6773=ADVANCED_FACE('',(#853),#486,.F.);
#6774=ADVANCED_FACE('',(#854),#487,.F.);
#6775=ADVANCED_FACE('',(#855),#488,.F.);
#6776=ADVANCED_FACE('',(#856),#489,.F.);
#6777=ADVANCED_FACE('',(#857),#490,.F.);
#6778=ADVANCED_FACE('',(#858),#491,.F.);
#6779=ADVANCED_FACE('',(#859),#492,.F.);
#6780=ADVANCED_FACE('',(#860),#493,.F.);
#6781=ADVANCED_FACE('',(#861),#494,.F.);
#6782=ADVANCED_FACE('',(#862),#495,.F.);
#6783=ADVANCED_FACE('',(#863),#496,.F.);
#6784=ADVANCED_FACE('',(#864),#497,.F.);
#6785=ADVANCED_FACE('',(#865),#498,.F.);
#6786=ADVANCED_FACE('',(#866),#499,.F.);
#6787=ADVANCED_FACE('',(#867),#500,.F.);
#6788=ADVANCED_FACE('',(#868),#501,.F.);
#6789=ADVANCED_FACE('',(#869),#502,.F.);
#6790=ADVANCED_FACE('',(#870),#59,.F.);
#6791=ADVANCED_FACE('',(#871),#503,.F.);
#6792=ADVANCED_FACE('',(#872),#60,.F.);
#6793=ADVANCED_FACE('',(#873),#61,.F.);
#6794=ADVANCED_FACE('',(#874),#187,.T.);
#6795=ADVANCED_FACE('',(#875),#62,.F.);
#6796=ADVANCED_FACE('',(#876),#63,.F.);
#6797=ADVANCED_FACE('',(#877),#504,.F.);
#6798=ADVANCED_FACE('',(#878),#505,.F.);
#6799=ADVANCED_FACE('',(#879),#506,.F.);
#6800=ADVANCED_FACE('',(#880),#507,.F.);
#6801=ADVANCED_FACE('',(#881),#508,.F.);
#6802=ADVANCED_FACE('',(#882),#64,.F.);
#6803=ADVANCED_FACE('',(#883),#65,.F.);
#6804=ADVANCED_FACE('',(#884,#300),#509,.T.);
#6805=ADVANCED_FACE('',(#885),#510,.F.);
#6806=ADVANCED_FACE('',(#886),#511,.F.);
#6807=ADVANCED_FACE('',(#887),#512,.F.);
#6808=ADVANCED_FACE('',(#888),#513,.F.);
#6809=ADVANCED_FACE('',(#889),#514,.F.);
#6810=ADVANCED_FACE('',(#890),#515,.F.);
#6811=ADVANCED_FACE('',(#891),#516,.F.);
#6812=ADVANCED_FACE('',(#892),#517,.F.);
#6813=ADVANCED_FACE('',(#893),#518,.F.);
#6814=ADVANCED_FACE('',(#894),#519,.F.);
#6815=ADVANCED_FACE('',(#895),#520,.F.);
#6816=ADVANCED_FACE('',(#896),#521,.F.);
#6817=ADVANCED_FACE('',(#897),#522,.F.);
#6818=ADVANCED_FACE('',(#898),#523,.F.);
#6819=ADVANCED_FACE('',(#899),#66,.F.);
#6820=ADVANCED_FACE('',(#900),#524,.F.);
#6821=ADVANCED_FACE('',(#901),#525,.F.);
#6822=ADVANCED_FACE('',(#902),#526,.F.);
#6823=ADVANCED_FACE('',(#903),#527,.F.);
#6824=ADVANCED_FACE('',(#904),#528,.F.);
#6825=ADVANCED_FACE('',(#905),#67,.F.);
#6826=ADVANCED_FACE('',(#906),#529,.F.);
#6827=ADVANCED_FACE('',(#907),#530,.F.);
#6828=ADVANCED_FACE('',(#908),#531,.F.);
#6829=ADVANCED_FACE('',(#909),#532,.F.);
#6830=ADVANCED_FACE('',(#910),#533,.F.);
#6831=ADVANCED_FACE('',(#911),#534,.T.);
#6832=ADVANCED_FACE('',(#912),#535,.F.);
#6833=ADVANCED_FACE('',(#913),#536,.F.);
#6834=ADVANCED_FACE('',(#914),#537,.F.);
#6835=ADVANCED_FACE('',(#915),#538,.F.);
#6836=ADVANCED_FACE('',(#916),#539,.F.);
#6837=ADVANCED_FACE('',(#917),#540,.F.);
#6838=ADVANCED_FACE('',(#918),#541,.T.);
#6839=ADVANCED_FACE('',(#919),#542,.T.);
#6840=ADVANCED_FACE('',(#920),#543,.T.);
#6841=ADVANCED_FACE('',(#921),#544,.T.);
#6842=ADVANCED_FACE('',(#922),#545,.T.);
#6843=ADVANCED_FACE('',(#923),#546,.T.);
#6844=ADVANCED_FACE('',(#924),#547,.T.);
#6845=ADVANCED_FACE('',(#925),#548,.T.);
#6846=ADVANCED_FACE('',(#926),#269,.T.);
#6847=ADVANCED_FACE('',(#927),#549,.F.);
#6848=CLOSED_SHELL('',(#6470,#6471,#6472,#6473,#6474,#6475,#6476,#6477,
#6478,#6479,#6480,#6481,#6482,#6483,#6484,#6485,#6486,#6487,#6488,#6489,
#6490,#6491,#6492,#6493,#6494,#6495,#6496,#6497,#6498,#6499,#6500,#6501,
#6502,#6503,#6504,#6505,#6506,#6507,#6508,#6509,#6510,#6511,#6512,#6513,
#6514,#6515,#6516,#6517,#6518,#6519,#6520,#6521,#6522,#6523,#6524,#6525,
#6526,#6527,#6528,#6529,#6530,#6531,#6532,#6533,#6534,#6535,#6536,#6537,
#6538,#6539,#6540,#6541,#6542,#6543,#6544,#6545,#6546,#6547,#6548,#6549,
#6550,#6551,#6552,#6553,#6554,#6555,#6556,#6557,#6558,#6559,#6560,#6561,
#6562,#6563,#6564,#6565,#6566,#6567,#6568,#6569,#6570,#6571,#6572,#6573,
#6574,#6575,#6576,#6577,#6578,#6579,#6580,#6581,#6582,#6583,#6584,#6585,
#6586,#6587,#6588,#6589,#6590,#6591,#6592,#6593,#6594,#6595,#6596,#6597,
#6598,#6599,#6600,#6601,#6602,#6603,#6604,#6605,#6606,#6607,#6608,#6609,
#6610,#6611,#6612,#6613,#6614,#6615,#6616,#6617,#6618,#6619,#6620,#6621,
#6622,#6623,#6624,#6625,#6626,#6627,#6628,#6629,#6630,#6631,#6632,#6633,
#6634,#6635,#6636,#6637,#6638,#6639,#6640,#6641,#6642,#6643,#6644,#6645,
#6646,#6647,#6648,#6649,#6650,#6651,#6652,#6653,#6654,#6655,#6656,#6657,
#6658,#6659,#6660,#6661,#6662,#6663,#6664,#6665,#6666,#6667,#6668,#6669,
#6670,#6671,#6672,#6673,#6674,#6675,#6676,#6677,#6678,#6679,#6680,#6681,
#6682,#6683,#6684,#6685,#6686,#6687,#6688,#6689,#6690,#6691,#6692,#6693,
#6694,#6695,#6696,#6697,#6698,#6699,#6700,#6701,#6702,#6703,#6704,#6705,
#6706,#6707,#6708,#6709,#6710,#6711,#6712,#6713,#6714,#6715,#6716,#6717,
#6718,#6719,#6720,#6721,#6722,#6723,#6724,#6725,#6726,#6727,#6728,#6729,
#6730,#6731,#6732,#6733,#6734,#6735,#6736,#6737,#6738,#6739,#6740,#6741,
#6742,#6743,#6744,#6745,#6746,#6747,#6748,#6749,#6750,#6751,#6752,#6753,
#6754,#6755,#6756,#6757,#6758,#6759,#6760,#6761,#6762,#6763,#6764,#6765,
#6766,#6767,#6768,#6769,#6770,#6771,#6772,#6773,#6774,#6775,#6776,#6777,
#6778,#6779,#6780,#6781,#6782,#6783,#6784,#6785,#6786,#6787,#6788,#6789,
#6790,#6791,#6792,#6793,#6794,#6795,#6796,#6797,#6798,#6799,#6800,#6801,
#6802,#6803,#6804,#6805,#6806,#6807,#6808,#6809,#6810,#6811,#6812,#6813,
#6814,#6815,#6816,#6817,#6818,#6819,#6820,#6821,#6822,#6823,#6824,#6825,
#6826,#6827,#6828,#6829,#6830,#6831,#6832,#6833,#6834,#6835,#6836,#6837,
#6838,#6839,#6840,#6841,#6842,#6843,#6844,#6845,#6846,#6847));
#6849=DERIVED_UNIT_ELEMENT(#6852,1.);
#6850=DERIVED_UNIT_ELEMENT(#13807,-3.);
#6851=DIMENSIONAL_EXPONENTS(0.,1.,0.,0.,0.,0.,0.);
#6852=(
CONVERSION_BASED_UNIT('gram',#6854)
MASS_UNIT()
NAMED_UNIT(#6851)
);
#6853=(
MASS_UNIT()
NAMED_UNIT(*)
SI_UNIT(.KILO.,.GRAM.)
);
#6854=MASS_MEASURE_WITH_UNIT(MASS_MEASURE(0.001),#6853);
#6855=DERIVED_UNIT((#6849,#6850));
#6856=MEASURE_REPRESENTATION_ITEM('density measure',
POSITIVE_RATIO_MEASURE(0.93),#6855);
#6857=PROPERTY_DEFINITION_REPRESENTATION(#6862,#6859);
#6858=PROPERTY_DEFINITION_REPRESENTATION(#6863,#6860);
#6859=REPRESENTATION('material name',(#6861),#13804);
#6860=REPRESENTATION('density',(#6856),#13804);
#6861=DESCRIPTIVE_REPRESENTATION_ITEM('Gummi','Gummi');
#6862=PROPERTY_DEFINITION('material property','material name',#13814);
#6863=PROPERTY_DEFINITION('material property','density of part',#13814);
#6864=DATE_TIME_ROLE('creation_date');
#6865=APPLIED_DATE_AND_TIME_ASSIGNMENT(#6866,#6864,(#13814));
#6866=DATE_AND_TIME(#6867,#6868);
#6867=CALENDAR_DATE(2025,26,1);
#6868=LOCAL_TIME(0,0,0.,#6869);
#6869=COORDINATED_UNIVERSAL_TIME_OFFSET(0,0,.BEHIND.);
#6870=AXIS2_PLACEMENT_3D('',#8967,#7326,#7327);
#6871=AXIS2_PLACEMENT_3D('',#8968,#7328,#7329);
#6872=AXIS2_PLACEMENT_3D('',#8971,#7330,#7331);
#6873=AXIS2_PLACEMENT_3D('',#8973,#7332,#7333);
#6874=AXIS2_PLACEMENT_3D('',#8974,#7334,#7335);
#6875=AXIS2_PLACEMENT_3D('',#8978,#7337,#7338);
#6876=AXIS2_PLACEMENT_3D('',#8979,#7339,#7340);
#6877=AXIS2_PLACEMENT_3D('',#8980,#7341,#7342);
#6878=AXIS2_PLACEMENT_3D('',#8982,#7343,#7344);
#6879=AXIS2_PLACEMENT_3D('',#8986,#7346,#7347);
#6880=AXIS2_PLACEMENT_3D('',#8988,#7348,#7349);
#6881=AXIS2_PLACEMENT_3D('',#8990,#7350,#7351);
#6882=AXIS2_PLACEMENT_3D('',#8994,#7353,#7354);
#6883=AXIS2_PLACEMENT_3D('',#8996,#7355,#7356);
#6884=AXIS2_PLACEMENT_3D('',#8998,#7357,#7358);
#6885=AXIS2_PLACEMENT_3D('',#9000,#7359,#7360);
#6886=AXIS2_PLACEMENT_3D('',#9004,#7362,#7363);
#6887=AXIS2_PLACEMENT_3D('',#9006,#7364,#7365);
#6888=AXIS2_PLACEMENT_3D('',#9008,#7366,#7367);
#6889=AXIS2_PLACEMENT_3D('',#9010,#7368,#7369);
#6890=AXIS2_PLACEMENT_3D('',#9013,#7371,#7372);
#6891=AXIS2_PLACEMENT_3D('',#9038,#7385,#7386);
#6892=AXIS2_PLACEMENT_3D('',#9041,#7388,#7389);
#6893=AXIS2_PLACEMENT_3D('',#9042,#7390,#7391);
#6894=AXIS2_PLACEMENT_3D('',#9046,#7393,#7394);
#6895=AXIS2_PLACEMENT_3D('',#9047,#7395,#7396);
#6896=AXIS2_PLACEMENT_3D('',#9048,#7397,#7398);
#6897=AXIS2_PLACEMENT_3D('',#9049,#7399,#7400);
#6898=AXIS2_PLACEMENT_3D('',#9052,#7402,#7403);
#6899=AXIS2_PLACEMENT_3D('',#9053,#7404,#7405);
#6900=AXIS2_PLACEMENT_3D('',#9057,#7407,#7408);
#6901=AXIS2_PLACEMENT_3D('',#9058,#7409,#7410);
#6902=AXIS2_PLACEMENT_3D('',#9059,#7411,#7412);
#6903=AXIS2_PLACEMENT_3D('',#9060,#7413,#7414);
#6904=AXIS2_PLACEMENT_3D('',#9063,#7416,#7417);
#6905=AXIS2_PLACEMENT_3D('',#9064,#7418,#7419);
#6906=AXIS2_PLACEMENT_3D('',#9066,#7420,#7421);
#6907=AXIS2_PLACEMENT_3D('',#9067,#7422,#7423);
#6908=AXIS2_PLACEMENT_3D('',#9071,#7425,#7426);
#6909=AXIS2_PLACEMENT_3D('',#9072,#7427,#7428);
#6910=AXIS2_PLACEMENT_3D('',#9073,#7429,#7430);
#6911=AXIS2_PLACEMENT_3D('',#9076,#7432,#7433);
#6912=AXIS2_PLACEMENT_3D('',#9077,#7434,#7435);
#6913=AXIS2_PLACEMENT_3D('',#9079,#7436,#7437);
#6914=AXIS2_PLACEMENT_3D('',#9082,#7439,#7440);
#6915=AXIS2_PLACEMENT_3D('',#9083,#7441,#7442);
#6916=AXIS2_PLACEMENT_3D('',#9086,#7444,#7445);
#6917=AXIS2_PLACEMENT_3D('',#9087,#7446,#7447);
#6918=AXIS2_PLACEMENT_3D('',#9090,#7449,#7450);
#6919=AXIS2_PLACEMENT_3D('',#9091,#7451,#7452);
#6920=AXIS2_PLACEMENT_3D('',#9097,#7456,#7457);
#6921=AXIS2_PLACEMENT_3D('',#9101,#7460,#7461);
#6922=AXIS2_PLACEMENT_3D('',#9105,#7464,#7465);
#6923=AXIS2_PLACEMENT_3D('',#9107,#7466,#7467);
#6924=AXIS2_PLACEMENT_3D('',#9110,#7469,#7470);
#6925=AXIS2_PLACEMENT_3D('',#9111,#7471,#7472);
#6926=AXIS2_PLACEMENT_3D('',#9114,#7474,#7475);
#6927=AXIS2_PLACEMENT_3D('',#9115,#7476,#7477);
#6928=AXIS2_PLACEMENT_3D('',#9118,#7479,#7480);
#6929=AXIS2_PLACEMENT_3D('',#9119,#7481,#7482);
#6930=AXIS2_PLACEMENT_3D('',#9125,#7486,#7487);
#6931=AXIS2_PLACEMENT_3D('',#9129,#7490,#7491);
#6932=AXIS2_PLACEMENT_3D('',#9133,#7494,#7495);
#6933=AXIS2_PLACEMENT_3D('',#9135,#7496,#7497);
#6934=AXIS2_PLACEMENT_3D('',#9137,#7498,#7499);
#6935=AXIS2_PLACEMENT_3D('',#9138,#7500,#7501);
#6936=AXIS2_PLACEMENT_3D('',#9139,#7502,#7503);
#6937=AXIS2_PLACEMENT_3D('',#9141,#7504,#7505);
#6938=AXIS2_PLACEMENT_3D('',#9143,#7507,#7508);
#6939=AXIS2_PLACEMENT_3D('',#9145,#7509,#7510);
#6940=AXIS2_PLACEMENT_3D('',#9146,#7511,#7512);
#6941=AXIS2_PLACEMENT_3D('',#9147,#7513,#7514);
#6942=AXIS2_PLACEMENT_3D('',#9149,#7515,#7516);
#6943=AXIS2_PLACEMENT_3D('',#9150,#7517,#7518);
#6944=AXIS2_PLACEMENT_3D('',#9151,#7519,#7520);
#6945=AXIS2_PLACEMENT_3D('',#9153,#7521,#7522);
#6946=AXIS2_PLACEMENT_3D('',#9154,#7523,#7524);
#6947=AXIS2_PLACEMENT_3D('',#9155,#7525,#7526);
#6948=AXIS2_PLACEMENT_3D('',#9157,#7527,#7528);
#6949=AXIS2_PLACEMENT_3D('',#9159,#7530,#7531);
#6950=AXIS2_PLACEMENT_3D('',#9161,#7532,#7533);
#6951=AXIS2_PLACEMENT_3D('',#9162,#7534,#7535);
#6952=AXIS2_PLACEMENT_3D('',#9163,#7536,#7537);
#6953=AXIS2_PLACEMENT_3D('',#9165,#7538,#7539);
#6954=AXIS2_PLACEMENT_3D('',#9166,#7540,#7541);
#6955=AXIS2_PLACEMENT_3D('',#9167,#7542,#7543);
#6956=AXIS2_PLACEMENT_3D('',#9169,#7544,#7545);
#6957=AXIS2_PLACEMENT_3D('',#9170,#7546,#7547);
#6958=AXIS2_PLACEMENT_3D('',#9171,#7548,#7549);
#6959=AXIS2_PLACEMENT_3D('',#9173,#7550,#7551);
#6960=AXIS2_PLACEMENT_3D('',#9175,#7553,#7554);
#6961=AXIS2_PLACEMENT_3D('',#9177,#7555,#7556);
#6962=AXIS2_PLACEMENT_3D('',#9178,#7557,#7558);
#6963=AXIS2_PLACEMENT_3D('',#9179,#7559,#7560);
#6964=AXIS2_PLACEMENT_3D('',#9181,#7561,#7562);
#6965=AXIS2_PLACEMENT_3D('',#9182,#7563,#7564);
#6966=AXIS2_PLACEMENT_3D('',#9183,#7565,#7566);
#6967=AXIS2_PLACEMENT_3D('',#9185,#7567,#7568);
#6968=AXIS2_PLACEMENT_3D('',#9186,#7569,#7570);
#6969=AXIS2_PLACEMENT_3D('',#9187,#7571,#7572);
#6970=AXIS2_PLACEMENT_3D('',#9189,#7573,#7574);
#6971=AXIS2_PLACEMENT_3D('',#9191,#7576,#7577);
#6972=AXIS2_PLACEMENT_3D('',#9193,#7578,#7579);
#6973=AXIS2_PLACEMENT_3D('',#9194,#7580,#7581);
#6974=AXIS2_PLACEMENT_3D('',#9195,#7582,#7583);
#6975=AXIS2_PLACEMENT_3D('',#9196,#7584,#7585);
#6976=AXIS2_PLACEMENT_3D('',#9197,#7586,#7587);
#6977=AXIS2_PLACEMENT_3D('',#9203,#7591,#7592);
#6978=AXIS2_PLACEMENT_3D('',#9206,#7594,#7595);
#6979=AXIS2_PLACEMENT_3D('',#9207,#7596,#7597);
#6980=AXIS2_PLACEMENT_3D('',#9210,#7599,#7600);
#6981=AXIS2_PLACEMENT_3D('',#9211,#7601,#7602);
#6982=AXIS2_PLACEMENT_3D('',#9214,#7604,#7605);
#6983=AXIS2_PLACEMENT_3D('',#9215,#7606,#7607);
#6984=AXIS2_PLACEMENT_3D('',#9219,#7610,#7611);
#6985=AXIS2_PLACEMENT_3D('',#9222,#7613,#7614);
#6986=AXIS2_PLACEMENT_3D('',#9223,#7615,#7616);
#6987=AXIS2_PLACEMENT_3D('',#9226,#7618,#7619);
#6988=AXIS2_PLACEMENT_3D('',#9227,#7620,#7621);
#6989=AXIS2_PLACEMENT_3D('',#9230,#7623,#7624);
#6990=AXIS2_PLACEMENT_3D('',#9231,#7625,#7626);
#6991=AXIS2_PLACEMENT_3D('',#9234,#7627,#7628);
#6992=AXIS2_PLACEMENT_3D('',#9236,#7629,#7630);
#6993=AXIS2_PLACEMENT_3D('',#9238,#7631,#7632);
#6994=AXIS2_PLACEMENT_3D('',#9239,#7633,#7634);
#6995=AXIS2_PLACEMENT_3D('',#9240,#7635,#7636);
#6996=AXIS2_PLACEMENT_3D('',#9243,#7637,#7638);
#6997=AXIS2_PLACEMENT_3D('',#9246,#7641,#7642);
#6998=AXIS2_PLACEMENT_3D('',#9249,#7643,#7644);
#6999=AXIS2_PLACEMENT_3D('',#9250,#7645,#7646);
#7000=AXIS2_PLACEMENT_3D('',#9251,#7647,#7648);
#7001=AXIS2_PLACEMENT_3D('',#9275,#7649,#7650);
#7002=AXIS2_PLACEMENT_3D('',#9276,#7651,#7652);
#7003=AXIS2_PLACEMENT_3D('',#9277,#7653,#7654);
#7004=AXIS2_PLACEMENT_3D('',#9278,#7655,#7656);
#7005=AXIS2_PLACEMENT_3D('',#9281,#7657,#7658);
#7006=AXIS2_PLACEMENT_3D('',#9282,#7659,#7660);
#7007=AXIS2_PLACEMENT_3D('',#9283,#7661,#7662);
#7008=AXIS2_PLACEMENT_3D('',#9284,#7663,#7664);
#7009=AXIS2_PLACEMENT_3D('',#9286,#7665,#7666);
#7010=AXIS2_PLACEMENT_3D('',#9289,#7669,#7670);
#7011=AXIS2_PLACEMENT_3D('',#9291,#7671,#7672);
#7012=AXIS2_PLACEMENT_3D('',#9292,#7673,#7674);
#7013=AXIS2_PLACEMENT_3D('',#9315,#7675,#7676);
#7014=AXIS2_PLACEMENT_3D('',#9316,#7677,#7678);
#7015=AXIS2_PLACEMENT_3D('',#9317,#7679,#7680);
#7016=AXIS2_PLACEMENT_3D('',#9319,#7681,#7682);
#7017=AXIS2_PLACEMENT_3D('',#9320,#7683,#7684);
#7018=AXIS2_PLACEMENT_3D('',#9321,#7685,#7686);
#7019=AXIS2_PLACEMENT_3D('',#9323,#7687,#7688);
#7020=AXIS2_PLACEMENT_3D('',#9325,#7690,#7691);
#7021=AXIS2_PLACEMENT_3D('',#9327,#7692,#7693);
#7022=AXIS2_PLACEMENT_3D('',#9328,#7694,#7695);
#7023=AXIS2_PLACEMENT_3D('',#9351,#7696,#7697);
#7024=AXIS2_PLACEMENT_3D('',#9352,#7698,#7699);
#7025=AXIS2_PLACEMENT_3D('',#9353,#7700,#7701);
#7026=AXIS2_PLACEMENT_3D('',#9355,#7702,#7703);
#7027=AXIS2_PLACEMENT_3D('',#9356,#7704,#7705);
#7028=AXIS2_PLACEMENT_3D('',#9357,#7706,#7707);
#7029=AXIS2_PLACEMENT_3D('',#9359,#7708,#7709);
#7030=AXIS2_PLACEMENT_3D('',#9361,#7711,#7712);
#7031=AXIS2_PLACEMENT_3D('',#9364,#7713,#7714);
#7032=AXIS2_PLACEMENT_3D('',#9365,#7715,#7716);
#7033=AXIS2_PLACEMENT_3D('',#9366,#7717,#7718);
#7034=AXIS2_PLACEMENT_3D('',#9388,#7719,#7720);
#7035=AXIS2_PLACEMENT_3D('',#9389,#7721,#7722);
#7036=AXIS2_PLACEMENT_3D('',#9390,#7723,#7724);
#7037=AXIS2_PLACEMENT_3D('',#9392,#7726,#7727);
#7038=AXIS2_PLACEMENT_3D('',#9394,#7729,#7730);
#7039=AXIS2_PLACEMENT_3D('',#9396,#7732,#7733);
#7040=AXIS2_PLACEMENT_3D('',#9525,#7762,#7763);
#7041=AXIS2_PLACEMENT_3D('',#9976,#7842,#7843);
#7042=AXIS2_PLACEMENT_3D('',#10006,#7845,#7846);
#7043=AXIS2_PLACEMENT_3D('',#10292,#7902,#7903);
#7044=AXIS2_PLACEMENT_3D('',#10385,#7918,#7919);
#7045=AXIS2_PLACEMENT_3D('',#10388,#7922,#7923);
#7046=AXIS2_PLACEMENT_3D('',#10389,#7924,#7925);
#7047=AXIS2_PLACEMENT_3D('',#10392,#7926,#7927);
#7048=AXIS2_PLACEMENT_3D('',#10394,#7928,#7929);
#7049=AXIS2_PLACEMENT_3D('',#10395,#7930,#7931);
#7050=AXIS2_PLACEMENT_3D('',#10396,#7932,#7933);
#7051=AXIS2_PLACEMENT_3D('',#10399,#7934,#7935);
#7052=AXIS2_PLACEMENT_3D('',#10401,#7936,#7937);
#7053=AXIS2_PLACEMENT_3D('',#10402,#7938,#7939);
#7054=AXIS2_PLACEMENT_3D('',#10403,#7940,#7941);
#7055=AXIS2_PLACEMENT_3D('',#10406,#7944,#7945);
#7056=AXIS2_PLACEMENT_3D('',#10409,#7946,#7947);
#7057=AXIS2_PLACEMENT_3D('',#10411,#7948,#7949);
#7058=AXIS2_PLACEMENT_3D('',#10412,#7950,#7951);
#7059=AXIS2_PLACEMENT_3D('',#10413,#7952,#7953);
#7060=AXIS2_PLACEMENT_3D('',#10416,#7956,#7957);
#7061=AXIS2_PLACEMENT_3D('',#10419,#7958,#7959);
#7062=AXIS2_PLACEMENT_3D('',#10423,#7962,#7963);
#7063=AXIS2_PLACEMENT_3D('',#10424,#7964,#7965);
#7064=AXIS2_PLACEMENT_3D('',#10427,#7966,#7967);
#7065=AXIS2_PLACEMENT_3D('',#10429,#7968,#7969);
#7066=AXIS2_PLACEMENT_3D('',#10430,#7970,#7971);
#7067=AXIS2_PLACEMENT_3D('',#10431,#7972,#7973);
#7068=AXIS2_PLACEMENT_3D('',#10434,#7976,#7977);
#7069=AXIS2_PLACEMENT_3D('',#10437,#7978,#7979);
#7070=AXIS2_PLACEMENT_3D('',#10441,#7982,#7983);
#7071=AXIS2_PLACEMENT_3D('',#10442,#7984,#7985);
#7072=AXIS2_PLACEMENT_3D('',#10445,#7988,#7989);
#7073=AXIS2_PLACEMENT_3D('',#10448,#7990,#7991);
#7074=AXIS2_PLACEMENT_3D('',#10452,#7994,#7995);
#7075=AXIS2_PLACEMENT_3D('',#10453,#7996,#7997);
#7076=AXIS2_PLACEMENT_3D('',#10456,#7998,#7999);
#7077=AXIS2_PLACEMENT_3D('',#10460,#8002,#8003);
#7078=AXIS2_PLACEMENT_3D('',#10461,#8004,#8005);
#7079=AXIS2_PLACEMENT_3D('',#10468,#8010,#8011);
#7080=AXIS2_PLACEMENT_3D('',#10471,#8014,#8015);
#7081=AXIS2_PLACEMENT_3D('',#10474,#8018,#8019);
#7082=AXIS2_PLACEMENT_3D('',#10476,#8021,#8022);
#7083=AXIS2_PLACEMENT_3D('',#10478,#8024,#8025);
#7084=AXIS2_PLACEMENT_3D('',#10480,#8027,#8028);
#7085=AXIS2_PLACEMENT_3D('',#10481,#8029,#8030);
#7086=AXIS2_PLACEMENT_3D('',#10483,#8032,#8033);
#7087=AXIS2_PLACEMENT_3D('',#10485,#8035,#8036);
#7088=AXIS2_PLACEMENT_3D('',#10487,#8038,#8039);
#7089=AXIS2_PLACEMENT_3D('',#10493,#8043,#8044);
#7090=AXIS2_PLACEMENT_3D('',#10538,#8048,#8049);
#7091=AXIS2_PLACEMENT_3D('',#10542,#8052,#8053);
#7092=AXIS2_PLACEMENT_3D('',#10546,#8056,#8057);
#7093=AXIS2_PLACEMENT_3D('',#10550,#8060,#8061);
#7094=AXIS2_PLACEMENT_3D('',#10595,#8065,#8066);
#7095=AXIS2_PLACEMENT_3D('',#10599,#8069,#8070);
#7096=AXIS2_PLACEMENT_3D('',#10603,#8073,#8074);
#7097=AXIS2_PLACEMENT_3D('',#10607,#8077,#8078);
#7098=AXIS2_PLACEMENT_3D('',#10609,#8080,#8081);
#7099=AXIS2_PLACEMENT_3D('',#10635,#8084,#8085);
#7100=AXIS2_PLACEMENT_3D('',#10745,#8093,#8094);
#7101=AXIS2_PLACEMENT_3D('',#10749,#8097,#8098);
#7102=AXIS2_PLACEMENT_3D('',#10753,#8101,#8102);
#7103=AXIS2_PLACEMENT_3D('',#10757,#8105,#8106);
#7104=AXIS2_PLACEMENT_3D('',#10761,#8109,#8110);
#7105=AXIS2_PLACEMENT_3D('',#10773,#8114,#8115);
#7106=AXIS2_PLACEMENT_3D('',#10825,#8119,#8120);
#7107=AXIS2_PLACEMENT_3D('',#10829,#8123,#8124);
#7108=AXIS2_PLACEMENT_3D('',#10833,#8127,#8128);
#7109=AXIS2_PLACEMENT_3D('',#10897,#8134,#8135);
#7110=AXIS2_PLACEMENT_3D('',#10901,#8138,#8139);
#7111=AXIS2_PLACEMENT_3D('',#10905,#8142,#8143);
#7112=AXIS2_PLACEMENT_3D('',#10907,#8145,#8146);
#7113=AXIS2_PLACEMENT_3D('',#10908,#8147,#8148);
#7114=AXIS2_PLACEMENT_3D('',#10914,#8152,#8153);
#7115=AXIS2_PLACEMENT_3D('',#10977,#8157,#8158);
#7116=AXIS2_PLACEMENT_3D('',#10981,#8161,#8162);
#7117=AXIS2_PLACEMENT_3D('',#10985,#8165,#8166);
#7118=AXIS2_PLACEMENT_3D('',#11053,#8171,#8172);
#7119=AXIS2_PLACEMENT_3D('',#11055,#8174,#8175);
#7120=AXIS2_PLACEMENT_3D('',#11056,#8176,#8177);
#7121=AXIS2_PLACEMENT_3D('',#11062,#8181,#8182);
#7122=AXIS2_PLACEMENT_3D('',#11066,#8185,#8186);
#7123=AXIS2_PLACEMENT_3D('',#11070,#8189,#8190);
#7124=AXIS2_PLACEMENT_3D('',#11074,#8193,#8194);
#7125=AXIS2_PLACEMENT_3D('',#11078,#8197,#8198);
#7126=AXIS2_PLACEMENT_3D('',#11082,#8201,#8202);
#7127=AXIS2_PLACEMENT_3D('',#11086,#8205,#8206);
#7128=AXIS2_PLACEMENT_3D('',#11090,#8209,#8210);
#7129=AXIS2_PLACEMENT_3D('',#11094,#8213,#8214);
#7130=AXIS2_PLACEMENT_3D('',#11096,#8216,#8217);
#7131=AXIS2_PLACEMENT_3D('',#11097,#8218,#8219);
#7132=AXIS2_PLACEMENT_3D('',#11103,#8223,#8224);
#7133=AXIS2_PLACEMENT_3D('',#11107,#8227,#8228);
#7134=AXIS2_PLACEMENT_3D('',#11111,#8231,#8232);
#7135=AXIS2_PLACEMENT_3D('',#11115,#8235,#8236);
#7136=AXIS2_PLACEMENT_3D('',#11119,#8239,#8240);
#7137=AXIS2_PLACEMENT_3D('',#11123,#8243,#8244);
#7138=AXIS2_PLACEMENT_3D('',#11127,#8247,#8248);
#7139=AXIS2_PLACEMENT_3D('',#11129,#8250,#8251);
#7140=AXIS2_PLACEMENT_3D('',#11130,#8252,#8253);
#7141=AXIS2_PLACEMENT_3D('',#11136,#8257,#8258);
#7142=AXIS2_PLACEMENT_3D('',#11140,#8261,#8262);
#7143=AXIS2_PLACEMENT_3D('',#11144,#8265,#8266);
#7144=AXIS2_PLACEMENT_3D('',#11148,#8269,#8270);
#7145=AXIS2_PLACEMENT_3D('',#11152,#8273,#8274);
#7146=AXIS2_PLACEMENT_3D('',#11156,#8277,#8278);
#7147=AXIS2_PLACEMENT_3D('',#11160,#8281,#8282);
#7148=AXIS2_PLACEMENT_3D('',#11164,#8285,#8286);
#7149=AXIS2_PLACEMENT_3D('',#11168,#8289,#8290);
#7150=AXIS2_PLACEMENT_3D('',#11172,#8293,#8294);
#7151=AXIS2_PLACEMENT_3D('',#11176,#8297,#8298);
#7152=AXIS2_PLACEMENT_3D('',#11178,#8300,#8301);
#7153=AXIS2_PLACEMENT_3D('',#11179,#8302,#8303);
#7154=AXIS2_PLACEMENT_3D('',#11185,#8307,#8308);
#7155=AXIS2_PLACEMENT_3D('',#11189,#8311,#8312);
#7156=AXIS2_PLACEMENT_3D('',#11193,#8315,#8316);
#7157=AXIS2_PLACEMENT_3D('',#11197,#8319,#8320);
#7158=AXIS2_PLACEMENT_3D('',#11201,#8323,#8324);
#7159=AXIS2_PLACEMENT_3D('',#11203,#8326,#8327);
#7160=AXIS2_PLACEMENT_3D('',#11204,#8328,#8329);
#7161=AXIS2_PLACEMENT_3D('',#11210,#8333,#8334);
#7162=AXIS2_PLACEMENT_3D('',#11214,#8337,#8338);
#7163=AXIS2_PLACEMENT_3D('',#11218,#8341,#8342);
#7164=AXIS2_PLACEMENT_3D('',#11220,#8344,#8345);
#7165=AXIS2_PLACEMENT_3D('',#11545,#8348,#8349);
#7166=AXIS2_PLACEMENT_3D('',#11616,#8352,#8353);
#7167=AXIS2_PLACEMENT_3D('',#11622,#8357,#8358);
#7168=AXIS2_PLACEMENT_3D('',#11628,#8362,#8363);
#7169=AXIS2_PLACEMENT_3D('',#11689,#8368,#8369);
#7170=AXIS2_PLACEMENT_3D('',#11695,#8373,#8374);
#7171=AXIS2_PLACEMENT_3D('',#11701,#8378,#8379);
#7172=AXIS2_PLACEMENT_3D('',#11704,#8382,#8383);
#7173=AXIS2_PLACEMENT_3D('',#11710,#8387,#8388);
#7174=AXIS2_PLACEMENT_3D('',#11814,#8393,#8394);
#7175=AXIS2_PLACEMENT_3D('',#11816,#8396,#8397);
#7176=AXIS2_PLACEMENT_3D('',#11825,#8398,#8399);
#7177=AXIS2_PLACEMENT_3D('',#11829,#8401,#8402);
#7178=AXIS2_PLACEMENT_3D('',#11850,#8405,#8406);
#7179=AXIS2_PLACEMENT_3D('',#11882,#8411,#8412);
#7180=AXIS2_PLACEMENT_3D('',#11885,#8414,#8415);
#7181=AXIS2_PLACEMENT_3D('',#11886,#8416,#8417);
#7182=AXIS2_PLACEMENT_3D('',#11920,#8421,#8422);
#7183=AXIS2_PLACEMENT_3D('',#11934,#8427,#8428);
#7184=AXIS2_PLACEMENT_3D('',#11981,#8431,#8432);
#7185=AXIS2_PLACEMENT_3D('',#12025,#8437,#8438);
#7186=AXIS2_PLACEMENT_3D('',#12115,#8440,#8441);
#7187=AXIS2_PLACEMENT_3D('',#12150,#8444,#8445);
#7188=AXIS2_PLACEMENT_3D('',#12168,#8449,#8450);
#7189=AXIS2_PLACEMENT_3D('',#12172,#8453,#8454);
#7190=AXIS2_PLACEMENT_3D('',#12176,#8457,#8458);
#7191=AXIS2_PLACEMENT_3D('',#12221,#8462,#8463);
#7192=AXIS2_PLACEMENT_3D('',#12225,#8466,#8467);
#7193=AXIS2_PLACEMENT_3D('',#12229,#8470,#8471);
#7194=AXIS2_PLACEMENT_3D('',#12231,#8473,#8474);
#7195=AXIS2_PLACEMENT_3D('',#12232,#8475,#8476);
#7196=AXIS2_PLACEMENT_3D('',#12238,#8480,#8481);
#7197=AXIS2_PLACEMENT_3D('',#12242,#8484,#8485);
#7198=AXIS2_PLACEMENT_3D('',#12287,#8489,#8490);
#7199=AXIS2_PLACEMENT_3D('',#12291,#8493,#8494);
#7200=AXIS2_PLACEMENT_3D('',#12295,#8497,#8498);
#7201=AXIS2_PLACEMENT_3D('',#12299,#8501,#8502);
#7202=AXIS2_PLACEMENT_3D('',#12303,#8505,#8506);
#7203=AXIS2_PLACEMENT_3D('',#12348,#8510,#8511);
#7204=AXIS2_PLACEMENT_3D('',#12352,#8514,#8515);
#7205=AXIS2_PLACEMENT_3D('',#12354,#8517,#8518);
#7206=AXIS2_PLACEMENT_3D('',#12355,#8519,#8520);
#7207=AXIS2_PLACEMENT_3D('',#12361,#8524,#8525);
#7208=AXIS2_PLACEMENT_3D('',#12365,#8528,#8529);
#7209=AXIS2_PLACEMENT_3D('',#12369,#8532,#8533);
#7210=AXIS2_PLACEMENT_3D('',#12373,#8536,#8537);
#7211=AXIS2_PLACEMENT_3D('',#12377,#8540,#8541);
#7212=AXIS2_PLACEMENT_3D('',#12381,#8544,#8545);
#7213=AXIS2_PLACEMENT_3D('',#12385,#8548,#8549);
#7214=AXIS2_PLACEMENT_3D('',#12389,#8552,#8553);
#7215=AXIS2_PLACEMENT_3D('',#12393,#8556,#8557);
#7216=AXIS2_PLACEMENT_3D('',#12397,#8560,#8561);
#7217=AXIS2_PLACEMENT_3D('',#12401,#8564,#8565);
#7218=AXIS2_PLACEMENT_3D('',#12403,#8567,#8568);
#7219=AXIS2_PLACEMENT_3D('',#12404,#8569,#8570);
#7220=AXIS2_PLACEMENT_3D('',#12410,#8574,#8575);
#7221=AXIS2_PLACEMENT_3D('',#12414,#8578,#8579);
#7222=AXIS2_PLACEMENT_3D('',#12418,#8582,#8583);
#7223=AXIS2_PLACEMENT_3D('',#12422,#8586,#8587);
#7224=AXIS2_PLACEMENT_3D('',#12426,#8590,#8591);
#7225=AXIS2_PLACEMENT_3D('',#12430,#8594,#8595);
#7226=AXIS2_PLACEMENT_3D('',#12434,#8598,#8599);
#7227=AXIS2_PLACEMENT_3D('',#12436,#8601,#8602);
#7228=AXIS2_PLACEMENT_3D('',#12588,#8605,#8606);
#7229=AXIS2_PLACEMENT_3D('',#12737,#8611,#8612);
#7230=AXIS2_PLACEMENT_3D('',#12739,#8614,#8615);
#7231=AXIS2_PLACEMENT_3D('',#12855,#8618,#8619);
#7232=AXIS2_PLACEMENT_3D('',#12977,#8624,#8625);
#7233=AXIS2_PLACEMENT_3D('',#12979,#8627,#8628);
#7234=AXIS2_PLACEMENT_3D('',#13062,#8631,#8632);
#7235=AXIS2_PLACEMENT_3D('',#13068,#8636,#8637);
#7236=AXIS2_PLACEMENT_3D('',#13074,#8641,#8642);
#7237=AXIS2_PLACEMENT_3D('',#13077,#8645,#8646);
#7238=AXIS2_PLACEMENT_3D('',#13083,#8650,#8651);
#7239=AXIS2_PLACEMENT_3D('',#13164,#8655,#8656);
#7240=AXIS2_PLACEMENT_3D('',#13166,#8658,#8659);
#7241=AXIS2_PLACEMENT_3D('',#13167,#8660,#8661);
#7242=AXIS2_PLACEMENT_3D('',#13173,#8665,#8666);
#7243=AXIS2_PLACEMENT_3D('',#13177,#8669,#8670);
#7244=AXIS2_PLACEMENT_3D('',#13181,#8673,#8674);
#7245=AXIS2_PLACEMENT_3D('',#13185,#8677,#8678);
#7246=AXIS2_PLACEMENT_3D('',#13189,#8681,#8682);
#7247=AXIS2_PLACEMENT_3D('',#13193,#8685,#8686);
#7248=AXIS2_PLACEMENT_3D('',#13197,#8689,#8690);
#7249=AXIS2_PLACEMENT_3D('',#13201,#8693,#8694);
#7250=AXIS2_PLACEMENT_3D('',#13205,#8697,#8698);
#7251=AXIS2_PLACEMENT_3D('',#13209,#8701,#8702);
#7252=AXIS2_PLACEMENT_3D('',#13213,#8705,#8706);
#7253=AXIS2_PLACEMENT_3D('',#13215,#8708,#8709);
#7254=AXIS2_PLACEMENT_3D('',#13216,#8710,#8711);
#7255=AXIS2_PLACEMENT_3D('',#13222,#8715,#8716);
#7256=AXIS2_PLACEMENT_3D('',#13226,#8719,#8720);
#7257=AXIS2_PLACEMENT_3D('',#13230,#8723,#8724);
#7258=AXIS2_PLACEMENT_3D('',#13234,#8727,#8728);
#7259=AXIS2_PLACEMENT_3D('',#13238,#8731,#8732);
#7260=AXIS2_PLACEMENT_3D('',#13242,#8735,#8736);
#7261=AXIS2_PLACEMENT_3D('',#13246,#8739,#8740);
#7262=AXIS2_PLACEMENT_3D('',#13250,#8743,#8744);
#7263=AXIS2_PLACEMENT_3D('',#13254,#8747,#8748);
#7264=AXIS2_PLACEMENT_3D('',#13258,#8751,#8752);
#7265=AXIS2_PLACEMENT_3D('',#13262,#8755,#8756);
#7266=AXIS2_PLACEMENT_3D('',#13266,#8759,#8760);
#7267=AXIS2_PLACEMENT_3D('',#13268,#8762,#8763);
#7268=AXIS2_PLACEMENT_3D('',#13269,#8764,#8765);
#7269=AXIS2_PLACEMENT_3D('',#13275,#8769,#8770);
#7270=AXIS2_PLACEMENT_3D('',#13279,#8773,#8774);
#7271=AXIS2_PLACEMENT_3D('',#13283,#8777,#8778);
#7272=AXIS2_PLACEMENT_3D('',#13287,#8781,#8782);
#7273=AXIS2_PLACEMENT_3D('',#13291,#8785,#8786);
#7274=AXIS2_PLACEMENT_3D('',#13295,#8789,#8790);
#7275=AXIS2_PLACEMENT_3D('',#13299,#8793,#8794);
#7276=AXIS2_PLACEMENT_3D('',#13301,#8796,#8797);
#7277=AXIS2_PLACEMENT_3D('',#13336,#8800,#8801);
#7278=AXIS2_PLACEMENT_3D('',#13487,#8808,#8809);
#7279=AXIS2_PLACEMENT_3D('',#13525,#8812,#8813);
#7280=AXIS2_PLACEMENT_3D('',#13529,#8816,#8817);
#7281=AXIS2_PLACEMENT_3D('',#13533,#8820,#8821);
#7282=AXIS2_PLACEMENT_3D('',#13537,#8824,#8825);
#7283=AXIS2_PLACEMENT_3D('',#13541,#8828,#8829);
#7284=AXIS2_PLACEMENT_3D('',#13589,#8833,#8834);
#7285=AXIS2_PLACEMENT_3D('',#13590,#8835,#8836);
#7286=AXIS2_PLACEMENT_3D('',#13596,#8840,#8841);
#7287=AXIS2_PLACEMENT_3D('',#13600,#8844,#8845);
#7288=AXIS2_PLACEMENT_3D('',#13604,#8848,#8849);
#7289=AXIS2_PLACEMENT_3D('',#13608,#8852,#8853);
#7290=AXIS2_PLACEMENT_3D('',#13612,#8856,#8857);
#7291=AXIS2_PLACEMENT_3D('',#13616,#8860,#8861);
#7292=AXIS2_PLACEMENT_3D('',#13620,#8864,#8865);
#7293=AXIS2_PLACEMENT_3D('',#13624,#8868,#8869);
#7294=AXIS2_PLACEMENT_3D('',#13628,#8872,#8873);
#7295=AXIS2_PLACEMENT_3D('',#13632,#8876,#8877);
#7296=AXIS2_PLACEMENT_3D('',#13636,#8880,#8881);
#7297=AXIS2_PLACEMENT_3D('',#13638,#8883,#8884);
#7298=AXIS2_PLACEMENT_3D('',#13639,#8885,#8886);
#7299=AXIS2_PLACEMENT_3D('',#13695,#8891,#8892);
#7300=AXIS2_PLACEMENT_3D('',#13699,#8895,#8896);
#7301=AXIS2_PLACEMENT_3D('',#13703,#8899,#8900);
#7302=AXIS2_PLACEMENT_3D('',#13707,#8903,#8904);
#7303=AXIS2_PLACEMENT_3D('',#13711,#8907,#8908);
#7304=AXIS2_PLACEMENT_3D('',#13765,#8912,#8913);
#7305=AXIS2_PLACEMENT_3D('',#13769,#8916,#8917);
#7306=AXIS2_PLACEMENT_3D('',#13773,#8920,#8921);
#7307=AXIS2_PLACEMENT_3D('',#13777,#8924,#8925);
#7308=AXIS2_PLACEMENT_3D('',#13781,#8928,#8929);
#7309=AXIS2_PLACEMENT_3D('',#13783,#8931,#8932);
#7310=AXIS2_PLACEMENT_3D('',#13784,#8933,#8934);
#7311=AXIS2_PLACEMENT_3D('',#13785,#8935,#8936);
#7312=AXIS2_PLACEMENT_3D('',#13786,#8937,#8938);
#7313=AXIS2_PLACEMENT_3D('',#13787,#8939,#8940);
#7314=AXIS2_PLACEMENT_3D('',#13788,#8941,#8942);
#7315=AXIS2_PLACEMENT_3D('',#13789,#8943,#8944);
#7316=AXIS2_PLACEMENT_3D('',#13791,#8946,#8947);
#7317=AXIS2_PLACEMENT_3D('',#13792,#8948,#8949);
#7318=AXIS2_PLACEMENT_3D('',#13794,#8951,#8952);
#7319=AXIS2_PLACEMENT_3D('',#13795,#8953,#8954);
#7320=AXIS2_PLACEMENT_3D('',#13796,#8955,#8956);
#7321=AXIS2_PLACEMENT_3D('',#13797,#8957,#8958);
#7322=AXIS2_PLACEMENT_3D('',#13798,#8959,#8960);
#7323=AXIS2_PLACEMENT_3D('',#13799,#8961,#8962);
#7324=AXIS2_PLACEMENT_3D('',#13800,#8963,#8964);
#7325=AXIS2_PLACEMENT_3D('',#13801,#8965,#8966);
#7326=DIRECTION('axis',(0.,0.,1.));
#7327=DIRECTION('refdir',(1.,0.,0.));
#7328=DIRECTION('center_axis',(0.,1.,0.));
#7329=DIRECTION('ref_axis',(-1.,0.,0.));
#7330=DIRECTION('center_axis',(0.,-1.,0.));
#7331=DIRECTION('ref_axis',(0.707106781186549,0.,0.707106781186546));
#7332=DIRECTION('center_axis',(0.,1.,0.));
#7333=DIRECTION('ref_axis',(-1.,0.,0.));
#7334=DIRECTION('center_axis',(0.,-1.,0.));
#7335=DIRECTION('ref_axis',(0.707106781186549,0.,0.707106781186546));
#7336=DIRECTION('',(-0.707106781186546,-0.707106781186549,8.65956056235491E-17));
#7337=DIRECTION('center_axis',(0.,-1.,0.));
#7338=DIRECTION('ref_axis',(-1.,0.,0.));
#7339=DIRECTION('center_axis',(0.,-1.,0.));
#7340=DIRECTION('ref_axis',(-1.,0.,0.));
#7341=DIRECTION('center_axis',(0.,1.,0.));
#7342=DIRECTION('ref_axis',(0.,0.,1.));
#7343=DIRECTION('center_axis',(0.,1.,0.));
#7344=DIRECTION('ref_axis',(-0.866025403784438,0.,0.5));
#7345=DIRECTION('',(2.16628882853689E-16,0.,1.));
#7346=DIRECTION('center_axis',(0.,1.,0.));
#7347=DIRECTION('ref_axis',(-0.866025403784439,0.,-0.499999999999999));
#7348=DIRECTION('center_axis',(0.,1.,0.));
#7349=DIRECTION('ref_axis',(-1.,0.,0.));
#7350=DIRECTION('center_axis',(0.,1.,0.));
#7351=DIRECTION('ref_axis',(0.499999999999999,0.,0.866025403784439));
#7352=DIRECTION('',(1.,0.,-3.11641550771974E-16));
#7353=DIRECTION('center_axis',(0.,1.,0.));
#7354=DIRECTION('ref_axis',(-0.5,0.,0.866025403784438));
#7355=DIRECTION('center_axis',(0.,1.,0.));
#7356=DIRECTION('ref_axis',(-1.,0.,0.));
#7357=DIRECTION('center_axis',(0.,1.,0.));
#7358=DIRECTION('ref_axis',(-1.,0.,0.));
#7359=DIRECTION('center_axis',(0.,1.,0.));
#7360=DIRECTION('ref_axis',(0.866025403784438,0.,-0.5));
#7361=DIRECTION('',(-2.16628882853689E-16,0.,-1.));
#7362=DIRECTION('center_axis',(0.,1.,0.));
#7363=DIRECTION('ref_axis',(0.866025403784439,0.,0.499999999999999));
#7364=DIRECTION('center_axis',(0.,1.,0.));
#7365=DIRECTION('ref_axis',(-1.,0.,0.));
#7366=DIRECTION('center_axis',(0.,1.,0.));
#7367=DIRECTION('ref_axis',(-1.,0.,0.));
#7368=DIRECTION('center_axis',(0.,1.,0.));
#7369=DIRECTION('ref_axis',(-0.499999999999999,0.,-0.866025403784439));
#7370=DIRECTION('',(-1.,0.,3.11641550771974E-16));
#7371=DIRECTION('center_axis',(0.,1.,0.));
#7372=DIRECTION('ref_axis',(0.5,0.,-0.866025403784438));
#7373=DIRECTION('',(2.35799580451361E-16,0.,1.));
#7374=DIRECTION('',(-1.,0.,0.));
#7375=DIRECTION('',(-2.25808072805116E-16,0.,-1.));
#7376=DIRECTION('',(1.,0.,0.));
#7377=DIRECTION('',(2.35799580451361E-16,0.,1.));
#7378=DIRECTION('',(-1.,0.,8.5401771125012E-17));
#7379=DIRECTION('',(-2.35799580451361E-16,0.,-1.));
#7380=DIRECTION('',(1.,0.,0.));
#7381=DIRECTION('',(2.25808072805117E-16,0.,1.));
#7382=DIRECTION('',(-1.,0.,8.88178419700125E-16));
#7383=DIRECTION('',(-2.35799580451361E-16,0.,-1.));
#7384=DIRECTION('',(1.,0.,-4.2700885562506E-16));
#7385=DIRECTION('center_axis',(0.,-1.,0.));
#7386=DIRECTION('ref_axis',(1.,0.,0.));
#7387=DIRECTION('',(0.,-1.,0.));
#7388=DIRECTION('center_axis',(0.,-1.,0.));
#7389=DIRECTION('ref_axis',(1.,0.,0.));
#7390=DIRECTION('center_axis',(0.,1.,0.));
#7391=DIRECTION('ref_axis',(-1.,0.,0.));
#7392=DIRECTION('',(-0.707106781186546,-0.707106781186549,8.65956056235491E-17));
#7393=DIRECTION('center_axis',(0.,-1.,0.));
#7394=DIRECTION('ref_axis',(-1.,0.,0.));
#7395=DIRECTION('center_axis',(0.,-1.,0.));
#7396=DIRECTION('ref_axis',(-1.,0.,0.));
#7397=DIRECTION('center_axis',(0.,-1.,0.));
#7398=DIRECTION('ref_axis',(-0.707106781186549,0.,0.707106781186546));
#7399=DIRECTION('center_axis',(0.,-1.,0.));
#7400=DIRECTION('ref_axis',(1.,0.,0.));
#7401=DIRECTION('',(0.,-1.,0.));
#7402=DIRECTION('center_axis',(0.,-1.,0.));
#7403=DIRECTION('ref_axis',(1.,0.,0.));
#7404=DIRECTION('center_axis',(0.,1.,0.));
#7405=DIRECTION('ref_axis',(-1.,0.,0.));
#7406=DIRECTION('',(-0.707106781186546,-0.707106781186549,8.65956056235491E-17));
#7407=DIRECTION('center_axis',(0.,-1.,0.));
#7408=DIRECTION('ref_axis',(-1.,0.,0.));
#7409=DIRECTION('center_axis',(0.,-1.,0.));
#7410=DIRECTION('ref_axis',(-1.,0.,0.));
#7411=DIRECTION('center_axis',(0.,-1.,0.));
#7412=DIRECTION('ref_axis',(-0.707106781186549,0.,-0.707106781186546));
#7413=DIRECTION('center_axis',(0.,-1.,0.));
#7414=DIRECTION('ref_axis',(1.,0.,0.));
#7415=DIRECTION('',(0.,-1.,0.));
#7416=DIRECTION('center_axis',(0.,-1.,0.));
#7417=DIRECTION('ref_axis',(1.,0.,0.));
#7418=DIRECTION('center_axis',(0.,1.,0.));
#7419=DIRECTION('ref_axis',(-1.,0.,0.));
#7420=DIRECTION('center_axis',(0.,-1.,0.));
#7421=DIRECTION('ref_axis',(0.707106781186549,0.,-0.707106781186546));
#7422=DIRECTION('center_axis',(0.,-1.,0.));
#7423=DIRECTION('ref_axis',(0.707106781186549,0.,-0.707106781186546));
#7424=DIRECTION('',(-0.707106781186546,-0.707106781186549,8.65956056235491E-17));
#7425=DIRECTION('center_axis',(0.,-1.,0.));
#7426=DIRECTION('ref_axis',(-1.,0.,0.));
#7427=DIRECTION('center_axis',(0.,-1.,0.));
#7428=DIRECTION('ref_axis',(-1.,0.,0.));
#7429=DIRECTION('center_axis',(0.,-1.,0.));
#7430=DIRECTION('ref_axis',(1.,0.,0.));
#7431=DIRECTION('',(0.,-1.,0.));
#7432=DIRECTION('center_axis',(0.,-1.,0.));
#7433=DIRECTION('ref_axis',(1.,0.,0.));
#7434=DIRECTION('center_axis',(2.35799580451361E-16,0.,1.));
#7435=DIRECTION('ref_axis',(-0.707106781186554,0.707106781186541,0.));
#7436=DIRECTION('center_axis',(8.88178419700125E-16,0.,1.));
#7437=DIRECTION('ref_axis',(-0.707106781186554,0.707106781186541,0.));
#7438=DIRECTION('',(2.35799580451361E-16,0.,1.));
#7439=DIRECTION('center_axis',(0.707106781186548,1.25607396694702E-14,-0.707106781186548));
#7440=DIRECTION('ref_axis',(-0.707106781186548,-1.25607396694702E-14,-0.707106781186548));
#7441=DIRECTION('center_axis',(-1.,0.,4.2700885562506E-16));
#7442=DIRECTION('ref_axis',(0.,0.707106781186554,-0.707106781186541));
#7443=DIRECTION('',(-1.,0.,4.2700885562506E-16));
#7444=DIRECTION('center_axis',(0.707106781186548,0.,0.707106781186548));
#7445=DIRECTION('ref_axis',(0.707106781186547,0.,-0.707106781186547));
#7446=DIRECTION('center_axis',(-2.35799580451361E-16,0.,-1.));
#7447=DIRECTION('ref_axis',(0.707106781186554,0.707106781186541,0.));
#7448=DIRECTION('',(-2.35799580451361E-16,0.,-1.));
#7449=DIRECTION('center_axis',(0.,0.,1.));
#7450=DIRECTION('ref_axis',(0.707106781186554,0.707106781186541,0.));
#7451=DIRECTION('center_axis',(-4.2700885562506E-16,0.,-1.));
#7452=DIRECTION('ref_axis',(1.,0.,-4.2700885562506E-16));
#7453=DIRECTION('',(0.,-1.,0.));
#7454=DIRECTION('',(1.,0.,-4.2700885562506E-16));
#7455=DIRECTION('',(0.,-1.,0.));
#7456=DIRECTION('center_axis',(-1.,0.,2.35799580451361E-16));
#7457=DIRECTION('ref_axis',(-2.35799580451361E-16,0.,-1.));
#7458=DIRECTION('',(0.,-1.,0.));
#7459=DIRECTION('',(-2.35799580451361E-16,0.,-1.));
#7460=DIRECTION('center_axis',(8.88178419700125E-16,0.,1.));
#7461=DIRECTION('ref_axis',(-1.,0.,8.88178419700125E-16));
#7462=DIRECTION('',(0.,-1.,0.));
#7463=DIRECTION('',(0.707106781186548,-0.707106781186548,-6.2803698347351E-16));
#7464=DIRECTION('center_axis',(-2.35799580451361E-16,0.,-1.));
#7465=DIRECTION('ref_axis',(0.707106781186554,0.707106781186541,0.));
#7466=DIRECTION('center_axis',(0.,0.,-1.));
#7467=DIRECTION('ref_axis',(0.707106781186554,0.707106781186541,0.));
#7468=DIRECTION('',(-2.35799580451361E-16,0.,-1.));
#7469=DIRECTION('center_axis',(-0.707106781186541,0.,0.707106781186554));
#7470=DIRECTION('ref_axis',(0.707106781186554,0.,0.707106781186541));
#7471=DIRECTION('center_axis',(1.,0.,-8.5401771125012E-17));
#7472=DIRECTION('ref_axis',(0.,0.707106781186541,0.707106781186554));
#7473=DIRECTION('',(1.,0.,-8.5401771125012E-17));
#7474=DIRECTION('center_axis',(-0.707106781186548,0.,-0.707106781186548));
#7475=DIRECTION('ref_axis',(-0.707106781186548,0.,0.707106781186548));
#7476=DIRECTION('center_axis',(2.35799580451361E-16,0.,1.));
#7477=DIRECTION('ref_axis',(-0.707106781186554,0.707106781186541,0.));
#7478=DIRECTION('',(2.35799580451361E-16,0.,1.));
#7479=DIRECTION('center_axis',(0.,0.,-1.));
#7480=DIRECTION('ref_axis',(-0.707106781186554,0.707106781186541,0.));
#7481=DIRECTION('center_axis',(8.5401771125012E-17,0.,1.));
#7482=DIRECTION('ref_axis',(-1.,0.,8.5401771125012E-17));
#7483=DIRECTION('',(0.,-1.,0.));
#7484=DIRECTION('',(-1.,0.,8.5401771125012E-17));
#7485=DIRECTION('',(0.,-1.,0.));
#7486=DIRECTION('center_axis',(1.,0.,-2.35799580451361E-16));
#7487=DIRECTION('ref_axis',(2.35799580451361E-16,0.,1.));
#7488=DIRECTION('',(0.,-1.,0.));
#7489=DIRECTION('',(2.35799580451361E-16,0.,1.));
#7490=DIRECTION('center_axis',(0.,0.,1.));
#7491=DIRECTION('ref_axis',(-1.,0.,0.));
#7492=DIRECTION('',(0.,1.,0.));
#7493=DIRECTION('',(-0.707106781186549,-0.707106781186546,0.));
#7494=DIRECTION('center_axis',(0.,1.,0.));
#7495=DIRECTION('ref_axis',(0.,0.,1.));
#7496=DIRECTION('center_axis',(-0.499999999999997,0.,-0.86602540378444));
#7497=DIRECTION('ref_axis',(-0.86602540378444,0.,0.499999999999997));
#7498=DIRECTION('center_axis',(1.,0.,0.));
#7499=DIRECTION('ref_axis',(0.,1.,0.));
#7500=DIRECTION('center_axis',(0.,-1.,0.));
#7501=DIRECTION('ref_axis',(0.5,0.,-0.866025403784438));
#7502=DIRECTION('center_axis',(1.,0.,-3.11641550771974E-16));
#7503=DIRECTION('ref_axis',(0.,0.707106781186551,0.707106781186544));
#7504=DIRECTION('center_axis',(1.,0.,0.));
#7505=DIRECTION('ref_axis',(0.,1.,0.));
#7506=DIRECTION('',(1.,0.,-3.11641550771974E-16));
#7507=DIRECTION('center_axis',(0.,1.,0.));
#7508=DIRECTION('ref_axis',(0.,0.,1.));
#7509=DIRECTION('center_axis',(0.499999999999997,0.,-0.86602540378444));
#7510=DIRECTION('ref_axis',(0.,1.,0.));
#7511=DIRECTION('center_axis',(0.,-1.,0.));
#7512=DIRECTION('ref_axis',(-0.499999999999999,0.,-0.866025403784439));
#7513=DIRECTION('center_axis',(0.,1.,0.));
#7514=DIRECTION('ref_axis',(0.,0.,1.));
#7515=DIRECTION('center_axis',(-0.866025403784437,0.,0.500000000000004));
#7516=DIRECTION('ref_axis',(0.,1.,0.));
#7517=DIRECTION('center_axis',(0.,1.,0.));
#7518=DIRECTION('ref_axis',(-0.707106781186549,0.,0.707106781186546));
#7519=DIRECTION('center_axis',(0.,1.,0.));
#7520=DIRECTION('ref_axis',(0.,0.,1.));
#7521=DIRECTION('center_axis',(0.,0.,1.));
#7522=DIRECTION('ref_axis',(0.,1.,0.));
#7523=DIRECTION('center_axis',(0.,-1.,0.));
#7524=DIRECTION('ref_axis',(0.866025403784439,0.,0.499999999999999));
#7525=DIRECTION('center_axis',(2.16628882853689E-16,0.,1.));
#7526=DIRECTION('ref_axis',(-0.707106781186551,0.707106781186544,0.));
#7527=DIRECTION('center_axis',(0.,0.,1.));
#7528=DIRECTION('ref_axis',(0.,1.,0.));
#7529=DIRECTION('',(2.16628882853689E-16,0.,1.));
#7530=DIRECTION('center_axis',(0.,1.,0.));
#7531=DIRECTION('ref_axis',(0.,0.,1.));
#7532=DIRECTION('center_axis',(0.86602540378444,0.,0.499999999999997));
#7533=DIRECTION('ref_axis',(0.,1.,0.));
#7534=DIRECTION('center_axis',(0.,-1.,0.));
#7535=DIRECTION('ref_axis',(0.866025403784438,0.,-0.5));
#7536=DIRECTION('center_axis',(0.,1.,0.));
#7537=DIRECTION('ref_axis',(-0.707106781186547,0.,-0.707106781186548));
#7538=DIRECTION('center_axis',(-0.499999999999997,0.,-0.86602540378444));
#7539=DIRECTION('ref_axis',(0.,1.,0.));
#7540=DIRECTION('center_axis',(0.,1.,0.));
#7541=DIRECTION('ref_axis',(-0.707106781186549,0.,-0.707106781186546));
#7542=DIRECTION('center_axis',(0.,1.,0.));
#7543=DIRECTION('ref_axis',(0.,0.,1.));
#7544=DIRECTION('center_axis',(-1.,0.,0.));
#7545=DIRECTION('ref_axis',(0.,1.,0.));
#7546=DIRECTION('center_axis',(0.,-1.,0.));
#7547=DIRECTION('ref_axis',(-0.5,0.,0.866025403784438));
#7548=DIRECTION('center_axis',(-1.,0.,3.11641550771974E-16));
#7549=DIRECTION('ref_axis',(0.,0.707106781186551,-0.707106781186544));
#7550=DIRECTION('center_axis',(-1.,0.,0.));
#7551=DIRECTION('ref_axis',(0.,1.,0.));
#7552=DIRECTION('',(-1.,0.,3.11641550771974E-16));
#7553=DIRECTION('center_axis',(0.,1.,0.));
#7554=DIRECTION('ref_axis',(0.,0.,1.));
#7555=DIRECTION('center_axis',(-0.499999999999997,0.,0.86602540378444));
#7556=DIRECTION('ref_axis',(0.,1.,0.));
#7557=DIRECTION('center_axis',(0.,-1.,0.));
#7558=DIRECTION('ref_axis',(0.499999999999999,0.,0.866025403784439));
#7559=DIRECTION('center_axis',(0.,1.,0.));
#7560=DIRECTION('ref_axis',(0.707106781186548,0.,-0.707106781186548));
#7561=DIRECTION('center_axis',(0.866025403784437,0.,-0.500000000000004));
#7562=DIRECTION('ref_axis',(0.,1.,0.));
#7563=DIRECTION('center_axis',(0.,1.,0.));
#7564=DIRECTION('ref_axis',(0.707106781186549,0.,-0.707106781186546));
#7565=DIRECTION('center_axis',(0.,1.,0.));
#7566=DIRECTION('ref_axis',(0.,0.,1.));
#7567=DIRECTION('center_axis',(0.,0.,-1.));
#7568=DIRECTION('ref_axis',(0.,1.,0.));
#7569=DIRECTION('center_axis',(0.,-1.,0.));
#7570=DIRECTION('ref_axis',(-0.866025403784439,0.,-0.499999999999999));
#7571=DIRECTION('center_axis',(-2.16628882853689E-16,0.,-1.));
#7572=DIRECTION('ref_axis',(0.707106781186551,0.707106781186544,0.));
#7573=DIRECTION('center_axis',(0.,0.,-1.));
#7574=DIRECTION('ref_axis',(0.,1.,0.));
#7575=DIRECTION('',(-2.16628882853689E-16,0.,-1.));
#7576=DIRECTION('center_axis',(0.,1.,0.));
#7577=DIRECTION('ref_axis',(0.,0.,1.));
#7578=DIRECTION('center_axis',(-0.86602540378444,0.,-0.499999999999997));
#7579=DIRECTION('ref_axis',(0.,1.,0.));
#7580=DIRECTION('center_axis',(0.,-1.,0.));
#7581=DIRECTION('ref_axis',(-0.866025403784438,0.,0.5));
#7582=DIRECTION('center_axis',(0.,1.,0.));
#7583=DIRECTION('ref_axis',(0.,0.,1.));
#7584=DIRECTION('center_axis',(0.,1.,0.));
#7585=DIRECTION('ref_axis',(0.707106781186549,0.,0.707106781186546));
#7586=DIRECTION('center_axis',(-3.11641550771974E-16,0.,-1.));
#7587=DIRECTION('ref_axis',(1.,0.,-3.11641550771974E-16));
#7588=DIRECTION('',(0.,1.,0.));
#7589=DIRECTION('',(1.,0.,-3.11641550771974E-16));
#7590=DIRECTION('',(0.,-1.,0.));
#7591=DIRECTION('center_axis',(0.,1.,0.));
#7592=DIRECTION('ref_axis',(0.499999999999999,0.,0.866025403784439));
#7593=DIRECTION('',(0.,-1.,0.));
#7594=DIRECTION('center_axis',(0.,1.,0.));
#7595=DIRECTION('ref_axis',(0.499999999999999,0.,0.866025403784439));
#7596=DIRECTION('center_axis',(0.,-1.,0.));
#7597=DIRECTION('ref_axis',(0.707106781186547,0.,-0.707106781186548));
#7598=DIRECTION('',(0.,1.,0.));
#7599=DIRECTION('center_axis',(0.,-1.,0.));
#7600=DIRECTION('ref_axis',(0.707106781186549,0.,-0.707106781186546));
#7601=DIRECTION('center_axis',(0.,1.,0.));
#7602=DIRECTION('ref_axis',(-0.866025403784439,0.,-0.499999999999999));
#7603=DIRECTION('',(0.,-1.,0.));
#7604=DIRECTION('center_axis',(0.,1.,0.));
#7605=DIRECTION('ref_axis',(-0.866025403784439,0.,-0.499999999999999));
#7606=DIRECTION('center_axis',(1.,0.,-2.16628882853689E-16));
#7607=DIRECTION('ref_axis',(2.16628882853689E-16,0.,1.));
#7608=DIRECTION('',(0.,1.,0.));
#7609=DIRECTION('',(2.16628882853689E-16,0.,1.));
#7610=DIRECTION('center_axis',(0.,1.,0.));
#7611=DIRECTION('ref_axis',(-0.866025403784439,0.,0.5));
#7612=DIRECTION('',(0.,-1.,0.));
#7613=DIRECTION('center_axis',(0.,1.,0.));
#7614=DIRECTION('ref_axis',(-0.866025403784438,0.,0.5));
#7615=DIRECTION('center_axis',(0.,-1.,0.));
#7616=DIRECTION('ref_axis',(0.707106781186548,0.,0.707106781186547));
#7617=DIRECTION('',(0.,1.,0.));
#7618=DIRECTION('center_axis',(0.,-1.,0.));
#7619=DIRECTION('ref_axis',(0.707106781186549,0.,0.707106781186546));
#7620=DIRECTION('center_axis',(0.,1.,0.));
#7621=DIRECTION('ref_axis',(0.499999999999999,0.,-0.866025403784439));
#7622=DIRECTION('',(0.,-1.,0.));
#7623=DIRECTION('center_axis',(0.,1.,0.));
#7624=DIRECTION('ref_axis',(0.5,0.,-0.866025403784438));
#7625=DIRECTION('center_axis',(0.,-1.,0.));
#7626=DIRECTION('ref_axis',(0.,0.,-1.));
#7627=DIRECTION('center_axis',(0.866025403784437,0.,0.500000000000002));
#7628=DIRECTION('ref_axis',(-0.500000000000002,0.,0.866025403784437));
#7629=DIRECTION('center_axis',(0.,-1.,0.));
#7630=DIRECTION('ref_axis',(0.866025403784438,0.,-0.5));
#7631=DIRECTION('center_axis',(0.,0.,-1.));
#7632=DIRECTION('ref_axis',(0.,-1.,0.));
#7633=DIRECTION('center_axis',(0.,1.,0.));
#7634=DIRECTION('ref_axis',(0.866025403784438,0.,-0.5));
#7635=DIRECTION('center_axis',(-2.16628882853689E-16,0.,-1.));
#7636=DIRECTION('ref_axis',(-0.707106781186546,-0.707106781186549,0.));
#7637=DIRECTION('center_axis',(0.,0.,-1.));
#7638=DIRECTION('ref_axis',(0.,-1.,0.));
#7639=DIRECTION('',(-2.16628882853689E-16,0.,-1.));
#7640=DIRECTION('',(2.16628882853689E-16,0.,1.));
#7641=DIRECTION('center_axis',(0.,-1.,0.));
#7642=DIRECTION('ref_axis',(0.,0.,-1.));
#7643=DIRECTION('center_axis',(0.866025403784437,0.,-0.500000000000002));
#7644=DIRECTION('ref_axis',(0.,-1.,0.));
#7645=DIRECTION('center_axis',(0.,1.,0.));
#7646=DIRECTION('ref_axis',(0.866025403784439,0.,0.499999999999999));
#7647=DIRECTION('center_axis',(0.,-1.,0.));
#7648=DIRECTION('ref_axis',(0.866025403784439,0.,0.499999999999999));
#7649=DIRECTION('center_axis',(-0.499999999999999,0.,0.866025403784439));
#7650=DIRECTION('ref_axis',(0.,-1.,0.));
#7651=DIRECTION('center_axis',(0.,-1.,0.));
#7652=DIRECTION('ref_axis',(-0.707106781186549,0.,0.707106781186546));
#7653=DIRECTION('center_axis',(0.,1.,0.));
#7654=DIRECTION('ref_axis',(-0.707106781186549,0.,0.707106781186546));
#7655=DIRECTION('center_axis',(0.,-1.,0.));
#7656=DIRECTION('ref_axis',(0.,0.,-1.));
#7657=DIRECTION('center_axis',(-1.,0.,0.));
#7658=DIRECTION('ref_axis',(0.,-1.,0.));
#7659=DIRECTION('center_axis',(0.,1.,0.));
#7660=DIRECTION('ref_axis',(-0.499999999999999,0.,-0.866025403784439));
#7661=DIRECTION('center_axis',(0.,-1.,0.));
#7662=DIRECTION('ref_axis',(-0.499999999999999,0.,-0.866025403784439));
#7663=DIRECTION('center_axis',(-1.,0.,3.11641550771974E-16));
#7664=DIRECTION('ref_axis',(0.,-0.707106781186549,0.707106781186546));
#7665=DIRECTION('center_axis',(-1.,0.,0.));
#7666=DIRECTION('ref_axis',(0.,-1.,0.));
#7667=DIRECTION('',(-1.,0.,3.11641550771974E-16));
#7668=DIRECTION('',(1.,0.,-3.11641550771974E-16));
#7669=DIRECTION('center_axis',(0.,-1.,0.));
#7670=DIRECTION('ref_axis',(0.,0.,-1.));
#7671=DIRECTION('center_axis',(-0.500000000000002,0.,-0.866025403784437));
#7672=DIRECTION('ref_axis',(0.,-1.,0.));
#7673=DIRECTION('center_axis',(0.,-1.,0.));
#7674=DIRECTION('ref_axis',(0.5,0.,-0.866025403784438));
#7675=DIRECTION('center_axis',(0.866025403784439,0.,0.499999999999999));
#7676=DIRECTION('ref_axis',(0.,-1.,0.));
#7677=DIRECTION('center_axis',(0.,1.,0.));
#7678=DIRECTION('ref_axis',(0.707106781186549,0.,0.707106781186546));
#7679=DIRECTION('center_axis',(0.,-1.,0.));
#7680=DIRECTION('ref_axis',(0.,0.,-1.));
#7681=DIRECTION('center_axis',(0.,0.,1.));
#7682=DIRECTION('ref_axis',(0.,-1.,0.));
#7683=DIRECTION('center_axis',(0.,-1.,0.));
#7684=DIRECTION('ref_axis',(-0.866025403784438,0.,0.5));
#7685=DIRECTION('center_axis',(2.16628882853689E-16,0.,1.));
#7686=DIRECTION('ref_axis',(0.707106781186546,-0.707106781186549,0.));
#7687=DIRECTION('center_axis',(0.,0.,1.));
#7688=DIRECTION('ref_axis',(0.,-1.,0.));
#7689=DIRECTION('',(-2.16628882853689E-16,0.,-1.));
#7690=DIRECTION('center_axis',(0.,-1.,0.));
#7691=DIRECTION('ref_axis',(0.,0.,-1.));
#7692=DIRECTION('center_axis',(-0.866025403784437,0.,0.500000000000002));
#7693=DIRECTION('ref_axis',(0.,-1.,0.));
#7694=DIRECTION('center_axis',(0.,-1.,0.));
#7695=DIRECTION('ref_axis',(-0.866025403784439,0.,-0.499999999999999));
#7696=DIRECTION('center_axis',(0.499999999999999,0.,-0.866025403784439));
#7697=DIRECTION('ref_axis',(0.,-1.,0.));
#7698=DIRECTION('center_axis',(0.,1.,0.));
#7699=DIRECTION('ref_axis',(0.707106781186549,0.,-0.707106781186546));
#7700=DIRECTION('center_axis',(0.,-1.,0.));
#7701=DIRECTION('ref_axis',(0.,0.,-1.));
#7702=DIRECTION('center_axis',(1.,0.,0.));
#7703=DIRECTION('ref_axis',(0.,-1.,0.));
#7704=DIRECTION('center_axis',(0.,-1.,0.));
#7705=DIRECTION('ref_axis',(0.499999999999999,0.,0.866025403784439));
#7706=DIRECTION('center_axis',(1.,0.,-3.11641550771974E-16));
#7707=DIRECTION('ref_axis',(0.,-0.707106781186549,-0.707106781186546));
#7708=DIRECTION('center_axis',(1.,0.,0.));
#7709=DIRECTION('ref_axis',(0.,-1.,0.));
#7710=DIRECTION('',(-1.,0.,3.11641550771974E-16));
#7711=DIRECTION('center_axis',(0.,-1.,0.));
#7712=DIRECTION('ref_axis',(0.,0.,-1.));
#7713=DIRECTION('center_axis',(0.500000000000002,0.,0.866025403784437));
#7714=DIRECTION('ref_axis',(0.,-1.,0.));
#7715=DIRECTION('center_axis',(0.,1.,0.));
#7716=DIRECTION('ref_axis',(-0.5,0.,0.866025403784438));
#7717=DIRECTION('center_axis',(0.,-1.,0.));
#7718=DIRECTION('ref_axis',(-0.5,0.,0.866025403784438));
#7719=DIRECTION('center_axis',(0.,1.,0.));
#7720=DIRECTION('ref_axis',(-0.707106781186549,0.,-0.707106781186546));
#7721=DIRECTION('center_axis',(0.,-1.,0.));
#7722=DIRECTION('ref_axis',(-0.707106781186549,0.,-0.707106781186546));
#7723=DIRECTION('center_axis',(0.,1.,0.));
#7724=DIRECTION('ref_axis',(-0.499999999999999,0.,0.866025403784439));
#7725=DIRECTION('',(0.,1.,0.));
#7726=DIRECTION('center_axis',(0.,-1.,0.));
#7727=DIRECTION('ref_axis',(-0.707106781186548,0.,-0.707106781186547));
#7728=DIRECTION('',(0.,-1.,0.));
#7729=DIRECTION('center_axis',(0.,1.,0.));
#7730=DIRECTION('ref_axis',(0.866025403784439,0.,-0.5));
#7731=DIRECTION('',(0.,1.,0.));
#7732=DIRECTION('center_axis',(0.,1.,0.));
#7733=DIRECTION('ref_axis',(0.,0.,1.));
#7734=DIRECTION('',(-0.707106781186552,0.,-0.707106781186543));
#7735=DIRECTION('',(-1.,0.,0.));
#7736=DIRECTION('',(-0.707106781186548,0.,0.707106781186548));
#7737=DIRECTION('',(-1.,0.,-2.3515668166347E-12));
#7738=DIRECTION('',(3.62336951716946E-15,0.,1.));
#7739=DIRECTION('',(0.707106781186536,0.,0.707106781186559));
#7740=DIRECTION('',(-0.707106781186552,0.,-0.707106781186543));
#7741=DIRECTION('',(0.,0.,-1.));
#7742=DIRECTION('',(0.707106781186548,0.,-0.707106781186548));
#7743=DIRECTION('',(1.,0.,0.));
#7744=DIRECTION('',(0.705875962776284,0.,0.708335460904404));
#7745=DIRECTION('',(-0.589941883715521,0.,0.807445709529862));
#7746=DIRECTION('',(-0.576090954793826,0.,-0.817385595545173));
#7747=DIRECTION('',(-1.,0.,-3.61050060598871E-14));
#7748=DIRECTION('',(0.593455255298289,0.,0.804866982773454));
#7749=DIRECTION('',(-0.586851902116444,0.,0.809694291064419));
#7750=DIRECTION('',(1.,0.,1.74439916918558E-14));
#7751=DIRECTION('',(0.57979052316797,0.,-0.814765579319973));
#7752=DIRECTION('',(0.579790523167962,0.,0.814765579319979));
#7753=DIRECTION('',(1.,0.,5.36892885501502E-14));
#7754=DIRECTION('',(-0.595805045174525,0.,-0.803129098056211));
#7755=DIRECTION('',(0.597789185193249,0.,-0.801653347816868));
#7756=DIRECTION('',(-1.,0.,-1.73951289700298E-14));
#7757=DIRECTION('',(-5.75005652064924E-14,0.,-1.));
#7758=DIRECTION('',(-1.,0.,-6.25173930433E-14));
#7759=DIRECTION('',(6.00199198675974E-15,0.,1.));
#7760=DIRECTION('',(1.,0.,0.));
#7761=DIRECTION('',(-1.43751413016227E-14,0.,-1.));
#7762=DIRECTION('center_axis',(0.,1.,0.));
#7763=DIRECTION('ref_axis',(-0.689646995297852,0.,-0.724145718675906));
#7764=DIRECTION('',(-1.,0.,3.36249897958063E-15));
#7765=DIRECTION('',(-1.47017291151005E-14,0.,1.));
#7766=DIRECTION('',(1.,0.,-1.3670612367209E-14));
#7767=DIRECTION('',(3.53978363579751E-15,0.,1.));
#7768=DIRECTION('',(1.,0.,-1.2828897380693E-14));
#7769=DIRECTION('',(0.,0.,-1.));
#7770=DIRECTION('',(1.,0.,9.1137415781393E-15));
#7771=DIRECTION('',(-1.47017291151004E-14,0.,-1.));
#7772=DIRECTION('',(0.306096477146622,0.,0.952000497204927));
#7773=DIRECTION('',(1.,0.,8.18754832832824E-15));
#7774=DIRECTION('',(0.287509703778575,0.,-0.957777724857472));
#7775=DIRECTION('',(0.287509703778575,0.,0.957777724857472));
#7776=DIRECTION('',(1.,0.,0.));
#7777=DIRECTION('',(0.306096477146626,0.,-0.952000497204925));
#7778=DIRECTION('',(-1.,0.,0.));
#7779=DIRECTION('',(-0.292352763781033,0.,0.956310546584942));
#7780=DIRECTION('',(-0.285890415362422,0.,-0.95826231815923));
#7781=DIRECTION('',(-1.,0.,8.18754832832862E-15));
#7782=DIRECTION('',(-0.285890415362423,0.,0.95826231815923));
#7783=DIRECTION('',(-0.2907408867556,0.,-0.956801827322966));
#7784=DIRECTION('',(-1.,0.,-6.49721577022195E-15));
#7785=DIRECTION('',(1.42644255578526E-15,0.,-1.));
#7786=DIRECTION('',(-1.,0.,-1.28288973806927E-14));
#7787=DIRECTION('',(1.09862012114661E-14,0.,1.));
#7788=DIRECTION('',(-1.,0.,1.07900190469756E-14));
#7789=DIRECTION('',(0.,0.,-1.));
#7790=DIRECTION('',(-1.,0.,-6.37385091382534E-15));
#7791=DIRECTION('',(-1.42644255578526E-15,0.,1.));
#7792=DIRECTION('',(1.,0.,6.3738509138253E-15));
#7793=DIRECTION('',(0.,0.,-1.));
#7794=DIRECTION('',(1.,0.,3.59667301565856E-15));
#7795=DIRECTION('',(3.41379133689625E-15,0.,1.));
#7796=DIRECTION('',(1.,0.,-1.2828897380693E-14));
#7797=DIRECTION('',(-4.27932766735578E-15,0.,-1.));
#7798=DIRECTION('',(-1.,0.,-1.5985213402927E-14));
#7799=DIRECTION('',(1.,0.,0.));
#7800=DIRECTION('',(-0.707106781186544,0.,0.707106781186551));
#7801=DIRECTION('',(0.703747660711165,0.,0.710450019384589));
#7802=DIRECTION('',(0.71058144419739,0.,0.703614959450374));
#7803=DIRECTION('',(-0.710581444197394,0.,-0.70361495945037));
#7804=DIRECTION('',(-1.,0.,-6.72499795916125E-15));
#7805=DIRECTION('',(-1.47017291151004E-14,0.,1.));
#7806=DIRECTION('',(1.,0.,0.));
#7807=DIRECTION('',(0.,0.,1.));
#7808=DIRECTION('',(1.,0.,0.));
#7809=DIRECTION('',(3.53978363579753E-15,0.,-1.));
#7810=DIRECTION('',(1.,0.,-4.55687078906967E-15));
#7811=DIRECTION('',(-7.35086455755041E-15,0.,-1.));
#7812=DIRECTION('',(-1.,0.,0.));
#7813=DIRECTION('',(0.593455255298283,0.,0.804866982773458));
#7814=DIRECTION('',(-0.586851902116439,0.,0.809694291064422));
#7815=DIRECTION('',(1.,0.,-1.74439916918557E-14));
#7816=DIRECTION('',(0.579790523167949,0.,-0.814765579319988));
#7817=DIRECTION('',(0.579790523167978,0.,0.814765579319968));
#7818=DIRECTION('',(1.,0.,-3.57928590334341E-14));
#7819=DIRECTION('',(-0.596453623692126,0.,-0.802647540820086));
#7820=DIRECTION('',(0.597789185193243,0.,-0.801653347816872));
#7821=DIRECTION('',(-1.,0.,0.));
#7822=DIRECTION('',(-0.589941883715542,0.,0.807445709529847));
#7823=DIRECTION('',(-0.57709722737621,0.,-0.816675449707343));
#7824=DIRECTION('',(-1.,0.,6.29602896022215E-15));
#7825=DIRECTION('',(-0.707106781186545,0.,0.70710678118655));
#7826=DIRECTION('',(-9.52051342770459E-15,0.,1.));
#7827=DIRECTION('',(1.1443147526243E-14,0.,-1.));
#7828=DIRECTION('',(0.707106781186543,0.,-0.707106781186552));
#7829=DIRECTION('',(1.,0.,9.4440434403332E-15));
#7830=DIRECTION('',(0.707106781186544,0.,-0.707106781186551));
#7831=DIRECTION('',(-4.7220217201666E-15,0.,-1.));
#7832=DIRECTION('',(0.,0.,1.));
#7833=DIRECTION('',(-0.707106781186557,0.,0.707106781186538));
#7834=DIRECTION('',(1.,0.,4.72202172016662E-15));
#7835=DIRECTION('',(0.708270740597608,0.,0.70594090263514));
#7836=DIRECTION('',(0.,0.,1.));
#7837=DIRECTION('',(-1.95150773165395E-14,0.,-1.));
#7838=DIRECTION('',(-0.707106781186549,0.,-0.707106781186546));
#7839=DIRECTION('',(-1.,0.,0.));
#7840=DIRECTION('',(-2.35156681664576E-12,0.,1.));
#7841=DIRECTION('',(-0.701546564655639,0.,0.712623615676516));
#7842=DIRECTION('center_axis',(0.,1.,0.));
#7843=DIRECTION('ref_axis',(-0.671867734916435,0.,-0.740671146176398));
#7844=DIRECTION('',(1.,0.,5.11537153402042E-15));
#7845=DIRECTION('center_axis',(0.,-1.,0.));
#7846=DIRECTION('ref_axis',(-0.545041646077592,0.,0.838408971827609));
#7847=DIRECTION('',(0.,0.,-1.));
#7848=DIRECTION('',(-1.,0.,0.));
#7849=DIRECTION('',(1.,0.,1.67844740730731E-14));
#7850=DIRECTION('',(-1.,0.,-6.41444869034646E-15));
#7851=DIRECTION('',(0.,0.,1.));
#7852=DIRECTION('',(1.,0.,0.));
#7853=DIRECTION('',(-1.42644255578526E-15,0.,-1.));
#7854=DIRECTION('',(-1.42644255578526E-15,0.,-1.));
#7855=DIRECTION('',(-1.,0.,0.));
#7856=DIRECTION('',(-3.54601564924082E-15,0.,1.));
#7857=DIRECTION('',(-1.,0.,0.));
#7858=DIRECTION('',(-7.29759742307532E-15,0.,1.));
#7859=DIRECTION('',(1.,0.,-8.32287970565604E-15));
#7860=DIRECTION('',(-3.07501815079202E-14,0.,1.));
#7861=DIRECTION('',(1.,0.,3.19704268058536E-15));
#7862=DIRECTION('',(1.26675276023196E-14,0.,1.));
#7863=DIRECTION('',(-1.,0.,2.87733841252683E-15));
#7864=DIRECTION('',(0.,0.,1.));
#7865=DIRECTION('',(1.,0.,0.));
#7866=DIRECTION('',(0.,0.,-1.));
#7867=DIRECTION('',(-1.,0.,0.));
#7868=DIRECTION('',(0.,0.,1.));
#7869=DIRECTION('',(1.,0.,-5.83807793846025E-15));
#7870=DIRECTION('',(0.,0.,1.));
#7871=DIRECTION('',(-1.,0.,-3.19704268058538E-15));
#7872=DIRECTION('',(-1.,0.,3.36249897958062E-15));
#7873=DIRECTION('',(-1.47017291151008E-14,0.,1.));
#7874=DIRECTION('',(1.,0.,4.55687078906959E-15));
#7875=DIRECTION('',(-3.53978363579751E-15,0.,1.));
#7876=DIRECTION('',(1.,0.,-6.41444869034658E-15));
#7877=DIRECTION('',(3.53978363579752E-15,0.,-1.));
#7878=DIRECTION('',(1.,0.,-9.11374157813926E-15));
#7879=DIRECTION('',(0.,0.,-1.));
#7880=DIRECTION('',(1.,0.,-1.28288973806928E-14));
#7881=DIRECTION('',(-7.13221277892631E-15,0.,-1.));
#7882=DIRECTION('',(-1.,0.,-1.83103353524438E-14));
#7883=DIRECTION('',(-0.615270855402982,0.,0.788315783485072));
#7884=DIRECTION('',(0.,0.,-1.));
#7885=DIRECTION('',(-1.,0.,0.));
#7886=DIRECTION('',(2.85288511157053E-15,0.,1.));
#7887=DIRECTION('',(1.,0.,8.75711690769035E-15));
#7888=DIRECTION('',(0.615270855402981,0.,-0.788315783485073));
#7889=DIRECTION('',(7.14549672290473E-15,0.,1.));
#7890=DIRECTION('',(-1.,0.,-1.27477018276505E-14));
#7891=DIRECTION('',(0.,0.,1.));
#7892=DIRECTION('',(-2.35296365510373E-15,0.,-1.));
#7893=DIRECTION('',(-1.,0.,-1.91215527414759E-14));
#7894=DIRECTION('',(-2.30450444939221E-15,0.,1.));
#7895=DIRECTION('',(0.,0.,-1.));
#7896=DIRECTION('',(-3.11125302720483E-15,0.,1.));
#7897=DIRECTION('',(1.,0.,8.33565240577273E-14));
#7898=DIRECTION('',(-3.30674176906321E-15,0.,-1.));
#7899=DIRECTION('',(-9.88863223296296E-15,0.,1.));
#7900=DIRECTION('',(1.,0.,-2.1122656606465E-14));
#7901=DIRECTION('',(6.6134835381266E-15,0.,-1.));
#7902=DIRECTION('center_axis',(0.,-1.,0.));
#7903=DIRECTION('ref_axis',(0.797529999769654,0.,-0.603279288114067));
#7904=DIRECTION('',(-3.29621074432096E-15,0.,1.));
#7905=DIRECTION('',(1.,0.,-2.11226566064647E-14));
#7906=DIRECTION('',(0.,0.,-1.));
#7907=DIRECTION('',(-1.,0.,-2.1122656606465E-14));
#7908=DIRECTION('',(0.,0.,1.));
#7909=DIRECTION('',(0.,0.,1.));
#7910=DIRECTION('',(-1.,0.,0.));
#7911=DIRECTION('',(-0.707106781186547,0.,0.707106781186547));
#7912=DIRECTION('',(-0.707106781186551,0.,-0.707106781186544));
#7913=DIRECTION('',(1.02688507276986E-14,0.,-1.));
#7914=DIRECTION('',(8.69340782492785E-15,0.,1.));
#7915=DIRECTION('',(0.707106781186555,0.,0.70710678118654));
#7916=DIRECTION('',(0.707106781186548,0.,-0.707106781186548));
#7917=DIRECTION('',(1.,0.,0.));
#7918=DIRECTION('center_axis',(0.,1.,0.));
#7919=DIRECTION('ref_axis',(-0.499999999999999,0.,-0.866025403784439));
#7920=DIRECTION('',(0.,-1.,0.));
#7921=DIRECTION('',(0.,1.,0.));
#7922=DIRECTION('center_axis',(3.11641550771974E-16,0.,1.));
#7923=DIRECTION('ref_axis',(-1.,0.,3.11641550771974E-16));
#7924=DIRECTION('center_axis',(-0.408248290463863,0.408248290463862,-0.816496580927727));
#7925=DIRECTION('ref_axis',(0.577350269189627,-0.577350269189626,-0.577350269189624));
#7926=DIRECTION('center_axis',(-1.,0.,0.));
#7927=DIRECTION('ref_axis',(0.,-1.,0.));
#7928=DIRECTION('center_axis',(0.,2.22044604925031E-15,1.));
#7929=DIRECTION('ref_axis',(1.,0.,0.));
#7930=DIRECTION('center_axis',(0.,1.,0.));
#7931=DIRECTION('ref_axis',(0.,0.,-1.));
#7932=DIRECTION('center_axis',(-0.408248290463861,-0.816496580927727,-0.408248290463863));
#7933=DIRECTION('ref_axis',(0.577350269189626,-0.577350269189625,0.577350269189626));
#7934=DIRECTION('center_axis',(0.,1.,0.));
#7935=DIRECTION('ref_axis',(1.,0.,0.));
#7936=DIRECTION('center_axis',(0.,0.,-1.));
#7937=DIRECTION('ref_axis',(0.,-1.,0.));
#7938=DIRECTION('center_axis',(-1.,0.,0.));
#7939=DIRECTION('ref_axis',(0.,0.,1.));
#7940=DIRECTION('center_axis',(-2.25808072805117E-16,0.,-1.));
#7941=DIRECTION('ref_axis',(0.707106781186548,-0.707106781186547,0.));
#7942=DIRECTION('',(2.25808072805117E-16,0.,1.));
#7943=DIRECTION('',(-2.25808072805117E-16,0.,-1.));
#7944=DIRECTION('center_axis',(0.408248290463863,0.408248290463861,-0.816496580927727));
#7945=DIRECTION('ref_axis',(-0.577350269189627,-0.577350269189625,-0.577350269189626));
#7946=DIRECTION('center_axis',(0.,0.,1.));
#7947=DIRECTION('ref_axis',(0.,-1.,0.));
#7948=DIRECTION('center_axis',(1.,-2.22044604925031E-15,0.));
#7949=DIRECTION('ref_axis',(0.,0.,-1.));
#7950=DIRECTION('center_axis',(0.,1.,0.));
#7951=DIRECTION('ref_axis',(-1.,0.,0.));
#7952=DIRECTION('center_axis',(-1.,0.,1.6296851737617E-16));
#7953=DIRECTION('ref_axis',(0.,-0.707106781186547,-0.707106781186548));
#7954=DIRECTION('',(1.,0.,-1.6296851737617E-16));
#7955=DIRECTION('',(-1.,0.,1.6296851737617E-16));
#7956=DIRECTION('center_axis',(0.,1.,0.));
#7957=DIRECTION('ref_axis',(-0.707106781186549,0.,-0.707106781186546));
#7958=DIRECTION('center_axis',(0.707106781186546,-0.707106781186549,-1.59670419527163E-16));
#7959=DIRECTION('ref_axis',(-0.707106781186549,-0.707106781186546,1.96261557335472E-16));
#7960=DIRECTION('',(0.,-1.,0.));
#7961=DIRECTION('',(0.,1.,0.));
#7962=DIRECTION('center_axis',(1.15236143756607E-16,-0.707106781186548,
0.707106781186548));
#7963=DIRECTION('ref_axis',(-4.9065389333868E-17,-0.707106781186547,-0.707106781186548));
#7964=DIRECTION('center_axis',(0.408248290463863,-0.816496580927726,-0.408248290463863));
#7965=DIRECTION('ref_axis',(-0.577350269189626,-0.577350269189626,0.577350269189626));
#7966=DIRECTION('center_axis',(1.,0.,0.));
#7967=DIRECTION('ref_axis',(0.,-1.,0.));
#7968=DIRECTION('center_axis',(0.,0.,-1.));
#7969=DIRECTION('ref_axis',(-1.,0.,0.));
#7970=DIRECTION('center_axis',(0.,1.,0.));
#7971=DIRECTION('ref_axis',(0.,0.,1.));
#7972=DIRECTION('center_axis',(2.25808072805116E-16,0.,1.));
#7973=DIRECTION('ref_axis',(-0.707106781186548,-0.707106781186547,0.));
#7974=DIRECTION('',(-2.25808072805116E-16,0.,-1.));
#7975=DIRECTION('',(2.25808072805116E-16,0.,1.));
#7976=DIRECTION('center_axis',(0.,1.,0.));
#7977=DIRECTION('ref_axis',(-0.707106781186548,0.,0.707106781186548));
#7978=DIRECTION('center_axis',(-3.45708431269822E-16,-0.707106781186548,
-0.707106781186548));
#7979=DIRECTION('ref_axis',(3.92523114670944E-16,-0.707106781186548,0.707106781186547));
#7980=DIRECTION('',(0.,-1.,0.));
#7981=DIRECTION('',(0.,1.,0.));
#7982=DIRECTION('center_axis',(0.707106781186546,-0.707106781186549,-1.59670419527163E-16));
#7983=DIRECTION('ref_axis',(-0.707106781186549,-0.707106781186546,2.4532694666934E-16));
#7984=DIRECTION('center_axis',(1.,0.,-4.88905552128509E-16));
#7985=DIRECTION('ref_axis',(0.,-0.707106781186547,0.707106781186548));
#7986=DIRECTION('',(-1.,0.,4.88905552128509E-16));
#7987=DIRECTION('',(1.,0.,-4.88905552128509E-16));
#7988=DIRECTION('center_axis',(0.,1.,0.));
#7989=DIRECTION('ref_axis',(0.707106781186548,0.,0.707106781186548));
#7990=DIRECTION('center_axis',(-0.707106781186548,-0.707106781186548,1.59670419527164E-16));
#7991=DIRECTION('ref_axis',(0.707106781186547,-0.707106781186547,-1.47196168001604E-16));
#7992=DIRECTION('',(0.,-1.,0.));
#7993=DIRECTION('',(0.,1.,0.));
#7994=DIRECTION('center_axis',(-3.45708431269822E-16,-0.707106781186548,
-0.707106781186548));
#7995=DIRECTION('ref_axis',(2.4532694666934E-16,-0.707106781186547,0.707106781186547));
#7996=DIRECTION('center_axis',(0.,1.,0.));
#7997=DIRECTION('ref_axis',(0.707106781186548,0.,-0.707106781186548));
#7998=DIRECTION('center_axis',(1.15236143756607E-16,-0.707106781186548,
0.707106781186548));
#7999=DIRECTION('ref_axis',(-1.47196168001604E-16,-0.707106781186547,-0.707106781186547));
#8000=DIRECTION('',(0.,-1.,0.));
#8001=DIRECTION('',(0.,1.,0.));
#8002=DIRECTION('center_axis',(-0.707106781186549,-0.707106781186546,1.59670419527164E-16));
#8003=DIRECTION('ref_axis',(0.707106781186546,-0.707106781186549,-2.45326946669339E-16));
#8004=DIRECTION('center_axis',(0.707106781186546,-0.707106781186549,-1.59670419527163E-16));
#8005=DIRECTION('ref_axis',(-2.25808072805116E-16,0.,-1.));
#8006=DIRECTION('',(-2.25808072805116E-16,0.,-1.));
#8007=DIRECTION('',(0.707106781186549,0.707106781186546,0.));
#8008=DIRECTION('',(2.35799580451361E-16,0.,1.));
#8009=DIRECTION('',(0.577350269189627,0.577350269189625,-0.577350269189625));
#8010=DIRECTION('center_axis',(1.,0.,-2.25808072805116E-16));
#8011=DIRECTION('ref_axis',(-2.25808072805116E-16,0.,-1.));
#8012=DIRECTION('',(-2.25808072805116E-16,0.,-1.));
#8013=DIRECTION('',(0.,-1.,0.));
#8014=DIRECTION('center_axis',(-3.45708431269822E-16,-0.707106781186548,
-0.707106781186548));
#8015=DIRECTION('ref_axis',(-1.,0.,4.88905552128509E-16));
#8016=DIRECTION('',(-0.577350269189626,0.577350269189626,-0.577350269189624));
#8017=DIRECTION('',(-1.,0.,4.88905552128509E-16));
#8018=DIRECTION('center_axis',(0.707106781186546,-0.707106781186549,-1.59670419527163E-16));
#8019=DIRECTION('ref_axis',(-2.25808072805116E-16,0.,-1.));
#8020=DIRECTION('',(-0.577350269189627,-0.577350269189625,-0.577350269189625));
#8021=DIRECTION('center_axis',(1.6296851737617E-16,0.,1.));
#8022=DIRECTION('ref_axis',(1.,0.,-1.6296851737617E-16));
#8023=DIRECTION('',(1.,0.,-1.6296851737617E-16));
#8024=DIRECTION('center_axis',(1.15236143756607E-16,-0.707106781186548,
0.707106781186548));
#8025=DIRECTION('ref_axis',(1.,0.,-1.6296851737617E-16));
#8026=DIRECTION('',(-0.577350269189624,0.577350269189626,0.577350269189628));
#8027=DIRECTION('center_axis',(0.,1.,0.));
#8028=DIRECTION('ref_axis',(0.,0.,1.));
#8029=DIRECTION('center_axis',(-1.,0.,2.16628882853689E-16));
#8030=DIRECTION('ref_axis',(-2.16628882853689E-16,0.,-1.));
#8031=DIRECTION('',(0.,-1.,0.));
#8032=DIRECTION('center_axis',(0.,-1.,0.));
#8033=DIRECTION('ref_axis',(0.866025403784439,0.,0.499999999999999));
#8034=DIRECTION('',(0.,1.,0.));
#8035=DIRECTION('center_axis',(-0.707106781186548,-0.707106781186548,1.59670419527164E-16));
#8036=DIRECTION('ref_axis',(2.25808072805117E-16,0.,1.));
#8037=DIRECTION('',(2.25808072805117E-16,0.,1.));
#8038=DIRECTION('center_axis',(-0.707106781186549,-0.707106781186546,1.59670419527164E-16));
#8039=DIRECTION('ref_axis',(2.25808072805117E-16,0.,1.));
#8040=DIRECTION('',(2.25808072805117E-16,0.,1.));
#8041=DIRECTION('',(-0.707106781186546,0.707106781186549,0.));
#8042=DIRECTION('',(-2.35799580451361E-16,0.,-1.));
#8043=DIRECTION('center_axis',(-1.,0.,2.25808072805117E-16));
#8044=DIRECTION('ref_axis',(2.25808072805117E-16,0.,1.));
#8045=DIRECTION('',(0.,-1.,0.));
#8046=DIRECTION('',(0.,1.,0.));
#8047=DIRECTION('',(0.,1.,0.));
#8048=DIRECTION('center_axis',(0.,0.,1.));
#8049=DIRECTION('ref_axis',(1.,0.,0.));
#8050=DIRECTION('',(0.,1.,0.));
#8051=DIRECTION('',(1.,0.,0.));
#8052=DIRECTION('center_axis',(0.707106781186548,0.,0.707106781186548));
#8053=DIRECTION('ref_axis',(0.707106781186548,0.,-0.707106781186548));
#8054=DIRECTION('',(0.,1.,0.));
#8055=DIRECTION('',(0.707106781186548,0.,-0.707106781186548));
#8056=DIRECTION('center_axis',(-0.70710678118654,0.,0.707106781186555));
#8057=DIRECTION('ref_axis',(0.707106781186555,0.,0.70710678118654));
#8058=DIRECTION('',(0.,1.,0.));
#8059=DIRECTION('',(0.707106781186555,0.,0.70710678118654));
#8060=DIRECTION('center_axis',(-1.,0.,8.69340782492785E-15));
#8061=DIRECTION('ref_axis',(8.69340782492785E-15,0.,1.));
#8062=DIRECTION('',(0.,1.,0.));
#8063=DIRECTION('',(8.69340782492785E-15,0.,1.));
#8064=DIRECTION('',(0.,1.,0.));
#8065=DIRECTION('center_axis',(1.,0.,1.02688507276986E-14));
#8066=DIRECTION('ref_axis',(1.02688507276986E-14,0.,-1.));
#8067=DIRECTION('',(0.,1.,0.));
#8068=DIRECTION('',(1.02688507276986E-14,0.,-1.));
#8069=DIRECTION('center_axis',(0.707106781186544,0.,-0.707106781186551));
#8070=DIRECTION('ref_axis',(-0.707106781186551,0.,-0.707106781186544));
#8071=DIRECTION('',(0.,1.,0.));
#8072=DIRECTION('',(-0.707106781186551,0.,-0.707106781186544));
#8073=DIRECTION('center_axis',(-0.707106781186548,0.,-0.707106781186548));
#8074=DIRECTION('ref_axis',(-0.707106781186548,0.,0.707106781186548));
#8075=DIRECTION('',(0.,1.,0.));
#8076=DIRECTION('',(-0.707106781186548,0.,0.707106781186548));
#8077=DIRECTION('center_axis',(0.,0.,-1.));
#8078=DIRECTION('ref_axis',(-1.,0.,0.));
#8079=DIRECTION('',(-1.,0.,0.));
#8080=DIRECTION('center_axis',(0.,-1.,0.));
#8081=DIRECTION('ref_axis',(0.,0.,-1.));
#8082=DIRECTION('',(0.,1.,0.));
#8083=DIRECTION('',(0.,1.,0.));
#8084=DIRECTION('center_axis',(-1.,0.,0.));
#8085=DIRECTION('ref_axis',(0.,0.,1.));
#8086=DIRECTION('',(0.,1.,0.));
#8087=DIRECTION('',(0.,0.,1.));
#8088=DIRECTION('',(0.,1.,0.));
#8089=DIRECTION('',(0.,1.,0.));
#8090=DIRECTION('',(0.,1.,0.));
#8091=DIRECTION('',(0.,1.,0.));
#8092=DIRECTION('',(0.,1.,0.));
#8093=DIRECTION('center_axis',(-1.,0.,0.));
#8094=DIRECTION('ref_axis',(0.,0.,1.));
#8095=DIRECTION('',(0.,1.,0.));
#8096=DIRECTION('',(0.,0.,1.));
#8097=DIRECTION('center_axis',(2.1122656606465E-14,0.,-1.));
#8098=DIRECTION('ref_axis',(-1.,0.,-2.1122656606465E-14));
#8099=DIRECTION('',(0.,1.,0.));
#8100=DIRECTION('',(-1.,0.,-2.1122656606465E-14));
#8101=DIRECTION('center_axis',(1.,0.,0.));
#8102=DIRECTION('ref_axis',(0.,0.,-1.));
#8103=DIRECTION('',(0.,1.,0.));
#8104=DIRECTION('',(0.,0.,-1.));
#8105=DIRECTION('center_axis',(2.11226566064647E-14,0.,1.));
#8106=DIRECTION('ref_axis',(1.,0.,-2.11226566064647E-14));
#8107=DIRECTION('',(0.,1.,0.));
#8108=DIRECTION('',(1.,0.,-2.11226566064647E-14));
#8109=DIRECTION('center_axis',(-1.,0.,-3.29621074432096E-15));
#8110=DIRECTION('ref_axis',(-3.29621074432096E-15,0.,1.));
#8111=DIRECTION('',(0.,1.,0.));
#8112=DIRECTION('',(-3.29621074432096E-15,0.,1.));
#8113=DIRECTION('',(0.,1.,0.));
#8114=DIRECTION('center_axis',(0.,-1.,0.));
#8115=DIRECTION('ref_axis',(0.797529999769654,0.,-0.603279288114067));
#8116=DIRECTION('',(0.,1.,0.));
#8117=DIRECTION('',(0.,1.,0.));
#8118=DIRECTION('',(0.,1.,0.));
#8119=DIRECTION('center_axis',(1.,0.,6.6134835381266E-15));
#8120=DIRECTION('ref_axis',(6.6134835381266E-15,0.,-1.));
#8121=DIRECTION('',(0.,1.,0.));
#8122=DIRECTION('',(6.6134835381266E-15,0.,-1.));
#8123=DIRECTION('center_axis',(2.1122656606465E-14,0.,1.));
#8124=DIRECTION('ref_axis',(1.,0.,-2.1122656606465E-14));
#8125=DIRECTION('',(0.,1.,0.));
#8126=DIRECTION('',(1.,0.,-2.1122656606465E-14));
#8127=DIRECTION('center_axis',(-1.,0.,-9.88863223296296E-15));
#8128=DIRECTION('ref_axis',(-9.88863223296296E-15,0.,1.));
#8129=DIRECTION('',(0.,1.,0.));
#8130=DIRECTION('',(-9.88863223296296E-15,0.,1.));
#8131=DIRECTION('',(0.,1.,0.));
#8132=DIRECTION('',(0.,1.,0.));
#8133=DIRECTION('',(0.,1.,0.));
#8134=DIRECTION('center_axis',(1.,0.,-3.30674176906321E-15));
#8135=DIRECTION('ref_axis',(-3.30674176906321E-15,0.,-1.));
#8136=DIRECTION('',(0.,1.,0.));
#8137=DIRECTION('',(-3.30674176906321E-15,0.,-1.));
#8138=DIRECTION('center_axis',(-8.33565240577273E-14,0.,1.));
#8139=DIRECTION('ref_axis',(1.,0.,8.33565240577273E-14));
#8140=DIRECTION('',(0.,1.,0.));
#8141=DIRECTION('',(1.,0.,8.33565240577273E-14));
#8142=DIRECTION('center_axis',(-1.,0.,-3.11125302720483E-15));
#8143=DIRECTION('ref_axis',(-3.11125302720483E-15,0.,1.));
#8144=DIRECTION('',(-3.11125302720483E-15,0.,1.));
#8145=DIRECTION('center_axis',(0.,-1.,0.));
#8146=DIRECTION('ref_axis',(0.,0.,-1.));
#8147=DIRECTION('center_axis',(1.27477018276505E-14,0.,-1.));
#8148=DIRECTION('ref_axis',(-1.,0.,-1.27477018276505E-14));
#8149=DIRECTION('',(0.,1.,0.));
#8150=DIRECTION('',(-1.,0.,-1.27477018276505E-14));
#8151=DIRECTION('',(0.,1.,0.));
#8152=DIRECTION('center_axis',(1.,0.,0.));
#8153=DIRECTION('ref_axis',(0.,0.,-1.));
#8154=DIRECTION('',(0.,1.,0.));
#8155=DIRECTION('',(0.,0.,-1.));
#8156=DIRECTION('',(0.,1.,0.));
#8157=DIRECTION('center_axis',(-1.,0.,-2.30450444939221E-15));
#8158=DIRECTION('ref_axis',(-2.30450444939221E-15,0.,1.));
#8159=DIRECTION('',(0.,1.,0.));
#8160=DIRECTION('',(-2.30450444939221E-15,0.,1.));
#8161=DIRECTION('center_axis',(1.91215527414759E-14,0.,-1.));
#8162=DIRECTION('ref_axis',(-1.,0.,-1.91215527414759E-14));
#8163=DIRECTION('',(0.,1.,0.));
#8164=DIRECTION('',(-1.,0.,-1.91215527414759E-14));
#8165=DIRECTION('center_axis',(1.,0.,-2.35296365510373E-15));
#8166=DIRECTION('ref_axis',(-2.35296365510373E-15,0.,-1.));
#8167=DIRECTION('',(0.,1.,0.));
#8168=DIRECTION('',(-2.35296365510373E-15,0.,-1.));
#8169=DIRECTION('',(0.,1.,0.));
#8170=DIRECTION('',(0.,1.,0.));
#8171=DIRECTION('center_axis',(-1.,0.,0.));
#8172=DIRECTION('ref_axis',(0.,0.,1.));
#8173=DIRECTION('',(0.,0.,1.));
#8174=DIRECTION('center_axis',(0.,-1.,0.));
#8175=DIRECTION('ref_axis',(0.,0.,-1.));
#8176=DIRECTION('center_axis',(1.28288973806928E-14,0.,1.));
#8177=DIRECTION('ref_axis',(1.,0.,-1.28288973806928E-14));
#8178=DIRECTION('',(0.,1.,0.));
#8179=DIRECTION('',(1.,0.,-1.28288973806928E-14));
#8180=DIRECTION('',(0.,1.,0.));
#8181=DIRECTION('center_axis',(-1.,0.,7.14549672290473E-15));
#8182=DIRECTION('ref_axis',(7.14549672290473E-15,0.,1.));
#8183=DIRECTION('',(0.,1.,0.));
#8184=DIRECTION('',(7.14549672290473E-15,0.,1.));
#8185=DIRECTION('center_axis',(0.788315783485073,0.,0.615270855402981));
#8186=DIRECTION('ref_axis',(0.615270855402981,0.,-0.788315783485073));
#8187=DIRECTION('',(0.,1.,0.));
#8188=DIRECTION('',(0.615270855402981,0.,-0.788315783485073));
#8189=DIRECTION('center_axis',(-8.75711690769035E-15,0.,1.));
#8190=DIRECTION('ref_axis',(1.,0.,8.75711690769035E-15));
#8191=DIRECTION('',(0.,1.,0.));
#8192=DIRECTION('',(1.,0.,8.75711690769035E-15));
#8193=DIRECTION('center_axis',(-1.,0.,2.85288511157053E-15));
#8194=DIRECTION('ref_axis',(2.85288511157053E-15,0.,1.));
#8195=DIRECTION('',(0.,1.,0.));
#8196=DIRECTION('',(2.85288511157053E-15,0.,1.));
#8197=DIRECTION('center_axis',(0.,0.,-1.));
#8198=DIRECTION('ref_axis',(-1.,0.,0.));
#8199=DIRECTION('',(0.,1.,0.));
#8200=DIRECTION('',(-1.,0.,0.));
#8201=DIRECTION('center_axis',(1.,0.,0.));
#8202=DIRECTION('ref_axis',(0.,0.,-1.));
#8203=DIRECTION('',(0.,1.,0.));
#8204=DIRECTION('',(0.,0.,-1.));
#8205=DIRECTION('center_axis',(-0.788315783485072,0.,-0.615270855402982));
#8206=DIRECTION('ref_axis',(-0.615270855402982,0.,0.788315783485072));
#8207=DIRECTION('',(0.,1.,0.));
#8208=DIRECTION('',(-0.615270855402982,0.,0.788315783485072));
#8209=DIRECTION('center_axis',(1.83103353524438E-14,0.,-1.));
#8210=DIRECTION('ref_axis',(-1.,0.,-1.83103353524438E-14));
#8211=DIRECTION('',(0.,1.,0.));
#8212=DIRECTION('',(-1.,0.,-1.83103353524438E-14));
#8213=DIRECTION('center_axis',(1.,0.,-7.13221277892631E-15));
#8214=DIRECTION('ref_axis',(-7.13221277892631E-15,0.,-1.));
#8215=DIRECTION('',(-7.13221277892631E-15,0.,-1.));
#8216=DIRECTION('center_axis',(0.,1.,0.));
#8217=DIRECTION('ref_axis',(0.,0.,1.));
#8218=DIRECTION('center_axis',(-3.36249897958062E-15,0.,-1.));
#8219=DIRECTION('ref_axis',(-1.,0.,3.36249897958062E-15));
#8220=DIRECTION('',(0.,1.,0.));
#8221=DIRECTION('',(-1.,0.,3.36249897958062E-15));
#8222=DIRECTION('',(0.,1.,0.));
#8223=DIRECTION('center_axis',(1.,0.,0.));
#8224=DIRECTION('ref_axis',(0.,0.,-1.));
#8225=DIRECTION('',(0.,1.,0.));
#8226=DIRECTION('',(0.,0.,-1.));
#8227=DIRECTION('center_axis',(9.11374157813926E-15,0.,1.));
#8228=DIRECTION('ref_axis',(1.,0.,-9.11374157813926E-15));
#8229=DIRECTION('',(0.,1.,0.));
#8230=DIRECTION('',(1.,0.,-9.11374157813926E-15));
#8231=DIRECTION('center_axis',(1.,0.,3.53978363579752E-15));
#8232=DIRECTION('ref_axis',(3.53978363579752E-15,0.,-1.));
#8233=DIRECTION('',(0.,1.,0.));
#8234=DIRECTION('',(3.53978363579752E-15,0.,-1.));
#8235=DIRECTION('center_axis',(6.41444869034658E-15,0.,1.));
#8236=DIRECTION('ref_axis',(1.,0.,-6.41444869034658E-15));
#8237=DIRECTION('',(0.,1.,0.));
#8238=DIRECTION('',(1.,0.,-6.41444869034658E-15));
#8239=DIRECTION('center_axis',(-1.,0.,-3.53978363579751E-15));
#8240=DIRECTION('ref_axis',(-3.53978363579751E-15,0.,1.));
#8241=DIRECTION('',(0.,1.,0.));
#8242=DIRECTION('',(-3.53978363579751E-15,0.,1.));
#8243=DIRECTION('center_axis',(-4.55687078906959E-15,0.,1.));
#8244=DIRECTION('ref_axis',(1.,0.,4.55687078906959E-15));
#8245=DIRECTION('',(0.,1.,0.));
#8246=DIRECTION('',(1.,0.,4.55687078906959E-15));
#8247=DIRECTION('center_axis',(-1.,0.,-1.47017291151008E-14));
#8248=DIRECTION('ref_axis',(-1.47017291151008E-14,0.,1.));
#8249=DIRECTION('',(-1.47017291151008E-14,0.,1.));
#8250=DIRECTION('center_axis',(0.,1.,0.));
#8251=DIRECTION('ref_axis',(0.,0.,1.));
#8252=DIRECTION('center_axis',(-1.,0.,-3.07501815079202E-14));
#8253=DIRECTION('ref_axis',(-3.07501815079202E-14,0.,1.));
#8254=DIRECTION('',(0.,1.,0.));
#8255=DIRECTION('',(-3.07501815079202E-14,0.,1.));
#8256=DIRECTION('',(0.,1.,0.));
#8257=DIRECTION('center_axis',(3.19704268058538E-15,0.,-1.));
#8258=DIRECTION('ref_axis',(-1.,0.,-3.19704268058538E-15));
#8259=DIRECTION('',(0.,1.,0.));
#8260=DIRECTION('',(-1.,0.,-3.19704268058538E-15));
#8261=DIRECTION('center_axis',(-1.,0.,0.));
#8262=DIRECTION('ref_axis',(0.,0.,1.));
#8263=DIRECTION('',(0.,1.,0.));
#8264=DIRECTION('',(0.,0.,1.));
#8265=DIRECTION('center_axis',(5.83807793846025E-15,0.,1.));
#8266=DIRECTION('ref_axis',(1.,0.,-5.83807793846025E-15));
#8267=DIRECTION('',(0.,1.,0.));
#8268=DIRECTION('',(1.,0.,-5.83807793846025E-15));
#8269=DIRECTION('center_axis',(-1.,0.,0.));
#8270=DIRECTION('ref_axis',(0.,0.,1.));
#8271=DIRECTION('',(0.,1.,0.));
#8272=DIRECTION('',(0.,0.,1.));
#8273=DIRECTION('center_axis',(0.,0.,-1.));
#8274=DIRECTION('ref_axis',(-1.,0.,0.));
#8275=DIRECTION('',(0.,1.,0.));
#8276=DIRECTION('',(-1.,0.,0.));
#8277=DIRECTION('center_axis',(1.,0.,0.));
#8278=DIRECTION('ref_axis',(0.,0.,-1.));
#8279=DIRECTION('',(0.,1.,0.));
#8280=DIRECTION('',(0.,0.,-1.));
#8281=DIRECTION('center_axis',(0.,0.,1.));
#8282=DIRECTION('ref_axis',(1.,0.,0.));
#8283=DIRECTION('',(0.,1.,0.));
#8284=DIRECTION('',(1.,0.,0.));
#8285=DIRECTION('center_axis',(-1.,0.,0.));
#8286=DIRECTION('ref_axis',(0.,0.,1.));
#8287=DIRECTION('',(0.,1.,0.));
#8288=DIRECTION('',(0.,0.,1.));
#8289=DIRECTION('center_axis',(-2.87733841252684E-15,0.,-1.));
#8290=DIRECTION('ref_axis',(-1.,0.,2.87733841252683E-15));
#8291=DIRECTION('',(0.,1.,0.));
#8292=DIRECTION('',(-1.,0.,2.87733841252683E-15));
#8293=DIRECTION('center_axis',(-1.,0.,1.26675276023196E-14));
#8294=DIRECTION('ref_axis',(1.26675276023196E-14,0.,1.));
#8295=DIRECTION('',(0.,1.,0.));
#8296=DIRECTION('',(1.26675276023196E-14,0.,1.));
#8297=DIRECTION('center_axis',(-3.19704268058536E-15,0.,1.));
#8298=DIRECTION('ref_axis',(1.,0.,3.19704268058536E-15));
#8299=DIRECTION('',(1.,0.,3.19704268058536E-15));
#8300=DIRECTION('center_axis',(0.,1.,0.));
#8301=DIRECTION('ref_axis',(0.,0.,1.));
#8302=DIRECTION('center_axis',(1.,0.,-1.42644255578526E-15));
#8303=DIRECTION('ref_axis',(-1.42644255578526E-15,0.,-1.));
#8304=DIRECTION('',(0.,1.,0.));
#8305=DIRECTION('',(-1.42644255578526E-15,0.,-1.));
#8306=DIRECTION('',(0.,1.,0.));
#8307=DIRECTION('center_axis',(8.32287970565604E-15,0.,1.));
#8308=DIRECTION('ref_axis',(1.,0.,-8.32287970565604E-15));
#8309=DIRECTION('',(0.,1.,0.));
#8310=DIRECTION('',(1.,0.,-8.32287970565604E-15));
#8311=DIRECTION('center_axis',(-1.,0.,-7.29759742307532E-15));
#8312=DIRECTION('ref_axis',(-7.29759742307532E-15,0.,1.));
#8313=DIRECTION('',(0.,1.,0.));
#8314=DIRECTION('',(-7.29759742307532E-15,0.,1.));
#8315=DIRECTION('center_axis',(0.,0.,-1.));
#8316=DIRECTION('ref_axis',(-1.,0.,0.));
#8317=DIRECTION('',(0.,1.,0.));
#8318=DIRECTION('',(-1.,0.,0.));
#8319=DIRECTION('center_axis',(-1.,0.,-3.54601564924082E-15));
#8320=DIRECTION('ref_axis',(-3.54601564924082E-15,0.,1.));
#8321=DIRECTION('',(0.,1.,0.));
#8322=DIRECTION('',(-3.54601564924082E-15,0.,1.));
#8323=DIRECTION('center_axis',(0.,0.,-1.));
#8324=DIRECTION('ref_axis',(-1.,0.,0.));
#8325=DIRECTION('',(-1.,0.,0.));
#8326=DIRECTION('center_axis',(0.,1.,0.));
#8327=DIRECTION('ref_axis',(0.,0.,1.));
#8328=DIRECTION('center_axis',(6.41444869034646E-15,0.,-1.));
#8329=DIRECTION('ref_axis',(-1.,0.,-6.41444869034646E-15));
#8330=DIRECTION('',(0.,1.,0.));
#8331=DIRECTION('',(-1.,0.,-6.41444869034646E-15));
#8332=DIRECTION('',(0.,1.,0.));
#8333=DIRECTION('center_axis',(1.,0.,-1.42644255578526E-15));
#8334=DIRECTION('ref_axis',(-1.42644255578526E-15,0.,-1.));
#8335=DIRECTION('',(0.,1.,0.));
#8336=DIRECTION('',(-1.42644255578526E-15,0.,-1.));
#8337=DIRECTION('center_axis',(0.,0.,1.));
#8338=DIRECTION('ref_axis',(1.,0.,0.));
#8339=DIRECTION('',(0.,1.,0.));
#8340=DIRECTION('',(1.,0.,0.));
#8341=DIRECTION('center_axis',(-1.,0.,0.));
#8342=DIRECTION('ref_axis',(0.,0.,1.));
#8343=DIRECTION('',(0.,0.,1.));
#8344=DIRECTION('center_axis',(0.,1.,0.));
#8345=DIRECTION('ref_axis',(0.,0.,1.));
#8346=DIRECTION('',(0.,1.,0.));
#8347=DIRECTION('',(0.,1.,0.));
#8348=DIRECTION('center_axis',(0.,-1.,0.));
#8349=DIRECTION('ref_axis',(0.,0.,-1.));
#8350=DIRECTION('',(0.,1.,0.));
#8351=DIRECTION('',(0.,1.,0.));
#8352=DIRECTION('center_axis',(1.53750907539603E-14,0.,-1.));
#8353=DIRECTION('ref_axis',(-1.,0.,-1.53750907539603E-14));
#8354=DIRECTION('',(-1.,0.,-1.53750907539603E-14));
#8355=DIRECTION('',(0.,1.,0.));
#8356=DIRECTION('',(-1.,0.,-1.53750907539603E-14));
#8357=DIRECTION('center_axis',(-1.,0.,0.));
#8358=DIRECTION('ref_axis',(0.,0.,1.));
#8359=DIRECTION('',(0.,0.,1.));
#8360=DIRECTION('',(0.,1.,0.));
#8361=DIRECTION('',(0.,0.,1.));
#8362=DIRECTION('center_axis',(2.30626361309404E-14,0.,1.));
#8363=DIRECTION('ref_axis',(1.,0.,-2.30626361309404E-14));
#8364=DIRECTION('',(1.,0.,-2.30626361309404E-14));
#8365=DIRECTION('',(1.,0.,-2.30626361309404E-14));
#8366=DIRECTION('',(0.,1.,0.));
#8367=DIRECTION('',(0.,1.,0.));
#8368=DIRECTION('center_axis',(1.70689566844811E-14,0.,-1.));
#8369=DIRECTION('ref_axis',(-1.,0.,-1.70689566844811E-14));
#8370=DIRECTION('',(-1.,0.,-1.70689566844811E-14));
#8371=DIRECTION('',(0.,1.,0.));
#8372=DIRECTION('',(-1.,0.,-1.70689566844811E-14));
#8373=DIRECTION('center_axis',(-1.,0.,6.41444869034642E-15));
#8374=DIRECTION('ref_axis',(6.41444869034642E-15,0.,1.));
#8375=DIRECTION('',(6.41444869034642E-15,0.,1.));
#8376=DIRECTION('',(0.,1.,0.));
#8377=DIRECTION('',(6.41444869034642E-15,0.,1.));
#8378=DIRECTION('center_axis',(-8.5344783422406E-15,0.,1.));
#8379=DIRECTION('ref_axis',(1.,0.,8.5344783422406E-15));
#8380=DIRECTION('',(1.,0.,8.5344783422406E-15));
#8381=DIRECTION('',(1.,0.,8.5344783422406E-15));
#8382=DIRECTION('center_axis',(1.,0.,0.));
#8383=DIRECTION('ref_axis',(0.,0.,-1.));
#8384=DIRECTION('',(0.,1.,0.));
#8385=DIRECTION('',(0.,0.,-1.));
#8386=DIRECTION('',(0.,1.,0.));
#8387=DIRECTION('center_axis',(-1.67844740730731E-14,0.,1.));
#8388=DIRECTION('ref_axis',(1.,0.,1.67844740730731E-14));
#8389=DIRECTION('',(0.,1.,0.));
#8390=DIRECTION('',(1.,0.,1.67844740730731E-14));
#8391=DIRECTION('',(0.,1.,0.));
#8392=DIRECTION('',(0.,1.,0.));
#8393=DIRECTION('center_axis',(0.,0.,-1.));
#8394=DIRECTION('ref_axis',(-1.,0.,0.));
#8395=DIRECTION('',(-1.,0.,0.));
#8396=DIRECTION('center_axis',(0.,-1.,0.));
#8397=DIRECTION('ref_axis',(0.,0.,-1.));
#8398=DIRECTION('center_axis',(0.,-1.,0.));
#8399=DIRECTION('ref_axis',(0.67378850341647,0.,0.738924253671372));
#8400=DIRECTION('',(0.,1.,0.));
#8401=DIRECTION('center_axis',(0.,-1.,0.));
#8402=DIRECTION('ref_axis',(0.67378850341647,0.,0.738924253671372));
#8403=DIRECTION('',(0.,1.,0.));
#8404=DIRECTION('',(0.,1.,0.));
#8405=DIRECTION('center_axis',(6.60644791734122E-15,0.,-1.));
#8406=DIRECTION('ref_axis',(-1.,0.,-6.60644791734122E-15));
#8407=DIRECTION('',(-1.,0.,-6.60644791734122E-15));
#8408=DIRECTION('',(0.,1.,0.));
#8409=DIRECTION('',(-1.,0.,-6.60644791734122E-15));
#8410=DIRECTION('',(0.,1.,0.));
#8411=DIRECTION('center_axis',(0.,-1.,0.));
#8412=DIRECTION('ref_axis',(-0.671894034468064,0.,0.740647288826624));
#8413=DIRECTION('',(0.,1.,0.));
#8414=DIRECTION('center_axis',(0.,-1.,0.));
#8415=DIRECTION('ref_axis',(-0.671894034468064,0.,0.740647288826624));
#8416=DIRECTION('center_axis',(-0.447213595499958,0.,0.894427190999916));
#8417=DIRECTION('ref_axis',(0.894427190999916,0.,0.447213595499958));
#8418=DIRECTION('',(0.894427190999916,0.,0.447213595499958));
#8419=DIRECTION('',(0.,1.,0.));
#8420=DIRECTION('',(0.894427190999916,0.,0.447213595499958));
#8421=DIRECTION('center_axis',(-0.712623615676516,0.,-0.701546564655639));
#8422=DIRECTION('ref_axis',(-0.701546564655639,0.,0.712623615676516));
#8423=DIRECTION('',(0.,1.,0.));
#8424=DIRECTION('',(-0.701546564655639,0.,0.712623615676516));
#8425=DIRECTION('',(0.,1.,0.));
#8426=DIRECTION('',(0.,1.,0.));
#8427=DIRECTION('center_axis',(0.,-1.,0.));
#8428=DIRECTION('ref_axis',(-0.545041646077592,0.,0.838408971827609));
#8429=DIRECTION('',(0.,1.,0.));
#8430=DIRECTION('',(0.,1.,0.));
#8431=DIRECTION('center_axis',(-5.11537153402042E-15,0.,1.));
#8432=DIRECTION('ref_axis',(1.,0.,5.11537153402042E-15));
#8433=DIRECTION('',(0.,1.,0.));
#8434=DIRECTION('',(1.,0.,5.11537153402042E-15));
#8435=DIRECTION('',(0.,1.,0.));
#8436=DIRECTION('',(0.,1.,0.));
#8437=DIRECTION('center_axis',(0.,1.,0.));
#8438=DIRECTION('ref_axis',(-0.671867734916435,0.,-0.740671146176398));
#8439=DIRECTION('',(0.,1.,0.));
#8440=DIRECTION('center_axis',(0.,-1.,0.));
#8441=DIRECTION('ref_axis',(0.,0.,-1.));
#8442=DIRECTION('',(0.,1.,0.));
#8443=DIRECTION('',(0.,1.,0.));
#8444=DIRECTION('center_axis',(-1.,0.,-2.35156681664576E-12));
#8445=DIRECTION('ref_axis',(-2.35156681664576E-12,0.,1.));
#8446=DIRECTION('',(0.,1.,0.));
#8447=DIRECTION('',(-2.35156681664576E-12,0.,1.));
#8448=DIRECTION('',(0.,1.,0.));
#8449=DIRECTION('center_axis',(0.,0.,-1.));
#8450=DIRECTION('ref_axis',(-1.,0.,0.));
#8451=DIRECTION('',(0.,1.,0.));
#8452=DIRECTION('',(-1.,0.,0.));
#8453=DIRECTION('center_axis',(0.707106781186546,0.,-0.707106781186549));
#8454=DIRECTION('ref_axis',(-0.707106781186549,0.,-0.707106781186546));
#8455=DIRECTION('',(0.,1.,0.));
#8456=DIRECTION('',(-0.707106781186549,0.,-0.707106781186546));
#8457=DIRECTION('center_axis',(1.,0.,-1.95150773165395E-14));
#8458=DIRECTION('ref_axis',(-1.95150773165395E-14,0.,-1.));
#8459=DIRECTION('',(0.,1.,0.));
#8460=DIRECTION('',(-1.95150773165395E-14,0.,-1.));
#8461=DIRECTION('',(0.,1.,0.));
#8462=DIRECTION('center_axis',(-1.,0.,0.));
#8463=DIRECTION('ref_axis',(0.,0.,1.));
#8464=DIRECTION('',(0.,1.,0.));
#8465=DIRECTION('',(0.,0.,1.));
#8466=DIRECTION('center_axis',(-0.70594090263514,0.,0.708270740597608));
#8467=DIRECTION('ref_axis',(0.708270740597608,0.,0.70594090263514));
#8468=DIRECTION('',(0.,1.,0.));
#8469=DIRECTION('',(0.708270740597608,0.,0.70594090263514));
#8470=DIRECTION('center_axis',(-4.72202172016662E-15,0.,1.));
#8471=DIRECTION('ref_axis',(1.,0.,4.72202172016662E-15));
#8472=DIRECTION('',(1.,0.,4.72202172016662E-15));
#8473=DIRECTION('center_axis',(0.,-1.,0.));
#8474=DIRECTION('ref_axis',(0.,0.,-1.));
#8475=DIRECTION('center_axis',(-6.29602896022215E-15,0.,-1.));
#8476=DIRECTION('ref_axis',(-1.,0.,6.29602896022215E-15));
#8477=DIRECTION('',(0.,1.,0.));
#8478=DIRECTION('',(-1.,0.,6.29602896022215E-15));
#8479=DIRECTION('',(0.,1.,0.));
#8480=DIRECTION('center_axis',(-0.707106781186538,0.,-0.707106781186557));
#8481=DIRECTION('ref_axis',(-0.707106781186557,0.,0.707106781186538));
#8482=DIRECTION('',(0.,1.,0.));
#8483=DIRECTION('',(-0.707106781186557,0.,0.707106781186538));
#8484=DIRECTION('center_axis',(-1.,0.,0.));
#8485=DIRECTION('ref_axis',(0.,0.,1.));
#8486=DIRECTION('',(0.,1.,0.));
#8487=DIRECTION('',(0.,0.,1.));
#8488=DIRECTION('',(0.,1.,0.));
#8489=DIRECTION('center_axis',(1.,0.,-4.7220217201666E-15));
#8490=DIRECTION('ref_axis',(-4.7220217201666E-15,0.,-1.));
#8491=DIRECTION('',(0.,1.,0.));
#8492=DIRECTION('',(-4.7220217201666E-15,0.,-1.));
#8493=DIRECTION('center_axis',(0.707106781186551,0.,0.707106781186544));
#8494=DIRECTION('ref_axis',(0.707106781186544,0.,-0.707106781186551));
#8495=DIRECTION('',(0.,1.,0.));
#8496=DIRECTION('',(0.707106781186544,0.,-0.707106781186551));
#8497=DIRECTION('center_axis',(-9.4440434403332E-15,0.,1.));
#8498=DIRECTION('ref_axis',(1.,0.,9.4440434403332E-15));
#8499=DIRECTION('',(0.,1.,0.));
#8500=DIRECTION('',(1.,0.,9.4440434403332E-15));
#8501=DIRECTION('center_axis',(0.707106781186552,0.,0.707106781186543));
#8502=DIRECTION('ref_axis',(0.707106781186543,0.,-0.707106781186552));
#8503=DIRECTION('',(0.,1.,0.));
#8504=DIRECTION('',(0.707106781186543,0.,-0.707106781186552));
#8505=DIRECTION('center_axis',(1.,0.,1.1443147526243E-14));
#8506=DIRECTION('ref_axis',(1.1443147526243E-14,0.,-1.));
#8507=DIRECTION('',(0.,1.,0.));
#8508=DIRECTION('',(1.1443147526243E-14,0.,-1.));
#8509=DIRECTION('',(0.,1.,0.));
#8510=DIRECTION('center_axis',(-1.,0.,-9.52051342770459E-15));
#8511=DIRECTION('ref_axis',(-9.52051342770459E-15,0.,1.));
#8512=DIRECTION('',(0.,1.,0.));
#8513=DIRECTION('',(-9.52051342770459E-15,0.,1.));
#8514=DIRECTION('center_axis',(-0.70710678118655,0.,-0.707106781186545));
#8515=DIRECTION('ref_axis',(-0.707106781186545,0.,0.70710678118655));
#8516=DIRECTION('',(-0.707106781186545,0.,0.70710678118655));
#8517=DIRECTION('center_axis',(0.,-1.,0.));
#8518=DIRECTION('ref_axis',(0.,0.,-1.));
#8519=DIRECTION('center_axis',(0.,0.,-1.));
#8520=DIRECTION('ref_axis',(-1.,0.,0.));
#8521=DIRECTION('',(0.,1.,0.));
#8522=DIRECTION('',(-1.,0.,0.));
#8523=DIRECTION('',(0.,1.,0.));
#8524=DIRECTION('center_axis',(0.816675449707343,0.,-0.57709722737621));
#8525=DIRECTION('ref_axis',(-0.57709722737621,0.,-0.816675449707343));
#8526=DIRECTION('',(0.,1.,0.));
#8527=DIRECTION('',(-0.57709722737621,0.,-0.816675449707343));
#8528=DIRECTION('center_axis',(-0.807445709529847,0.,-0.589941883715542));
#8529=DIRECTION('ref_axis',(-0.589941883715542,0.,0.807445709529847));
#8530=DIRECTION('',(0.,1.,0.));
#8531=DIRECTION('',(-0.589941883715542,0.,0.807445709529847));
#8532=DIRECTION('center_axis',(0.,0.,-1.));
#8533=DIRECTION('ref_axis',(-1.,0.,0.));
#8534=DIRECTION('',(0.,1.,0.));
#8535=DIRECTION('',(-1.,0.,0.));
#8536=DIRECTION('center_axis',(0.801653347816872,0.,0.597789185193243));
#8537=DIRECTION('ref_axis',(0.597789185193243,0.,-0.801653347816872));
#8538=DIRECTION('',(0.,1.,0.));
#8539=DIRECTION('',(0.597789185193243,0.,-0.801653347816872));
#8540=DIRECTION('center_axis',(0.802647540820086,0.,-0.596453623692126));
#8541=DIRECTION('ref_axis',(-0.596453623692126,0.,-0.802647540820086));
#8542=DIRECTION('',(0.,1.,0.));
#8543=DIRECTION('',(-0.596453623692126,0.,-0.802647540820086));
#8544=DIRECTION('center_axis',(3.57928590334341E-14,0.,1.));
#8545=DIRECTION('ref_axis',(1.,0.,-3.57928590334341E-14));
#8546=DIRECTION('',(0.,1.,0.));
#8547=DIRECTION('',(1.,0.,-3.57928590334341E-14));
#8548=DIRECTION('center_axis',(-0.814765579319968,0.,0.579790523167978));
#8549=DIRECTION('ref_axis',(0.579790523167978,0.,0.814765579319968));
#8550=DIRECTION('',(0.,1.,0.));
#8551=DIRECTION('',(0.579790523167978,0.,0.814765579319968));
#8552=DIRECTION('center_axis',(0.814765579319988,0.,0.579790523167949));
#8553=DIRECTION('ref_axis',(0.579790523167949,0.,-0.814765579319988));
#8554=DIRECTION('',(0.,1.,0.));
#8555=DIRECTION('',(0.579790523167949,0.,-0.814765579319988));
#8556=DIRECTION('center_axis',(1.74439916918557E-14,0.,1.));
#8557=DIRECTION('ref_axis',(1.,0.,-1.74439916918557E-14));
#8558=DIRECTION('',(0.,1.,0.));
#8559=DIRECTION('',(1.,0.,-1.74439916918557E-14));
#8560=DIRECTION('center_axis',(-0.809694291064422,0.,-0.586851902116439));
#8561=DIRECTION('ref_axis',(-0.586851902116439,0.,0.809694291064422));
#8562=DIRECTION('',(0.,1.,0.));
#8563=DIRECTION('',(-0.586851902116439,0.,0.809694291064422));
#8564=DIRECTION('center_axis',(-0.804866982773458,0.,0.593455255298283));
#8565=DIRECTION('ref_axis',(0.593455255298283,0.,0.804866982773458));
#8566=DIRECTION('',(0.593455255298283,0.,0.804866982773458));
#8567=DIRECTION('center_axis',(0.,1.,0.));
#8568=DIRECTION('ref_axis',(0.,0.,1.));
#8569=DIRECTION('center_axis',(6.72499795916125E-15,0.,-1.));
#8570=DIRECTION('ref_axis',(-1.,0.,-6.72499795916125E-15));
#8571=DIRECTION('',(0.,1.,0.));
#8572=DIRECTION('',(-1.,0.,-6.72499795916125E-15));
#8573=DIRECTION('',(0.,1.,0.));
#8574=DIRECTION('center_axis',(1.,0.,-7.35086455755041E-15));
#8575=DIRECTION('ref_axis',(-7.35086455755041E-15,0.,-1.));
#8576=DIRECTION('',(0.,1.,0.));
#8577=DIRECTION('',(-7.35086455755041E-15,0.,-1.));
#8578=DIRECTION('center_axis',(4.55687078906967E-15,0.,1.));
#8579=DIRECTION('ref_axis',(1.,0.,-4.55687078906967E-15));
#8580=DIRECTION('',(0.,1.,0.));
#8581=DIRECTION('',(1.,0.,-4.55687078906967E-15));
#8582=DIRECTION('center_axis',(1.,0.,3.53978363579753E-15));
#8583=DIRECTION('ref_axis',(3.53978363579753E-15,0.,-1.));
#8584=DIRECTION('',(0.,1.,0.));
#8585=DIRECTION('',(3.53978363579753E-15,0.,-1.));
#8586=DIRECTION('center_axis',(0.,0.,1.));
#8587=DIRECTION('ref_axis',(1.,0.,0.));
#8588=DIRECTION('',(0.,1.,0.));
#8589=DIRECTION('',(1.,0.,0.));
#8590=DIRECTION('center_axis',(-1.,0.,0.));
#8591=DIRECTION('ref_axis',(0.,0.,1.));
#8592=DIRECTION('',(0.,1.,0.));
#8593=DIRECTION('',(0.,0.,1.));
#8594=DIRECTION('center_axis',(0.,0.,1.));
#8595=DIRECTION('ref_axis',(1.,0.,0.));
#8596=DIRECTION('',(0.,1.,0.));
#8597=DIRECTION('',(1.,0.,0.));
#8598=DIRECTION('center_axis',(-1.,0.,-1.47017291151004E-14));
#8599=DIRECTION('ref_axis',(-1.47017291151004E-14,0.,1.));
#8600=DIRECTION('',(-1.47017291151004E-14,0.,1.));
#8601=DIRECTION('center_axis',(0.,1.,0.));
#8602=DIRECTION('ref_axis',(0.,0.,1.));
#8603=DIRECTION('',(0.,1.,0.));
#8604=DIRECTION('',(0.,1.,0.));
#8605=DIRECTION('center_axis',(0.70361495945037,0.,-0.710581444197394));
#8606=DIRECTION('ref_axis',(-0.710581444197394,0.,-0.70361495945037));
#8607=DIRECTION('',(0.,1.,0.));
#8608=DIRECTION('',(-0.710581444197394,0.,-0.70361495945037));
#8609=DIRECTION('',(0.,1.,0.));
#8610=DIRECTION('',(0.,1.,0.));
#8611=DIRECTION('center_axis',(-0.703614959450374,0.,0.71058144419739));
#8612=DIRECTION('ref_axis',(0.71058144419739,0.,0.703614959450374));
#8613=DIRECTION('',(0.71058144419739,0.,0.703614959450374));
#8614=DIRECTION('center_axis',(0.,-1.,0.));
#8615=DIRECTION('ref_axis',(0.,0.,-1.));
#8616=DIRECTION('',(0.,1.,0.));
#8617=DIRECTION('',(0.,1.,0.));
#8618=DIRECTION('center_axis',(-0.710450019384589,0.,0.703747660711165));
#8619=DIRECTION('ref_axis',(0.703747660711165,0.,0.710450019384589));
#8620=DIRECTION('',(0.,1.,0.));
#8621=DIRECTION('',(0.703747660711165,0.,0.710450019384589));
#8622=DIRECTION('',(0.,1.,0.));
#8623=DIRECTION('',(0.,1.,0.));
#8624=DIRECTION('center_axis',(-0.707106781186551,0.,-0.707106781186544));
#8625=DIRECTION('ref_axis',(-0.707106781186544,0.,0.707106781186551));
#8626=DIRECTION('',(-0.707106781186544,0.,0.707106781186551));
#8627=DIRECTION('center_axis',(0.,-1.,0.));
#8628=DIRECTION('ref_axis',(0.,0.,-1.));
#8629=DIRECTION('',(0.,1.,0.));
#8630=DIRECTION('',(0.,1.,0.));
#8631=DIRECTION('center_axis',(-8.1215197127773E-15,0.,-1.));
#8632=DIRECTION('ref_axis',(-1.,0.,8.1215197127773E-15));
#8633=DIRECTION('',(-1.,0.,8.1215197127773E-15));
#8634=DIRECTION('',(0.,1.,0.));
#8635=DIRECTION('',(-1.,0.,8.1215197127773E-15));
#8636=DIRECTION('center_axis',(-1.,0.,0.));
#8637=DIRECTION('ref_axis',(0.,0.,1.));
#8638=DIRECTION('',(0.,0.,1.));
#8639=DIRECTION('',(0.,1.,0.));
#8640=DIRECTION('',(0.,0.,1.));
#8641=DIRECTION('center_axis',(8.12151971277736E-15,0.,1.));
#8642=DIRECTION('ref_axis',(1.,0.,-8.12151971277736E-15));
#8643=DIRECTION('',(1.,0.,-8.12151971277736E-15));
#8644=DIRECTION('',(1.,0.,-8.12151971277736E-15));
#8645=DIRECTION('center_axis',(1.,0.,-4.27932766735578E-15));
#8646=DIRECTION('ref_axis',(-4.27932766735578E-15,0.,-1.));
#8647=DIRECTION('',(0.,1.,0.));
#8648=DIRECTION('',(-4.27932766735578E-15,0.,-1.));
#8649=DIRECTION('',(0.,1.,0.));
#8650=DIRECTION('center_axis',(0.,0.,1.));
#8651=DIRECTION('ref_axis',(1.,0.,0.));
#8652=DIRECTION('',(0.,1.,0.));
#8653=DIRECTION('',(1.,0.,0.));
#8654=DIRECTION('',(0.,1.,0.));
#8655=DIRECTION('center_axis',(1.5985213402927E-14,0.,-1.));
#8656=DIRECTION('ref_axis',(-1.,0.,-1.5985213402927E-14));
#8657=DIRECTION('',(-1.,0.,-1.5985213402927E-14));
#8658=DIRECTION('center_axis',(0.,-1.,0.));
#8659=DIRECTION('ref_axis',(0.,0.,-1.));
#8660=DIRECTION('center_axis',(1.,0.,1.42644255578526E-15));
#8661=DIRECTION('ref_axis',(1.42644255578526E-15,0.,-1.));
#8662=DIRECTION('',(0.,1.,0.));
#8663=DIRECTION('',(1.42644255578526E-15,0.,-1.));
#8664=DIRECTION('',(0.,1.,0.));
#8665=DIRECTION('center_axis',(1.2828897380693E-14,0.,1.));
#8666=DIRECTION('ref_axis',(1.,0.,-1.2828897380693E-14));
#8667=DIRECTION('',(0.,1.,0.));
#8668=DIRECTION('',(1.,0.,-1.2828897380693E-14));
#8669=DIRECTION('center_axis',(-1.,0.,3.41379133689625E-15));
#8670=DIRECTION('ref_axis',(3.41379133689625E-15,0.,1.));
#8671=DIRECTION('',(0.,1.,0.));
#8672=DIRECTION('',(3.41379133689625E-15,0.,1.));
#8673=DIRECTION('center_axis',(-3.59667301565856E-15,0.,1.));
#8674=DIRECTION('ref_axis',(1.,0.,3.59667301565856E-15));
#8675=DIRECTION('',(0.,1.,0.));
#8676=DIRECTION('',(1.,0.,3.59667301565856E-15));
#8677=DIRECTION('center_axis',(1.,0.,0.));
#8678=DIRECTION('ref_axis',(0.,0.,-1.));
#8679=DIRECTION('',(0.,1.,0.));
#8680=DIRECTION('',(0.,0.,-1.));
#8681=DIRECTION('center_axis',(-6.3738509138253E-15,0.,1.));
#8682=DIRECTION('ref_axis',(1.,0.,6.3738509138253E-15));
#8683=DIRECTION('',(0.,1.,0.));
#8684=DIRECTION('',(1.,0.,6.3738509138253E-15));
#8685=DIRECTION('center_axis',(-1.,0.,-1.42644255578526E-15));
#8686=DIRECTION('ref_axis',(-1.42644255578526E-15,0.,1.));
#8687=DIRECTION('',(0.,1.,0.));
#8688=DIRECTION('',(-1.42644255578526E-15,0.,1.));
#8689=DIRECTION('center_axis',(6.37385091382534E-15,0.,-1.));
#8690=DIRECTION('ref_axis',(-1.,0.,-6.37385091382534E-15));
#8691=DIRECTION('',(0.,1.,0.));
#8692=DIRECTION('',(-1.,0.,-6.37385091382534E-15));
#8693=DIRECTION('center_axis',(1.,0.,0.));
#8694=DIRECTION('ref_axis',(0.,0.,-1.));
#8695=DIRECTION('',(0.,1.,0.));
#8696=DIRECTION('',(0.,0.,-1.));
#8697=DIRECTION('center_axis',(-1.07900190469756E-14,0.,-1.));
#8698=DIRECTION('ref_axis',(-1.,0.,1.07900190469756E-14));
#8699=DIRECTION('',(0.,1.,0.));
#8700=DIRECTION('',(-1.,0.,1.07900190469756E-14));
#8701=DIRECTION('center_axis',(-1.,0.,1.09862012114661E-14));
#8702=DIRECTION('ref_axis',(1.09862012114661E-14,0.,1.));
#8703=DIRECTION('',(0.,1.,0.));
#8704=DIRECTION('',(1.09862012114661E-14,0.,1.));
#8705=DIRECTION('center_axis',(1.28288973806927E-14,0.,-1.));
#8706=DIRECTION('ref_axis',(-1.,0.,-1.28288973806927E-14));
#8707=DIRECTION('',(-1.,0.,-1.28288973806927E-14));
#8708=DIRECTION('center_axis',(0.,1.,0.));
#8709=DIRECTION('ref_axis',(0.,0.,1.));
#8710=DIRECTION('center_axis',(-0.952000497204927,0.,0.306096477146622));
#8711=DIRECTION('ref_axis',(0.306096477146622,0.,0.952000497204927));
#8712=DIRECTION('',(0.,1.,0.));
#8713=DIRECTION('',(0.306096477146622,0.,0.952000497204927));
#8714=DIRECTION('',(0.,1.,0.));
#8715=DIRECTION('center_axis',(6.49721577022195E-15,0.,-1.));
#8716=DIRECTION('ref_axis',(-1.,0.,-6.49721577022195E-15));
#8717=DIRECTION('',(0.,1.,0.));
#8718=DIRECTION('',(-1.,0.,-6.49721577022195E-15));
#8719=DIRECTION('center_axis',(0.956801827322966,0.,-0.2907408867556));
#8720=DIRECTION('ref_axis',(-0.2907408867556,0.,-0.956801827322966));
#8721=DIRECTION('',(0.,1.,0.));
#8722=DIRECTION('',(-0.2907408867556,0.,-0.956801827322966));
#8723=DIRECTION('center_axis',(-0.95826231815923,0.,-0.285890415362423));
#8724=DIRECTION('ref_axis',(-0.285890415362423,0.,0.95826231815923));
#8725=DIRECTION('',(0.,1.,0.));
#8726=DIRECTION('',(-0.285890415362423,0.,0.95826231815923));
#8727=DIRECTION('center_axis',(-8.18754832832862E-15,0.,-1.));
#8728=DIRECTION('ref_axis',(-1.,0.,8.18754832832862E-15));
#8729=DIRECTION('',(0.,1.,0.));
#8730=DIRECTION('',(-1.,0.,8.18754832832862E-15));
#8731=DIRECTION('center_axis',(0.95826231815923,0.,-0.285890415362422));
#8732=DIRECTION('ref_axis',(-0.285890415362422,0.,-0.95826231815923));
#8733=DIRECTION('',(0.,1.,0.));
#8734=DIRECTION('',(-0.285890415362422,0.,-0.95826231815923));
#8735=DIRECTION('center_axis',(-0.956310546584943,0.,-0.292352763781034));
#8736=DIRECTION('ref_axis',(-0.292352763781033,0.,0.956310546584942));
#8737=DIRECTION('',(0.,1.,0.));
#8738=DIRECTION('',(-0.292352763781033,0.,0.956310546584942));
#8739=DIRECTION('center_axis',(0.,0.,-1.));
#8740=DIRECTION('ref_axis',(-1.,0.,0.));
#8741=DIRECTION('',(0.,1.,0.));
#8742=DIRECTION('',(-1.,0.,0.));
#8743=DIRECTION('center_axis',(0.952000497204925,0.,0.306096477146626));
#8744=DIRECTION('ref_axis',(0.306096477146626,0.,-0.952000497204925));
#8745=DIRECTION('',(0.,1.,0.));
#8746=DIRECTION('',(0.306096477146626,0.,-0.952000497204925));
#8747=DIRECTION('center_axis',(0.,0.,1.));
#8748=DIRECTION('ref_axis',(1.,0.,0.));
#8749=DIRECTION('',(0.,1.,0.));
#8750=DIRECTION('',(1.,0.,0.));
#8751=DIRECTION('center_axis',(-0.957777724857472,0.,0.287509703778575));
#8752=DIRECTION('ref_axis',(0.287509703778575,0.,0.957777724857472));
#8753=DIRECTION('',(0.,1.,0.));
#8754=DIRECTION('',(0.287509703778575,0.,0.957777724857472));
#8755=DIRECTION('center_axis',(0.957777724857473,0.,0.287509703778575));
#8756=DIRECTION('ref_axis',(0.287509703778575,0.,-0.957777724857472));
#8757=DIRECTION('',(0.,1.,0.));
#8758=DIRECTION('',(0.287509703778575,0.,-0.957777724857472));
#8759=DIRECTION('center_axis',(-8.18754832832824E-15,0.,1.));
#8760=DIRECTION('ref_axis',(1.,0.,8.18754832832824E-15));
#8761=DIRECTION('',(1.,0.,8.18754832832824E-15));
#8762=DIRECTION('center_axis',(0.,1.,0.));
#8763=DIRECTION('ref_axis',(0.,0.,1.));
#8764=DIRECTION('center_axis',(-3.36249897958063E-15,0.,-1.));
#8765=DIRECTION('ref_axis',(-1.,0.,3.36249897958063E-15));
#8766=DIRECTION('',(0.,1.,0.));
#8767=DIRECTION('',(-1.,0.,3.36249897958063E-15));
#8768=DIRECTION('',(0.,1.,0.));
#8769=DIRECTION('center_axis',(1.,0.,-1.47017291151004E-14));
#8770=DIRECTION('ref_axis',(-1.47017291151004E-14,0.,-1.));
#8771=DIRECTION('',(0.,1.,0.));
#8772=DIRECTION('',(-1.47017291151004E-14,0.,-1.));
#8773=DIRECTION('center_axis',(-9.1137415781393E-15,0.,1.));
#8774=DIRECTION('ref_axis',(1.,0.,9.1137415781393E-15));
#8775=DIRECTION('',(0.,1.,0.));
#8776=DIRECTION('',(1.,0.,9.1137415781393E-15));
#8777=DIRECTION('center_axis',(1.,0.,0.));
#8778=DIRECTION('ref_axis',(0.,0.,-1.));
#8779=DIRECTION('',(0.,1.,0.));
#8780=DIRECTION('',(0.,0.,-1.));
#8781=DIRECTION('center_axis',(1.2828897380693E-14,0.,1.));
#8782=DIRECTION('ref_axis',(1.,0.,-1.2828897380693E-14));
#8783=DIRECTION('',(0.,1.,0.));
#8784=DIRECTION('',(1.,0.,-1.2828897380693E-14));
#8785=DIRECTION('center_axis',(-1.,0.,3.53978363579751E-15));
#8786=DIRECTION('ref_axis',(3.53978363579751E-15,0.,1.));
#8787=DIRECTION('',(0.,1.,0.));
#8788=DIRECTION('',(3.53978363579751E-15,0.,1.));
#8789=DIRECTION('center_axis',(1.3670612367209E-14,0.,1.));
#8790=DIRECTION('ref_axis',(1.,0.,-1.3670612367209E-14));
#8791=DIRECTION('',(0.,1.,0.));
#8792=DIRECTION('',(1.,0.,-1.3670612367209E-14));
#8793=DIRECTION('center_axis',(-1.,0.,-1.47017291151005E-14));
#8794=DIRECTION('ref_axis',(-1.47017291151005E-14,0.,1.));
#8795=DIRECTION('',(-1.47017291151005E-14,0.,1.));
#8796=DIRECTION('center_axis',(0.,1.,0.));
#8797=DIRECTION('ref_axis',(0.,0.,1.));
#8798=DIRECTION('',(0.,1.,0.));
#8799=DIRECTION('',(0.,1.,0.));
#8800=DIRECTION('center_axis',(-1.,0.,-6.21006104229492E-12));
#8801=DIRECTION('ref_axis',(-6.21006104229492E-12,0.,1.));
#8802=DIRECTION('',(-6.21006104229492E-12,0.,1.));
#8803=DIRECTION('',(0.,1.,0.));
#8804=DIRECTION('',(-6.21006104229492E-12,0.,1.));
#8805=DIRECTION('',(0.,1.,0.));
#8806=DIRECTION('',(0.,1.,0.));
#8807=DIRECTION('',(0.,1.,0.));
#8808=DIRECTION('center_axis',(0.,1.,0.));
#8809=DIRECTION('ref_axis',(-0.689646995297852,0.,-0.724145718675906));
#8810=DIRECTION('',(0.,1.,0.));
#8811=DIRECTION('',(0.,1.,0.));
#8812=DIRECTION('center_axis',(1.,0.,-1.43751413016227E-14));
#8813=DIRECTION('ref_axis',(-1.43751413016227E-14,0.,-1.));
#8814=DIRECTION('',(0.,1.,0.));
#8815=DIRECTION('',(-1.43751413016227E-14,0.,-1.));
#8816=DIRECTION('center_axis',(0.,0.,1.));
#8817=DIRECTION('ref_axis',(1.,0.,0.));
#8818=DIRECTION('',(0.,1.,0.));
#8819=DIRECTION('',(1.,0.,0.));
#8820=DIRECTION('center_axis',(-1.,0.,6.00199198675974E-15));
#8821=DIRECTION('ref_axis',(6.00199198675974E-15,0.,1.));
#8822=DIRECTION('',(0.,1.,0.));
#8823=DIRECTION('',(6.00199198675974E-15,0.,1.));
#8824=DIRECTION('center_axis',(6.25173930433E-14,0.,-1.));
#8825=DIRECTION('ref_axis',(-1.,0.,-6.25173930433E-14));
#8826=DIRECTION('',(0.,1.,0.));
#8827=DIRECTION('',(-1.,0.,-6.25173930433E-14));
#8828=DIRECTION('center_axis',(1.,0.,-5.75005652064924E-14));
#8829=DIRECTION('ref_axis',(-5.75005652064924E-14,0.,-1.));
#8830=DIRECTION('',(0.,1.,0.));
#8831=DIRECTION('',(-5.75005652064924E-14,0.,-1.));
#8832=DIRECTION('',(0.,1.,0.));
#8833=DIRECTION('center_axis',(0.,-1.,0.));
#8834=DIRECTION('ref_axis',(0.,0.,-1.));
#8835=DIRECTION('center_axis',(-0.807445709529862,0.,-0.589941883715521));
#8836=DIRECTION('ref_axis',(-0.589941883715521,0.,0.807445709529862));
#8837=DIRECTION('',(0.,1.,0.));
#8838=DIRECTION('',(-0.589941883715521,0.,0.807445709529862));
#8839=DIRECTION('',(0.,1.,0.));
#8840=DIRECTION('center_axis',(1.73951289700298E-14,0.,-1.));
#8841=DIRECTION('ref_axis',(-1.,0.,-1.73951289700298E-14));
#8842=DIRECTION('',(0.,1.,0.));
#8843=DIRECTION('',(-1.,0.,-1.73951289700298E-14));
#8844=DIRECTION('center_axis',(0.801653347816868,0.,0.597789185193249));
#8845=DIRECTION('ref_axis',(0.597789185193249,0.,-0.801653347816868));
#8846=DIRECTION('',(0.,1.,0.));
#8847=DIRECTION('',(0.597789185193249,0.,-0.801653347816868));
#8848=DIRECTION('center_axis',(0.803129098056211,0.,-0.595805045174525));
#8849=DIRECTION('ref_axis',(-0.595805045174525,0.,-0.803129098056211));
#8850=DIRECTION('',(0.,1.,0.));
#8851=DIRECTION('',(-0.595805045174525,0.,-0.803129098056211));
#8852=DIRECTION('center_axis',(-5.36892885501502E-14,0.,1.));
#8853=DIRECTION('ref_axis',(1.,0.,5.36892885501502E-14));
#8854=DIRECTION('',(0.,1.,0.));
#8855=DIRECTION('',(1.,0.,5.36892885501502E-14));
#8856=DIRECTION('center_axis',(-0.814765579319979,0.,0.579790523167962));
#8857=DIRECTION('ref_axis',(0.579790523167962,0.,0.814765579319979));
#8858=DIRECTION('',(0.,1.,0.));
#8859=DIRECTION('',(0.579790523167962,0.,0.814765579319979));
#8860=DIRECTION('center_axis',(0.814765579319973,0.,0.57979052316797));
#8861=DIRECTION('ref_axis',(0.57979052316797,0.,-0.814765579319973));
#8862=DIRECTION('',(0.,1.,0.));
#8863=DIRECTION('',(0.57979052316797,0.,-0.814765579319973));
#8864=DIRECTION('center_axis',(-1.74439916918558E-14,0.,1.));
#8865=DIRECTION('ref_axis',(1.,0.,1.74439916918558E-14));
#8866=DIRECTION('',(0.,1.,0.));
#8867=DIRECTION('',(1.,0.,1.74439916918558E-14));
#8868=DIRECTION('center_axis',(-0.809694291064419,0.,-0.586851902116444));
#8869=DIRECTION('ref_axis',(-0.586851902116444,0.,0.809694291064419));
#8870=DIRECTION('',(0.,1.,0.));
#8871=DIRECTION('',(-0.586851902116444,0.,0.809694291064419));
#8872=DIRECTION('center_axis',(-0.804866982773454,0.,0.593455255298289));
#8873=DIRECTION('ref_axis',(0.593455255298289,0.,0.804866982773454));
#8874=DIRECTION('',(0.,1.,0.));
#8875=DIRECTION('',(0.593455255298289,0.,0.804866982773454));
#8876=DIRECTION('center_axis',(3.61050060598871E-14,0.,-1.));
#8877=DIRECTION('ref_axis',(-1.,0.,-3.61050060598871E-14));
#8878=DIRECTION('',(0.,1.,0.));
#8879=DIRECTION('',(-1.,0.,-3.61050060598871E-14));
#8880=DIRECTION('center_axis',(0.817385595545174,0.,-0.576090954793826));
#8881=DIRECTION('ref_axis',(-0.576090954793826,0.,-0.817385595545173));
#8882=DIRECTION('',(-0.576090954793826,0.,-0.817385595545173));
#8883=DIRECTION('center_axis',(0.,1.,0.));
#8884=DIRECTION('ref_axis',(0.,0.,1.));
#8885=DIRECTION('center_axis',(0.707106781186543,0.,-0.707106781186552));
#8886=DIRECTION('ref_axis',(-0.707106781186552,0.,-0.707106781186543));
#8887=DIRECTION('',(0.,1.,0.));
#8888=DIRECTION('',(-0.707106781186552,0.,-0.707106781186543));
#8889=DIRECTION('',(0.,1.,0.));
#8890=DIRECTION('',(0.,1.,0.));
#8891=DIRECTION('center_axis',(-0.708335460904404,0.,0.705875962776284));
#8892=DIRECTION('ref_axis',(0.705875962776284,0.,0.708335460904404));
#8893=DIRECTION('',(0.,1.,0.));
#8894=DIRECTION('',(0.705875962776284,0.,0.708335460904404));
#8895=DIRECTION('center_axis',(0.,0.,1.));
#8896=DIRECTION('ref_axis',(1.,0.,0.));
#8897=DIRECTION('',(0.,1.,0.));
#8898=DIRECTION('',(1.,0.,0.));
#8899=DIRECTION('center_axis',(0.707106781186548,0.,0.707106781186548));
#8900=DIRECTION('ref_axis',(0.707106781186548,0.,-0.707106781186548));
#8901=DIRECTION('',(0.,1.,0.));
#8902=DIRECTION('',(0.707106781186548,0.,-0.707106781186548));
#8903=DIRECTION('center_axis',(1.,0.,0.));
#8904=DIRECTION('ref_axis',(0.,0.,-1.));
#8905=DIRECTION('',(0.,1.,0.));
#8906=DIRECTION('',(0.,0.,-1.));
#8907=DIRECTION('center_axis',(0.707106781186543,0.,-0.707106781186552));
#8908=DIRECTION('ref_axis',(-0.707106781186552,0.,-0.707106781186543));
#8909=DIRECTION('',(0.,1.,0.));
#8910=DIRECTION('',(-0.707106781186552,0.,-0.707106781186543));
#8911=DIRECTION('',(0.,1.,0.));
#8912=DIRECTION('center_axis',(-0.707106781186559,0.,0.707106781186536));
#8913=DIRECTION('ref_axis',(0.707106781186536,0.,0.707106781186559));
#8914=DIRECTION('',(0.,1.,0.));
#8915=DIRECTION('',(0.707106781186536,0.,0.707106781186559));
#8916=DIRECTION('center_axis',(-1.,0.,3.62336951716946E-15));
#8917=DIRECTION('ref_axis',(3.62336951716946E-15,0.,1.));
#8918=DIRECTION('',(0.,1.,0.));
#8919=DIRECTION('',(3.62336951716946E-15,0.,1.));
#8920=DIRECTION('center_axis',(2.3515668166347E-12,0.,-1.));
#8921=DIRECTION('ref_axis',(-1.,0.,-2.3515668166347E-12));
#8922=DIRECTION('',(0.,1.,0.));
#8923=DIRECTION('',(-1.,0.,-2.3515668166347E-12));
#8924=DIRECTION('center_axis',(-0.707106781186548,0.,-0.707106781186548));
#8925=DIRECTION('ref_axis',(-0.707106781186548,0.,0.707106781186548));
#8926=DIRECTION('',(0.,1.,0.));
#8927=DIRECTION('',(-0.707106781186548,0.,0.707106781186548));
#8928=DIRECTION('center_axis',(0.,0.,-1.));
#8929=DIRECTION('ref_axis',(-1.,0.,0.));
#8930=DIRECTION('',(-1.,0.,0.));
#8931=DIRECTION('center_axis',(0.,-1.,0.));
#8932=DIRECTION('ref_axis',(0.,0.,-1.));
#8933=DIRECTION('center_axis',(0.,1.,0.));
#8934=DIRECTION('ref_axis',(0.,0.,1.));
#8935=DIRECTION('center_axis',(0.,1.,0.));
#8936=DIRECTION('ref_axis',(0.,0.,1.));
#8937=DIRECTION('center_axis',(0.,1.,0.));
#8938=DIRECTION('ref_axis',(0.,0.,1.));
#8939=DIRECTION('center_axis',(0.,1.,0.));
#8940=DIRECTION('ref_axis',(0.,0.,1.));
#8941=DIRECTION('center_axis',(0.,1.,0.));
#8942=DIRECTION('ref_axis',(0.,0.,1.));
#8943=DIRECTION('center_axis',(0.,0.,-1.));
#8944=DIRECTION('ref_axis',(1.,0.,0.));
#8945=DIRECTION('',(0.,1.,0.));
#8946=DIRECTION('center_axis',(-1.,0.,2.35799580451361E-16));
#8947=DIRECTION('ref_axis',(-2.35799580451361E-16,0.,-1.));
#8948=DIRECTION('center_axis',(1.,0.,-2.35799580451361E-16));
#8949=DIRECTION('ref_axis',(2.35799580451361E-16,0.,1.));
#8950=DIRECTION('',(0.,-1.,0.));
#8951=DIRECTION('center_axis',(0.,0.,-1.));
#8952=DIRECTION('ref_axis',(1.,0.,0.));
#8953=DIRECTION('center_axis',(-4.88905552128509E-16,0.,-1.));
#8954=DIRECTION('ref_axis',(-1.,0.,4.88905552128509E-16));
#8955=DIRECTION('center_axis',(0.,1.,0.));
#8956=DIRECTION('ref_axis',(0.,0.,1.));
#8957=DIRECTION('center_axis',(0.,1.,0.));
#8958=DIRECTION('ref_axis',(0.,0.,1.));
#8959=DIRECTION('center_axis',(0.,1.,0.));
#8960=DIRECTION('ref_axis',(0.,0.,1.));
#8961=DIRECTION('center_axis',(0.,1.,0.));
#8962=DIRECTION('ref_axis',(0.,0.,1.));
#8963=DIRECTION('center_axis',(0.,-1.,0.));
#8964=DIRECTION('ref_axis',(-0.707106781186547,0.,0.707106781186548));
#8965=DIRECTION('center_axis',(0.,1.,0.));
#8966=DIRECTION('ref_axis',(0.,0.,1.));
#8967=CARTESIAN_POINT('',(0.,0.,0.));
#8968=CARTESIAN_POINT('Origin',(57.,31.1,61.5));
#8969=CARTESIAN_POINT('',(58.5,31.6,58.9019237886467));
#8970=CARTESIAN_POINT('',(60.,31.6,61.5));
#8971=CARTESIAN_POINT('Origin',(57.,31.6,61.5));
#8972=CARTESIAN_POINT('',(54.4019237886467,31.6,63.));
#8973=CARTESIAN_POINT('Origin',(57.,31.6,61.5));
#8974=CARTESIAN_POINT('Origin',(57.,31.6,61.5));
#8975=CARTESIAN_POINT('',(59.,30.6,61.5));
#8976=CARTESIAN_POINT('',(59.5,31.1,61.5));
#8977=CARTESIAN_POINT('',(55.,30.6,61.5));
#8978=CARTESIAN_POINT('Origin',(57.,30.6,61.5));
#8979=CARTESIAN_POINT('Origin',(57.,30.6,61.5));
#8980=CARTESIAN_POINT('Origin',(0.,31.6,0.));
#8981=CARTESIAN_POINT('',(56.,31.6,54.5717967697245));
#8982=CARTESIAN_POINT('Origin',(61.,31.6,54.5717967697245));
#8983=CARTESIAN_POINT('',(56.,31.6,-54.5717967697245));
#8984=CARTESIAN_POINT('',(56.,31.6,-28.75));
#8985=CARTESIAN_POINT('',(58.5,31.6,-58.9019237886467));
#8986=CARTESIAN_POINT('Origin',(61.,31.6,-54.5717967697245));
#8987=CARTESIAN_POINT('',(54.4019237886467,31.6,-63.));
#8988=CARTESIAN_POINT('Origin',(57.,31.6,-61.5));
#8989=CARTESIAN_POINT('',(50.0717967697245,31.6,-60.5));
#8990=CARTESIAN_POINT('Origin',(50.0717967697245,31.6,-65.5));
#8991=CARTESIAN_POINT('',(-50.0717967697245,31.6,-60.5));
#8992=CARTESIAN_POINT('',(-26.5,31.6,-60.5));
#8993=CARTESIAN_POINT('',(-54.4019237886467,31.6,-63.));
#8994=CARTESIAN_POINT('Origin',(-50.0717967697245,31.6,-65.5));
#8995=CARTESIAN_POINT('',(-54.,31.6,-61.5));
#8996=CARTESIAN_POINT('Origin',(-57.,31.6,-61.5));
#8997=CARTESIAN_POINT('',(-58.5,31.6,-58.9019237886467));
#8998=CARTESIAN_POINT('Origin',(-57.,31.6,-61.5));
#8999=CARTESIAN_POINT('',(-56.,31.6,-54.5717967697245));
#9000=CARTESIAN_POINT('Origin',(-61.,31.6,-54.5717967697245));
#9001=CARTESIAN_POINT('',(-56.,31.6,54.5717967697245));
#9002=CARTESIAN_POINT('',(-56.,31.6,28.75));
#9003=CARTESIAN_POINT('',(-58.5,31.6,58.9019237886467));
#9004=CARTESIAN_POINT('Origin',(-61.,31.6,54.5717967697245));
#9005=CARTESIAN_POINT('',(-54.,31.6,61.5));
#9006=CARTESIAN_POINT('Origin',(-57.,31.6,61.5));
#9007=CARTESIAN_POINT('',(-54.4019237886467,31.6,63.));
#9008=CARTESIAN_POINT('Origin',(-57.,31.6,61.5));
#9009=CARTESIAN_POINT('',(-50.0717967697245,31.6,60.5));
#9010=CARTESIAN_POINT('Origin',(-50.0717967697245,31.6,65.5));
#9011=CARTESIAN_POINT('',(50.0717967697245,31.6,60.5));
#9012=CARTESIAN_POINT('',(26.5,31.6,60.5));
#9013=CARTESIAN_POINT('Origin',(50.0717967697245,31.6,65.5));
#9014=CARTESIAN_POINT('',(-52.5,31.6,20.));
#9015=CARTESIAN_POINT('',(-52.5,31.6,57.));
#9016=CARTESIAN_POINT('',(-52.5,31.6,10.));
#9017=CARTESIAN_POINT('',(-54.5,31.6,20.));
#9018=CARTESIAN_POINT('',(-52.,31.6,20.));
#9019=CARTESIAN_POINT('',(-54.5,31.6,-20.));
#9020=CARTESIAN_POINT('',(-54.5,31.6,59.));
#9021=CARTESIAN_POINT('',(-52.5,31.6,-20.));
#9022=CARTESIAN_POINT('',(-54.5,31.6,-20.));
#9023=CARTESIAN_POINT('',(-52.5,31.6,-57.));
#9024=CARTESIAN_POINT('',(-52.5,31.6,-28.25));
#9025=CARTESIAN_POINT('',(52.5,31.6,-57.));
#9026=CARTESIAN_POINT('',(26.,31.6,-57.));
#9027=CARTESIAN_POINT('',(52.5,31.6,-20.));
#9028=CARTESIAN_POINT('',(52.5,31.6,28.25));
#9029=CARTESIAN_POINT('',(54.5,31.6,-20.));
#9030=CARTESIAN_POINT('',(26.,31.6,-20.));
#9031=CARTESIAN_POINT('',(54.5,31.6,20.));
#9032=CARTESIAN_POINT('',(54.5,31.6,-10.));
#9033=CARTESIAN_POINT('',(52.5,31.6,20.));
#9034=CARTESIAN_POINT('',(27.25,31.6,20.));
#9035=CARTESIAN_POINT('',(52.5,31.6,57.));
#9036=CARTESIAN_POINT('',(52.5,31.6,28.25));
#9037=CARTESIAN_POINT('',(-26.,31.6,57.));
#9038=CARTESIAN_POINT('Origin',(57.,31.6,61.5));
#9039=CARTESIAN_POINT('',(55.,21.6,61.5));
#9040=CARTESIAN_POINT('',(55.,31.6,61.5));
#9041=CARTESIAN_POINT('Origin',(57.,21.6,61.5));
#9042=CARTESIAN_POINT('Origin',(-57.,31.1,61.5));
#9043=CARTESIAN_POINT('',(-55.,30.6,61.5));
#9044=CARTESIAN_POINT('',(-54.5,31.1,61.5));
#9045=CARTESIAN_POINT('',(-59.,30.6,61.5));
#9046=CARTESIAN_POINT('Origin',(-57.,30.6,61.5));
#9047=CARTESIAN_POINT('Origin',(-57.,30.6,61.5));
#9048=CARTESIAN_POINT('Origin',(-57.,31.6,61.5));
#9049=CARTESIAN_POINT('Origin',(-57.,31.6,61.5));
#9050=CARTESIAN_POINT('',(-59.,21.6,61.5));
#9051=CARTESIAN_POINT('',(-59.,31.6,61.5));
#9052=CARTESIAN_POINT('Origin',(-57.,21.6,61.5));
#9053=CARTESIAN_POINT('Origin',(-57.,31.1,-61.5));
#9054=CARTESIAN_POINT('',(-55.,30.6,-61.5));
#9055=CARTESIAN_POINT('',(-54.5,31.1,-61.5));
#9056=CARTESIAN_POINT('',(-59.,30.6,-61.5));
#9057=CARTESIAN_POINT('Origin',(-57.,30.6,-61.5));
#9058=CARTESIAN_POINT('Origin',(-57.,30.6,-61.5));
#9059=CARTESIAN_POINT('Origin',(-57.,31.6,-61.5));
#9060=CARTESIAN_POINT('Origin',(-57.,31.6,-61.5));
#9061=CARTESIAN_POINT('',(-59.,21.6,-61.5));
#9062=CARTESIAN_POINT('',(-59.,31.6,-61.5));
#9063=CARTESIAN_POINT('Origin',(-57.,21.6,-61.5));
#9064=CARTESIAN_POINT('Origin',(57.,31.1,-61.5));
#9065=CARTESIAN_POINT('',(60.,31.6,-61.5));
#9066=CARTESIAN_POINT('Origin',(57.,31.6,-61.5));
#9067=CARTESIAN_POINT('Origin',(57.,31.6,-61.5));
#9068=CARTESIAN_POINT('',(59.,30.6,-61.5));
#9069=CARTESIAN_POINT('',(59.5,31.1,-61.5));
#9070=CARTESIAN_POINT('',(55.,30.6,-61.5));
#9071=CARTESIAN_POINT('Origin',(57.,30.6,-61.5));
#9072=CARTESIAN_POINT('Origin',(57.,30.6,-61.5));
#9073=CARTESIAN_POINT('Origin',(57.,31.6,-61.5));
#9074=CARTESIAN_POINT('',(55.,21.6,-61.5));
#9075=CARTESIAN_POINT('',(55.,31.6,-61.5));
#9076=CARTESIAN_POINT('Origin',(57.,21.6,-61.5));
#9077=CARTESIAN_POINT('Origin',(52.5,31.1,28.25));
#9078=CARTESIAN_POINT('',(52.,31.1,20.));
#9079=CARTESIAN_POINT('Origin',(52.5,31.1,20.));
#9080=CARTESIAN_POINT('',(52.,31.1,56.5));
#9081=CARTESIAN_POINT('',(52.,31.1,28.25));
#9082=CARTESIAN_POINT('Origin',(52.5,31.1,57.));
#9083=CARTESIAN_POINT('Origin',(-26.,31.1,57.));
#9084=CARTESIAN_POINT('',(-52.,31.1,56.5));
#9085=CARTESIAN_POINT('',(-26.,31.1,56.5));
#9086=CARTESIAN_POINT('Origin',(-52.5,31.1,57.));
#9087=CARTESIAN_POINT('Origin',(-52.5,31.1,10.));
#9088=CARTESIAN_POINT('',(-52.,31.1,20.));
#9089=CARTESIAN_POINT('',(-52.,31.1,10.));
#9090=CARTESIAN_POINT('Origin',(-52.5,31.1,20.));
#9091=CARTESIAN_POINT('Origin',(-52.,31.6,56.5));
#9092=CARTESIAN_POINT('',(52.0000000000001,29.1,56.5));
#9093=CARTESIAN_POINT('',(52.,31.6,56.5));
#9094=CARTESIAN_POINT('',(-52.,29.1,56.5));
#9095=CARTESIAN_POINT('',(52.,29.1,56.5));
#9096=CARTESIAN_POINT('',(-52.,31.6,56.5));
#9097=CARTESIAN_POINT('Origin',(52.,31.6,56.5));
#9098=CARTESIAN_POINT('',(52.,29.1,20.));
#9099=CARTESIAN_POINT('',(52.,31.6,20.));
#9100=CARTESIAN_POINT('',(52.,29.1,-56.5));
#9101=CARTESIAN_POINT('Origin',(54.5,31.6,20.));
#9102=CARTESIAN_POINT('',(54.5,26.6,20.));
#9103=CARTESIAN_POINT('',(54.5,31.6,20.));
#9104=CARTESIAN_POINT('',(52.6250000000001,28.475,20.));
#9105=CARTESIAN_POINT('Origin',(-52.5,31.1,-28.25));
#9106=CARTESIAN_POINT('',(-52.,31.1,-20.));
#9107=CARTESIAN_POINT('Origin',(-52.5,31.1,-20.));
#9108=CARTESIAN_POINT('',(-52.,31.1,-56.5));
#9109=CARTESIAN_POINT('',(-52.,31.1,-28.25));
#9110=CARTESIAN_POINT('Origin',(-52.5,31.1,-57.));
#9111=CARTESIAN_POINT('Origin',(26.,31.1,-57.));
#9112=CARTESIAN_POINT('',(52.,31.1,-56.5));
#9113=CARTESIAN_POINT('',(26.,31.1,-56.5));
#9114=CARTESIAN_POINT('Origin',(52.5,31.1,-57.));
#9115=CARTESIAN_POINT('Origin',(52.5,31.1,28.25));
#9116=CARTESIAN_POINT('',(52.,31.1,-20.));
#9117=CARTESIAN_POINT('',(52.,31.1,28.25));
#9118=CARTESIAN_POINT('Origin',(52.5,31.1,-20.));
#9119=CARTESIAN_POINT('Origin',(52.,31.6,-56.5));
#9120=CARTESIAN_POINT('',(-52.,29.1,-56.5));
#9121=CARTESIAN_POINT('',(-52.,31.6,-56.5));
#9122=CARTESIAN_POINT('',(52.,29.1,-56.5));
#9123=CARTESIAN_POINT('',(-52.,29.1,-56.5));
#9124=CARTESIAN_POINT('',(52.,31.6,-56.5));
#9125=CARTESIAN_POINT('Origin',(-52.,31.6,-56.5));
#9126=CARTESIAN_POINT('',(-52.,29.1,-20.));
#9127=CARTESIAN_POINT('',(-52.,31.6,-20.));
#9128=CARTESIAN_POINT('',(-52.,29.1,56.5));
#9129=CARTESIAN_POINT('Origin',(-52.,31.6,-20.));
#9130=CARTESIAN_POINT('',(-54.5,26.6,-20.));
#9131=CARTESIAN_POINT('',(-54.5,15.8,-20.));
#9132=CARTESIAN_POINT('',(-52.,29.1,-20.));
#9133=CARTESIAN_POINT('Origin',(50.0717967697245,30.6,65.5));
#9134=CARTESIAN_POINT('',(53.5358983848623,30.6,63.5));
#9135=CARTESIAN_POINT('Origin',(54.4019237886467,30.6,63.));
#9136=CARTESIAN_POINT('',(50.0717967697245,30.6,61.5));
#9137=CARTESIAN_POINT('Origin',(50.0717967697245,30.6,60.5));
#9138=CARTESIAN_POINT('Origin',(50.0717967697245,30.6,65.5));
#9139=CARTESIAN_POINT('Origin',(26.5,30.6,60.5));
#9140=CARTESIAN_POINT('',(-50.0717967697245,30.6,61.5));
#9141=CARTESIAN_POINT('Origin',(-50.0717967697245,30.6,60.5));
#9142=CARTESIAN_POINT('',(26.5,30.6,61.5));
#9143=CARTESIAN_POINT('Origin',(-50.0717967697245,30.6,65.5));
#9144=CARTESIAN_POINT('',(-53.5358983848622,30.6,63.5));
#9145=CARTESIAN_POINT('Origin',(-54.4019237886467,30.6,63.));
#9146=CARTESIAN_POINT('Origin',(-50.0717967697245,30.6,65.5));
#9147=CARTESIAN_POINT('Origin',(-57.,30.6,61.5));
#9148=CARTESIAN_POINT('',(-59.,30.6,58.0358983848623));
#9149=CARTESIAN_POINT('Origin',(-58.5,30.6,58.9019237886467));
#9150=CARTESIAN_POINT('Origin',(-57.,30.6,61.5));
#9151=CARTESIAN_POINT('Origin',(-61.,30.6,54.5717967697245));
#9152=CARTESIAN_POINT('',(-57.,30.6,54.5717967697245));
#9153=CARTESIAN_POINT('Origin',(-56.,30.6,54.5717967697245));
#9154=CARTESIAN_POINT('Origin',(-61.,30.6,54.5717967697245));
#9155=CARTESIAN_POINT('Origin',(-56.,30.6,28.75));
#9156=CARTESIAN_POINT('',(-57.,30.6,-54.5717967697245));
#9157=CARTESIAN_POINT('Origin',(-56.,30.6,-54.5717967697245));
#9158=CARTESIAN_POINT('',(-57.,30.6,28.75));
#9159=CARTESIAN_POINT('Origin',(-61.,30.6,-54.5717967697245));
#9160=CARTESIAN_POINT('',(-59.,30.6,-58.0358983848622));
#9161=CARTESIAN_POINT('Origin',(-58.5,30.6,-58.9019237886467));
#9162=CARTESIAN_POINT('Origin',(-61.,30.6,-54.5717967697245));
#9163=CARTESIAN_POINT('Origin',(-57.,30.6,-61.5));
#9164=CARTESIAN_POINT('',(-53.5358983848623,30.6,-63.5));
#9165=CARTESIAN_POINT('Origin',(-54.4019237886467,30.6,-63.));
#9166=CARTESIAN_POINT('Origin',(-57.,30.6,-61.5));
#9167=CARTESIAN_POINT('Origin',(-50.0717967697245,30.6,-65.5));
#9168=CARTESIAN_POINT('',(-50.0717967697245,30.6,-61.5));
#9169=CARTESIAN_POINT('Origin',(-50.0717967697245,30.6,-60.5));
#9170=CARTESIAN_POINT('Origin',(-50.0717967697245,30.6,-65.5));
#9171=CARTESIAN_POINT('Origin',(-26.5,30.6,-60.5));
#9172=CARTESIAN_POINT('',(50.0717967697245,30.6,-61.5));
#9173=CARTESIAN_POINT('Origin',(50.0717967697245,30.6,-60.5));
#9174=CARTESIAN_POINT('',(-26.5,30.6,-61.5));
#9175=CARTESIAN_POINT('Origin',(50.0717967697245,30.6,-65.5));
#9176=CARTESIAN_POINT('',(53.5358983848622,30.6,-63.5));
#9177=CARTESIAN_POINT('Origin',(54.4019237886467,30.6,-63.));
#9178=CARTESIAN_POINT('Origin',(50.0717967697245,30.6,-65.5));
#9179=CARTESIAN_POINT('Origin',(57.,30.6,-61.5));
#9180=CARTESIAN_POINT('',(59.,30.6,-58.0358983848623));
#9181=CARTESIAN_POINT('Origin',(58.5,30.6,-58.9019237886467));
#9182=CARTESIAN_POINT('Origin',(57.,30.6,-61.5));
#9183=CARTESIAN_POINT('Origin',(61.,30.6,-54.5717967697245));
#9184=CARTESIAN_POINT('',(57.,30.6,-54.5717967697245));
#9185=CARTESIAN_POINT('Origin',(56.,30.6,-54.5717967697245));
#9186=CARTESIAN_POINT('Origin',(61.,30.6,-54.5717967697245));
#9187=CARTESIAN_POINT('Origin',(56.,30.6,-28.75));
#9188=CARTESIAN_POINT('',(57.,30.6,54.5717967697245));
#9189=CARTESIAN_POINT('Origin',(56.,30.6,54.5717967697245));
#9190=CARTESIAN_POINT('',(57.,30.6,-28.75));
#9191=CARTESIAN_POINT('Origin',(61.,30.6,54.5717967697245));
#9192=CARTESIAN_POINT('',(59.,30.6,58.0358983848622));
#9193=CARTESIAN_POINT('Origin',(58.5,30.6,58.9019237886467));
#9194=CARTESIAN_POINT('Origin',(61.,30.6,54.5717967697245));
#9195=CARTESIAN_POINT('Origin',(57.,30.6,61.5));
#9196=CARTESIAN_POINT('Origin',(57.,30.6,61.5));
#9197=CARTESIAN_POINT('Origin',(-53.,0.,-61.5));
#9198=CARTESIAN_POINT('',(50.0717967697245,-0.5,-61.5));
#9199=CARTESIAN_POINT('',(50.0717967697245,0.,-61.5));
#9200=CARTESIAN_POINT('',(-50.0717967697245,-0.5,-61.5));
#9201=CARTESIAN_POINT('',(-26.5,-0.5,-61.5));
#9202=CARTESIAN_POINT('',(-50.0717967697245,0.,-61.5));
#9203=CARTESIAN_POINT('Origin',(50.0717967697245,0.,-65.5));
#9204=CARTESIAN_POINT('',(53.5358983848622,-0.5,-63.5));
#9205=CARTESIAN_POINT('',(53.5358983848622,0.,-63.5));
#9206=CARTESIAN_POINT('Origin',(50.0717967697245,-0.5,-65.5));
#9207=CARTESIAN_POINT('Origin',(57.,0.,-61.5));
#9208=CARTESIAN_POINT('',(59.,-0.5,-58.0358983848623));
#9209=CARTESIAN_POINT('',(59.,0.,-58.0358983848623));
#9210=CARTESIAN_POINT('Origin',(57.,-0.5,-61.5));
#9211=CARTESIAN_POINT('Origin',(61.,0.,-54.5717967697245));
#9212=CARTESIAN_POINT('',(57.,-0.5,-54.5717967697245));
#9213=CARTESIAN_POINT('',(57.,0.,-54.5717967697245));
#9214=CARTESIAN_POINT('Origin',(61.,-0.5,-54.5717967697245));
#9215=CARTESIAN_POINT('Origin',(57.,0.,-57.5));
#9216=CARTESIAN_POINT('',(57.,-0.5,54.5717967697245));
#9217=CARTESIAN_POINT('',(57.,0.,54.5717967697245));
#9218=CARTESIAN_POINT('',(57.,-0.5,-28.75));
#9219=CARTESIAN_POINT('Origin',(61.,0.,54.5717967697245));
#9220=CARTESIAN_POINT('',(59.,-0.5,58.0358983848622));
#9221=CARTESIAN_POINT('',(59.,0.,58.0358983848622));
#9222=CARTESIAN_POINT('Origin',(61.,-0.5,54.5717967697245));
#9223=CARTESIAN_POINT('Origin',(57.,0.,61.5));
#9224=CARTESIAN_POINT('',(53.5358983848623,-0.5,63.5));
#9225=CARTESIAN_POINT('',(53.5358983848623,0.,63.5));
#9226=CARTESIAN_POINT('Origin',(57.,-0.5,61.5));
#9227=CARTESIAN_POINT('Origin',(50.0717967697245,0.,65.5));
#9228=CARTESIAN_POINT('',(50.0717967697245,-0.5,61.5));
#9229=CARTESIAN_POINT('',(50.0717967697245,0.,61.5));
#9230=CARTESIAN_POINT('Origin',(50.0717967697245,-0.5,65.5));
#9231=CARTESIAN_POINT('Origin',(-61.,-0.5,-54.5717967697245));
#9232=CARTESIAN_POINT('',(-59.,-0.5,-58.0358983848622));
#9233=CARTESIAN_POINT('',(-58.,-2.5,-59.7679491924311));
#9234=CARTESIAN_POINT('Origin',(-58.,-0.5,-59.7679491924311));
#9235=CARTESIAN_POINT('',(-55.,-2.5,-54.5717967697245));
#9236=CARTESIAN_POINT('Origin',(-61.,-2.5,-54.5717967697245));
#9237=CARTESIAN_POINT('',(-57.,-0.5,-54.5717967697245));
#9238=CARTESIAN_POINT('Origin',(-55.,-0.5,-54.5717967697245));
#9239=CARTESIAN_POINT('Origin',(-61.,-0.5,-54.5717967697245));
#9240=CARTESIAN_POINT('Origin',(-55.,-0.5,28.75));
#9241=CARTESIAN_POINT('',(-55.,-2.5,54.5717967697245));
#9242=CARTESIAN_POINT('',(-57.,-0.5,54.5717967697245));
#9243=CARTESIAN_POINT('Origin',(-55.,-0.5,54.5717967697245));
#9244=CARTESIAN_POINT('',(-57.,-0.5,28.75));
#9245=CARTESIAN_POINT('',(-55.,-2.5,28.75));
#9246=CARTESIAN_POINT('Origin',(-61.,-0.5,54.5717967697245));
#9247=CARTESIAN_POINT('',(-58.,-2.5,59.7679491924311));
#9248=CARTESIAN_POINT('',(-59.,-0.5,58.0358983848623));
#9249=CARTESIAN_POINT('Origin',(-58.,-0.5,59.7679491924311));
#9250=CARTESIAN_POINT('Origin',(-61.,-0.5,54.5717967697245));
#9251=CARTESIAN_POINT('Origin',(-61.,-2.5,54.5717967697245));
#9252=CARTESIAN_POINT('Ctrl Pts',(-53.5358983848622,-0.5,63.5));
#9253=CARTESIAN_POINT('Ctrl Pts',(-54.9363134612817,-0.5,65.9255900640439));
#9254=CARTESIAN_POINT('Ctrl Pts',(-57.6945927106677,-0.5,65.4392310120489));
#9255=CARTESIAN_POINT('Ctrl Pts',(-60.4528719600538,-0.5,64.9528719600538));
#9256=CARTESIAN_POINT('Ctrl Pts',(-60.9392310120488,-0.5,62.1945927106677));
#9257=CARTESIAN_POINT('Ctrl Pts',(-61.4255900640439,-0.5,59.4363134612817));
#9258=CARTESIAN_POINT('Ctrl Pts',(-59.,-0.5,58.0358983848623));
#9259=CARTESIAN_POINT('Ctrl Pts',(-53.5358983848622,-2.5,63.5));
#9260=CARTESIAN_POINT('Ctrl Pts',(-54.9363134612817,-2.5,65.9255900640439));
#9261=CARTESIAN_POINT('Ctrl Pts',(-57.6945927106677,-2.5,65.4392310120489));
#9262=CARTESIAN_POINT('Ctrl Pts',(-60.4528719600538,-2.5,64.9528719600538));
#9263=CARTESIAN_POINT('Ctrl Pts',(-60.9392310120488,-2.5,62.1945927106677));
#9264=CARTESIAN_POINT('Ctrl Pts',(-61.4255900640439,-2.5,59.4363134612817));
#9265=CARTESIAN_POINT('Ctrl Pts',(-59.,-2.5,58.0358983848623));
#9266=CARTESIAN_POINT('Ctrl Pts',(-55.2679491924311,-2.5,62.5));
#9267=CARTESIAN_POINT('Ctrl Pts',(-55.9681567306408,-2.5,63.712795032022));
#9268=CARTESIAN_POINT('Ctrl Pts',(-57.3472963553338,-2.5,63.4696155060244));
#9269=CARTESIAN_POINT('Ctrl Pts',(-58.7264359800269,-2.5,63.2264359800269));
#9270=CARTESIAN_POINT('Ctrl Pts',(-58.9696155060244,-2.5,61.8472963553339));
#9271=CARTESIAN_POINT('Ctrl Pts',(-59.2127950320219,-2.5,60.4681567306408));
#9272=CARTESIAN_POINT('Ctrl Pts',(-58.,-2.5,59.7679491924311));
#9273=CARTESIAN_POINT('',(-55.2679491924311,-2.5,62.5));
#9274=CARTESIAN_POINT('',(-53.5358983848622,-0.5,63.5));
#9275=CARTESIAN_POINT('Origin',(-55.2679491924311,-0.5,62.5));
#9276=CARTESIAN_POINT('Origin',(-57.,-0.5,61.5));
#9277=CARTESIAN_POINT('Origin',(-57.,-2.5,61.5));
#9278=CARTESIAN_POINT('Origin',(-50.0717967697245,-0.5,65.5));
#9279=CARTESIAN_POINT('',(-50.0717967697245,-2.5,59.5));
#9280=CARTESIAN_POINT('',(-50.0717967697245,-0.5,61.5));
#9281=CARTESIAN_POINT('Origin',(-50.0717967697245,-0.5,59.5));
#9282=CARTESIAN_POINT('Origin',(-50.0717967697245,-0.5,65.5));
#9283=CARTESIAN_POINT('Origin',(-50.0717967697245,-2.5,65.5));
#9284=CARTESIAN_POINT('Origin',(26.5,-0.5,59.5));
#9285=CARTESIAN_POINT('',(50.0717967697245,-2.5,59.5));
#9286=CARTESIAN_POINT('Origin',(50.0717967697245,-0.5,59.5));
#9287=CARTESIAN_POINT('',(26.5,-0.5,61.5));
#9288=CARTESIAN_POINT('',(26.5,-2.5,59.5));
#9289=CARTESIAN_POINT('Origin',(50.0717967697245,-0.5,65.5));
#9290=CARTESIAN_POINT('',(55.2679491924311,-2.5,62.5));
#9291=CARTESIAN_POINT('Origin',(55.2679491924311,-0.5,62.5));
#9292=CARTESIAN_POINT('Origin',(50.0717967697245,-2.5,65.5));
#9293=CARTESIAN_POINT('Ctrl Pts',(59.,-0.5,58.0358983848622));
#9294=CARTESIAN_POINT('Ctrl Pts',(61.4255900640439,-0.5,59.4363134612817));
#9295=CARTESIAN_POINT('Ctrl Pts',(60.9392310120489,-0.5,62.1945927106677));
#9296=CARTESIAN_POINT('Ctrl Pts',(60.4528719600538,-0.5,64.9528719600538));
#9297=CARTESIAN_POINT('Ctrl Pts',(57.6945927106677,-0.5,65.4392310120488));
#9298=CARTESIAN_POINT('Ctrl Pts',(54.9363134612817,-0.5,65.9255900640439));
#9299=CARTESIAN_POINT('Ctrl Pts',(53.5358983848623,-0.5,63.5));
#9300=CARTESIAN_POINT('Ctrl Pts',(59.,-2.5,58.0358983848622));
#9301=CARTESIAN_POINT('Ctrl Pts',(61.4255900640439,-2.5,59.4363134612817));
#9302=CARTESIAN_POINT('Ctrl Pts',(60.9392310120489,-2.5,62.1945927106677));
#9303=CARTESIAN_POINT('Ctrl Pts',(60.4528719600538,-2.5,64.9528719600538));
#9304=CARTESIAN_POINT('Ctrl Pts',(57.6945927106677,-2.5,65.4392310120488));
#9305=CARTESIAN_POINT('Ctrl Pts',(54.9363134612817,-2.5,65.9255900640439));
#9306=CARTESIAN_POINT('Ctrl Pts',(53.5358983848623,-2.5,63.5));
#9307=CARTESIAN_POINT('Ctrl Pts',(58.,-2.5,59.7679491924311));
#9308=CARTESIAN_POINT('Ctrl Pts',(59.212795032022,-2.5,60.4681567306408));
#9309=CARTESIAN_POINT('Ctrl Pts',(58.9696155060244,-2.5,61.8472963553339));
#9310=CARTESIAN_POINT('Ctrl Pts',(58.7264359800269,-2.5,63.2264359800269));
#9311=CARTESIAN_POINT('Ctrl Pts',(57.3472963553339,-2.5,63.4696155060244));
#9312=CARTESIAN_POINT('Ctrl Pts',(55.9681567306408,-2.5,63.7127950320219));
#9313=CARTESIAN_POINT('Ctrl Pts',(55.2679491924311,-2.5,62.5));
#9314=CARTESIAN_POINT('',(58.,-2.5,59.7679491924311));
#9315=CARTESIAN_POINT('Origin',(58.,-0.5,59.7679491924311));
#9316=CARTESIAN_POINT('Origin',(57.,-2.5,61.5));
#9317=CARTESIAN_POINT('Origin',(61.,-0.5,54.5717967697245));
#9318=CARTESIAN_POINT('',(55.,-2.5,54.5717967697245));
#9319=CARTESIAN_POINT('Origin',(55.,-0.5,54.5717967697245));
#9320=CARTESIAN_POINT('Origin',(61.,-2.5,54.5717967697245));
#9321=CARTESIAN_POINT('Origin',(55.,-0.5,-28.75));
#9322=CARTESIAN_POINT('',(55.,-2.5,-54.5717967697245));
#9323=CARTESIAN_POINT('Origin',(55.,-0.5,-54.5717967697245));
#9324=CARTESIAN_POINT('',(55.,-2.5,-28.75));
#9325=CARTESIAN_POINT('Origin',(61.,-0.5,-54.5717967697245));
#9326=CARTESIAN_POINT('',(58.,-2.5,-59.7679491924311));
#9327=CARTESIAN_POINT('Origin',(58.,-0.5,-59.7679491924311));
#9328=CARTESIAN_POINT('Origin',(61.,-2.5,-54.5717967697245));
#9329=CARTESIAN_POINT('Ctrl Pts',(53.5358983848622,-0.5,-63.5));
#9330=CARTESIAN_POINT('Ctrl Pts',(54.9363134612816,-0.5,-65.9255900640439));
#9331=CARTESIAN_POINT('Ctrl Pts',(57.6945927106677,-0.5,-65.4392310120489));
#9332=CARTESIAN_POINT('Ctrl Pts',(60.4528719600538,-0.5,-64.9528719600538));
#9333=CARTESIAN_POINT('Ctrl Pts',(60.9392310120488,-0.5,-62.1945927106677));
#9334=CARTESIAN_POINT('Ctrl Pts',(61.4255900640439,-0.5,-59.4363134612817));
#9335=CARTESIAN_POINT('Ctrl Pts',(59.,-0.5,-58.0358983848623));
#9336=CARTESIAN_POINT('Ctrl Pts',(53.5358983848622,-2.5,-63.5));
#9337=CARTESIAN_POINT('Ctrl Pts',(54.9363134612816,-2.5,-65.9255900640439));
#9338=CARTESIAN_POINT('Ctrl Pts',(57.6945927106677,-2.5,-65.4392310120489));
#9339=CARTESIAN_POINT('Ctrl Pts',(60.4528719600538,-2.5,-64.9528719600538));
#9340=CARTESIAN_POINT('Ctrl Pts',(60.9392310120488,-2.5,-62.1945927106677));
#9341=CARTESIAN_POINT('Ctrl Pts',(61.4255900640439,-2.5,-59.4363134612817));
#9342=CARTESIAN_POINT('Ctrl Pts',(59.,-2.5,-58.0358983848623));
#9343=CARTESIAN_POINT('Ctrl Pts',(55.2679491924311,-2.5,-62.5));
#9344=CARTESIAN_POINT('Ctrl Pts',(55.9681567306408,-2.5,-63.712795032022));
#9345=CARTESIAN_POINT('Ctrl Pts',(57.3472963553339,-2.5,-63.4696155060244));
#9346=CARTESIAN_POINT('Ctrl Pts',(58.7264359800269,-2.5,-63.2264359800269));
#9347=CARTESIAN_POINT('Ctrl Pts',(58.9696155060244,-2.5,-61.8472963553339));
#9348=CARTESIAN_POINT('Ctrl Pts',(59.2127950320219,-2.5,-60.4681567306408));
#9349=CARTESIAN_POINT('Ctrl Pts',(58.,-2.5,-59.7679491924311));
#9350=CARTESIAN_POINT('',(55.2679491924311,-2.5,-62.5));
#9351=CARTESIAN_POINT('Origin',(55.2679491924311,-0.5,-62.5));
#9352=CARTESIAN_POINT('Origin',(57.,-2.5,-61.5));
#9353=CARTESIAN_POINT('Origin',(50.0717967697245,-0.5,-65.5));
#9354=CARTESIAN_POINT('',(50.0717967697245,-2.5,-59.5));
#9355=CARTESIAN_POINT('Origin',(50.0717967697245,-0.5,-59.5));
#9356=CARTESIAN_POINT('Origin',(50.0717967697245,-2.5,-65.5));
#9357=CARTESIAN_POINT('Origin',(-26.5,-0.5,-59.5));
#9358=CARTESIAN_POINT('',(-50.0717967697245,-2.5,-59.5));
#9359=CARTESIAN_POINT('Origin',(-50.0717967697245,-0.5,-59.5));
#9360=CARTESIAN_POINT('',(-26.5,-2.5,-59.5));
#9361=CARTESIAN_POINT('Origin',(-50.0717967697245,-0.5,-65.5));
#9362=CARTESIAN_POINT('',(-55.2679491924311,-2.5,-62.5));
#9363=CARTESIAN_POINT('',(-53.5358983848623,-0.5,-63.5));
#9364=CARTESIAN_POINT('Origin',(-55.2679491924311,-0.5,-62.5));
#9365=CARTESIAN_POINT('Origin',(-50.0717967697245,-0.5,-65.5));
#9366=CARTESIAN_POINT('Origin',(-50.0717967697245,-2.5,-65.5));
#9367=CARTESIAN_POINT('Ctrl Pts',(-59.,-0.5,-58.0358983848622));
#9368=CARTESIAN_POINT('Ctrl Pts',(-61.4255900640439,-0.5,-59.4363134612816));
#9369=CARTESIAN_POINT('Ctrl Pts',(-60.9392310120489,-0.5,-62.1945927106677));
#9370=CARTESIAN_POINT('Ctrl Pts',(-60.4528719600538,-0.5,-64.9528719600538));
#9371=CARTESIAN_POINT('Ctrl Pts',(-57.6945927106677,-0.5,-65.4392310120488));
#9372=CARTESIAN_POINT('Ctrl Pts',(-54.9363134612817,-0.5,-65.9255900640439));
#9373=CARTESIAN_POINT('Ctrl Pts',(-53.5358983848623,-0.5,-63.5));
#9374=CARTESIAN_POINT('Ctrl Pts',(-59.,-2.5,-58.0358983848622));
#9375=CARTESIAN_POINT('Ctrl Pts',(-61.4255900640439,-2.5,-59.4363134612816));
#9376=CARTESIAN_POINT('Ctrl Pts',(-60.9392310120489,-2.5,-62.1945927106677));
#9377=CARTESIAN_POINT('Ctrl Pts',(-60.4528719600538,-2.5,-64.9528719600538));
#9378=CARTESIAN_POINT('Ctrl Pts',(-57.6945927106677,-2.5,-65.4392310120488));
#9379=CARTESIAN_POINT('Ctrl Pts',(-54.9363134612817,-2.5,-65.9255900640439));
#9380=CARTESIAN_POINT('Ctrl Pts',(-53.5358983848623,-2.5,-63.5));
#9381=CARTESIAN_POINT('Ctrl Pts',(-58.,-2.5,-59.7679491924311));
#9382=CARTESIAN_POINT('Ctrl Pts',(-59.212795032022,-2.5,-60.4681567306408));
#9383=CARTESIAN_POINT('Ctrl Pts',(-58.9696155060244,-2.5,-61.8472963553339));
#9384=CARTESIAN_POINT('Ctrl Pts',(-58.7264359800269,-2.5,-63.2264359800269));
#9385=CARTESIAN_POINT('Ctrl Pts',(-57.3472963553339,-2.5,-63.4696155060244));
#9386=CARTESIAN_POINT('Ctrl Pts',(-55.9681567306408,-2.5,-63.7127950320219));
#9387=CARTESIAN_POINT('Ctrl Pts',(-55.2679491924311,-2.5,-62.5));
#9388=CARTESIAN_POINT('Origin',(-57.,-2.5,-61.5));
#9389=CARTESIAN_POINT('Origin',(-57.,-0.5,-61.5));
#9390=CARTESIAN_POINT('Origin',(-50.0717967697245,0.,-65.5));
#9391=CARTESIAN_POINT('',(-53.5358983848623,0.,-63.5));
#9392=CARTESIAN_POINT('Origin',(-57.,0.,-61.5));
#9393=CARTESIAN_POINT('',(-59.,0.,-58.0358983848622));
#9394=CARTESIAN_POINT('Origin',(-61.,0.,-54.5717967697245));
#9395=CARTESIAN_POINT('',(-57.,0.,-54.5717967697245));
#9396=CARTESIAN_POINT('Origin',(0.,-2.5,0.));
#9397=CARTESIAN_POINT('',(39.1053261229208,-2.5,-48.0865976756292));
#9398=CARTESIAN_POINT('',(36.4916667444903,-2.5,-50.7002570540597));
#9399=CARTESIAN_POINT('',(41.3506440110977,-2.5,-45.8412797874523));
#9400=CARTESIAN_POINT('',(20.3791365300618,-2.5,-50.7002570540597));
#9401=CARTESIAN_POINT('',(18.2458333722452,-2.5,-50.7002570540597));
#9402=CARTESIAN_POINT('',(15.2046952750766,-2.5,-45.5258157990745));
#9403=CARTESIAN_POINT('',(2.60928813403144,-2.5,-32.9304086580293));
#9404=CARTESIAN_POINT('',(15.1895874173978,-2.5,-45.5258157990745));
#9405=CARTESIAN_POINT('',(7.60234763759183,-2.5,-45.5258157990923));
#9406=CARTESIAN_POINT('',(15.1895874173978,-2.5,-35.7208161655404));
#9407=CARTESIAN_POINT('',(15.1895874173978,-2.5,-22.7629078995373));
#9408=CARTESIAN_POINT('',(18.5737475374465,-2.5,-32.3366560454916));
#9409=CARTESIAN_POINT('',(20.3223946044336,-2.5,-30.5880089785045));
#9410=CARTESIAN_POINT('',(19.6464054326406,-2.5,-33.4093139406857));
#9411=CARTESIAN_POINT('Ctrl Pts',(18.5737475374465,-2.5,-32.3366560454916));
#9412=CARTESIAN_POINT('Ctrl Pts',(18.5208700355708,-2.5,-32.1629156821856));
#9413=CARTESIAN_POINT('Ctrl Pts',(18.4831003913738,-2.5,-31.9891753188795));
#9414=CARTESIAN_POINT('Ctrl Pts',(18.4831003913738,-2.5,-31.8003270978946));
#9415=CARTESIAN_POINT('Ctrl Pts',(18.4831003913738,-2.5,-30.8636399218097));
#9416=CARTESIAN_POINT('Ctrl Pts',(19.2460472041527,-2.5,-30.1006931090308));
#9417=CARTESIAN_POINT('Ctrl Pts',(20.1827343802376,-2.5,-30.1006931090309));
#9418=CARTESIAN_POINT('Ctrl Pts',(21.1194215563225,-2.5,-30.100693109031));
#9419=CARTESIAN_POINT('Ctrl Pts',(21.8823683691013,-2.5,-30.8636399218098));
#9420=CARTESIAN_POINT('Ctrl Pts',(21.8823683691013,-2.5,-31.8003270978947));
#9421=CARTESIAN_POINT('Ctrl Pts',(21.8823683691013,-2.5,-32.7370142739796));
#9422=CARTESIAN_POINT('Ctrl Pts',(21.1194215563225,-2.5,-33.4999610867583));
#9423=CARTESIAN_POINT('Ctrl Pts',(20.1827343802376,-2.5,-33.4999610867583));
#9424=CARTESIAN_POINT('Ctrl Pts',(19.9938861592527,-2.5,-33.4999610867583));
#9425=CARTESIAN_POINT('Ctrl Pts',(19.8125918671072,-2.5,-33.4621914425615));
#9426=CARTESIAN_POINT('Ctrl Pts',(19.6464054326406,-2.5,-33.4093139406857));
#9427=CARTESIAN_POINT('',(16.7079271141161,-2.5,-36.3477922592101));
#9428=CARTESIAN_POINT('',(23.0871325596518,-2.5,-29.9685868136745));
#9429=CARTESIAN_POINT('',(16.7079271141161,-2.5,-44.9063936342441));
#9430=CARTESIAN_POINT('',(16.7079271141161,-2.5,-18.1738961296051));
#9431=CARTESIAN_POINT('',(20.9985586948921,-2.5,-49.1970252150202));
#9432=CARTESIAN_POINT('',(1.30434692702601,-2.5,-29.5028134471541));
#9433=CARTESIAN_POINT('',(35.8646906508206,-2.5,-49.1970252150202));
#9434=CARTESIAN_POINT('',(10.4992793474461,-2.5,-49.1970252150202));
#9435=CARTESIAN_POINT('',(38.0326682277268,-2.5,-47.0214937092747));
#9436=CARTESIAN_POINT('',(39.2288864852534,-2.5,-45.8211074438821));
#9437=CARTESIAN_POINT('Ctrl Pts',(38.0326682277268,-2.5,-47.0214937092747));
#9438=CARTESIAN_POINT('Ctrl Pts',(37.979790725851,-2.5,-46.8477533459685));
#9439=CARTESIAN_POINT('Ctrl Pts',(37.942021081654,-2.5,-46.6740129826624));
#9440=CARTESIAN_POINT('Ctrl Pts',(37.942021081654,-2.5,-46.4851647616776));
#9441=CARTESIAN_POINT('Ctrl Pts',(37.942021081654,-2.5,-45.5484775855926));
#9442=CARTESIAN_POINT('Ctrl Pts',(38.7049678944329,-2.5,-44.7855307728137));
#9443=CARTESIAN_POINT('Ctrl Pts',(39.6416550705178,-2.5,-44.7855307728138));
#9444=CARTESIAN_POINT('Ctrl Pts',(40.5783422466027,-2.5,-44.7855307728139));
#9445=CARTESIAN_POINT('Ctrl Pts',(41.3412890593815,-2.5,-45.5484775855926));
#9446=CARTESIAN_POINT('Ctrl Pts',(41.3412890593815,-2.5,-46.4851647616776));
#9447=CARTESIAN_POINT('Ctrl Pts',(41.3412890593815,-2.5,-47.4218519377625));
#9448=CARTESIAN_POINT('Ctrl Pts',(40.5783422466027,-2.5,-48.1847987505414));
#9449=CARTESIAN_POINT('Ctrl Pts',(39.6416550705178,-2.5,-48.1847987505414));
#9450=CARTESIAN_POINT('Ctrl Pts',(39.4528068495329,-2.5,-48.1847987505414));
#9451=CARTESIAN_POINT('Ctrl Pts',(39.2715125573875,-2.5,-48.1394751775049));
#9452=CARTESIAN_POINT('Ctrl Pts',(39.1053261229208,-2.5,-48.0865976756292));
#9453=CARTESIAN_POINT('',(8.96460055378791,-2.5,-45.504803256704));
#9454=CARTESIAN_POINT('',(6.69912424490489,-2.5,-42.4040755814144));
#9455=CARTESIAN_POINT('',(-3.43339728570286,-2.5,-28.5358264157841));
#9456=CARTESIAN_POINT('',(4.51374053280057,-2.5,-45.5048032567038));
#9457=CARTESIAN_POINT('',(15.5712636009538,-2.5,-29.8158569139313));
#9458=CARTESIAN_POINT('',(2.54575101195261,-2.5,-45.5048032567039));
#9459=CARTESIAN_POINT('',(2.25687026640111,-2.5,-45.5048032567039));
#9460=CARTESIAN_POINT('',(5.70940858471101,-2.5,-41.2141284292739));
#9461=CARTESIAN_POINT('',(12.9652005279105,-2.5,-31.3735426111913));
#9462=CARTESIAN_POINT('',(2.3798449186253,-2.5,-36.6202459140389));
#9463=CARTESIAN_POINT('',(-5.06560952772412,-2.5,-26.3475656384059));
#9464=CARTESIAN_POINT('',(4.41648523671212,-2.5,-36.6202459140389));
#9465=CARTESIAN_POINT('',(1.18992245931297,-2.5,-36.6202459140389));
#9466=CARTESIAN_POINT('',(6.80210044076322,-2.5,-39.9726931792042));
#9467=CARTESIAN_POINT('',(-4.97541162224669,-2.5,-23.4220407357419));
#9468=CARTESIAN_POINT('',(9.18771564481426,-2.5,-36.6202459140389));
#9469=CARTESIAN_POINT('',(15.1002308786387,-2.5,-28.3115314607507));
#9470=CARTESIAN_POINT('',(11.1728678649719,-2.5,-36.6202459140388));
#9471=CARTESIAN_POINT('',(4.59385782240812,-2.5,-36.6202459140391));
#9472=CARTESIAN_POINT('',(7.78609520118714,-2.5,-41.1855239304244));
#9473=CARTESIAN_POINT('',(17.9513222108522,-2.5,-27.4830726572609));
#9474=CARTESIAN_POINT('',(11.0069617716446,-2.5,-45.5048032567039));
#9475=CARTESIAN_POINT('',(-3.47355003841484,-2.5,-26.0859996748305));
#9476=CARTESIAN_POINT('',(5.50348088582271,-2.5,-45.504803256704));
#9477=CARTESIAN_POINT('',(-24.9317305829093,-2.5,-38.7026534302849));
#9478=CARTESIAN_POINT('',(-24.9317305829092,-2.5,-43.416674840688));
#9479=CARTESIAN_POINT('Ctrl Pts',(-24.9317305829093,-2.5,-38.7026534302849));
#9480=CARTESIAN_POINT('Ctrl Pts',(-24.5484302983255,-2.5,-39.4006032022135));
#9481=CARTESIAN_POINT('Ctrl Pts',(-24.3596406059187,-2.5,-40.1900873704607));
#9482=CARTESIAN_POINT('Ctrl Pts',(-24.3596406059186,-2.5,-41.0596641354865));
#9483=CARTESIAN_POINT('Ctrl Pts',(-24.3596406059185,-2.5,-41.9292409005122));
#9484=CARTESIAN_POINT('Ctrl Pts',(-24.5484302983255,-2.5,-42.7187250687593));
#9485=CARTESIAN_POINT('Ctrl Pts',(-24.9317305829092,-2.5,-43.416674840688));
#9486=CARTESIAN_POINT('',(-30.5096078585682,-2.5,-45.2759672659077));
#9487=CARTESIAN_POINT('Ctrl Pts',(-24.9317305829092,-2.5,-43.416674840688));
#9488=CARTESIAN_POINT('Ctrl Pts',(-25.3093099677231,-2.5,-44.1146246126166));
#9489=CARTESIAN_POINT('Ctrl Pts',(-25.8241909470147,-2.5,-44.6695518902975));
#9490=CARTESIAN_POINT('Ctrl Pts',(-26.482094420554,-2.5,-45.0814566737309));
#9491=CARTESIAN_POINT('Ctrl Pts',(-27.1399978940932,-2.5,-45.4933614571642));
#9492=CARTESIAN_POINT('Ctrl Pts',(-27.8779939644112,-2.5,-45.6993138488807));
#9493=CARTESIAN_POINT('Ctrl Pts',(-28.7018035312777,-2.5,-45.6993138488808));
#9494=CARTESIAN_POINT('Ctrl Pts',(-29.3768697041267,-2.5,-45.6993138488808));
#9495=CARTESIAN_POINT('Ctrl Pts',(-29.9775641799669,-2.5,-45.5562913546331));
#9496=CARTESIAN_POINT('Ctrl Pts',(-30.5096078585682,-2.5,-45.2759672659077));
#9497=CARTESIAN_POINT('',(-31.6595087123195,-2.5,-44.2690889064041));
#9498=CARTESIAN_POINT('Ctrl Pts',(-30.5096078585682,-2.5,-45.2759672659077));
#9499=CARTESIAN_POINT('Ctrl Pts',(-30.9787216397006,-2.5,-45.0299685758017));
#9500=CARTESIAN_POINT('Ctrl Pts',(-31.3505801247445,-2.5,-44.6809936898373));
#9501=CARTESIAN_POINT('Ctrl Pts',(-31.6595087123195,-2.5,-44.2690889064041));
#9502=CARTESIAN_POINT('',(-31.6595087123196,-2.5,-45.5048032567039));
#9503=CARTESIAN_POINT('',(-31.6595087123183,-2.5,-22.1345444532011));
#9504=CARTESIAN_POINT('',(-33.3643368437517,-2.5,-45.504803256704));
#9505=CARTESIAN_POINT('',(-15.8297543561584,-2.5,-45.5048032567029));
#9506=CARTESIAN_POINT('',(-33.3643368437516,-2.5,-36.6259668138088));
#9507=CARTESIAN_POINT('',(-33.3643368437516,-2.5,-22.7524016283519));
#9508=CARTESIAN_POINT('',(-31.6595087123195,-2.5,-36.6259668138088));
#9509=CARTESIAN_POINT('',(-16.6821684218758,-2.5,-36.6259668138088));
#9510=CARTESIAN_POINT('',(-31.6595087123195,-2.5,-37.8616811641086));
#9511=CARTESIAN_POINT('',(-31.6595087123192,-2.5,-18.3129834069041));
#9512=CARTESIAN_POINT('',(-30.5267705578779,-2.5,-36.8605237043749));
#9513=CARTESIAN_POINT('Ctrl Pts',(-31.6595087123195,-2.5,-37.8616811641086));
#9514=CARTESIAN_POINT('Ctrl Pts',(-31.3563010245145,-2.5,-37.4497763806753));
#9515=CARTESIAN_POINT('Ctrl Pts',(-30.9901634392404,-2.5,-37.1065223944809));
#9516=CARTESIAN_POINT('Ctrl Pts',(-30.5267705578779,-2.5,-36.8605237043749));
#9517=CARTESIAN_POINT('',(-26.4935362200938,-2.5,-37.043592497012));
#9518=CARTESIAN_POINT('Ctrl Pts',(-30.5267705578779,-2.5,-36.8605237043749));
#9519=CARTESIAN_POINT('Ctrl Pts',(-29.9947268792766,-2.5,-36.5801996156495));
#9520=CARTESIAN_POINT('Ctrl Pts',(-29.3883115036665,-2.5,-36.4371771214019));
#9521=CARTESIAN_POINT('Ctrl Pts',(-28.7018035312777,-2.5,-36.4371771214019));
#9522=CARTESIAN_POINT('Ctrl Pts',(-27.889435763951,-2.5,-36.4371771214018));
#9523=CARTESIAN_POINT('Ctrl Pts',(-27.1514396936331,-2.5,-36.6374086133485));
#9524=CARTESIAN_POINT('Ctrl Pts',(-26.4935362200938,-2.5,-37.043592497012));
#9525=CARTESIAN_POINT('Origin',(-86.8062470387915,-2.5,-101.688787518927));
#9526=CARTESIAN_POINT('',(1.34937499999999,-2.5,-9.92236111111114));
#9527=CARTESIAN_POINT('',(-9.21631944444441,-2.5,-9.92236111111111));
#9528=CARTESIAN_POINT('',(0.674687499999981,-2.5,-9.92236111111114));
#9529=CARTESIAN_POINT('',(-9.21631944444444,-2.5,-7.5058333333333));
#9530=CARTESIAN_POINT('',(-9.21631944444448,-2.5,-4.96118055555562));
#9531=CARTESIAN_POINT('',(-5.31812499999999,-2.5,-7.50583333333336));
#9532=CARTESIAN_POINT('',(-4.60815972222227,-2.5,-7.50583333333337));
#9533=CARTESIAN_POINT('',(-5.31812499999996,-2.5,2.53069444444445));
#9534=CARTESIAN_POINT('',(-5.31812499999998,-2.5,-3.75291666666667));
#9535=CARTESIAN_POINT('',(-2.54881944444442,-2.5,2.53069444444441));
#9536=CARTESIAN_POINT('',(-2.65906249999996,-2.5,2.53069444444441));
#9537=CARTESIAN_POINT('',(-2.54881944444442,-2.5,-7.50583333333336));
#9538=CARTESIAN_POINT('',(-2.54881944444442,-2.5,1.26534722222221));
#9539=CARTESIAN_POINT('',(1.34937500000003,-2.5,-7.50583333333332));
#9540=CARTESIAN_POINT('',(-1.27440972222218,-2.5,-7.50583333333335));
#9541=CARTESIAN_POINT('',(1.34937500000009,-2.5,-3.75291666666667));
#9542=CARTESIAN_POINT('',(6.79979166666669,-2.5,11.9498611111111));
#9543=CARTESIAN_POINT('',(10.8038194444444,-2.5,24.4029166666666));
#9544=CARTESIAN_POINT('',(4.74011959100686,-2.5,5.54400875245089));
#9545=CARTESIAN_POINT('',(12.9734027777778,-2.5,24.4029166666667));
#9546=CARTESIAN_POINT('',(5.40190972222211,-2.5,24.4029166666666));
#9547=CARTESIAN_POINT('',(15.3370138888889,-2.5,16.5290465235174));
#9548=CARTESIAN_POINT('',(15.7971205111456,-2.5,14.9962986959997));
#9549=CARTESIAN_POINT('',(17.700625,-2.5,24.4029166666666));
#9550=CARTESIAN_POINT('',(12.4273160798616,-2.5,6.83600412902758));
#9551=CARTESIAN_POINT('',(19.8702083333333,-2.5,24.4029166666666));
#9552=CARTESIAN_POINT('',(8.85031249999998,-2.5,24.4029166666666));
#9553=CARTESIAN_POINT('',(23.8742361111111,-2.5,11.9498611111111));
#9554=CARTESIAN_POINT('',(22.4948919637689,-2.5,16.2398037015234));
#9555=CARTESIAN_POINT('',(21.1225694444445,-2.5,11.9498611111111));
#9556=CARTESIAN_POINT('',(11.9371180555556,-2.5,11.9498611111111));
#9557=CARTESIAN_POINT('',(18.7390608062331,-2.5,19.7465188855013));
#9558=CARTESIAN_POINT('',(21.8903662484987,-2.5,9.43833301110233));
#9559=CARTESIAN_POINT('',(16.4129861111111,-2.5,11.9498611111111));
#9560=CARTESIAN_POINT('',(15.2683993591121,-2.5,8.11337588681828));
#9561=CARTESIAN_POINT('',(14.2434027777778,-2.5,11.9498611111111));
#9562=CARTESIAN_POINT('',(8.2064930555556,-2.5,11.9498611111111));
#9563=CARTESIAN_POINT('',(11.9102147043833,-2.5,19.7703618756371));
#9564=CARTESIAN_POINT('',(15.2982025086969,-2.5,8.41432867969716));
#9565=CARTESIAN_POINT('',(9.53381944444445,-2.5,11.9498611111111));
#9566=CARTESIAN_POINT('',(8.65695432388914,-2.5,9.06417771437455));
#9567=CARTESIAN_POINT('',(4.76690972222218,-2.5,11.9498611111111));
#9568=CARTESIAN_POINT('',(-22.6395138888889,-2.5,24.4029166666666));
#9569=CARTESIAN_POINT('',(-22.6395138888889,-2.5,11.9498611111111));
#9570=CARTESIAN_POINT('',(-22.6395138888889,-2.5,12.2014583333333));
#9571=CARTESIAN_POINT('',(-25.4088194444445,-2.5,11.9498611111111));
#9572=CARTESIAN_POINT('',(-11.3197569444445,-2.5,11.9498611111112));
#9573=CARTESIAN_POINT('',(-25.4088194444444,-2.5,16.8005555555555));
#9574=CARTESIAN_POINT('',(-25.4088194444445,-2.5,5.97493055555567));
#9575=CARTESIAN_POINT('',(-30.3477083333333,-2.5,16.8005555555556));
#9576=CARTESIAN_POINT('',(-12.7044097222221,-2.5,16.8005555555554));
#9577=CARTESIAN_POINT('',(-30.3477083333333,-2.5,11.9498611111111));
#9578=CARTESIAN_POINT('',(-30.3477083333333,-2.5,8.40027777777778));
#9579=CARTESIAN_POINT('',(-33.1346527777777,-2.5,11.9498611111111));
#9580=CARTESIAN_POINT('',(-15.1738541666667,-2.5,11.9498611111112));
#9581=CARTESIAN_POINT('',(-33.1346527777777,-2.5,24.4029166666667));
#9582=CARTESIAN_POINT('',(-33.1346527777777,-2.5,5.97493055555552));
#9583=CARTESIAN_POINT('',(-30.3477083333333,-2.5,24.4029166666667));
#9584=CARTESIAN_POINT('',(-16.567326388889,-2.5,24.4029166666668));
#9585=CARTESIAN_POINT('',(-30.3477083333333,-2.5,19.1994444444444));
#9586=CARTESIAN_POINT('',(-30.3477083333333,-2.5,12.2014583333333));
#9587=CARTESIAN_POINT('',(-25.4088194444444,-2.5,19.1994444444445));
#9588=CARTESIAN_POINT('',(-15.1738541666667,-2.5,19.1994444444445));
#9589=CARTESIAN_POINT('',(-25.4088194444444,-2.5,24.4029166666667));
#9590=CARTESIAN_POINT('',(-25.4088194444445,-2.5,9.59972222222227));
#9591=CARTESIAN_POINT('',(-12.7044097222221,-2.5,24.4029166666665));
#9592=CARTESIAN_POINT('',(-4.92124999999996,-2.5,46.2751388888889));
#9593=CARTESIAN_POINT('',(-4.92125000000001,-2.5,33.8220833333333));
#9594=CARTESIAN_POINT('',(-4.92125000000006,-2.5,23.1375694444445));
#9595=CARTESIAN_POINT('',(-9.91305555555554,-2.5,33.8220833333333));
#9596=CARTESIAN_POINT('',(-2.46062500000028,-2.5,33.8220833333334));
#9597=CARTESIAN_POINT('',(-9.94833333333329,-2.5,46.2751388888889));
#9598=CARTESIAN_POINT('Ctrl Pts',(-9.91305555555554,-2.5,33.8220833333333));
#9599=CARTESIAN_POINT('Ctrl Pts',(-10.8537962962963,-2.5,33.8220833333333));
#9600=CARTESIAN_POINT('Ctrl Pts',(-11.7210416666666,-2.5,33.9720138888889));
#9601=CARTESIAN_POINT('Ctrl Pts',(-12.5147916666666,-2.5,34.271875));
#9602=CARTESIAN_POINT('Ctrl Pts',(-13.3085416666666,-2.5,34.5717361111111));
#9603=CARTESIAN_POINT('Ctrl Pts',(-14.0023379629629,-2.5,35.0009490740741));
#9604=CARTESIAN_POINT('Ctrl Pts',(-14.5961805555555,-2.5,35.5595138888889));
#9605=CARTESIAN_POINT('Ctrl Pts',(-15.1900231481481,-2.5,36.1180787037037));
#9606=CARTESIAN_POINT('Ctrl Pts',(-15.6486342592593,-2.5,36.7765972222222));
#9607=CARTESIAN_POINT('Ctrl Pts',(-15.9720138888889,-2.5,37.5350694444444));
#9608=CARTESIAN_POINT('Ctrl Pts',(-16.2953935185185,-2.5,38.2935416666667));
#9609=CARTESIAN_POINT('Ctrl Pts',(-16.4570833333333,-2.5,39.1313888888889));
#9610=CARTESIAN_POINT('Ctrl Pts',(-16.4570833333333,-2.5,40.0486111111111));
#9611=CARTESIAN_POINT('Ctrl Pts',(-16.4570833333333,-2.5,40.9540740740741));
#9612=CARTESIAN_POINT('Ctrl Pts',(-16.2953935185185,-2.5,41.7889814814815));
#9613=CARTESIAN_POINT('Ctrl Pts',(-15.9720138888889,-2.5,42.5533333333333));
#9614=CARTESIAN_POINT('Ctrl Pts',(-15.6486342592593,-2.5,43.3176851851852));
#9615=CARTESIAN_POINT('Ctrl Pts',(-15.1929629629629,-2.5,43.9762037037037));
#9616=CARTESIAN_POINT('Ctrl Pts',(-14.605,-2.5,44.5288888888889));
#9617=CARTESIAN_POINT('Ctrl Pts',(-14.017037037037,-2.5,45.0815740740741));
#9618=CARTESIAN_POINT('Ctrl Pts',(-13.3261805555555,-2.5,45.510787037037));
#9619=CARTESIAN_POINT('Ctrl Pts',(-12.5324305555555,-2.5,45.8165277777778));
#9620=CARTESIAN_POINT('Ctrl Pts',(-11.7386805555555,-2.5,46.1222685185185));
#9621=CARTESIAN_POINT('Ctrl Pts',(-10.8773148148148,-2.5,46.2751388888889));
#9622=CARTESIAN_POINT('Ctrl Pts',(-9.94833333333329,-2.5,46.2751388888889));
#9623=CARTESIAN_POINT('',(-4.97416666666664,-2.5,46.2751388888889));
#9624=CARTESIAN_POINT('',(-19.1822916666666,-2.5,15.4070833333333));
#9625=CARTESIAN_POINT('',(-19.2528472222222,-2.5,20.9456944444444));
#9626=CARTESIAN_POINT('Ctrl Pts',(-19.1822916666666,-2.5,15.4070833333333));
#9627=CARTESIAN_POINT('Ctrl Pts',(-18.8530324074074,-2.5,15.0543055555555));
#9628=CARTESIAN_POINT('Ctrl Pts',(-18.4561574074074,-2.5,14.7779629629629));
#9629=CARTESIAN_POINT('Ctrl Pts',(-17.9916666666667,-2.5,14.5780555555555));
#9630=CARTESIAN_POINT('Ctrl Pts',(-17.5271759259259,-2.5,14.3781481481481));
#9631=CARTESIAN_POINT('Ctrl Pts',(-16.9891898148148,-2.5,14.2781944444444));
#9632=CARTESIAN_POINT('Ctrl Pts',(-16.3777083333333,-2.5,14.2781944444444));
#9633=CARTESIAN_POINT('Ctrl Pts',(-15.8367824074074,-2.5,14.2781944444444));
#9634=CARTESIAN_POINT('Ctrl Pts',(-15.3399537037037,-2.5,14.3693287037037));
#9635=CARTESIAN_POINT('Ctrl Pts',(-14.8872222222222,-2.5,14.5515972222222));
#9636=CARTESIAN_POINT('Ctrl Pts',(-14.4344907407407,-2.5,14.7338657407407));
#9637=CARTESIAN_POINT('Ctrl Pts',(-14.0464351851852,-2.5,14.9955092592592));
#9638=CARTESIAN_POINT('Ctrl Pts',(-13.7230555555555,-2.5,15.3365277777777));
#9639=CARTESIAN_POINT('Ctrl Pts',(-13.3996759259258,-2.5,15.6775462962962));
#9640=CARTESIAN_POINT('Ctrl Pts',(-13.1468518518518,-2.5,16.0891203703703));
#9641=CARTESIAN_POINT('Ctrl Pts',(-12.9645833333333,-2.5,16.57125));
#9642=CARTESIAN_POINT('Ctrl Pts',(-12.7823148148148,-2.5,17.0533796296296));
#9643=CARTESIAN_POINT('Ctrl Pts',(-12.6911805555555,-2.5,17.5825462962963));
#9644=CARTESIAN_POINT('Ctrl Pts',(-12.6911805555555,-2.5,18.1587499999999));
#9645=CARTESIAN_POINT('Ctrl Pts',(-12.6911805555555,-2.5,18.7467129629629));
#9646=CARTESIAN_POINT('Ctrl Pts',(-12.7823148148148,-2.5,19.2817592592592));
#9647=CARTESIAN_POINT('Ctrl Pts',(-12.9645833333333,-2.5,19.7638888888889));
#9648=CARTESIAN_POINT('Ctrl Pts',(-13.1468518518519,-2.5,20.2460185185185));
#9649=CARTESIAN_POINT('Ctrl Pts',(-13.3996759259259,-2.5,20.6575925925926));
#9650=CARTESIAN_POINT('Ctrl Pts',(-13.7230555555555,-2.5,20.9986111111111));
#9651=CARTESIAN_POINT('Ctrl Pts',(-14.0464351851851,-2.5,21.3396296296297));
#9652=CARTESIAN_POINT('Ctrl Pts',(-14.4344907407407,-2.5,21.604212962963));
#9653=CARTESIAN_POINT('Ctrl Pts',(-14.8872222222222,-2.5,21.7923611111111));
#9654=CARTESIAN_POINT('Ctrl Pts',(-15.3399537037037,-2.5,21.9805092592592));
#9655=CARTESIAN_POINT('Ctrl Pts',(-15.8367824074074,-2.5,22.0745833333333));
#9656=CARTESIAN_POINT('Ctrl Pts',(-16.3777083333333,-2.5,22.0745833333333));
#9657=CARTESIAN_POINT('Ctrl Pts',(-17.0127083333333,-2.5,22.0745833333333));
#9658=CARTESIAN_POINT('Ctrl Pts',(-17.5653935185185,-2.5,21.9746296296296));
#9659=CARTESIAN_POINT('Ctrl Pts',(-18.0357638888889,-2.5,21.7747222222223));
#9660=CARTESIAN_POINT('Ctrl Pts',(-18.5061342592593,-2.5,21.5748148148149));
#9661=CARTESIAN_POINT('Ctrl Pts',(-18.9118287037037,-2.5,21.2984722222222));
#9662=CARTESIAN_POINT('Ctrl Pts',(-19.2528472222222,-2.5,20.9456944444444));
#9663=CARTESIAN_POINT('',(-21.1225694444444,-2.5,22.8154166666666));
#9664=CARTESIAN_POINT('',(-9.20321180555559,-2.5,10.8960590277777));
#9665=CARTESIAN_POINT('',(-16.3953472222222,-2.5,24.5969444444444));
#9666=CARTESIAN_POINT('Ctrl Pts',(-21.1225694444444,-2.5,22.8154166666666));
#9667=CARTESIAN_POINT('Ctrl Pts',(-20.5228472222222,-2.5,23.3681018518518));
#9668=CARTESIAN_POINT('Ctrl Pts',(-19.8378703703703,-2.5,23.8031944444444));
#9669=CARTESIAN_POINT('Ctrl Pts',(-19.0676388888889,-2.5,24.1206944444444));
#9670=CARTESIAN_POINT('Ctrl Pts',(-18.2974074074074,-2.5,24.4381944444444));
#9671=CARTESIAN_POINT('Ctrl Pts',(-17.4066435185185,-2.5,24.5969444444444));
#9672=CARTESIAN_POINT('Ctrl Pts',(-16.3953472222222,-2.5,24.5969444444444));
#9673=CARTESIAN_POINT('',(-21.034375,-2.5,13.537361111111));
#9674=CARTESIAN_POINT('Ctrl Pts',(-16.3953472222222,-2.5,24.5969444444444));
#9675=CARTESIAN_POINT('Ctrl Pts',(-15.4663657407407,-2.5,24.5969444444444));
#9676=CARTESIAN_POINT('Ctrl Pts',(-14.605,-2.5,24.4352546296296));
#9677=CARTESIAN_POINT('Ctrl Pts',(-13.81125,-2.5,24.111875));
#9678=CARTESIAN_POINT('Ctrl Pts',(-13.0175,-2.5,23.7884953703703));
#9679=CARTESIAN_POINT('Ctrl Pts',(-12.3237037037036,-2.5,23.3328240740741));
#9680=CARTESIAN_POINT('Ctrl Pts',(-11.7298611111111,-2.5,22.7448611111111));
#9681=CARTESIAN_POINT('Ctrl Pts',(-11.1360185185185,-2.5,22.1568981481482));
#9682=CARTESIAN_POINT('Ctrl Pts',(-10.6744675925926,-2.5,21.4719212962963));
#9683=CARTESIAN_POINT('Ctrl Pts',(-10.3452083333333,-2.5,20.6899305555556));
#9684=CARTESIAN_POINT('Ctrl Pts',(-10.0159490740741,-2.5,19.9079398148148));
#9685=CARTESIAN_POINT('Ctrl Pts',(-9.85131944444438,-2.5,19.0642129629629));
#9686=CARTESIAN_POINT('Ctrl Pts',(-9.85131944444438,-2.5,18.15875));
#9687=CARTESIAN_POINT('Ctrl Pts',(-9.85131944444438,-2.5,17.253287037037));
#9688=CARTESIAN_POINT('Ctrl Pts',(-10.0159490740741,-2.5,16.4095601851851));
#9689=CARTESIAN_POINT('Ctrl Pts',(-10.3452083333333,-2.5,15.6275694444444));
#9690=CARTESIAN_POINT('Ctrl Pts',(-10.6744675925926,-2.5,14.8455787037037));
#9691=CARTESIAN_POINT('Ctrl Pts',(-11.1330787037037,-2.5,14.1664814814814));
#9692=CARTESIAN_POINT('Ctrl Pts',(-11.7210416666666,-2.5,13.5902777777777));
#9693=CARTESIAN_POINT('Ctrl Pts',(-12.3090046296296,-2.5,13.014074074074));
#9694=CARTESIAN_POINT('Ctrl Pts',(-12.9998611111111,-2.5,12.5642824074074));
#9695=CARTESIAN_POINT('Ctrl Pts',(-13.7936111111111,-2.5,12.2409027777778));
#9696=CARTESIAN_POINT('Ctrl Pts',(-14.5873611111111,-2.5,11.9175231481481));
#9697=CARTESIAN_POINT('Ctrl Pts',(-15.4487268518518,-2.5,11.7558333333333));
#9698=CARTESIAN_POINT('Ctrl Pts',(-16.3777083333333,-2.5,11.7558333333333));
#9699=CARTESIAN_POINT('Ctrl Pts',(-17.3654861111111,-2.5,11.7558333333333));
#9700=CARTESIAN_POINT('Ctrl Pts',(-18.2444907407407,-2.5,11.9145833333333));
#9701=CARTESIAN_POINT('Ctrl Pts',(-19.0147222222222,-2.5,12.2320833333333));
#9702=CARTESIAN_POINT('Ctrl Pts',(-19.7849537037036,-2.5,12.5495833333333));
#9703=CARTESIAN_POINT('Ctrl Pts',(-20.4581712962962,-2.5,12.9846759259259));
#9704=CARTESIAN_POINT('Ctrl Pts',(-21.034375,-2.5,13.537361111111));
#9705=CARTESIAN_POINT('',(-19.2098128687314,-2.5,15.3793000245821));
#9706=CARTESIAN_POINT('',(32.2350694444444,-2.5,20.7869444444444));
#9707=CARTESIAN_POINT('',(24.6327083333333,-2.5,13.4668055555555));
#9708=CARTESIAN_POINT('Ctrl Pts',(32.2350694444444,-2.5,20.7869444444444));
#9709=CARTESIAN_POINT('Ctrl Pts',(31.8352546296296,-2.5,21.2455555555556));
#9710=CARTESIAN_POINT('Ctrl Pts',(31.3913425925926,-2.5,21.6012731481482));
#9711=CARTESIAN_POINT('Ctrl Pts',(30.9033333333333,-2.5,21.8540972222222));
#9712=CARTESIAN_POINT('Ctrl Pts',(30.4153240740741,-2.5,22.1069212962963));
#9713=CARTESIAN_POINT('Ctrl Pts',(29.8479398148148,-2.5,22.2333333333334));
#9714=CARTESIAN_POINT('Ctrl Pts',(29.2011805555556,-2.5,22.2333333333333));
#9715=CARTESIAN_POINT('Ctrl Pts',(28.6132175925926,-2.5,22.2333333333333));
#9716=CARTESIAN_POINT('Ctrl Pts',(28.1575462962963,-2.5,22.1275));
#9717=CARTESIAN_POINT('Ctrl Pts',(27.8341666666667,-2.5,21.9158333333333));
#9718=CARTESIAN_POINT('Ctrl Pts',(27.510787037037,-2.5,21.7041666666666));
#9719=CARTESIAN_POINT('Ctrl Pts',(27.3490972222222,-2.5,21.4101851851852));
#9720=CARTESIAN_POINT('Ctrl Pts',(27.3490972222222,-2.5,21.0338888888889));
#9721=CARTESIAN_POINT('Ctrl Pts',(27.3490972222222,-2.5,20.6928703703704));
#9722=CARTESIAN_POINT('Ctrl Pts',(27.4549305555556,-2.5,20.4165277777778));
#9723=CARTESIAN_POINT('Ctrl Pts',(27.6665972222222,-2.5,20.2048611111111));
#9724=CARTESIAN_POINT('Ctrl Pts',(27.8782638888889,-2.5,19.9931944444444));
#9725=CARTESIAN_POINT('Ctrl Pts',(28.1575462962963,-2.5,19.8109259259259));
#9726=CARTESIAN_POINT('Ctrl Pts',(28.5044444444444,-2.5,19.6580555555555));
#9727=CARTESIAN_POINT('Ctrl Pts',(28.8513425925926,-2.5,19.5051851851852));
#9728=CARTESIAN_POINT('Ctrl Pts',(29.2335185185185,-2.5,19.3581944444444));
#9729=CARTESIAN_POINT('Ctrl Pts',(29.6509722222222,-2.5,19.2170833333333));
#9730=CARTESIAN_POINT('Ctrl Pts',(30.0684259259259,-2.5,19.0759722222222));
#9731=CARTESIAN_POINT('Ctrl Pts',(30.4829398148148,-2.5,18.9142824074074));
#9732=CARTESIAN_POINT('Ctrl Pts',(30.8945138888889,-2.5,18.7320138888889));
#9733=CARTESIAN_POINT('Ctrl Pts',(31.306087962963,-2.5,18.5497453703704));
#9734=CARTESIAN_POINT('Ctrl Pts',(31.6853240740741,-2.5,18.3204398148148));
#9735=CARTESIAN_POINT('Ctrl Pts',(32.0322222222222,-2.5,18.0440972222222));
#9736=CARTESIAN_POINT('Ctrl Pts',(32.3791203703704,-2.5,17.7677546296296));
#9737=CARTESIAN_POINT('Ctrl Pts',(32.6584027777778,-2.5,17.4208564814814));
#9738=CARTESIAN_POINT('Ctrl Pts',(32.8700694444445,-2.5,17.0034027777778));
#9739=CARTESIAN_POINT('Ctrl Pts',(33.0817361111111,-2.5,16.5859490740741));
#9740=CARTESIAN_POINT('Ctrl Pts',(33.1875694444445,-2.5,16.0597222222222));
#9741=CARTESIAN_POINT('Ctrl Pts',(33.1875694444445,-2.5,15.4247222222222));
#9742=CARTESIAN_POINT('Ctrl Pts',(33.1875694444444,-2.5,14.6603703703703));
#9743=CARTESIAN_POINT('Ctrl Pts',(33.0023611111111,-2.5,14.0018518518518));
#9744=CARTESIAN_POINT('Ctrl Pts',(32.6319444444444,-2.5,13.4491666666666));
#9745=CARTESIAN_POINT('Ctrl Pts',(32.2615277777778,-2.5,12.8964814814814));
#9746=CARTESIAN_POINT('Ctrl Pts',(31.7470601851852,-2.5,12.4760879629629));
#9747=CARTESIAN_POINT('Ctrl Pts',(31.0885416666667,-2.5,12.1879861111111));
#9748=CARTESIAN_POINT('Ctrl Pts',(30.4300231481481,-2.5,11.8998842592592));
#9749=CARTESIAN_POINT('Ctrl Pts',(29.6715509259259,-2.5,11.7558333333333));
#9750=CARTESIAN_POINT('Ctrl Pts',(28.813125,-2.5,11.7558333333333));
#9751=CARTESIAN_POINT('Ctrl Pts',(27.9429398148148,-2.5,11.7558333333333));
#9752=CARTESIAN_POINT('Ctrl Pts',(27.14625,-2.5,11.9087037037037));
#9753=CARTESIAN_POINT('Ctrl Pts',(26.4230555555555,-2.5,12.2144444444444));
#9754=CARTESIAN_POINT('Ctrl Pts',(25.6998611111111,-2.5,12.5201851851851));
#9755=CARTESIAN_POINT('Ctrl Pts',(25.1030787037037,-2.5,12.9376388888889));
#9756=CARTESIAN_POINT('Ctrl Pts',(24.6327083333333,-2.5,13.4668055555555));
#9757=CARTESIAN_POINT('',(26.431875,-2.5,15.2483333333333));
#9758=CARTESIAN_POINT('',(15.0473230304135,-2.5,3.97539461835033));
#9759=CARTESIAN_POINT('',(29.3775694444445,-2.5,24.5969444444444));
#9760=CARTESIAN_POINT('Ctrl Pts',(26.431875,-2.5,15.2483333333333));
#9761=CARTESIAN_POINT('Ctrl Pts',(26.8081712962963,-2.5,14.8602777777777));
#9762=CARTESIAN_POINT('Ctrl Pts',(27.1874074074074,-2.5,14.5721759259259));
#9763=CARTESIAN_POINT('Ctrl Pts',(27.5695833333333,-2.5,14.3840277777777));
#9764=CARTESIAN_POINT('Ctrl Pts',(27.9517592592592,-2.5,14.1958796296296));
#9765=CARTESIAN_POINT('Ctrl Pts',(28.383912037037,-2.5,14.1018055555555));
#9766=CARTESIAN_POINT('Ctrl Pts',(28.8660416666667,-2.5,14.1018055555555));
#9767=CARTESIAN_POINT('Ctrl Pts',(29.3481712962963,-2.5,14.1018055555555));
#9768=CARTESIAN_POINT('Ctrl Pts',(29.7303472222222,-2.5,14.1929398148148));
#9769=CARTESIAN_POINT('Ctrl Pts',(30.0125694444445,-2.5,14.3752083333333));
#9770=CARTESIAN_POINT('Ctrl Pts',(30.2947916666667,-2.5,14.5574768518519));
#9771=CARTESIAN_POINT('Ctrl Pts',(30.4359027777777,-2.5,14.8191203703703));
#9772=CARTESIAN_POINT('Ctrl Pts',(30.4359027777778,-2.5,15.1601388888888));
#9773=CARTESIAN_POINT('Ctrl Pts',(30.4359027777778,-2.5,15.4776388888888));
#9774=CARTESIAN_POINT('Ctrl Pts',(30.3300694444445,-2.5,15.7334027777777));
#9775=CARTESIAN_POINT('Ctrl Pts',(30.1184027777778,-2.5,15.9274305555555));
#9776=CARTESIAN_POINT('Ctrl Pts',(29.9067361111111,-2.5,16.1214583333333));
#9777=CARTESIAN_POINT('Ctrl Pts',(29.6274537037037,-2.5,16.2890277777777));
#9778=CARTESIAN_POINT('Ctrl Pts',(29.2805555555556,-2.5,16.4301388888888));
#9779=CARTESIAN_POINT('Ctrl Pts',(28.9336574074074,-2.5,16.57125));
#9780=CARTESIAN_POINT('Ctrl Pts',(28.5514814814815,-2.5,16.7123611111111));
#9781=CARTESIAN_POINT('Ctrl Pts',(28.1340277777778,-2.5,16.8534722222222));
#9782=CARTESIAN_POINT('Ctrl Pts',(27.7165740740741,-2.5,16.9945833333333));
#9783=CARTESIAN_POINT('Ctrl Pts',(27.3020601851852,-2.5,17.1592129629629));
#9784=CARTESIAN_POINT('Ctrl Pts',(26.8904861111111,-2.5,17.3473611111111));
#9785=CARTESIAN_POINT('Ctrl Pts',(26.478912037037,-2.5,17.5355092592592));
#9786=CARTESIAN_POINT('Ctrl Pts',(26.0996759259259,-2.5,17.7736342592592));
#9787=CARTESIAN_POINT('Ctrl Pts',(25.7527777777778,-2.5,18.0617361111111));
#9788=CARTESIAN_POINT('Ctrl Pts',(25.4058796296297,-2.5,18.349837962963));
#9789=CARTESIAN_POINT('Ctrl Pts',(25.1265972222222,-2.5,18.714375));
#9790=CARTESIAN_POINT('Ctrl Pts',(24.9149305555555,-2.5,19.1553472222222));
#9791=CARTESIAN_POINT('Ctrl Pts',(24.7032638888889,-2.5,19.5963194444445));
#9792=CARTESIAN_POINT('Ctrl Pts',(24.5974305555555,-2.5,20.1401851851852));
#9793=CARTESIAN_POINT('Ctrl Pts',(24.5974305555555,-2.5,20.7869444444444));
#9794=CARTESIAN_POINT('Ctrl Pts',(24.5974305555555,-2.5,21.9746296296296));
#9795=CARTESIAN_POINT('Ctrl Pts',(25.0207638888889,-2.5,22.9065509259259));
#9796=CARTESIAN_POINT('Ctrl Pts',(25.8674305555555,-2.5,23.5827083333333));
#9797=CARTESIAN_POINT('Ctrl Pts',(26.7140972222222,-2.5,24.2588657407407));
#9798=CARTESIAN_POINT('Ctrl Pts',(27.8841435185185,-2.5,24.5969444444444));
#9799=CARTESIAN_POINT('Ctrl Pts',(29.3775694444445,-2.5,24.5969444444444));
#9800=CARTESIAN_POINT('',(34.0342361111111,-2.5,22.5684722222222));
#9801=CARTESIAN_POINT('Ctrl Pts',(29.3775694444445,-2.5,24.5969444444444));
#9802=CARTESIAN_POINT('Ctrl Pts',(30.400625,-2.5,24.5969444444444));
#9803=CARTESIAN_POINT('Ctrl Pts',(31.2796296296296,-2.5,24.429375));
#9804=CARTESIAN_POINT('Ctrl Pts',(32.0145833333333,-2.5,24.0942361111111));
#9805=CARTESIAN_POINT('Ctrl Pts',(32.749537037037,-2.5,23.7590972222222));
#9806=CARTESIAN_POINT('Ctrl Pts',(33.4227546296296,-2.5,23.2505092592592));
#9807=CARTESIAN_POINT('Ctrl Pts',(34.0342361111111,-2.5,22.5684722222222));
#9808=CARTESIAN_POINT('',(19.8000067169512,-2.5,8.47379409663236));
#9809=CARTESIAN_POINT('',(12.1796527777778,-2.5,-9.92236111111109));
#9810=CARTESIAN_POINT('',(1.61395833333337,-2.5,-9.92236111111116));
#9811=CARTESIAN_POINT('',(6.08982638888893,-2.5,-9.92236111111113));
#9812=CARTESIAN_POINT('',(1.61395833333334,-2.5,-7.50583333333334));
#9813=CARTESIAN_POINT('',(1.6139583333333,-2.5,-4.96118055555557));
#9814=CARTESIAN_POINT('',(5.51215277777779,-2.5,-7.50583333333334));
#9815=CARTESIAN_POINT('',(0.806979166666668,-2.5,-7.50583333333334));
#9816=CARTESIAN_POINT('',(5.51215277777779,-2.5,2.53069444444443));
#9817=CARTESIAN_POINT('',(5.51215277777779,-2.5,-3.75291666666667));
#9818=CARTESIAN_POINT('',(8.28145833333334,-2.5,2.53069444444443));
#9819=CARTESIAN_POINT('',(2.75607638888889,-2.5,2.53069444444443));
#9820=CARTESIAN_POINT('',(8.28145833333338,-2.5,-7.50583333333332));
#9821=CARTESIAN_POINT('',(8.28145833333334,-2.5,1.26534722222223));
#9822=CARTESIAN_POINT('',(12.1796527777778,-2.5,-7.50583333333334));
#9823=CARTESIAN_POINT('',(4.14072916666667,-2.5,-7.5058333333333));
#9824=CARTESIAN_POINT('',(12.1796527777778,-2.5,-3.75291666666672));
#9825=CARTESIAN_POINT('',(-41.562386214028,-2.5,-45.504803256704));
#9826=CARTESIAN_POINT('',(-43.5246548351061,-2.5,-45.504803256704));
#9827=CARTESIAN_POINT('',(-20.781193107014,-2.5,-45.504803256704));
#9828=CARTESIAN_POINT('',(-40.3609972623476,-2.5,-41.2141284292738));
#9829=CARTESIAN_POINT('',(-24.992457010837,-2.5,-20.3707194082373));
#9830=CARTESIAN_POINT('',(-43.6905609284333,-2.5,-36.6202459140388));
#9831=CARTESIAN_POINT('',(-43.20280309307,-2.5,-37.293217635339));
#9832=CARTESIAN_POINT('',(-41.6539206103465,-2.5,-36.6202459140388));
#9833=CARTESIAN_POINT('',(-21.845280464217,-2.5,-36.6202459140392));
#9834=CARTESIAN_POINT('',(-39.2683054062955,-2.5,-39.9726931792042));
#9835=CARTESIAN_POINT('',(-43.3023715909801,-2.5,-34.3037176774648));
#9836=CARTESIAN_POINT('',(-36.8826902022443,-2.5,-36.6202459140388));
#9837=CARTESIAN_POINT('',(-23.2267290900942,-2.5,-17.4298545190275));
#9838=CARTESIAN_POINT('',(-34.8975379820867,-2.5,-36.6202459140388));
#9839=CARTESIAN_POINT('',(-18.4413451011228,-2.5,-36.6202459140394));
#9840=CARTESIAN_POINT('',(-38.2900315456413,-2.5,-41.1855239304243));
#9841=CARTESIAN_POINT('',(-19.924192064866,-2.5,-16.4706168382514));
#9842=CARTESIAN_POINT('',(-35.0691649751839,-2.5,-45.5048032567039));
#9843=CARTESIAN_POINT('',(-41.3169808375731,-2.5,-37.126293530054));
#9844=CARTESIAN_POINT('',(-37.1058052932707,-2.5,-45.5048032567039));
#9845=CARTESIAN_POINT('',(-17.5345824875919,-2.5,-45.5048032567039));
#9846=CARTESIAN_POINT('',(-39.3712816021538,-2.5,-42.4040755814145));
#9847=CARTESIAN_POINT('',(-41.4868286073584,-2.5,-39.5085541753011));
#9848=CARTESIAN_POINT('',(-22.8226074410269,-2.5,-18.9853252019603));
#9849=CARTESIAN_POINT('',(38.5765511041632,-2.5,-34.678373985704));
#9850=CARTESIAN_POINT('',(27.2909814181078,-2.5,-34.6783739857039));
#9851=CARTESIAN_POINT('',(19.2882755520815,-2.5,-34.6783739857039));
#9852=CARTESIAN_POINT('',(22.5546680358074,-2.5,-29.9420606034036));
#9853=CARTESIAN_POINT('',(11.7986425671549,-2.5,-19.1860351347509));
#9854=CARTESIAN_POINT('',(22.5546680358074,-2.5,-26.2104197567428));
#9855=CARTESIAN_POINT('',(22.5546680358073,-2.5,-14.9710303017017));
#9856=CARTESIAN_POINT('',(24.0654538036863,-2.5,-26.2104197567427));
#9857=CARTESIAN_POINT('Ctrl Pts',(22.5546680358074,-2.5,-26.2104197567428));
#9858=CARTESIAN_POINT('Ctrl Pts',(21.9956773016922,-2.5,-25.9309243896851));
#9859=CARTESIAN_POINT('Ctrl Pts',(21.6104269308831,-2.5,-25.3643797267306));
#9860=CARTESIAN_POINT('Ctrl Pts',(21.6104269308831,-2.5,-24.6996339888639));
#9861=CARTESIAN_POINT('Ctrl Pts',(21.6104269308831,-2.5,-23.7629468127789));
#9862=CARTESIAN_POINT('Ctrl Pts',(22.373373743662,-2.5,-23.0000000000002));
#9863=CARTESIAN_POINT('Ctrl Pts',(23.3100609197469,-2.5,-23.0000000000001));
#9864=CARTESIAN_POINT('Ctrl Pts',(24.2467480958318,-2.5,-23.));
#9865=CARTESIAN_POINT('Ctrl Pts',(25.0096949086106,-2.5,-23.7629468127789));
#9866=CARTESIAN_POINT('Ctrl Pts',(25.0096949086106,-2.5,-24.6996339888638));
#9867=CARTESIAN_POINT('Ctrl Pts',(25.0096949086106,-2.5,-25.3643797267306));
#9868=CARTESIAN_POINT('Ctrl Pts',(24.6244445378015,-2.5,-25.9309243896851));
#9869=CARTESIAN_POINT('Ctrl Pts',(24.0654538036863,-2.5,-26.2104197567427));
#9870=CARTESIAN_POINT('',(24.0654538036863,-2.5,-29.3150845097339));
#9871=CARTESIAN_POINT('',(24.0654538036861,-2.5,-13.1052098783712));
#9872=CARTESIAN_POINT('',(27.9179575117775,-2.5,-33.1675882178251));
#9873=CARTESIAN_POINT('',(10.7203192253314,-2.5,-15.9699499313788));
#9874=CARTESIAN_POINT('',(39.2035271978329,-2.5,-33.167588217825));
#9875=CARTESIAN_POINT('',(13.9589787558889,-2.5,-33.1675882178253));
#9876=CARTESIAN_POINT('',(42.746319823509,-2.5,-36.7103808435011));
#9877=CARTESIAN_POINT('',(21.1107483439186,-2.5,-15.0748093639105));
#9878=CARTESIAN_POINT('',(42.7463198235089,-2.5,-40.4722374055196));
#9879=CARTESIAN_POINT('',(42.746319823509,-2.5,-18.3551904217506));
#9880=CARTESIAN_POINT('',(41.23553405563,-2.5,-40.4722374055195));
#9881=CARTESIAN_POINT('Ctrl Pts',(42.7463198235089,-2.5,-40.4722374055196));
#9882=CARTESIAN_POINT('Ctrl Pts',(43.3053105576241,-2.5,-40.7517327725772));
#9883=CARTESIAN_POINT('Ctrl Pts',(43.6905609284332,-2.5,-41.3182774355317));
#9884=CARTESIAN_POINT('Ctrl Pts',(43.6905609284333,-2.5,-41.9830231733984));
#9885=CARTESIAN_POINT('Ctrl Pts',(43.6905609284333,-2.5,-42.9197103494834));
#9886=CARTESIAN_POINT('Ctrl Pts',(42.9276141156544,-2.5,-43.6826571622622));
#9887=CARTESIAN_POINT('Ctrl Pts',(41.9909269395695,-2.5,-43.6826571622622));
#9888=CARTESIAN_POINT('Ctrl Pts',(41.0542397634846,-2.5,-43.6826571622622));
#9889=CARTESIAN_POINT('Ctrl Pts',(40.2912929507058,-2.5,-42.9197103494834));
#9890=CARTESIAN_POINT('Ctrl Pts',(40.2912929507057,-2.5,-41.9830231733985));
#9891=CARTESIAN_POINT('Ctrl Pts',(40.2912929507057,-2.5,-41.3182774355317));
#9892=CARTESIAN_POINT('Ctrl Pts',(40.6765433215148,-2.5,-40.7517327725771));
#9893=CARTESIAN_POINT('Ctrl Pts',(41.23553405563,-2.5,-40.4722374055195));
#9894=CARTESIAN_POINT('',(41.23553405563,-2.5,-37.3373569371708));
#9895=CARTESIAN_POINT('',(41.23553405563,-2.5,-20.2361187027598));
#9896=CARTESIAN_POINT('',(21.5923113074296,-2.5,-17.6941341889708));
#9897=CARTESIAN_POINT('',(25.2438667026319,-2.5,-46.915738705523));
#9898=CARTESIAN_POINT('',(26.7546524705108,-2.5,-44.4607118327199));
#9899=CARTESIAN_POINT('Ctrl Pts',(25.2438667026319,-2.5,-46.915738705523));
#9900=CARTESIAN_POINT('Ctrl Pts',(24.3071795265469,-2.5,-46.915738705523));
#9901=CARTESIAN_POINT('Ctrl Pts',(23.5442327137681,-2.5,-46.1527918927442));
#9902=CARTESIAN_POINT('Ctrl Pts',(23.5442327137681,-2.5,-45.2161047166593));
#9903=CARTESIAN_POINT('Ctrl Pts',(23.5442327137681,-2.5,-44.2794175405743));
#9904=CARTESIAN_POINT('Ctrl Pts',(24.3071795265469,-2.5,-43.5164707277955));
#9905=CARTESIAN_POINT('Ctrl Pts',(25.2438667026319,-2.5,-43.5164707277956));
#9906=CARTESIAN_POINT('Ctrl Pts',(25.9086124404986,-2.5,-43.5164707277956));
#9907=CARTESIAN_POINT('Ctrl Pts',(26.4751571034532,-2.5,-43.9017210986046));
#9908=CARTESIAN_POINT('Ctrl Pts',(26.7546524705108,-2.5,-44.4607118327199));
#9909=CARTESIAN_POINT('',(34.2783655945477,-2.5,-44.4607118327199));
#9910=CARTESIAN_POINT('',(13.3773262352555,-2.5,-44.46071183272));
#9911=CARTESIAN_POINT('',(36.5747599617237,-2.5,-42.1718713943832));
#9912=CARTESIAN_POINT('',(36.7956560099362,-2.5,-41.9517019779082));
#9913=CARTESIAN_POINT('',(36.5747599617237,-2.5,-40.9783506377589));
#9914=CARTESIAN_POINT('',(36.5747599617237,-2.5,-21.0859356971916));
#9915=CARTESIAN_POINT('',(38.0855457296025,-2.5,-40.978350637759));
#9916=CARTESIAN_POINT('Ctrl Pts',(36.5747599617237,-2.5,-40.9783506377589));
#9917=CARTESIAN_POINT('Ctrl Pts',(36.0157692276084,-2.5,-40.6988552707014));
#9918=CARTESIAN_POINT('Ctrl Pts',(35.6305188567993,-2.5,-40.1323106077468));
#9919=CARTESIAN_POINT('Ctrl Pts',(35.6305188567993,-2.5,-39.46756486988));
#9920=CARTESIAN_POINT('Ctrl Pts',(35.6305188567994,-2.5,-38.5308776937951));
#9921=CARTESIAN_POINT('Ctrl Pts',(36.3934656695781,-2.5,-37.7679308810163));
#9922=CARTESIAN_POINT('Ctrl Pts',(37.3301528456631,-2.5,-37.7679308810163));
#9923=CARTESIAN_POINT('Ctrl Pts',(38.266840021748,-2.5,-37.7679308810163));
#9924=CARTESIAN_POINT('Ctrl Pts',(39.0297868345268,-2.5,-38.5308776937952));
#9925=CARTESIAN_POINT('Ctrl Pts',(39.0297868345268,-2.5,-39.4675648698801));
#9926=CARTESIAN_POINT('Ctrl Pts',(39.0297868345268,-2.5,-40.1323106077468));
#9927=CARTESIAN_POINT('Ctrl Pts',(38.6445364637177,-2.5,-40.6988552707014));
#9928=CARTESIAN_POINT('Ctrl Pts',(38.0855457296025,-2.5,-40.978350637759));
#9929=CARTESIAN_POINT('',(38.0855457296025,-2.5,-42.798847488053));
#9930=CARTESIAN_POINT('',(38.0855457296029,-2.5,-20.4891753188799));
#9931=CARTESIAN_POINT('',(34.9053416882175,-2.5,-45.9790515294381));
#9932=CARTESIAN_POINT('',(39.2638711692151,-2.5,-41.6205220484405));
#9933=CARTESIAN_POINT('',(26.7546524705108,-2.5,-45.9790515294381));
#9934=CARTESIAN_POINT('',(17.4526708441087,-2.5,-45.9790515294381));
#9935=CARTESIAN_POINT('',(25.2438667026319,-2.5,-46.9232926343625));
#9936=CARTESIAN_POINT('Ctrl Pts',(26.7546524705108,-2.5,-45.9790515294381));
#9937=CARTESIAN_POINT('Ctrl Pts',(26.4751571034532,-2.5,-46.5380422635533));
#9938=CARTESIAN_POINT('Ctrl Pts',(25.9086124404986,-2.5,-46.9232926343625));
#9939=CARTESIAN_POINT('Ctrl Pts',(25.2438667026319,-2.5,-46.9232926343625));
#9940=CARTESIAN_POINT('',(25.2438667025767,-2.5,-23.4616463171515));
#9941=CARTESIAN_POINT('',(-5.46350866591672,-2.5,-39.0687910155589));
#9942=CARTESIAN_POINT('',(-6.55047962219903,-2.5,-37.9646573599668));
#9943=CARTESIAN_POINT('',(-13.8850270485869,-2.5,-30.5143012900045));
#9944=CARTESIAN_POINT('',(1.07547977108663,-2.5,-43.4281166402278));
#9945=CARTESIAN_POINT('Ctrl Pts',(-6.55047962219903,-2.5,-37.9646573599668));
#9946=CARTESIAN_POINT('Ctrl Pts',(-6.12713303922593,-2.5,-37.466939079985));
#9947=CARTESIAN_POINT('Ctrl Pts',(-5.60653116016441,-2.5,-37.0893596951713));
#9948=CARTESIAN_POINT('Ctrl Pts',(-4.98867398501453,-2.5,-36.8261983057555));
#9949=CARTESIAN_POINT('Ctrl Pts',(-4.37081680986457,-2.5,-36.5630369163397));
#9950=CARTESIAN_POINT('Ctrl Pts',(-3.71291333632525,-2.5,-36.4314562216318));
#9951=CARTESIAN_POINT('Ctrl Pts',(-3.01496356439666,-2.5,-36.4314562216319));
#9952=CARTESIAN_POINT('Ctrl Pts',(-2.12822410006111,-2.5,-36.431456221632));
#9953=CARTESIAN_POINT('Ctrl Pts',(-1.32729813227411,-2.5,-36.6316877135786));
#9954=CARTESIAN_POINT('Ctrl Pts',(-0.617906560805732,-2.5,-37.037871597242));
#9955=CARTESIAN_POINT('Ctrl Pts',(0.091485010662673,-2.5,-37.4440554809054));
#9956=CARTESIAN_POINT('Ctrl Pts',(0.652133188113497,-2.5,-37.9989827585864));
#9957=CARTESIAN_POINT('Ctrl Pts',(1.06403797154677,-2.5,-38.696932530515));
#9958=CARTESIAN_POINT('Ctrl Pts',(1.47594275498008,-2.5,-39.3948823024436));
#9959=CARTESIAN_POINT('Ctrl Pts',(1.68189514669667,-2.5,-40.1958082702305));
#9960=CARTESIAN_POINT('Ctrl Pts',(1.6818951466967,-2.5,-41.0711059350262));
#9961=CARTESIAN_POINT('Ctrl Pts',(1.68189514669674,-2.5,-41.9464035998219));
#9962=CARTESIAN_POINT('Ctrl Pts',(1.48166365474999,-2.5,-42.7301668682992));
#9963=CARTESIAN_POINT('Ctrl Pts',(1.07547977108663,-2.5,-43.4281166402278));
#9964=CARTESIAN_POINT('',(-5.080208381333,-2.5,-45.13294477166));
#9965=CARTESIAN_POINT('Ctrl Pts',(1.07547977108663,-2.5,-43.4281166402278));
#9966=CARTESIAN_POINT('Ctrl Pts',(0.669295887423225,-2.5,-44.1317873119263));
#9967=CARTESIAN_POINT('Ctrl Pts',(0.120089509512198,-2.5,-44.6809936898373));
#9968=CARTESIAN_POINT('Ctrl Pts',(-0.572139362646515,-2.5,-45.0871775735007));
#9969=CARTESIAN_POINT('Ctrl Pts',(-1.26436823480519,-2.5,-45.4933614571641));
#9970=CARTESIAN_POINT('Ctrl Pts',(-2.07673600213194,-2.5,-45.6935929491108));
#9971=CARTESIAN_POINT('Ctrl Pts',(-2.9005455689985,-2.5,-45.6935929491108));
#9972=CARTESIAN_POINT('Ctrl Pts',(-3.72435513586508,-2.5,-45.6935929491108));
#9973=CARTESIAN_POINT('Ctrl Pts',(-4.45090940664327,-2.5,-45.5048032567039));
#9974=CARTESIAN_POINT('Ctrl Pts',(-5.080208381333,-2.5,-45.13294477166));
#9975=CARTESIAN_POINT('',(-6.56192142173879,-2.5,-43.5825809340153));
#9976=CARTESIAN_POINT('Origin',(58.3477357038894,-2.5,25.9784980139231));
#9977=CARTESIAN_POINT('',(-7.00243070402164,-2.5,-40.4360860605666));
#9978=CARTESIAN_POINT('Ctrl Pts',(-6.56192142173879,-2.5,-43.5825809340153));
#9979=CARTESIAN_POINT('Ctrl Pts',(-6.91661720747302,-2.5,-42.9189565607061));
#9980=CARTESIAN_POINT('Ctrl Pts',(-7.09396510034017,-2.5,-42.1695186908483));
#9981=CARTESIAN_POINT('Ctrl Pts',(-7.09396510034013,-2.5,-41.334267324442));
#9982=CARTESIAN_POINT('Ctrl Pts',(-7.09396510034012,-2.5,-41.2141284292739));
#9983=CARTESIAN_POINT('Ctrl Pts',(-7.08824420057029,-2.5,-41.0768268347962));
#9984=CARTESIAN_POINT('Ctrl Pts',(-7.07680240103045,-2.5,-40.9338043405485));
#9985=CARTESIAN_POINT('Ctrl Pts',(-7.06536060149061,-2.5,-40.7907818463008));
#9986=CARTESIAN_POINT('Ctrl Pts',(-7.03675610264105,-2.5,-40.6248757529735));
#9987=CARTESIAN_POINT('Ctrl Pts',(-7.00243070402164,-2.5,-40.4360860605666));
#9988=CARTESIAN_POINT('',(-0.0572583833549345,-2.5,-40.4360860605666));
#9989=CARTESIAN_POINT('',(-3.50121535201072,-2.5,-40.4360860605666));
#9990=CARTESIAN_POINT('',(-0.360466071159973,-2.5,-39.492137598532));
#9991=CARTESIAN_POINT('Ctrl Pts',(-0.0572583833549345,-2.5,-40.4360860605666));
#9992=CARTESIAN_POINT('Ctrl Pts',(-0.120188280823896,-2.5,-40.0985529741422));
#9993=CARTESIAN_POINT('Ctrl Pts',(-0.211722677142383,-2.5,-39.7781825870274));
#9994=CARTESIAN_POINT('Ctrl Pts',(-0.360466071159973,-2.5,-39.492137598532));
#9995=CARTESIAN_POINT('',(-4.38797950917426,-2.5,-38.2850277470817));
#9996=CARTESIAN_POINT('Ctrl Pts',(-0.360466071159973,-2.5,-39.492137598532));
#9997=CARTESIAN_POINT('Ctrl Pts',(-0.606464761265908,-2.5,-39.0230238173996));
#9998=CARTESIAN_POINT('Ctrl Pts',(-0.961160547000164,-2.5,-38.6626071318956));
#9999=CARTESIAN_POINT('Ctrl Pts',(-1.42455342836262,-2.5,-38.4051666422497));
#10000=CARTESIAN_POINT('Ctrl Pts',(-1.88794630972504,-2.5,-38.1477261526039));
#10001=CARTESIAN_POINT('Ctrl Pts',(-2.41426908855644,-2.5,-38.0218663576659));
#10002=CARTESIAN_POINT('Ctrl Pts',(-3.01496356439667,-2.5,-38.0218663576659));
#10003=CARTESIAN_POINT('Ctrl Pts',(-3.51268184437856,-2.5,-38.0218663576659));
#10004=CARTESIAN_POINT('Ctrl Pts',(-3.97035382597105,-2.5,-38.1076798542146));
#10005=CARTESIAN_POINT('Ctrl Pts',(-4.38797950917426,-2.5,-38.2850277470817));
#10006=CARTESIAN_POINT('Origin',(2.51366699944313,-2.5,-49.852411275447));
#10007=CARTESIAN_POINT('',(34.9514583333333,-2.5,2.53069444444445));
#10008=CARTESIAN_POINT('',(34.9514583333333,-2.5,-9.92236111111111));
#10009=CARTESIAN_POINT('',(34.9514583333333,-2.5,1.26534722222222));
#10010=CARTESIAN_POINT('',(29.606875,-2.5,-9.92236111111114));
#10011=CARTESIAN_POINT('',(17.4757291666667,-2.5,-9.92236111111114));
#10012=CARTESIAN_POINT('',(27.3589404375864,-2.5,-4.12717119396322));
#10013=CARTESIAN_POINT('Ctrl Pts',(29.606875,-2.5,-9.92236111111114));
#10014=CARTESIAN_POINT('Ctrl Pts',(28.8072453703704,-2.5,-9.92236111111109));
#10015=CARTESIAN_POINT('Ctrl Pts',(28.1281481481482,-2.5,-9.77537037037041));
#10016=CARTESIAN_POINT('Ctrl Pts',(27.5695833333334,-2.5,-9.48138888888891));
#10017=CARTESIAN_POINT('Ctrl Pts',(27.0110185185185,-2.5,-9.1874074074074));
#10018=CARTESIAN_POINT('Ctrl Pts',(26.5847453703704,-2.5,-8.7934722222222));
#10019=CARTESIAN_POINT('Ctrl Pts',(26.2907638888889,-2.5,-8.29958333333329));
#10020=CARTESIAN_POINT('Ctrl Pts',(25.9967824074075,-2.5,-7.80569444444439));
#10021=CARTESIAN_POINT('Ctrl Pts',(25.8497916666667,-2.5,-7.25888888888894));
#10022=CARTESIAN_POINT('Ctrl Pts',(25.8497916666667,-2.5,-6.65916666666672));
#10023=CARTESIAN_POINT('Ctrl Pts',(25.8497916666667,-2.5,-5.89481481481488));
#10024=CARTESIAN_POINT('Ctrl Pts',(26.0967361111111,-2.5,-5.24805555555559));
#10025=CARTESIAN_POINT('Ctrl Pts',(26.590625,-2.5,-4.71888888888892));
#10026=CARTESIAN_POINT('Ctrl Pts',(26.8031725673474,-2.5,-4.49115935244531));
#10027=CARTESIAN_POINT('Ctrl Pts',(27.0592777130833,-2.5,-4.29392012087365));
#10028=CARTESIAN_POINT('Ctrl Pts',(27.3589404375864,-2.5,-4.12717119396322));
#10029=CARTESIAN_POINT('',(29.6421527777778,-2.5,2.53069444444443));
#10030=CARTESIAN_POINT('Ctrl Pts',(27.3589404375864,-2.5,-4.12717119396322));
#10031=CARTESIAN_POINT('Ctrl Pts',(26.9361448825862,-2.5,-3.92093242977741));
#10032=CARTESIAN_POINT('Ctrl Pts',(26.5771462183285,-2.5,-3.65956055023536));
#10033=CARTESIAN_POINT('Ctrl Pts',(26.2819444444445,-2.5,-3.34305555555555));
#10034=CARTESIAN_POINT('Ctrl Pts',(25.7116203703705,-2.5,-2.73157407407401));
#10035=CARTESIAN_POINT('Ctrl Pts',(25.4264583333334,-2.5,-1.97898148148155));
#10036=CARTESIAN_POINT('Ctrl Pts',(25.4264583333333,-2.5,-1.08527777777778));
#10037=CARTESIAN_POINT('Ctrl Pts',(25.4264583333332,-2.5,-0.40324074074074));
#10038=CARTESIAN_POINT('Ctrl Pts',(25.5940277777778,-2.5,0.211180555555552));
#10039=CARTESIAN_POINT('Ctrl Pts',(25.9291666666667,-2.5,0.757986111111064));
#10040=CARTESIAN_POINT('Ctrl Pts',(26.2643055555556,-2.5,1.30479166666661));
#10041=CARTESIAN_POINT('Ctrl Pts',(26.7464351851852,-2.5,1.73694444444439));
#10042=CARTESIAN_POINT('Ctrl Pts',(27.3755555555556,-2.5,2.05444444444438));
#10043=CARTESIAN_POINT('Ctrl Pts',(28.0046759259259,-2.5,2.37194444444438));
#10044=CARTESIAN_POINT('Ctrl Pts',(28.7602083333333,-2.5,2.53069444444441));
#10045=CARTESIAN_POINT('Ctrl Pts',(29.6421527777778,-2.5,2.53069444444443));
#10046=CARTESIAN_POINT('',(14.8210763888889,-2.5,2.53069444444411));
#10047=CARTESIAN_POINT('',(-16.0602083333333,-2.5,2.74236111111107));
#10048=CARTESIAN_POINT('Ctrl Pts',(-16.0602083333333,-2.5,2.74236111111107));
#10049=CARTESIAN_POINT('Ctrl Pts',(-15.1194675925926,-2.5,2.74236111111109));
#10050=CARTESIAN_POINT('Ctrl Pts',(-14.2522222222222,-2.5,2.57773148148149));
#10051=CARTESIAN_POINT('Ctrl Pts',(-13.4584722222222,-2.5,2.24847222222221));
#10052=CARTESIAN_POINT('Ctrl Pts',(-12.6647222222222,-2.5,1.91921296296292));
#10053=CARTESIAN_POINT('Ctrl Pts',(-11.9679861111111,-2.5,1.4606018518518));
#10054=CARTESIAN_POINT('Ctrl Pts',(-11.3682638888889,-2.5,0.872638888888853));
#10055=CARTESIAN_POINT('Ctrl Pts',(-10.7685416666667,-2.5,0.284675925925901));
#10056=CARTESIAN_POINT('Ctrl Pts',(-10.3040509259259,-2.5,-0.400300925925938));
#10057=CARTESIAN_POINT('Ctrl Pts',(-9.97479166666663,-2.5,-1.1822916666667));
#10058=CARTESIAN_POINT('Ctrl Pts',(-9.64553240740741,-2.5,-1.96428240740744));
#10059=CARTESIAN_POINT('Ctrl Pts',(-9.48090277777771,-2.5,-2.80800925925927));
#10060=CARTESIAN_POINT('Ctrl Pts',(-9.48090277777773,-2.5,-3.71347222222224));
#10061=CARTESIAN_POINT('Ctrl Pts',(-9.48090277777775,-2.5,-4.63069444444446));
#10062=CARTESIAN_POINT('Ctrl Pts',(-9.64553240740734,-2.5,-5.47736111111113));
#10063=CARTESIAN_POINT('Ctrl Pts',(-9.97479166666663,-2.5,-6.25347222222222));
#10064=CARTESIAN_POINT('Ctrl Pts',(-10.3040509259259,-2.5,-7.02958333333333));
#10065=CARTESIAN_POINT('Ctrl Pts',(-10.762662037037,-2.5,-7.70868055555554));
#10066=CARTESIAN_POINT('Ctrl Pts',(-11.350625,-2.5,-8.29076388888891));
#10067=CARTESIAN_POINT('Ctrl Pts',(-11.938587962963,-2.5,-8.87284722222225));
#10068=CARTESIAN_POINT('Ctrl Pts',(-12.6294444444444,-2.5,-9.32557870370374));
#10069=CARTESIAN_POINT('Ctrl Pts',(-13.4231944444444,-2.5,-9.64895833333336));
#10070=CARTESIAN_POINT('Ctrl Pts',(-14.2169444444444,-2.5,-9.97233796296297));
#10071=CARTESIAN_POINT('Ctrl Pts',(-15.0841898148148,-2.5,-10.1340277777778));
#10072=CARTESIAN_POINT('Ctrl Pts',(-16.0249305555556,-2.5,-10.1340277777778));
#10073=CARTESIAN_POINT('Ctrl Pts',(-16.9539120370371,-2.5,-10.1340277777778));
#10074=CARTESIAN_POINT('Ctrl Pts',(-17.8152777777777,-2.5,-9.97233796296293));
#10075=CARTESIAN_POINT('Ctrl Pts',(-18.6090277777777,-2.5,-9.64895833333336));
#10076=CARTESIAN_POINT('Ctrl Pts',(-19.4027777777777,-2.5,-9.32557870370378));
#10077=CARTESIAN_POINT('Ctrl Pts',(-20.096574074074,-2.5,-8.87284722222225));
#10078=CARTESIAN_POINT('Ctrl Pts',(-20.6904166666666,-2.5,-8.29076388888889));
#10079=CARTESIAN_POINT('Ctrl Pts',(-21.2842592592592,-2.5,-7.70868055555552));
#10080=CARTESIAN_POINT('Ctrl Pts',(-21.7458101851851,-2.5,-7.02664351851856));
#10081=CARTESIAN_POINT('Ctrl Pts',(-22.0750694444444,-2.5,-6.24465277777783));
#10082=CARTESIAN_POINT('Ctrl Pts',(-22.4043287037037,-2.5,-5.46266203703706));
#10083=CARTESIAN_POINT('Ctrl Pts',(-22.5689583333333,-2.5,-4.61305555555559));
#10084=CARTESIAN_POINT('Ctrl Pts',(-22.5689583333333,-2.5,-3.69583333333336));
#10085=CARTESIAN_POINT('Ctrl Pts',(-22.5689583333333,-2.5,-2.79037037037033));
#10086=CARTESIAN_POINT('Ctrl Pts',(-22.4043287037036,-2.5,-1.94664351851853));
#10087=CARTESIAN_POINT('Ctrl Pts',(-22.0750694444444,-2.5,-1.16465277777778));
#10088=CARTESIAN_POINT('Ctrl Pts',(-21.7458101851852,-2.5,-0.38266203703702));
#10089=CARTESIAN_POINT('Ctrl Pts',(-21.287199074074,-2.5,0.299375000000071));
#10090=CARTESIAN_POINT('Ctrl Pts',(-20.699236111111,-2.5,0.881458333333365));
#10091=CARTESIAN_POINT('Ctrl Pts',(-20.1112731481481,-2.5,1.46354166666657));
#10092=CARTESIAN_POINT('Ctrl Pts',(-19.4204166666666,-2.5,1.91921296296292));
#10093=CARTESIAN_POINT('Ctrl Pts',(-18.6266666666666,-2.5,2.24847222222219));
#10094=CARTESIAN_POINT('Ctrl Pts',(-17.8329166666667,-2.5,2.57773148148146));
#10095=CARTESIAN_POINT('Ctrl Pts',(-16.9774305555555,-2.5,2.74236111111105));
#10096=CARTESIAN_POINT('Ctrl Pts',(-16.0602083333333,-2.5,2.74236111111107));
#10097=CARTESIAN_POINT('',(5.30048611111113,-2.5,11.9498611111111));
#10098=CARTESIAN_POINT('',(2.53118055555557,-2.5,11.9498611111111));
#10099=CARTESIAN_POINT('',(2.65024305555553,-2.5,11.9498611111111));
#10100=CARTESIAN_POINT('',(2.53118055555557,-2.5,24.4029166666666));
#10101=CARTESIAN_POINT('',(2.53118055555557,-2.5,5.97493055555554));
#10102=CARTESIAN_POINT('',(5.30048611111114,-2.5,24.4029166666666));
#10103=CARTESIAN_POINT('',(1.26559027777779,-2.5,24.4029166666666));
#10104=CARTESIAN_POINT('',(5.30048611111113,-2.5,12.2014583333333));
#10105=CARTESIAN_POINT('',(15.8220833333334,-2.5,46.2751388888889));
#10106=CARTESIAN_POINT('',(15.8220833333333,-2.5,33.8220833333333));
#10107=CARTESIAN_POINT('',(15.8220833333333,-2.5,23.1375694444444));
#10108=CARTESIAN_POINT('',(13.0527777777778,-2.5,33.8220833333333));
#10109=CARTESIAN_POINT('',(7.91104166666667,-2.5,33.8220833333333));
#10110=CARTESIAN_POINT('',(13.0527777777778,-2.5,43.8409722222222));
#10111=CARTESIAN_POINT('',(13.0527777777779,-2.5,16.9110416666667));
#10112=CARTESIAN_POINT('',(7.53180555555558,-2.5,43.8409722222222));
#10113=CARTESIAN_POINT('',(6.52638888888888,-2.5,43.8409722222222));
#10114=CARTESIAN_POINT('',(7.53180555555556,-2.5,46.2751388888889));
#10115=CARTESIAN_POINT('',(7.53180555555574,-2.5,21.9204861111111));
#10116=CARTESIAN_POINT('',(3.76590277777797,-2.5,46.275138888889));
#10117=CARTESIAN_POINT('',(-2.39888888888885,-2.5,38.7609722222222));
#10118=CARTESIAN_POINT('',(-2.39888888888892,-2.5,41.0716666666667));
#10119=CARTESIAN_POINT('',(-2.39888888888825,-2.5,19.3804861111111));
#10120=CARTESIAN_POINT('',(3.15736111111111,-2.5,41.0716666666667));
#10121=CARTESIAN_POINT('',(-1.19944444444453,-2.5,41.0716666666667));
#10122=CARTESIAN_POINT('',(3.15736111111114,-2.5,43.87625));
#10123=CARTESIAN_POINT('',(3.15736111111085,-2.5,20.5358333333333));
#10124=CARTESIAN_POINT('',(-3.01624999999998,-2.5,43.87625));
#10125=CARTESIAN_POINT('',(1.57868055555563,-2.5,43.87625));
#10126=CARTESIAN_POINT('',(-3.01624999999998,-2.5,46.2751388888889));
#10127=CARTESIAN_POINT('',(-3.01624999999998,-2.5,21.938125));
#10128=CARTESIAN_POINT('',(5.9266666666667,-2.5,46.2751388888889));
#10129=CARTESIAN_POINT('',(-1.50812499999999,-2.5,46.2751388888889));
#10130=CARTESIAN_POINT('',(5.9266666666667,-2.5,33.8220833333333));
#10131=CARTESIAN_POINT('',(5.9266666666667,-2.5,23.1375694444444));
#10132=CARTESIAN_POINT('',(-2.92805555555553,-2.5,33.8220833333333));
#10133=CARTESIAN_POINT('',(2.96333333333335,-2.5,33.8220833333333));
#10134=CARTESIAN_POINT('',(-2.92805555555553,-2.5,36.2033333333333));
#10135=CARTESIAN_POINT('',(-2.92805555555553,-2.5,16.9110416666667));
#10136=CARTESIAN_POINT('',(3.15736111111114,-2.5,36.2033333333333));
#10137=CARTESIAN_POINT('',(-1.46402777777766,-2.5,36.2033333333333));
#10138=CARTESIAN_POINT('',(3.15736111111114,-2.5,38.7609722222222));
#10139=CARTESIAN_POINT('',(3.15736111111114,-2.5,18.1016666666667));
#10140=CARTESIAN_POINT('',(1.57868055555551,-2.5,38.7609722222222));
#10141=CARTESIAN_POINT('',(0.97895833333336,-2.5,11.9498611111111));
#10142=CARTESIAN_POINT('',(-9.58673611111108,-2.5,11.9498611111111));
#10143=CARTESIAN_POINT('',(0.4894791666667,-2.5,11.9498611111111));
#10144=CARTESIAN_POINT('',(-9.58673611111111,-2.5,14.3663888888889));
#10145=CARTESIAN_POINT('',(-9.58673611111099,-2.5,5.97493055555548));
#10146=CARTESIAN_POINT('',(-5.68854166666661,-2.5,14.3663888888889));
#10147=CARTESIAN_POINT('',(-4.79336805555559,-2.5,14.3663888888889));
#10148=CARTESIAN_POINT('',(-5.68854166666664,-2.5,24.4029166666667));
#10149=CARTESIAN_POINT('',(-5.68854166666658,-2.5,7.18319444444443));
#10150=CARTESIAN_POINT('',(-2.91923611111114,-2.5,24.4029166666666));
#10151=CARTESIAN_POINT('',(-2.84427083333324,-2.5,24.4029166666666));
#10152=CARTESIAN_POINT('',(-2.91923611111111,-2.5,14.3663888888889));
#10153=CARTESIAN_POINT('',(-2.9192361111111,-2.5,12.2014583333333));
#10154=CARTESIAN_POINT('',(0.97895833333336,-2.5,14.3663888888888));
#10155=CARTESIAN_POINT('',(-1.45961805555549,-2.5,14.3663888888889));
#10156=CARTESIAN_POINT('',(0.97895833333336,-2.5,7.18319444444442));
#10157=CARTESIAN_POINT('',(-27.1021527777777,-2.5,2.53069444444445));
#10158=CARTESIAN_POINT('',(-24.3328472222222,-2.5,2.53069444444441));
#10159=CARTESIAN_POINT('',(-13.5510763888889,-2.5,2.53069444444427));
#10160=CARTESIAN_POINT('',(-24.3328472222223,-2.5,-9.92236111111112));
#10161=CARTESIAN_POINT('',(-24.3328472222222,-2.5,1.26534722222229));
#10162=CARTESIAN_POINT('',(-26.273125,-2.5,-9.92236111111116));
#10163=CARTESIAN_POINT('',(-12.166423611111,-2.5,-9.9223611111109));
#10164=CARTESIAN_POINT('',(-32.1821527777778,-2.5,-2.35141927083336));
#10165=CARTESIAN_POINT('',(-23.7064813360033,-2.5,-13.2108733056069));
#10166=CARTESIAN_POINT('',(-32.1821527777778,-2.5,-9.92236111111111));
#10167=CARTESIAN_POINT('',(-32.1821527777778,-2.5,-1.17570963541668));
#10168=CARTESIAN_POINT('',(-34.9514583333334,-2.5,-9.92236111111111));
#10169=CARTESIAN_POINT('',(-16.0910763888889,-2.5,-9.92236111111111));
#10170=CARTESIAN_POINT('',(-34.9514583333334,-2.5,2.53069444444439));
#10171=CARTESIAN_POINT('',(-34.9514583333334,-2.5,-4.9611805555555));
#10172=CARTESIAN_POINT('',(-32.9229861111111,-2.5,2.53069444444441));
#10173=CARTESIAN_POINT('',(-17.4757291666667,-2.5,2.53069444444455));
#10174=CARTESIAN_POINT('',(-27.1021527777778,-2.5,-4.92724826388895));
#10175=CARTESIAN_POINT('',(-26.0776240244404,-2.5,-6.2399257291025));
#10176=CARTESIAN_POINT('',(-27.1021527777778,-2.5,-2.46362413194438));
#10177=CARTESIAN_POINT('',(16.2542361111111,-2.5,-9.92236111111109));
#10178=CARTESIAN_POINT('',(13.4672916666667,-2.5,-9.92236111111112));
#10179=CARTESIAN_POINT('',(8.12711805555562,-2.5,-9.92236111111119));
#10180=CARTESIAN_POINT('',(13.4672916666667,-2.5,-2.3552777777778));
#10181=CARTESIAN_POINT('',(13.4672916666667,-2.5,-4.96118055555556));
#10182=CARTESIAN_POINT('',(18.6354861111111,-2.5,2.72472222222221));
#10183=CARTESIAN_POINT('Ctrl Pts',(13.4672916666667,-2.5,-2.3552777777778));
#10184=CARTESIAN_POINT('Ctrl Pts',(13.4672916666667,-2.5,-1.36750000000002));
#10185=CARTESIAN_POINT('Ctrl Pts',(13.6848379629629,-2.5,-0.491435185185187));
#10186=CARTESIAN_POINT('Ctrl Pts',(14.1199305555556,-2.5,0.272916666666676));
#10187=CARTESIAN_POINT('Ctrl Pts',(14.5550231481482,-2.5,1.0372685185185));
#10188=CARTESIAN_POINT('Ctrl Pts',(15.160625,-2.5,1.63699074074076));
#10189=CARTESIAN_POINT('Ctrl Pts',(15.9367361111111,-2.5,2.07208333333333));
#10190=CARTESIAN_POINT('Ctrl Pts',(16.7128472222222,-2.5,2.50717592592589));
#10191=CARTESIAN_POINT('Ctrl Pts',(17.6124305555555,-2.5,2.72472222222221));
#10192=CARTESIAN_POINT('Ctrl Pts',(18.6354861111111,-2.5,2.72472222222221));
#10193=CARTESIAN_POINT('',(23.8389583333333,-2.5,-2.37291666666667));
#10194=CARTESIAN_POINT('Ctrl Pts',(18.6354861111111,-2.5,2.72472222222221));
#10195=CARTESIAN_POINT('Ctrl Pts',(19.6585416666667,-2.5,2.72472222222219));
#10196=CARTESIAN_POINT('Ctrl Pts',(20.5610648148148,-2.5,2.50717592592589));
#10197=CARTESIAN_POINT('Ctrl Pts',(21.3430555555556,-2.5,2.07208333333329));
#10198=CARTESIAN_POINT('Ctrl Pts',(22.1250462962963,-2.5,1.6369907407407));
#10199=CARTESIAN_POINT('Ctrl Pts',(22.7365277777778,-2.5,1.0343287037037));
#10200=CARTESIAN_POINT('Ctrl Pts',(23.1775,-2.5,0.264097222222217));
#10201=CARTESIAN_POINT('Ctrl Pts',(23.6184722222223,-2.5,-0.506134259259294));
#10202=CARTESIAN_POINT('Ctrl Pts',(23.8389583333333,-2.5,-1.38513888888894));
#10203=CARTESIAN_POINT('Ctrl Pts',(23.8389583333333,-2.5,-2.37291666666667));
#10204=CARTESIAN_POINT('',(23.8389583333333,-2.5,-9.92236111111111));
#10205=CARTESIAN_POINT('',(23.8389583333333,-2.5,-1.18645833333336));
#10206=CARTESIAN_POINT('',(21.0520138888889,-2.5,-9.92236111111116));
#10207=CARTESIAN_POINT('',(11.9194791666668,-2.5,-9.92236111111134));
#10208=CARTESIAN_POINT('',(21.0520138888889,-2.5,-2.21416666666673));
#10209=CARTESIAN_POINT('',(21.0520138888889,-2.5,-4.96118055555556));
#10210=CARTESIAN_POINT('',(16.2542361111111,-2.5,-2.19652777777777));
#10211=CARTESIAN_POINT('Ctrl Pts',(21.0520138888889,-2.5,-2.21416666666671));
#10212=CARTESIAN_POINT('Ctrl Pts',(21.0520138888889,-2.5,-1.72027777777781));
#10213=CARTESIAN_POINT('Ctrl Pts',(20.9461805555556,-2.5,-1.29106481481484));
#10214=CARTESIAN_POINT('Ctrl Pts',(20.7345138888889,-2.5,-0.926527777777819));
#10215=CARTESIAN_POINT('Ctrl Pts',(20.5228472222222,-2.5,-0.561990740740805));
#10216=CARTESIAN_POINT('Ctrl Pts',(20.2318055555556,-2.5,-0.282708333333384));
#10217=CARTESIAN_POINT('Ctrl Pts',(19.8613888888889,-2.5,-0.0886805555555892));
#10218=CARTESIAN_POINT('Ctrl Pts',(19.4909722222222,-2.5,0.105347222222214));
#10219=CARTESIAN_POINT('Ctrl Pts',(19.082337962963,-2.5,0.202361111111147));
#10220=CARTESIAN_POINT('Ctrl Pts',(18.6354861111112,-2.5,0.202361111111111));
#10221=CARTESIAN_POINT('Ctrl Pts',(18.1651157407408,-2.5,0.202361111111076));
#10222=CARTESIAN_POINT('Ctrl Pts',(17.7535416666666,-2.5,0.105347222222205));
#10223=CARTESIAN_POINT('Ctrl Pts',(17.4007638888889,-2.5,-0.0886805555555892));
#10224=CARTESIAN_POINT('Ctrl Pts',(17.0479861111111,-2.5,-0.282708333333375));
#10225=CARTESIAN_POINT('Ctrl Pts',(16.7687037037037,-2.5,-0.559050925925986));
#10226=CARTESIAN_POINT('Ctrl Pts',(16.5629166666667,-2.5,-0.91770833333336));
#10227=CARTESIAN_POINT('Ctrl Pts',(16.3571296296296,-2.5,-1.27636574074076));
#10228=CARTESIAN_POINT('Ctrl Pts',(16.2542361111111,-2.5,-1.70263888888893));
#10229=CARTESIAN_POINT('Ctrl Pts',(16.2542361111111,-2.5,-2.19652777777777));
#10230=CARTESIAN_POINT('',(16.2542361111111,-2.5,-1.09826388888889));
#10231=CARTESIAN_POINT('',(-20.9557052428241,-2.5,-45.2759672659077));
#10232=CARTESIAN_POINT('',(-22.6376497751766,-2.5,-42.3182620848659));
#10233=CARTESIAN_POINT('Ctrl Pts',(-20.9557052428241,-2.5,-45.2759672659077));
#10234=CARTESIAN_POINT('Ctrl Pts',(-21.4648653223458,-2.5,-45.0013640769521));
#10235=CARTESIAN_POINT('Ctrl Pts',(-21.876770105779,-2.5,-44.6123428925985));
#10236=CARTESIAN_POINT('Ctrl Pts',(-22.1799777935841,-2.5,-44.1146246126166));
#10237=CARTESIAN_POINT('Ctrl Pts',(-22.4831854813892,-2.5,-43.6169063326347));
#10238=CARTESIAN_POINT('Ctrl Pts',(-22.6376497751766,-2.5,-43.0162118567946));
#10239=CARTESIAN_POINT('Ctrl Pts',(-22.6376497751766,-2.5,-42.3182620848659));
#10240=CARTESIAN_POINT('',(-22.6376497751766,-2.5,-36.6088041144991));
#10241=CARTESIAN_POINT('',(-22.6376497751767,-2.5,-21.159131042433));
#10242=CARTESIAN_POINT('',(-20.9328216437444,-2.5,-36.6088041144989));
#10243=CARTESIAN_POINT('',(-11.3188248875868,-2.5,-36.6088041144981));
#10244=CARTESIAN_POINT('',(-20.9328216437445,-2.5,-41.9807289984414));
#10245=CARTESIAN_POINT('',(-20.9328216437444,-2.5,-18.3044020572494));
#10246=CARTESIAN_POINT('',(-20.3264062681343,-2.5,-43.542534635626));
#10247=CARTESIAN_POINT('Ctrl Pts',(-20.9328216437445,-2.5,-41.9807289984413));
#10248=CARTESIAN_POINT('Ctrl Pts',(-20.9328216437445,-2.5,-42.6443533717506));
#10249=CARTESIAN_POINT('Ctrl Pts',(-20.7325901517977,-2.5,-43.1649552508121));
#10250=CARTESIAN_POINT('Ctrl Pts',(-20.3264062681344,-2.5,-43.542534635626));
#10251=CARTESIAN_POINT('',(-17.7062341735171,-2.5,-43.8514632232009));
#10252=CARTESIAN_POINT('Ctrl Pts',(-20.3264062681343,-2.5,-43.542534635626));
#10253=CARTESIAN_POINT('Ctrl Pts',(-19.920222384471,-2.5,-43.9258349202097));
#10254=CARTESIAN_POINT('Ctrl Pts',(-19.4225041044891,-2.5,-44.1146246126167));
#10255=CARTESIAN_POINT('Ctrl Pts',(-18.8218096286489,-2.5,-44.1146246126167));
#10256=CARTESIAN_POINT('Ctrl Pts',(-18.4099048452156,-2.5,-44.1146246126166));
#10257=CARTESIAN_POINT('Ctrl Pts',(-18.0380463601717,-2.5,-44.0230902162981));
#10258=CARTESIAN_POINT('Ctrl Pts',(-17.7062341735171,-2.5,-43.8514632232009));
#10259=CARTESIAN_POINT('',(-16.6135423174649,-2.5,-41.9978916977511));
#10260=CARTESIAN_POINT('Ctrl Pts',(-17.7062341735171,-2.5,-43.8514632232009));
#10261=CARTESIAN_POINT('Ctrl Pts',(-17.3744219868625,-2.5,-43.6741153303338));
#10262=CARTESIAN_POINT('Ctrl Pts',(-17.1112605974468,-2.5,-43.4281166402277));
#10263=CARTESIAN_POINT('Ctrl Pts',(-16.9110291055,-2.5,-43.1191880526529));
#10264=CARTESIAN_POINT('Ctrl Pts',(-16.7107976135533,-2.5,-42.8102594650779));
#10265=CARTESIAN_POINT('Ctrl Pts',(-16.6135423174649,-2.5,-42.432680080264));
#10266=CARTESIAN_POINT('Ctrl Pts',(-16.6135423174649,-2.5,-41.9978916977511));
#10267=CARTESIAN_POINT('',(-16.6135423174649,-2.5,-36.608804114499));
#10268=CARTESIAN_POINT('',(-16.6135423174651,-2.5,-20.9989458488756));
#10269=CARTESIAN_POINT('',(-14.9315977851123,-2.5,-36.608804114499));
#10270=CARTESIAN_POINT('',(-8.30677115873284,-2.5,-36.6088041144992));
#10271=CARTESIAN_POINT('',(-14.9315977851123,-2.5,-41.9807289984414));
#10272=CARTESIAN_POINT('',(-14.9315977851124,-2.5,-18.3044020572496));
#10273=CARTESIAN_POINT('',(-14.3251824095022,-2.5,-43.5425346356259));
#10274=CARTESIAN_POINT('Ctrl Pts',(-14.9315977851123,-2.5,-41.9807289984413));
#10275=CARTESIAN_POINT('Ctrl Pts',(-14.9315977851124,-2.5,-42.6443533717505));
#10276=CARTESIAN_POINT('Ctrl Pts',(-14.7313662931656,-2.5,-43.1649552508122));
#10277=CARTESIAN_POINT('Ctrl Pts',(-14.3251824095022,-2.5,-43.5425346356259));
#10278=CARTESIAN_POINT('',(-11.6935685153451,-2.5,-43.8514632232009));
#10279=CARTESIAN_POINT('Ctrl Pts',(-14.3251824095022,-2.5,-43.5425346356259));
#10280=CARTESIAN_POINT('Ctrl Pts',(-13.9189985258388,-2.5,-43.9258349202097));
#10281=CARTESIAN_POINT('Ctrl Pts',(-13.4098384463172,-2.5,-44.1146246126167));
#10282=CARTESIAN_POINT('Ctrl Pts',(-12.7977021709371,-2.5,-44.1146246126166));
#10283=CARTESIAN_POINT('Ctrl Pts',(-12.3857973875038,-2.5,-44.1146246126166));
#10284=CARTESIAN_POINT('Ctrl Pts',(-12.0196598022298,-2.5,-44.0230902162981));
#10285=CARTESIAN_POINT('Ctrl Pts',(-11.6935685153451,-2.5,-43.8514632232009));
#10286=CARTESIAN_POINT('',(-10.9098052468679,-2.5,-43.1191880526529));
#10287=CARTESIAN_POINT('Ctrl Pts',(-11.6935685153451,-2.5,-43.8514632232009));
#10288=CARTESIAN_POINT('Ctrl Pts',(-11.3731981282304,-2.5,-43.6741153303338));
#10289=CARTESIAN_POINT('Ctrl Pts',(-11.1100367388147,-2.5,-43.4338375399977));
#10290=CARTESIAN_POINT('Ctrl Pts',(-10.9098052468679,-2.5,-43.1191880526529));
#10291=CARTESIAN_POINT('',(-10.6123184588328,-2.5,-41.9978916977511));
#10292=CARTESIAN_POINT('Origin',(-16.0046743334107,-2.5,-39.4525569484542));
#10293=CARTESIAN_POINT('',(-10.6123184588328,-2.5,-36.6088041144989));
#10294=CARTESIAN_POINT('',(-10.6123184588328,-2.5,-20.9989458488756));
#10295=CARTESIAN_POINT('',(-8.93037392648019,-2.5,-36.608804114499));
#10296=CARTESIAN_POINT('',(-5.30615922941678,-2.5,-36.6088041144991));
#10297=CARTESIAN_POINT('',(-8.93037392648019,-2.5,-45.499082356934));
#10298=CARTESIAN_POINT('',(-8.93037392648019,-2.5,-18.3044020572495));
#10299=CARTESIAN_POINT('',(-10.6123184588328,-2.5,-45.499082356934));
#10300=CARTESIAN_POINT('',(-4.46518696323961,-2.5,-45.4990823569339));
#10301=CARTESIAN_POINT('',(-10.6123184588328,-2.5,-44.4178323004216));
#10302=CARTESIAN_POINT('',(-10.6123184588328,-2.5,-22.749541178467));
#10303=CARTESIAN_POINT('',(-11.5677087204072,-2.5,-45.2645254663679));
#10304=CARTESIAN_POINT('Ctrl Pts',(-10.6123184588328,-2.5,-44.4178323004216));
#10305=CARTESIAN_POINT('Ctrl Pts',(-10.8754798482485,-2.5,-44.7553653868461));
#10306=CARTESIAN_POINT('Ctrl Pts',(-11.1786875360536,-2.5,-45.0528521748813));
#10307=CARTESIAN_POINT('Ctrl Pts',(-11.5677087204072,-2.5,-45.2645254663679));
#10308=CARTESIAN_POINT('',(-16.178753934952,-2.5,-44.1146246126165));
#10309=CARTESIAN_POINT('Ctrl Pts',(-11.5677087204072,-2.5,-45.2645254663679));
#10310=CARTESIAN_POINT('Ctrl Pts',(-12.0768687999289,-2.5,-45.5448495550933));
#10311=CARTESIAN_POINT('Ctrl Pts',(-12.6661214762292,-2.5,-45.687872049341));
#10312=CARTESIAN_POINT('Ctrl Pts',(-13.2896995511491,-2.5,-45.687872049341));
#10313=CARTESIAN_POINT('Ctrl Pts',(-13.9132776260689,-2.5,-45.687872049341));
#10314=CARTESIAN_POINT('Ctrl Pts',(-14.4796467032897,-2.5,-45.5505704548632));
#10315=CARTESIAN_POINT('Ctrl Pts',(-14.9830858830415,-2.5,-45.2759672659077));
#10316=CARTESIAN_POINT('Ctrl Pts',(-15.4865250627933,-2.5,-45.0013640769522));
#10317=CARTESIAN_POINT('Ctrl Pts',(-15.8869880466868,-2.5,-44.6123428925985));
#10318=CARTESIAN_POINT('Ctrl Pts',(-16.178753934952,-2.5,-44.1146246126166));
#10319=CARTESIAN_POINT('',(-16.1959166342617,-2.5,-44.0688574144574));
#10320=CARTESIAN_POINT('Ctrl Pts',(-16.178753934952,-2.5,-44.1146246126165));
#10321=CARTESIAN_POINT('Ctrl Pts',(-16.184474834722,-2.5,-44.1031828130767));
#10322=CARTESIAN_POINT('Ctrl Pts',(-16.1901957344918,-2.5,-44.0860201137671));
#10323=CARTESIAN_POINT('Ctrl Pts',(-16.1959166342617,-2.5,-44.0688574144574));
#10324=CARTESIAN_POINT('',(-16.2130793335714,-2.5,-44.1089037128467));
#10325=CARTESIAN_POINT('Ctrl Pts',(-16.1959166342617,-2.5,-44.0688574144574));
#10326=CARTESIAN_POINT('Ctrl Pts',(-16.2016375340316,-2.5,-44.0802992139972));
#10327=CARTESIAN_POINT('Ctrl Pts',(-16.2073584338015,-2.5,-44.0974619133069));
#10328=CARTESIAN_POINT('Ctrl Pts',(-16.2130793335714,-2.5,-44.1089037128466));
#10329=CARTESIAN_POINT('',(-20.9557052428241,-2.5,-45.2816881656775));
#10330=CARTESIAN_POINT('Ctrl Pts',(-16.2130793335714,-2.5,-44.1089037128466));
#10331=CARTESIAN_POINT('Ctrl Pts',(-16.544891520226,-2.5,-44.6009010930587));
#10332=CARTESIAN_POINT('Ctrl Pts',(-16.9682381031991,-2.5,-44.9899222774123));
#10333=CARTESIAN_POINT('Ctrl Pts',(-17.4945608820305,-2.5,-45.2702463661377));
#10334=CARTESIAN_POINT('Ctrl Pts',(-18.020883660862,-2.5,-45.5505704548631));
#10335=CARTESIAN_POINT('Ctrl Pts',(-18.5700900387729,-2.5,-45.6935929491108));
#10336=CARTESIAN_POINT('Ctrl Pts',(-19.2165517127724,-2.5,-45.6935929491108));
#10337=CARTESIAN_POINT('Ctrl Pts',(-19.8630133867719,-2.5,-45.6935929491108));
#10338=CARTESIAN_POINT('Ctrl Pts',(-20.4465451633024,-2.5,-45.5562913546331));
#10339=CARTESIAN_POINT('Ctrl Pts',(-20.9557052428241,-2.5,-45.2816881656775));
#10340=CARTESIAN_POINT('',(-20.9557052428241,-2.5,-22.6408440828388));
#10341=CARTESIAN_POINT('',(31.3021176318263,-2.5,-37.9945487461981));
#10342=CARTESIAN_POINT('',(31.3096715606657,-2.5,-39.5128884429164));
#10343=CARTESIAN_POINT('Ctrl Pts',(31.3021176318263,-2.5,-37.9945487461981));
#10344=CARTESIAN_POINT('Ctrl Pts',(31.5816129988838,-2.5,-37.4355580120829));
#10345=CARTESIAN_POINT('Ctrl Pts',(32.1557115906779,-2.5,-37.0503076412737));
#10346=CARTESIAN_POINT('Ctrl Pts',(32.8204573285446,-2.5,-37.0503076412737));
#10347=CARTESIAN_POINT('Ctrl Pts',(33.7571445046295,-2.5,-37.0503076412738));
#10348=CARTESIAN_POINT('Ctrl Pts',(34.5200913174083,-2.5,-37.8132544540527));
#10349=CARTESIAN_POINT('Ctrl Pts',(34.5200913174083,-2.5,-38.7499416301376));
#10350=CARTESIAN_POINT('Ctrl Pts',(34.5200913174084,-2.5,-39.6866288062225));
#10351=CARTESIAN_POINT('Ctrl Pts',(33.7571445046295,-2.5,-40.4495756190013));
#10352=CARTESIAN_POINT('Ctrl Pts',(32.8204573285446,-2.5,-40.4495756190014));
#10353=CARTESIAN_POINT('Ctrl Pts',(32.1557115906779,-2.5,-40.4495756190014));
#10354=CARTESIAN_POINT('Ctrl Pts',(31.5891669277233,-2.5,-40.0643252481922));
#10355=CARTESIAN_POINT('Ctrl Pts',(31.3096715606657,-2.5,-39.5128884429164));
#10356=CARTESIAN_POINT('',(26.0974606614835,-2.5,-39.5128884429164));
#10357=CARTESIAN_POINT('',(15.6548357803328,-2.5,-39.5128884429164));
#10358=CARTESIAN_POINT('',(22.9927959084923,-2.5,-36.4082236899253));
#10359=CARTESIAN_POINT('',(9.69487338538347,-2.5,-23.1103011668165));
#10360=CARTESIAN_POINT('',(21.1194215563224,-2.5,-38.2815980420952));
#10361=CARTESIAN_POINT('',(26.3466528538505,-2.5,-33.0543667445671));
#10362=CARTESIAN_POINT('',(21.1194215563225,-2.5,-41.7412974505378));
#10363=CARTESIAN_POINT('',(21.1194215563222,-2.5,-19.1407990210475));
#10364=CARTESIAN_POINT('',(19.6086357884435,-2.5,-41.7412974505378));
#10365=CARTESIAN_POINT('Ctrl Pts',(21.1194215563225,-2.5,-41.7412974505378));
#10366=CARTESIAN_POINT('Ctrl Pts',(21.6784122904377,-2.5,-42.0207928175954));
#10367=CARTESIAN_POINT('Ctrl Pts',(22.0636626612468,-2.5,-42.5873374805499));
#10368=CARTESIAN_POINT('Ctrl Pts',(22.0636626612468,-2.5,-43.2520832184166));
#10369=CARTESIAN_POINT('Ctrl Pts',(22.0636626612468,-2.5,-44.1887703945017));
#10370=CARTESIAN_POINT('Ctrl Pts',(21.300715848468,-2.5,-44.9517172072806));
#10371=CARTESIAN_POINT('Ctrl Pts',(20.364028672383,-2.5,-44.9517172072805));
#10372=CARTESIAN_POINT('Ctrl Pts',(19.4273414962981,-2.5,-44.9517172072804));
#10373=CARTESIAN_POINT('Ctrl Pts',(18.6643946835192,-2.5,-44.1887703945017));
#10374=CARTESIAN_POINT('Ctrl Pts',(18.6643946835193,-2.5,-43.2520832184167));
#10375=CARTESIAN_POINT('Ctrl Pts',(18.6643946835193,-2.5,-42.58733748055));
#10376=CARTESIAN_POINT('Ctrl Pts',(19.0496450543284,-2.5,-42.0207928175954));
#10377=CARTESIAN_POINT('Ctrl Pts',(19.6086357884435,-2.5,-41.7412974505378));
#10378=CARTESIAN_POINT('',(19.6086357884436,-2.5,-37.6546219484254));
#10379=CARTESIAN_POINT('',(19.6086357884437,-2.5,-20.870648725269));
#10380=CARTESIAN_POINT('',(22.9927959084923,-2.5,-34.2704618283767));
#10381=CARTESIAN_POINT('',(24.1201323284389,-2.5,-33.1431254084301));
#10382=CARTESIAN_POINT('',(26.7168828263138,-2.5,-37.9945487461981));
#10383=CARTESIAN_POINT('',(8.67698147427507,-2.5,-19.9546473941594));
#10384=CARTESIAN_POINT('',(13.3584414131569,-2.5,-37.9945487461981));
#10385=CARTESIAN_POINT('Origin',(-50.0717967697245,0.,65.5));
#10386=CARTESIAN_POINT('',(-53.5358983848622,0.,63.5));
#10387=CARTESIAN_POINT('',(-50.0717967697245,0.,61.5));
#10388=CARTESIAN_POINT('Origin',(53.,0.,61.5));
#10389=CARTESIAN_POINT('Origin',(50.5,4.,-55.));
#10390=CARTESIAN_POINT('',(50.5,0.,-55.));
#10391=CARTESIAN_POINT('',(50.5,4.,-59.));
#10392=CARTESIAN_POINT('Origin',(50.5,4.,-55.));
#10393=CARTESIAN_POINT('',(54.5,4.,-55.));
#10394=CARTESIAN_POINT('Origin',(50.5,4.,-55.));
#10395=CARTESIAN_POINT('Origin',(50.5,4.,-55.));
#10396=CARTESIAN_POINT('Origin',(50.5,4.,55.));
#10397=CARTESIAN_POINT('',(54.5,4.,55.));
#10398=CARTESIAN_POINT('',(50.5,4.,59.));
#10399=CARTESIAN_POINT('Origin',(50.5,4.,55.));
#10400=CARTESIAN_POINT('',(50.5,0.,55.));
#10401=CARTESIAN_POINT('Origin',(50.5,4.,55.));
#10402=CARTESIAN_POINT('Origin',(50.5,4.,55.));
#10403=CARTESIAN_POINT('Origin',(50.5,4.,-29.5));
#10404=CARTESIAN_POINT('',(50.5,0.,-29.5));
#10405=CARTESIAN_POINT('',(54.5,4.,-29.5));
#10406=CARTESIAN_POINT('Origin',(-50.5,4.,-55.));
#10407=CARTESIAN_POINT('',(-50.5,0.,-55.));
#10408=CARTESIAN_POINT('',(-54.5,4.,-55.));
#10409=CARTESIAN_POINT('Origin',(-50.5,4.,-55.));
#10410=CARTESIAN_POINT('',(-50.5,4.,-59.));
#10411=CARTESIAN_POINT('Origin',(-50.5,4.,-55.));
#10412=CARTESIAN_POINT('Origin',(-50.5,4.,-55.));
#10413=CARTESIAN_POINT('Origin',(-27.25,4.,-55.));
#10414=CARTESIAN_POINT('',(-27.25,0.,-55.));
#10415=CARTESIAN_POINT('',(-27.25,4.,-59.));
#10416=CARTESIAN_POINT('Origin',(-50.5,0.,-55.));
#10417=CARTESIAN_POINT('',(-54.5,26.6,-55.));
#10418=CARTESIAN_POINT('',(-53.3284271247462,27.7715728752538,-57.8284271247462));
#10419=CARTESIAN_POINT('Origin',(-50.5,30.6,-55.));
#10420=CARTESIAN_POINT('',(-54.5,0.,-55.));
#10421=CARTESIAN_POINT('',(-50.5,26.6,-59.));
#10422=CARTESIAN_POINT('',(-50.5,0.,-59.));
#10423=CARTESIAN_POINT('Origin',(-50.5,30.6,-55.));
#10424=CARTESIAN_POINT('Origin',(-50.5,4.,55.));
#10425=CARTESIAN_POINT('',(-50.5,0.,55.));
#10426=CARTESIAN_POINT('',(-50.5,4.,59.));
#10427=CARTESIAN_POINT('Origin',(-50.5,4.,55.));
#10428=CARTESIAN_POINT('',(-54.5,4.,55.));
#10429=CARTESIAN_POINT('Origin',(-50.5,4.,55.));
#10430=CARTESIAN_POINT('Origin',(-50.5,4.,55.));
#10431=CARTESIAN_POINT('Origin',(-50.5,4.,29.5));
#10432=CARTESIAN_POINT('',(-50.5,0.,29.5));
#10433=CARTESIAN_POINT('',(-54.5,4.,29.5));
#10434=CARTESIAN_POINT('Origin',(-50.5,0.,55.));
#10435=CARTESIAN_POINT('',(-50.5,26.6,59.));
#10436=CARTESIAN_POINT('',(-53.3284271247462,27.7715728752538,57.8284271247462));
#10437=CARTESIAN_POINT('Origin',(-50.5,30.6,55.));
#10438=CARTESIAN_POINT('',(-50.5,0.,59.));
#10439=CARTESIAN_POINT('',(-54.5,26.6,55.));
#10440=CARTESIAN_POINT('',(-54.5,0.,55.));
#10441=CARTESIAN_POINT('Origin',(-50.5,30.6,55.));
#10442=CARTESIAN_POINT('Origin',(27.25,4.,55.));
#10443=CARTESIAN_POINT('',(27.25,0.,55.));
#10444=CARTESIAN_POINT('',(27.25,4.,59.));
#10445=CARTESIAN_POINT('Origin',(50.5,0.,55.));
#10446=CARTESIAN_POINT('',(54.5,26.6,55.));
#10447=CARTESIAN_POINT('',(53.3284271247462,27.7715728752538,57.8284271247462));
#10448=CARTESIAN_POINT('Origin',(50.5,30.6,55.));
#10449=CARTESIAN_POINT('',(54.5,0.,55.));
#10450=CARTESIAN_POINT('',(50.5,26.6,59.));
#10451=CARTESIAN_POINT('',(50.5,0.,59.));
#10452=CARTESIAN_POINT('Origin',(50.5,30.6,55.));
#10453=CARTESIAN_POINT('Origin',(50.5,0.,-55.));
#10454=CARTESIAN_POINT('',(50.5,26.6,-59.));
#10455=CARTESIAN_POINT('',(53.3284271247462,27.7715728752538,-57.8284271247462));
#10456=CARTESIAN_POINT('Origin',(50.5,30.6,-55.));
#10457=CARTESIAN_POINT('',(50.5,0.,-59.));
#10458=CARTESIAN_POINT('',(54.5,26.6,-55.));
#10459=CARTESIAN_POINT('',(54.5,0.,-55.));
#10460=CARTESIAN_POINT('Origin',(50.5,30.6,-55.));
#10461=CARTESIAN_POINT('Origin',(-53.25,27.85,29.5));
#10462=CARTESIAN_POINT('',(-54.5,26.6,20.));
#10463=CARTESIAN_POINT('',(-54.5,26.6,29.5));
#10464=CARTESIAN_POINT('',(-52.,29.1,20.));
#10465=CARTESIAN_POINT('',(-52.625,28.475,20.));
#10466=CARTESIAN_POINT('',(-52.,29.1,56.5));
#10467=CARTESIAN_POINT('',(-54.5,26.6,59.));
#10468=CARTESIAN_POINT('Origin',(-54.5,0.,59.));
#10469=CARTESIAN_POINT('',(-54.5,26.6,29.5));
#10470=CARTESIAN_POINT('',(-54.5,15.8,20.));
#10471=CARTESIAN_POINT('Origin',(27.25,27.85,57.75));
#10472=CARTESIAN_POINT('',(54.5,26.6,59.));
#10473=CARTESIAN_POINT('',(27.25,26.6,59.));
#10474=CARTESIAN_POINT('Origin',(-53.25,27.85,29.5));
#10475=CARTESIAN_POINT('',(-52.,29.1,-56.5));
#10476=CARTESIAN_POINT('Origin',(-54.5,0.,-59.));
#10477=CARTESIAN_POINT('',(-27.25,26.6,-59.));
#10478=CARTESIAN_POINT('Origin',(-27.25,27.85,-57.75));
#10479=CARTESIAN_POINT('',(54.5,26.6,-59.));
#10480=CARTESIAN_POINT('Origin',(0.,0.,0.));
#10481=CARTESIAN_POINT('Origin',(-57.,0.,57.5));
#10482=CARTESIAN_POINT('',(-57.,0.,54.5717967697245));
#10483=CARTESIAN_POINT('Origin',(-61.,0.,54.5717967697245));
#10484=CARTESIAN_POINT('',(-59.,0.,58.0358983848623));
#10485=CARTESIAN_POINT('Origin',(53.25,27.85,-29.5));
#10486=CARTESIAN_POINT('',(54.5,26.6,-29.5));
#10487=CARTESIAN_POINT('Origin',(53.25,27.85,-29.5));
#10488=CARTESIAN_POINT('',(54.5,26.6,-20.));
#10489=CARTESIAN_POINT('',(54.5,26.6,-29.5));
#10490=CARTESIAN_POINT('',(52.,29.1,-20.));
#10491=CARTESIAN_POINT('',(52.,29.1,-20.));
#10492=CARTESIAN_POINT('',(52.,29.1,-56.5));
#10493=CARTESIAN_POINT('Origin',(54.5,0.,-59.));
#10494=CARTESIAN_POINT('',(54.5,31.6,-20.));
#10495=CARTESIAN_POINT('Ctrl Pts',(31.3021176318263,-2.5,-37.9945487461981));
#10496=CARTESIAN_POINT('Ctrl Pts',(31.3021176318263,-2.48,-37.9945487461981));
#10497=CARTESIAN_POINT('Ctrl Pts',(31.5816129988838,-2.5,-37.4355580120829));
#10498=CARTESIAN_POINT('Ctrl Pts',(31.5816129988838,-2.48,-37.4355580120829));
#10499=CARTESIAN_POINT('Ctrl Pts',(32.1557115906779,-2.5,-37.0503076412737));
#10500=CARTESIAN_POINT('Ctrl Pts',(32.1557115906779,-2.48,-37.0503076412737));
#10501=CARTESIAN_POINT('Ctrl Pts',(32.8204573285446,-2.5,-37.0503076412737));
#10502=CARTESIAN_POINT('Ctrl Pts',(32.8204573285446,-2.48,-37.0503076412737));
#10503=CARTESIAN_POINT('Ctrl Pts',(33.7571445046295,-2.5,-37.0503076412738));
#10504=CARTESIAN_POINT('Ctrl Pts',(33.7571445046295,-2.48,-37.0503076412738));
#10505=CARTESIAN_POINT('Ctrl Pts',(34.5200913174083,-2.5,-37.8132544540527));
#10506=CARTESIAN_POINT('Ctrl Pts',(34.5200913174083,-2.48,-37.8132544540527));
#10507=CARTESIAN_POINT('Ctrl Pts',(34.5200913174083,-2.5,-38.7499416301376));
#10508=CARTESIAN_POINT('Ctrl Pts',(34.5200913174083,-2.48,-38.7499416301376));
#10509=CARTESIAN_POINT('Ctrl Pts',(34.5200913174084,-2.5,-39.6866288062225));
#10510=CARTESIAN_POINT('Ctrl Pts',(34.5200913174084,-2.48,-39.6866288062225));
#10511=CARTESIAN_POINT('Ctrl Pts',(33.7571445046295,-2.5,-40.4495756190013));
#10512=CARTESIAN_POINT('Ctrl Pts',(33.7571445046295,-2.48,-40.4495756190013));
#10513=CARTESIAN_POINT('Ctrl Pts',(32.8204573285446,-2.5,-40.4495756190014));
#10514=CARTESIAN_POINT('Ctrl Pts',(32.8204573285446,-2.48,-40.4495756190014));
#10515=CARTESIAN_POINT('Ctrl Pts',(32.1557115906779,-2.5,-40.4495756190014));
#10516=CARTESIAN_POINT('Ctrl Pts',(32.1557115906779,-2.48,-40.4495756190014));
#10517=CARTESIAN_POINT('Ctrl Pts',(31.5891669277233,-2.5,-40.0643252481922));
#10518=CARTESIAN_POINT('Ctrl Pts',(31.5891669277233,-2.48,-40.0643252481922));
#10519=CARTESIAN_POINT('Ctrl Pts',(31.3096715606657,-2.5,-39.5128884429164));
#10520=CARTESIAN_POINT('Ctrl Pts',(31.3096715606657,-2.48,-39.5128884429164));
#10521=CARTESIAN_POINT('',(31.3021176318263,-2.48,-37.9945487461981));
#10522=CARTESIAN_POINT('',(31.3021176318263,-2.5,-37.9945487461981));
#10523=CARTESIAN_POINT('',(31.3096715606657,-2.48,-39.5128884429164));
#10524=CARTESIAN_POINT('Ctrl Pts',(31.3021176318263,-2.48,-37.9945487461981));
#10525=CARTESIAN_POINT('Ctrl Pts',(31.5816129988838,-2.48,-37.4355580120829));
#10526=CARTESIAN_POINT('Ctrl Pts',(32.1557115906779,-2.48,-37.0503076412737));
#10527=CARTESIAN_POINT('Ctrl Pts',(32.8204573285446,-2.48,-37.0503076412737));
#10528=CARTESIAN_POINT('Ctrl Pts',(33.7571445046295,-2.48,-37.0503076412738));
#10529=CARTESIAN_POINT('Ctrl Pts',(34.5200913174083,-2.48,-37.8132544540527));
#10530=CARTESIAN_POINT('Ctrl Pts',(34.5200913174083,-2.48,-38.7499416301376));
#10531=CARTESIAN_POINT('Ctrl Pts',(34.5200913174084,-2.48,-39.6866288062225));
#10532=CARTESIAN_POINT('Ctrl Pts',(33.7571445046295,-2.48,-40.4495756190013));
#10533=CARTESIAN_POINT('Ctrl Pts',(32.8204573285446,-2.48,-40.4495756190014));
#10534=CARTESIAN_POINT('Ctrl Pts',(32.1557115906779,-2.48,-40.4495756190014));
#10535=CARTESIAN_POINT('Ctrl Pts',(31.5891669277233,-2.48,-40.0643252481922));
#10536=CARTESIAN_POINT('Ctrl Pts',(31.3096715606657,-2.48,-39.5128884429164));
#10537=CARTESIAN_POINT('',(31.3096715606657,-2.5,-39.5128884429164));
#10538=CARTESIAN_POINT('Origin',(26.7168828263138,-2.5,-37.9945487461981));
#10539=CARTESIAN_POINT('',(26.7168828263138,-2.48,-37.9945487461981));
#10540=CARTESIAN_POINT('',(26.7168828263138,-2.5,-37.9945487461981));
#10541=CARTESIAN_POINT('',(31.3021176318263,-2.48,-37.9945487461981));
#10542=CARTESIAN_POINT('Origin',(22.9927959084923,-2.5,-34.2704618283767));
#10543=CARTESIAN_POINT('',(22.9927959084923,-2.48,-34.2704618283767));
#10544=CARTESIAN_POINT('',(22.9927959084923,-2.5,-34.2704618283767));
#10545=CARTESIAN_POINT('',(26.7168828263138,-2.48,-37.9945487461981));
#10546=CARTESIAN_POINT('Origin',(19.6086357884436,-2.5,-37.6546219484254));
#10547=CARTESIAN_POINT('',(19.6086357884436,-2.48,-37.6546219484254));
#10548=CARTESIAN_POINT('',(19.6086357884436,-2.5,-37.6546219484254));
#10549=CARTESIAN_POINT('',(22.9927959084923,-2.48,-34.2704618283767));
#10550=CARTESIAN_POINT('Origin',(19.6086357884435,-2.5,-41.7412974505378));
#10551=CARTESIAN_POINT('',(19.6086357884435,-2.48,-41.7412974505378));
#10552=CARTESIAN_POINT('',(19.6086357884435,-2.5,-41.7412974505378));
#10553=CARTESIAN_POINT('',(19.6086357884436,-2.48,-37.6546219484254));
#10554=CARTESIAN_POINT('Ctrl Pts',(21.1194215563225,-2.5,-41.7412974505378));
#10555=CARTESIAN_POINT('Ctrl Pts',(21.1194215563225,-2.48,-41.7412974505378));
#10556=CARTESIAN_POINT('Ctrl Pts',(21.6784122904377,-2.5,-42.0207928175954));
#10557=CARTESIAN_POINT('Ctrl Pts',(21.6784122904377,-2.48,-42.0207928175954));
#10558=CARTESIAN_POINT('Ctrl Pts',(22.0636626612468,-2.5,-42.5873374805499));
#10559=CARTESIAN_POINT('Ctrl Pts',(22.0636626612468,-2.48,-42.5873374805499));
#10560=CARTESIAN_POINT('Ctrl Pts',(22.0636626612468,-2.5,-43.2520832184166));
#10561=CARTESIAN_POINT('Ctrl Pts',(22.0636626612468,-2.48,-43.2520832184166));
#10562=CARTESIAN_POINT('Ctrl Pts',(22.0636626612468,-2.5,-44.1887703945017));
#10563=CARTESIAN_POINT('Ctrl Pts',(22.0636626612468,-2.48,-44.1887703945017));
#10564=CARTESIAN_POINT('Ctrl Pts',(21.300715848468,-2.5,-44.9517172072806));
#10565=CARTESIAN_POINT('Ctrl Pts',(21.300715848468,-2.48,-44.9517172072806));
#10566=CARTESIAN_POINT('Ctrl Pts',(20.364028672383,-2.5,-44.9517172072805));
#10567=CARTESIAN_POINT('Ctrl Pts',(20.364028672383,-2.48,-44.9517172072805));
#10568=CARTESIAN_POINT('Ctrl Pts',(19.4273414962981,-2.5,-44.9517172072804));
#10569=CARTESIAN_POINT('Ctrl Pts',(19.4273414962981,-2.48,-44.9517172072804));
#10570=CARTESIAN_POINT('Ctrl Pts',(18.6643946835192,-2.5,-44.1887703945017));
#10571=CARTESIAN_POINT('Ctrl Pts',(18.6643946835192,-2.48,-44.1887703945017));
#10572=CARTESIAN_POINT('Ctrl Pts',(18.6643946835193,-2.5,-43.2520832184167));
#10573=CARTESIAN_POINT('Ctrl Pts',(18.6643946835193,-2.48,-43.2520832184167));
#10574=CARTESIAN_POINT('Ctrl Pts',(18.6643946835193,-2.5,-42.58733748055));
#10575=CARTESIAN_POINT('Ctrl Pts',(18.6643946835193,-2.48,-42.58733748055));
#10576=CARTESIAN_POINT('Ctrl Pts',(19.0496450543284,-2.5,-42.0207928175954));
#10577=CARTESIAN_POINT('Ctrl Pts',(19.0496450543284,-2.48,-42.0207928175954));
#10578=CARTESIAN_POINT('Ctrl Pts',(19.6086357884435,-2.5,-41.7412974505378));
#10579=CARTESIAN_POINT('Ctrl Pts',(19.6086357884435,-2.48,-41.7412974505378));
#10580=CARTESIAN_POINT('',(21.1194215563225,-2.48,-41.7412974505378));
#10581=CARTESIAN_POINT('',(21.1194215563225,-2.5,-41.7412974505378));
#10582=CARTESIAN_POINT('Ctrl Pts',(21.1194215563225,-2.48,-41.7412974505378));
#10583=CARTESIAN_POINT('Ctrl Pts',(21.6784122904377,-2.48,-42.0207928175954));
#10584=CARTESIAN_POINT('Ctrl Pts',(22.0636626612468,-2.48,-42.5873374805499));
#10585=CARTESIAN_POINT('Ctrl Pts',(22.0636626612468,-2.48,-43.2520832184166));
#10586=CARTESIAN_POINT('Ctrl Pts',(22.0636626612468,-2.48,-44.1887703945017));
#10587=CARTESIAN_POINT('Ctrl Pts',(21.300715848468,-2.48,-44.9517172072806));
#10588=CARTESIAN_POINT('Ctrl Pts',(20.364028672383,-2.48,-44.9517172072805));
#10589=CARTESIAN_POINT('Ctrl Pts',(19.4273414962981,-2.48,-44.9517172072804));
#10590=CARTESIAN_POINT('Ctrl Pts',(18.6643946835192,-2.48,-44.1887703945017));
#10591=CARTESIAN_POINT('Ctrl Pts',(18.6643946835193,-2.48,-43.2520832184167));
#10592=CARTESIAN_POINT('Ctrl Pts',(18.6643946835193,-2.48,-42.58733748055));
#10593=CARTESIAN_POINT('Ctrl Pts',(19.0496450543284,-2.48,-42.0207928175954));
#10594=CARTESIAN_POINT('Ctrl Pts',(19.6086357884435,-2.48,-41.7412974505378));
#10595=CARTESIAN_POINT('Origin',(21.1194215563224,-2.5,-38.2815980420952));
#10596=CARTESIAN_POINT('',(21.1194215563224,-2.48,-38.2815980420952));
#10597=CARTESIAN_POINT('',(21.1194215563224,-2.5,-38.2815980420952));
#10598=CARTESIAN_POINT('',(21.1194215563225,-2.48,-41.7412974505378));
#10599=CARTESIAN_POINT('Origin',(22.9927959084923,-2.5,-36.4082236899253));
#10600=CARTESIAN_POINT('',(22.9927959084923,-2.48,-36.4082236899253));
#10601=CARTESIAN_POINT('',(22.9927959084923,-2.5,-36.4082236899253));
#10602=CARTESIAN_POINT('',(21.1194215563225,-2.48,-38.2815980420951));
#10603=CARTESIAN_POINT('Origin',(26.0974606614834,-2.5,-39.5128884429164));
#10604=CARTESIAN_POINT('',(26.0974606614835,-2.48,-39.5128884429164));
#10605=CARTESIAN_POINT('',(26.0974606614835,-2.5,-39.5128884429164));
#10606=CARTESIAN_POINT('',(22.9927959084923,-2.48,-36.4082236899253));
#10607=CARTESIAN_POINT('Origin',(31.3096715606657,-2.5,-39.5128884429164));
#10608=CARTESIAN_POINT('',(26.0974606614835,-2.48,-39.5128884429164));
#10609=CARTESIAN_POINT('Origin',(26.5922430004638,-2.48,-39.6110895178286));
#10610=CARTESIAN_POINT('Ctrl Pts',(-20.9557052428241,-2.5,-45.2759672659077));
#10611=CARTESIAN_POINT('Ctrl Pts',(-20.9557052428241,-2.48,-45.2759672659077));
#10612=CARTESIAN_POINT('Ctrl Pts',(-21.4648653223458,-2.5,-45.0013640769521));
#10613=CARTESIAN_POINT('Ctrl Pts',(-21.4648653223458,-2.48,-45.0013640769521));
#10614=CARTESIAN_POINT('Ctrl Pts',(-21.876770105779,-2.5,-44.6123428925985));
#10615=CARTESIAN_POINT('Ctrl Pts',(-21.876770105779,-2.48,-44.6123428925985));
#10616=CARTESIAN_POINT('Ctrl Pts',(-22.1799777935841,-2.5,-44.1146246126166));
#10617=CARTESIAN_POINT('Ctrl Pts',(-22.1799777935841,-2.48,-44.1146246126166));
#10618=CARTESIAN_POINT('Ctrl Pts',(-22.4831854813892,-2.5,-43.6169063326347));
#10619=CARTESIAN_POINT('Ctrl Pts',(-22.4831854813892,-2.48,-43.6169063326347));
#10620=CARTESIAN_POINT('Ctrl Pts',(-22.6376497751766,-2.5,-43.0162118567946));
#10621=CARTESIAN_POINT('Ctrl Pts',(-22.6376497751766,-2.48,-43.0162118567946));
#10622=CARTESIAN_POINT('Ctrl Pts',(-22.6376497751766,-2.5,-42.3182620848659));
#10623=CARTESIAN_POINT('Ctrl Pts',(-22.6376497751766,-2.48,-42.3182620848659));
#10624=CARTESIAN_POINT('',(-20.9557052428241,-2.48,-45.2759672659077));
#10625=CARTESIAN_POINT('',(-20.9557052428241,-2.5,-45.2759672659077));
#10626=CARTESIAN_POINT('',(-22.6376497751766,-2.48,-42.3182620848659));
#10627=CARTESIAN_POINT('Ctrl Pts',(-20.9557052428241,-2.48,-45.2759672659077));
#10628=CARTESIAN_POINT('Ctrl Pts',(-21.4648653223458,-2.48,-45.0013640769521));
#10629=CARTESIAN_POINT('Ctrl Pts',(-21.876770105779,-2.48,-44.6123428925985));
#10630=CARTESIAN_POINT('Ctrl Pts',(-22.1799777935841,-2.48,-44.1146246126166));
#10631=CARTESIAN_POINT('Ctrl Pts',(-22.4831854813892,-2.48,-43.6169063326347));
#10632=CARTESIAN_POINT('Ctrl Pts',(-22.6376497751766,-2.48,-43.0162118567946));
#10633=CARTESIAN_POINT('Ctrl Pts',(-22.6376497751766,-2.48,-42.3182620848659));
#10634=CARTESIAN_POINT('',(-22.6376497751766,-2.5,-42.3182620848659));
#10635=CARTESIAN_POINT('Origin',(-20.9557052428241,-2.5,-45.2816881656775));
#10636=CARTESIAN_POINT('',(-20.9557052428241,-2.48,-45.2816881656775));
#10637=CARTESIAN_POINT('',(-20.9557052428241,-2.5,-45.2816881656775));
#10638=CARTESIAN_POINT('',(-20.9557052428241,-2.48,-45.2759672659077));
#10639=CARTESIAN_POINT('Ctrl Pts',(-16.2130793335714,-2.5,-44.1089037128466));
#10640=CARTESIAN_POINT('Ctrl Pts',(-16.2130793335714,-2.48,-44.1089037128466));
#10641=CARTESIAN_POINT('Ctrl Pts',(-16.544891520226,-2.5,-44.6009010930587));
#10642=CARTESIAN_POINT('Ctrl Pts',(-16.544891520226,-2.48,-44.6009010930587));
#10643=CARTESIAN_POINT('Ctrl Pts',(-16.9682381031991,-2.5,-44.9899222774123));
#10644=CARTESIAN_POINT('Ctrl Pts',(-16.9682381031991,-2.48,-44.9899222774123));
#10645=CARTESIAN_POINT('Ctrl Pts',(-17.4945608820305,-2.5,-45.2702463661377));
#10646=CARTESIAN_POINT('Ctrl Pts',(-17.4945608820305,-2.48,-45.2702463661377));
#10647=CARTESIAN_POINT('Ctrl Pts',(-18.020883660862,-2.5,-45.5505704548631));
#10648=CARTESIAN_POINT('Ctrl Pts',(-18.020883660862,-2.48,-45.5505704548631));
#10649=CARTESIAN_POINT('Ctrl Pts',(-18.5700900387729,-2.5,-45.6935929491108));
#10650=CARTESIAN_POINT('Ctrl Pts',(-18.5700900387729,-2.48,-45.6935929491108));
#10651=CARTESIAN_POINT('Ctrl Pts',(-19.2165517127724,-2.5,-45.6935929491108));
#10652=CARTESIAN_POINT('Ctrl Pts',(-19.2165517127724,-2.48,-45.6935929491108));
#10653=CARTESIAN_POINT('Ctrl Pts',(-19.8630133867719,-2.5,-45.6935929491108));
#10654=CARTESIAN_POINT('Ctrl Pts',(-19.8630133867719,-2.48,-45.6935929491108));
#10655=CARTESIAN_POINT('Ctrl Pts',(-20.4465451633024,-2.5,-45.5562913546331));
#10656=CARTESIAN_POINT('Ctrl Pts',(-20.4465451633024,-2.48,-45.5562913546331));
#10657=CARTESIAN_POINT('Ctrl Pts',(-20.9557052428241,-2.5,-45.2816881656775));
#10658=CARTESIAN_POINT('Ctrl Pts',(-20.9557052428241,-2.48,-45.2816881656775));
#10659=CARTESIAN_POINT('',(-16.2130793335714,-2.48,-44.1089037128467));
#10660=CARTESIAN_POINT('',(-16.2130793335714,-2.5,-44.1089037128467));
#10661=CARTESIAN_POINT('Ctrl Pts',(-16.2130793335714,-2.48,-44.1089037128466));
#10662=CARTESIAN_POINT('Ctrl Pts',(-16.544891520226,-2.48,-44.6009010930587));
#10663=CARTESIAN_POINT('Ctrl Pts',(-16.9682381031991,-2.48,-44.9899222774123));
#10664=CARTESIAN_POINT('Ctrl Pts',(-17.4945608820305,-2.48,-45.2702463661377));
#10665=CARTESIAN_POINT('Ctrl Pts',(-18.020883660862,-2.48,-45.5505704548631));
#10666=CARTESIAN_POINT('Ctrl Pts',(-18.5700900387729,-2.48,-45.6935929491108));
#10667=CARTESIAN_POINT('Ctrl Pts',(-19.2165517127724,-2.48,-45.6935929491108));
#10668=CARTESIAN_POINT('Ctrl Pts',(-19.8630133867719,-2.48,-45.6935929491108));
#10669=CARTESIAN_POINT('Ctrl Pts',(-20.4465451633024,-2.48,-45.5562913546331));
#10670=CARTESIAN_POINT('Ctrl Pts',(-20.9557052428241,-2.48,-45.2816881656775));
#10671=CARTESIAN_POINT('Ctrl Pts',(-16.1959166342617,-2.5,-44.0688574144574));
#10672=CARTESIAN_POINT('Ctrl Pts',(-16.1959166342617,-2.48,-44.0688574144574));
#10673=CARTESIAN_POINT('Ctrl Pts',(-16.2016375340316,-2.5,-44.0802992139972));
#10674=CARTESIAN_POINT('Ctrl Pts',(-16.2016375340316,-2.48,-44.0802992139972));
#10675=CARTESIAN_POINT('Ctrl Pts',(-16.2073584338015,-2.5,-44.0974619133069));
#10676=CARTESIAN_POINT('Ctrl Pts',(-16.2073584338015,-2.48,-44.0974619133069));
#10677=CARTESIAN_POINT('Ctrl Pts',(-16.2130793335714,-2.5,-44.1089037128466));
#10678=CARTESIAN_POINT('Ctrl Pts',(-16.2130793335714,-2.48,-44.1089037128466));
#10679=CARTESIAN_POINT('',(-16.1959166342617,-2.48,-44.0688574144574));
#10680=CARTESIAN_POINT('',(-16.1959166342617,-2.5,-44.0688574144574));
#10681=CARTESIAN_POINT('Ctrl Pts',(-16.1959166342617,-2.48,-44.0688574144574));
#10682=CARTESIAN_POINT('Ctrl Pts',(-16.2016375340316,-2.48,-44.0802992139972));
#10683=CARTESIAN_POINT('Ctrl Pts',(-16.2073584338015,-2.48,-44.0974619133069));
#10684=CARTESIAN_POINT('Ctrl Pts',(-16.2130793335714,-2.48,-44.1089037128466));
#10685=CARTESIAN_POINT('Ctrl Pts',(-16.178753934952,-2.5,-44.1146246126165));
#10686=CARTESIAN_POINT('Ctrl Pts',(-16.178753934952,-2.48,-44.1146246126165));
#10687=CARTESIAN_POINT('Ctrl Pts',(-16.184474834722,-2.5,-44.1031828130767));
#10688=CARTESIAN_POINT('Ctrl Pts',(-16.184474834722,-2.48,-44.1031828130767));
#10689=CARTESIAN_POINT('Ctrl Pts',(-16.1901957344918,-2.5,-44.0860201137671));
#10690=CARTESIAN_POINT('Ctrl Pts',(-16.1901957344918,-2.48,-44.0860201137671));
#10691=CARTESIAN_POINT('Ctrl Pts',(-16.1959166342617,-2.5,-44.0688574144574));
#10692=CARTESIAN_POINT('Ctrl Pts',(-16.1959166342617,-2.48,-44.0688574144574));
#10693=CARTESIAN_POINT('',(-16.178753934952,-2.48,-44.1146246126165));
#10694=CARTESIAN_POINT('',(-16.178753934952,-2.5,-44.1146246126165));
#10695=CARTESIAN_POINT('Ctrl Pts',(-16.178753934952,-2.48,-44.1146246126165));
#10696=CARTESIAN_POINT('Ctrl Pts',(-16.184474834722,-2.48,-44.1031828130767));
#10697=CARTESIAN_POINT('Ctrl Pts',(-16.1901957344918,-2.48,-44.0860201137671));
#10698=CARTESIAN_POINT('Ctrl Pts',(-16.1959166342617,-2.48,-44.0688574144574));
#10699=CARTESIAN_POINT('Ctrl Pts',(-11.5677087204072,-2.5,-45.2645254663679));
#10700=CARTESIAN_POINT('Ctrl Pts',(-11.5677087204072,-2.48,-45.2645254663679));
#10701=CARTESIAN_POINT('Ctrl Pts',(-12.0768687999289,-2.5,-45.5448495550933));
#10702=CARTESIAN_POINT('Ctrl Pts',(-12.0768687999289,-2.48,-45.5448495550933));
#10703=CARTESIAN_POINT('Ctrl Pts',(-12.6661214762292,-2.5,-45.687872049341));
#10704=CARTESIAN_POINT('Ctrl Pts',(-12.6661214762292,-2.48,-45.687872049341));
#10705=CARTESIAN_POINT('Ctrl Pts',(-13.2896995511491,-2.5,-45.687872049341));
#10706=CARTESIAN_POINT('Ctrl Pts',(-13.2896995511491,-2.48,-45.687872049341));
#10707=CARTESIAN_POINT('Ctrl Pts',(-13.9132776260689,-2.5,-45.687872049341));
#10708=CARTESIAN_POINT('Ctrl Pts',(-13.9132776260689,-2.48,-45.687872049341));
#10709=CARTESIAN_POINT('Ctrl Pts',(-14.4796467032897,-2.5,-45.5505704548632));
#10710=CARTESIAN_POINT('Ctrl Pts',(-14.4796467032897,-2.48,-45.5505704548632));
#10711=CARTESIAN_POINT('Ctrl Pts',(-14.9830858830415,-2.5,-45.2759672659077));
#10712=CARTESIAN_POINT('Ctrl Pts',(-14.9830858830415,-2.48,-45.2759672659077));
#10713=CARTESIAN_POINT('Ctrl Pts',(-15.4865250627933,-2.5,-45.0013640769522));
#10714=CARTESIAN_POINT('Ctrl Pts',(-15.4865250627933,-2.48,-45.0013640769522));
#10715=CARTESIAN_POINT('Ctrl Pts',(-15.8869880466868,-2.5,-44.6123428925985));
#10716=CARTESIAN_POINT('Ctrl Pts',(-15.8869880466868,-2.48,-44.6123428925985));
#10717=CARTESIAN_POINT('Ctrl Pts',(-16.178753934952,-2.5,-44.1146246126166));
#10718=CARTESIAN_POINT('Ctrl Pts',(-16.178753934952,-2.48,-44.1146246126166));
#10719=CARTESIAN_POINT('',(-11.5677087204072,-2.48,-45.2645254663679));
#10720=CARTESIAN_POINT('',(-11.5677087204072,-2.5,-45.2645254663679));
#10721=CARTESIAN_POINT('Ctrl Pts',(-11.5677087204072,-2.48,-45.2645254663679));
#10722=CARTESIAN_POINT('Ctrl Pts',(-12.0768687999289,-2.48,-45.5448495550933));
#10723=CARTESIAN_POINT('Ctrl Pts',(-12.6661214762292,-2.48,-45.687872049341));
#10724=CARTESIAN_POINT('Ctrl Pts',(-13.2896995511491,-2.48,-45.687872049341));
#10725=CARTESIAN_POINT('Ctrl Pts',(-13.9132776260689,-2.48,-45.687872049341));
#10726=CARTESIAN_POINT('Ctrl Pts',(-14.4796467032897,-2.48,-45.5505704548632));
#10727=CARTESIAN_POINT('Ctrl Pts',(-14.9830858830415,-2.48,-45.2759672659077));
#10728=CARTESIAN_POINT('Ctrl Pts',(-15.4865250627933,-2.48,-45.0013640769522));
#10729=CARTESIAN_POINT('Ctrl Pts',(-15.8869880466868,-2.48,-44.6123428925985));
#10730=CARTESIAN_POINT('Ctrl Pts',(-16.178753934952,-2.48,-44.1146246126166));
#10731=CARTESIAN_POINT('Ctrl Pts',(-10.6123184588328,-2.5,-44.4178323004216));
#10732=CARTESIAN_POINT('Ctrl Pts',(-10.6123184588328,-2.48,-44.4178323004216));
#10733=CARTESIAN_POINT('Ctrl Pts',(-10.8754798482485,-2.5,-44.7553653868461));
#10734=CARTESIAN_POINT('Ctrl Pts',(-10.8754798482485,-2.48,-44.7553653868461));
#10735=CARTESIAN_POINT('Ctrl Pts',(-11.1786875360536,-2.5,-45.0528521748813));
#10736=CARTESIAN_POINT('Ctrl Pts',(-11.1786875360536,-2.48,-45.0528521748813));
#10737=CARTESIAN_POINT('Ctrl Pts',(-11.5677087204072,-2.5,-45.2645254663679));
#10738=CARTESIAN_POINT('Ctrl Pts',(-11.5677087204072,-2.48,-45.2645254663679));
#10739=CARTESIAN_POINT('',(-10.6123184588328,-2.48,-44.4178323004216));
#10740=CARTESIAN_POINT('',(-10.6123184588328,-2.5,-44.4178323004216));
#10741=CARTESIAN_POINT('Ctrl Pts',(-10.6123184588328,-2.48,-44.4178323004216));
#10742=CARTESIAN_POINT('Ctrl Pts',(-10.8754798482485,-2.48,-44.7553653868461));
#10743=CARTESIAN_POINT('Ctrl Pts',(-11.1786875360536,-2.48,-45.0528521748813));
#10744=CARTESIAN_POINT('Ctrl Pts',(-11.5677087204072,-2.48,-45.2645254663679));
#10745=CARTESIAN_POINT('Origin',(-10.6123184588328,-2.5,-45.499082356934));
#10746=CARTESIAN_POINT('',(-10.6123184588328,-2.48,-45.499082356934));
#10747=CARTESIAN_POINT('',(-10.6123184588328,-2.5,-45.499082356934));
#10748=CARTESIAN_POINT('',(-10.6123184588328,-2.48,-44.4178323004217));
#10749=CARTESIAN_POINT('Origin',(-8.93037392648019,-2.5,-45.499082356934));
#10750=CARTESIAN_POINT('',(-8.93037392648019,-2.48,-45.499082356934));
#10751=CARTESIAN_POINT('',(-8.93037392648019,-2.5,-45.499082356934));
#10752=CARTESIAN_POINT('',(-10.6123184588328,-2.48,-45.499082356934));
#10753=CARTESIAN_POINT('Origin',(-8.93037392648019,-2.5,-36.608804114499));
#10754=CARTESIAN_POINT('',(-8.93037392648019,-2.48,-36.608804114499));
#10755=CARTESIAN_POINT('',(-8.93037392648019,-2.5,-36.608804114499));
#10756=CARTESIAN_POINT('',(-8.93037392648019,-2.48,-45.499082356934));
#10757=CARTESIAN_POINT('Origin',(-10.6123184588328,-2.5,-36.6088041144989));
#10758=CARTESIAN_POINT('',(-10.6123184588328,-2.48,-36.6088041144989));
#10759=CARTESIAN_POINT('',(-10.6123184588328,-2.5,-36.6088041144989));
#10760=CARTESIAN_POINT('',(-8.93037392648019,-2.48,-36.608804114499));
#10761=CARTESIAN_POINT('Origin',(-10.6123184588328,-2.5,-41.9978916977511));
#10762=CARTESIAN_POINT('',(-10.6123184588328,-2.48,-41.9978916977511));
#10763=CARTESIAN_POINT('',(-10.6123184588328,-2.5,-41.9978916977511));
#10764=CARTESIAN_POINT('',(-10.6123184588328,-2.48,-36.6088041144989));
#10765=CARTESIAN_POINT('Ctrl Pts',(-10.6123184588328,-2.5,-41.9978916977511));
#10766=CARTESIAN_POINT('Ctrl Pts',(-10.6123026833686,-2.5,-42.6466553570993));
#10767=CARTESIAN_POINT('Ctrl Pts',(-10.9098052468679,-2.5,-43.1191880526529));
#10768=CARTESIAN_POINT('Ctrl Pts',(-10.6123184588328,-2.48,-41.9978916977511));
#10769=CARTESIAN_POINT('Ctrl Pts',(-10.6123026833686,-2.48,-42.6466553570993));
#10770=CARTESIAN_POINT('Ctrl Pts',(-10.9098052468679,-2.48,-43.1191880526529));
#10771=CARTESIAN_POINT('',(-10.9098052468679,-2.48,-43.1191880526529));
#10772=CARTESIAN_POINT('',(-10.9098052468679,-2.5,-43.1191880526529));
#10773=CARTESIAN_POINT('Origin',(-16.0046743334107,-2.48,-39.4525569484542));
#10774=CARTESIAN_POINT('Ctrl Pts',(-11.6935685153451,-2.5,-43.8514632232009));
#10775=CARTESIAN_POINT('Ctrl Pts',(-11.6935685153451,-2.48,-43.8514632232009));
#10776=CARTESIAN_POINT('Ctrl Pts',(-11.3731981282304,-2.5,-43.6741153303338));
#10777=CARTESIAN_POINT('Ctrl Pts',(-11.3731981282304,-2.48,-43.6741153303338));
#10778=CARTESIAN_POINT('Ctrl Pts',(-11.1100367388147,-2.5,-43.4338375399977));
#10779=CARTESIAN_POINT('Ctrl Pts',(-11.1100367388147,-2.48,-43.4338375399977));
#10780=CARTESIAN_POINT('Ctrl Pts',(-10.9098052468679,-2.5,-43.1191880526529));
#10781=CARTESIAN_POINT('Ctrl Pts',(-10.9098052468679,-2.48,-43.1191880526529));
#10782=CARTESIAN_POINT('',(-11.6935685153451,-2.48,-43.8514632232009));
#10783=CARTESIAN_POINT('',(-11.6935685153451,-2.5,-43.8514632232009));
#10784=CARTESIAN_POINT('Ctrl Pts',(-11.6935685153451,-2.48,-43.8514632232009));
#10785=CARTESIAN_POINT('Ctrl Pts',(-11.3731981282304,-2.48,-43.6741153303338));
#10786=CARTESIAN_POINT('Ctrl Pts',(-11.1100367388147,-2.48,-43.4338375399977));
#10787=CARTESIAN_POINT('Ctrl Pts',(-10.9098052468679,-2.48,-43.1191880526529));
#10788=CARTESIAN_POINT('Ctrl Pts',(-14.3251824095022,-2.5,-43.5425346356259));
#10789=CARTESIAN_POINT('Ctrl Pts',(-14.3251824095022,-2.48,-43.5425346356259));
#10790=CARTESIAN_POINT('Ctrl Pts',(-13.9189985258388,-2.5,-43.9258349202097));
#10791=CARTESIAN_POINT('Ctrl Pts',(-13.9189985258388,-2.48,-43.9258349202097));
#10792=CARTESIAN_POINT('Ctrl Pts',(-13.4098384463172,-2.5,-44.1146246126167));
#10793=CARTESIAN_POINT('Ctrl Pts',(-13.4098384463172,-2.48,-44.1146246126167));
#10794=CARTESIAN_POINT('Ctrl Pts',(-12.7977021709371,-2.5,-44.1146246126166));
#10795=CARTESIAN_POINT('Ctrl Pts',(-12.7977021709371,-2.48,-44.1146246126166));
#10796=CARTESIAN_POINT('Ctrl Pts',(-12.3857973875038,-2.5,-44.1146246126166));
#10797=CARTESIAN_POINT('Ctrl Pts',(-12.3857973875038,-2.48,-44.1146246126166));
#10798=CARTESIAN_POINT('Ctrl Pts',(-12.0196598022298,-2.5,-44.0230902162981));
#10799=CARTESIAN_POINT('Ctrl Pts',(-12.0196598022298,-2.48,-44.0230902162981));
#10800=CARTESIAN_POINT('Ctrl Pts',(-11.6935685153451,-2.5,-43.8514632232009));
#10801=CARTESIAN_POINT('Ctrl Pts',(-11.6935685153451,-2.48,-43.8514632232009));
#10802=CARTESIAN_POINT('',(-14.3251824095022,-2.48,-43.5425346356259));
#10803=CARTESIAN_POINT('',(-14.3251824095022,-2.5,-43.5425346356259));
#10804=CARTESIAN_POINT('Ctrl Pts',(-14.3251824095022,-2.48,-43.5425346356259));
#10805=CARTESIAN_POINT('Ctrl Pts',(-13.9189985258388,-2.48,-43.9258349202097));
#10806=CARTESIAN_POINT('Ctrl Pts',(-13.4098384463172,-2.48,-44.1146246126167));
#10807=CARTESIAN_POINT('Ctrl Pts',(-12.7977021709371,-2.48,-44.1146246126166));
#10808=CARTESIAN_POINT('Ctrl Pts',(-12.3857973875038,-2.48,-44.1146246126166));
#10809=CARTESIAN_POINT('Ctrl Pts',(-12.0196598022298,-2.48,-44.0230902162981));
#10810=CARTESIAN_POINT('Ctrl Pts',(-11.6935685153451,-2.48,-43.8514632232009));
#10811=CARTESIAN_POINT('Ctrl Pts',(-14.9315977851123,-2.5,-41.9807289984413));
#10812=CARTESIAN_POINT('Ctrl Pts',(-14.9315977851123,-2.48,-41.9807289984413));
#10813=CARTESIAN_POINT('Ctrl Pts',(-14.9315977851124,-2.5,-42.6443533717505));
#10814=CARTESIAN_POINT('Ctrl Pts',(-14.9315977851124,-2.48,-42.6443533717505));
#10815=CARTESIAN_POINT('Ctrl Pts',(-14.7313662931656,-2.5,-43.1649552508122));
#10816=CARTESIAN_POINT('Ctrl Pts',(-14.7313662931656,-2.48,-43.1649552508122));
#10817=CARTESIAN_POINT('Ctrl Pts',(-14.3251824095022,-2.5,-43.5425346356259));
#10818=CARTESIAN_POINT('Ctrl Pts',(-14.3251824095022,-2.48,-43.5425346356259));
#10819=CARTESIAN_POINT('',(-14.9315977851123,-2.48,-41.9807289984414));
#10820=CARTESIAN_POINT('',(-14.9315977851123,-2.5,-41.9807289984414));
#10821=CARTESIAN_POINT('Ctrl Pts',(-14.9315977851123,-2.48,-41.9807289984413));
#10822=CARTESIAN_POINT('Ctrl Pts',(-14.9315977851124,-2.48,-42.6443533717505));
#10823=CARTESIAN_POINT('Ctrl Pts',(-14.7313662931656,-2.48,-43.1649552508122));
#10824=CARTESIAN_POINT('Ctrl Pts',(-14.3251824095022,-2.48,-43.5425346356259));
#10825=CARTESIAN_POINT('Origin',(-14.9315977851123,-2.5,-36.608804114499));
#10826=CARTESIAN_POINT('',(-14.9315977851123,-2.48,-36.608804114499));
#10827=CARTESIAN_POINT('',(-14.9315977851123,-2.5,-36.608804114499));
#10828=CARTESIAN_POINT('',(-14.9315977851123,-2.48,-41.9807289984413));
#10829=CARTESIAN_POINT('Origin',(-16.6135423174649,-2.5,-36.608804114499));
#10830=CARTESIAN_POINT('',(-16.6135423174649,-2.48,-36.608804114499));
#10831=CARTESIAN_POINT('',(-16.6135423174649,-2.5,-36.608804114499));
#10832=CARTESIAN_POINT('',(-14.9315977851123,-2.48,-36.608804114499));
#10833=CARTESIAN_POINT('Origin',(-16.6135423174649,-2.5,-41.9978916977511));
#10834=CARTESIAN_POINT('',(-16.6135423174649,-2.48,-41.9978916977511));
#10835=CARTESIAN_POINT('',(-16.6135423174649,-2.5,-41.9978916977511));
#10836=CARTESIAN_POINT('',(-16.6135423174649,-2.48,-36.608804114499));
#10837=CARTESIAN_POINT('Ctrl Pts',(-17.7062341735171,-2.5,-43.8514632232009));
#10838=CARTESIAN_POINT('Ctrl Pts',(-17.7062341735171,-2.48,-43.8514632232009));
#10839=CARTESIAN_POINT('Ctrl Pts',(-17.3744219868625,-2.5,-43.6741153303338));
#10840=CARTESIAN_POINT('Ctrl Pts',(-17.3744219868625,-2.48,-43.6741153303338));
#10841=CARTESIAN_POINT('Ctrl Pts',(-17.1112605974468,-2.5,-43.4281166402277));
#10842=CARTESIAN_POINT('Ctrl Pts',(-17.1112605974468,-2.48,-43.4281166402277));
#10843=CARTESIAN_POINT('Ctrl Pts',(-16.9110291055,-2.5,-43.1191880526529));
#10844=CARTESIAN_POINT('Ctrl Pts',(-16.9110291055,-2.48,-43.1191880526529));
#10845=CARTESIAN_POINT('Ctrl Pts',(-16.7107976135533,-2.5,-42.8102594650779));
#10846=CARTESIAN_POINT('Ctrl Pts',(-16.7107976135533,-2.48,-42.8102594650779));
#10847=CARTESIAN_POINT('Ctrl Pts',(-16.6135423174649,-2.5,-42.432680080264));
#10848=CARTESIAN_POINT('Ctrl Pts',(-16.6135423174649,-2.48,-42.432680080264));
#10849=CARTESIAN_POINT('Ctrl Pts',(-16.6135423174649,-2.5,-41.9978916977511));
#10850=CARTESIAN_POINT('Ctrl Pts',(-16.6135423174649,-2.48,-41.9978916977511));
#10851=CARTESIAN_POINT('',(-17.7062341735171,-2.48,-43.8514632232009));
#10852=CARTESIAN_POINT('',(-17.7062341735171,-2.5,-43.8514632232009));
#10853=CARTESIAN_POINT('Ctrl Pts',(-17.7062341735171,-2.48,-43.8514632232009));
#10854=CARTESIAN_POINT('Ctrl Pts',(-17.3744219868625,-2.48,-43.6741153303338));
#10855=CARTESIAN_POINT('Ctrl Pts',(-17.1112605974468,-2.48,-43.4281166402277));
#10856=CARTESIAN_POINT('Ctrl Pts',(-16.9110291055,-2.48,-43.1191880526529));
#10857=CARTESIAN_POINT('Ctrl Pts',(-16.7107976135533,-2.48,-42.8102594650779));
#10858=CARTESIAN_POINT('Ctrl Pts',(-16.6135423174649,-2.48,-42.432680080264));
#10859=CARTESIAN_POINT('Ctrl Pts',(-16.6135423174649,-2.48,-41.9978916977511));
#10860=CARTESIAN_POINT('Ctrl Pts',(-20.3264062681343,-2.5,-43.542534635626));
#10861=CARTESIAN_POINT('Ctrl Pts',(-20.3264062681343,-2.48,-43.542534635626));
#10862=CARTESIAN_POINT('Ctrl Pts',(-19.920222384471,-2.5,-43.9258349202097));
#10863=CARTESIAN_POINT('Ctrl Pts',(-19.920222384471,-2.48,-43.9258349202097));
#10864=CARTESIAN_POINT('Ctrl Pts',(-19.4225041044891,-2.5,-44.1146246126167));
#10865=CARTESIAN_POINT('Ctrl Pts',(-19.4225041044891,-2.48,-44.1146246126167));
#10866=CARTESIAN_POINT('Ctrl Pts',(-18.8218096286489,-2.5,-44.1146246126167));
#10867=CARTESIAN_POINT('Ctrl Pts',(-18.8218096286489,-2.48,-44.1146246126167));
#10868=CARTESIAN_POINT('Ctrl Pts',(-18.4099048452156,-2.5,-44.1146246126166));
#10869=CARTESIAN_POINT('Ctrl Pts',(-18.4099048452156,-2.48,-44.1146246126166));
#10870=CARTESIAN_POINT('Ctrl Pts',(-18.0380463601717,-2.5,-44.0230902162981));
#10871=CARTESIAN_POINT('Ctrl Pts',(-18.0380463601717,-2.48,-44.0230902162981));
#10872=CARTESIAN_POINT('Ctrl Pts',(-17.7062341735171,-2.5,-43.8514632232009));
#10873=CARTESIAN_POINT('Ctrl Pts',(-17.7062341735171,-2.48,-43.8514632232009));
#10874=CARTESIAN_POINT('',(-20.3264062681343,-2.48,-43.542534635626));
#10875=CARTESIAN_POINT('',(-20.3264062681343,-2.5,-43.542534635626));
#10876=CARTESIAN_POINT('Ctrl Pts',(-20.3264062681343,-2.48,-43.542534635626));
#10877=CARTESIAN_POINT('Ctrl Pts',(-19.920222384471,-2.48,-43.9258349202097));
#10878=CARTESIAN_POINT('Ctrl Pts',(-19.4225041044891,-2.48,-44.1146246126167));
#10879=CARTESIAN_POINT('Ctrl Pts',(-18.8218096286489,-2.48,-44.1146246126167));
#10880=CARTESIAN_POINT('Ctrl Pts',(-18.4099048452156,-2.48,-44.1146246126166));
#10881=CARTESIAN_POINT('Ctrl Pts',(-18.0380463601717,-2.48,-44.0230902162981));
#10882=CARTESIAN_POINT('Ctrl Pts',(-17.7062341735171,-2.48,-43.8514632232009));
#10883=CARTESIAN_POINT('Ctrl Pts',(-20.9328216437445,-2.5,-41.9807289984413));
#10884=CARTESIAN_POINT('Ctrl Pts',(-20.9328216437445,-2.48,-41.9807289984413));
#10885=CARTESIAN_POINT('Ctrl Pts',(-20.9328216437445,-2.5,-42.6443533717506));
#10886=CARTESIAN_POINT('Ctrl Pts',(-20.9328216437445,-2.48,-42.6443533717506));
#10887=CARTESIAN_POINT('Ctrl Pts',(-20.7325901517977,-2.5,-43.1649552508121));
#10888=CARTESIAN_POINT('Ctrl Pts',(-20.7325901517977,-2.48,-43.1649552508121));
#10889=CARTESIAN_POINT('Ctrl Pts',(-20.3264062681344,-2.5,-43.542534635626));
#10890=CARTESIAN_POINT('Ctrl Pts',(-20.3264062681344,-2.48,-43.542534635626));
#10891=CARTESIAN_POINT('',(-20.9328216437445,-2.48,-41.9807289984414));
#10892=CARTESIAN_POINT('',(-20.9328216437445,-2.5,-41.9807289984414));
#10893=CARTESIAN_POINT('Ctrl Pts',(-20.9328216437445,-2.48,-41.9807289984413));
#10894=CARTESIAN_POINT('Ctrl Pts',(-20.9328216437445,-2.48,-42.6443533717506));
#10895=CARTESIAN_POINT('Ctrl Pts',(-20.7325901517977,-2.48,-43.1649552508121));
#10896=CARTESIAN_POINT('Ctrl Pts',(-20.3264062681344,-2.48,-43.542534635626));
#10897=CARTESIAN_POINT('Origin',(-20.9328216437444,-2.5,-36.6088041144989));
#10898=CARTESIAN_POINT('',(-20.9328216437444,-2.48,-36.6088041144989));
#10899=CARTESIAN_POINT('',(-20.9328216437444,-2.5,-36.6088041144989));
#10900=CARTESIAN_POINT('',(-20.9328216437444,-2.48,-41.9807289984414));
#10901=CARTESIAN_POINT('Origin',(-22.6376497751766,-2.5,-36.6088041144991));
#10902=CARTESIAN_POINT('',(-22.6376497751766,-2.48,-36.6088041144991));
#10903=CARTESIAN_POINT('',(-22.6376497751766,-2.5,-36.6088041144991));
#10904=CARTESIAN_POINT('',(-20.9328216437444,-2.48,-36.6088041144989));
#10905=CARTESIAN_POINT('Origin',(-22.6376497751766,-2.5,-42.3182620848659));
#10906=CARTESIAN_POINT('',(-22.6376497751766,-2.48,-36.6088041144991));
#10907=CARTESIAN_POINT('Origin',(-15.7840118508284,-2.48,-41.1511985318049));
#10908=CARTESIAN_POINT('Origin',(16.2542361111111,-2.5,-9.92236111111109));
#10909=CARTESIAN_POINT('',(16.2542361111111,-2.48,-9.92236111111109));
#10910=CARTESIAN_POINT('',(16.2542361111111,-2.5,-9.92236111111109));
#10911=CARTESIAN_POINT('',(13.4672916666667,-2.48,-9.92236111111112));
#10912=CARTESIAN_POINT('',(13.4672916666667,-2.48,-9.92236111111112));
#10913=CARTESIAN_POINT('',(13.4672916666667,-2.5,-9.92236111111112));
#10914=CARTESIAN_POINT('Origin',(16.2542361111111,-2.5,-2.19652777777777));
#10915=CARTESIAN_POINT('',(16.2542361111111,-2.48,-2.19652777777777));
#10916=CARTESIAN_POINT('',(16.2542361111111,-2.5,-2.19652777777777));
#10917=CARTESIAN_POINT('',(16.2542361111111,-2.48,-9.92236111111109));
#10918=CARTESIAN_POINT('Ctrl Pts',(21.0520138888889,-2.5,-2.21416666666671));
#10919=CARTESIAN_POINT('Ctrl Pts',(21.0520138888889,-2.48,-2.21416666666671));
#10920=CARTESIAN_POINT('Ctrl Pts',(21.0520138888889,-2.5,-1.72027777777781));
#10921=CARTESIAN_POINT('Ctrl Pts',(21.0520138888889,-2.48,-1.72027777777781));
#10922=CARTESIAN_POINT('Ctrl Pts',(20.9461805555556,-2.5,-1.29106481481484));
#10923=CARTESIAN_POINT('Ctrl Pts',(20.9461805555556,-2.48,-1.29106481481484));
#10924=CARTESIAN_POINT('Ctrl Pts',(20.7345138888889,-2.5,-0.926527777777819));
#10925=CARTESIAN_POINT('Ctrl Pts',(20.7345138888889,-2.48,-0.926527777777819));
#10926=CARTESIAN_POINT('Ctrl Pts',(20.5228472222222,-2.5,-0.561990740740805));
#10927=CARTESIAN_POINT('Ctrl Pts',(20.5228472222222,-2.48,-0.561990740740805));
#10928=CARTESIAN_POINT('Ctrl Pts',(20.2318055555556,-2.5,-0.282708333333384));
#10929=CARTESIAN_POINT('Ctrl Pts',(20.2318055555556,-2.48,-0.282708333333384));
#10930=CARTESIAN_POINT('Ctrl Pts',(19.8613888888889,-2.5,-0.0886805555555892));
#10931=CARTESIAN_POINT('Ctrl Pts',(19.8613888888889,-2.48,-0.0886805555555892));
#10932=CARTESIAN_POINT('Ctrl Pts',(19.4909722222222,-2.5,0.105347222222214));
#10933=CARTESIAN_POINT('Ctrl Pts',(19.4909722222222,-2.48,0.105347222222214));
#10934=CARTESIAN_POINT('Ctrl Pts',(19.082337962963,-2.5,0.202361111111147));
#10935=CARTESIAN_POINT('Ctrl Pts',(19.082337962963,-2.48,0.202361111111147));
#10936=CARTESIAN_POINT('Ctrl Pts',(18.6354861111112,-2.5,0.202361111111111));
#10937=CARTESIAN_POINT('Ctrl Pts',(18.6354861111112,-2.48,0.202361111111111));
#10938=CARTESIAN_POINT('Ctrl Pts',(18.1651157407408,-2.5,0.202361111111076));
#10939=CARTESIAN_POINT('Ctrl Pts',(18.1651157407408,-2.48,0.202361111111076));
#10940=CARTESIAN_POINT('Ctrl Pts',(17.7535416666666,-2.5,0.105347222222205));
#10941=CARTESIAN_POINT('Ctrl Pts',(17.7535416666666,-2.48,0.105347222222205));
#10942=CARTESIAN_POINT('Ctrl Pts',(17.4007638888889,-2.5,-0.0886805555555892));
#10943=CARTESIAN_POINT('Ctrl Pts',(17.4007638888889,-2.48,-0.0886805555555892));
#10944=CARTESIAN_POINT('Ctrl Pts',(17.0479861111111,-2.5,-0.282708333333375));
#10945=CARTESIAN_POINT('Ctrl Pts',(17.0479861111111,-2.48,-0.282708333333375));
#10946=CARTESIAN_POINT('Ctrl Pts',(16.7687037037037,-2.5,-0.559050925925986));
#10947=CARTESIAN_POINT('Ctrl Pts',(16.7687037037037,-2.48,-0.559050925925986));
#10948=CARTESIAN_POINT('Ctrl Pts',(16.5629166666667,-2.5,-0.91770833333336));
#10949=CARTESIAN_POINT('Ctrl Pts',(16.5629166666667,-2.48,-0.91770833333336));
#10950=CARTESIAN_POINT('Ctrl Pts',(16.3571296296296,-2.5,-1.27636574074076));
#10951=CARTESIAN_POINT('Ctrl Pts',(16.3571296296296,-2.48,-1.27636574074076));
#10952=CARTESIAN_POINT('Ctrl Pts',(16.2542361111111,-2.5,-1.70263888888893));
#10953=CARTESIAN_POINT('Ctrl Pts',(16.2542361111111,-2.48,-1.70263888888893));
#10954=CARTESIAN_POINT('Ctrl Pts',(16.2542361111111,-2.5,-2.19652777777777));
#10955=CARTESIAN_POINT('Ctrl Pts',(16.2542361111111,-2.48,-2.19652777777777));
#10956=CARTESIAN_POINT('',(21.0520138888889,-2.48,-2.21416666666673));
#10957=CARTESIAN_POINT('',(21.0520138888889,-2.5,-2.21416666666673));
#10958=CARTESIAN_POINT('Ctrl Pts',(21.0520138888889,-2.48,-2.21416666666671));
#10959=CARTESIAN_POINT('Ctrl Pts',(21.0520138888889,-2.48,-1.72027777777781));
#10960=CARTESIAN_POINT('Ctrl Pts',(20.9461805555556,-2.48,-1.29106481481484));
#10961=CARTESIAN_POINT('Ctrl Pts',(20.7345138888889,-2.48,-0.926527777777819));
#10962=CARTESIAN_POINT('Ctrl Pts',(20.5228472222222,-2.48,-0.561990740740805));
#10963=CARTESIAN_POINT('Ctrl Pts',(20.2318055555556,-2.48,-0.282708333333384));
#10964=CARTESIAN_POINT('Ctrl Pts',(19.8613888888889,-2.48,-0.0886805555555892));
#10965=CARTESIAN_POINT('Ctrl Pts',(19.4909722222222,-2.48,0.105347222222214));
#10966=CARTESIAN_POINT('Ctrl Pts',(19.082337962963,-2.48,0.202361111111147));
#10967=CARTESIAN_POINT('Ctrl Pts',(18.6354861111112,-2.48,0.202361111111111));
#10968=CARTESIAN_POINT('Ctrl Pts',(18.1651157407408,-2.48,0.202361111111076));
#10969=CARTESIAN_POINT('Ctrl Pts',(17.7535416666666,-2.48,0.105347222222205));
#10970=CARTESIAN_POINT('Ctrl Pts',(17.4007638888889,-2.48,-0.0886805555555892));
#10971=CARTESIAN_POINT('Ctrl Pts',(17.0479861111111,-2.48,-0.282708333333375));
#10972=CARTESIAN_POINT('Ctrl Pts',(16.7687037037037,-2.48,-0.559050925925986));
#10973=CARTESIAN_POINT('Ctrl Pts',(16.5629166666667,-2.48,-0.91770833333336));
#10974=CARTESIAN_POINT('Ctrl Pts',(16.3571296296296,-2.48,-1.27636574074076));
#10975=CARTESIAN_POINT('Ctrl Pts',(16.2542361111111,-2.48,-1.70263888888893));
#10976=CARTESIAN_POINT('Ctrl Pts',(16.2542361111111,-2.48,-2.19652777777777));
#10977=CARTESIAN_POINT('Origin',(21.0520138888889,-2.5,-9.92236111111116));
#10978=CARTESIAN_POINT('',(21.0520138888889,-2.48,-9.92236111111116));
#10979=CARTESIAN_POINT('',(21.0520138888889,-2.5,-9.92236111111116));
#10980=CARTESIAN_POINT('',(21.0520138888889,-2.48,-2.21416666666673));
#10981=CARTESIAN_POINT('Origin',(23.8389583333333,-2.5,-9.92236111111111));
#10982=CARTESIAN_POINT('',(23.8389583333333,-2.48,-9.92236111111111));
#10983=CARTESIAN_POINT('',(23.8389583333333,-2.5,-9.92236111111111));
#10984=CARTESIAN_POINT('',(21.0520138888889,-2.48,-9.92236111111116));
#10985=CARTESIAN_POINT('Origin',(23.8389583333333,-2.5,-2.37291666666667));
#10986=CARTESIAN_POINT('',(23.8389583333333,-2.48,-2.37291666666667));
#10987=CARTESIAN_POINT('',(23.8389583333333,-2.5,-2.37291666666667));
#10988=CARTESIAN_POINT('',(23.8389583333333,-2.48,-9.92236111111111));
#10989=CARTESIAN_POINT('Ctrl Pts',(18.6354861111111,-2.5,2.72472222222221));
#10990=CARTESIAN_POINT('Ctrl Pts',(18.6354861111111,-2.48,2.72472222222221));
#10991=CARTESIAN_POINT('Ctrl Pts',(19.6585416666667,-2.5,2.72472222222219));
#10992=CARTESIAN_POINT('Ctrl Pts',(19.6585416666667,-2.48,2.72472222222219));
#10993=CARTESIAN_POINT('Ctrl Pts',(20.5610648148148,-2.5,2.50717592592589));
#10994=CARTESIAN_POINT('Ctrl Pts',(20.5610648148148,-2.48,2.50717592592589));
#10995=CARTESIAN_POINT('Ctrl Pts',(21.3430555555556,-2.5,2.07208333333329));
#10996=CARTESIAN_POINT('Ctrl Pts',(21.3430555555556,-2.48,2.07208333333329));
#10997=CARTESIAN_POINT('Ctrl Pts',(22.1250462962963,-2.5,1.6369907407407));
#10998=CARTESIAN_POINT('Ctrl Pts',(22.1250462962963,-2.48,1.6369907407407));
#10999=CARTESIAN_POINT('Ctrl Pts',(22.7365277777778,-2.5,1.0343287037037));
#11000=CARTESIAN_POINT('Ctrl Pts',(22.7365277777778,-2.48,1.0343287037037));
#11001=CARTESIAN_POINT('Ctrl Pts',(23.1775,-2.5,0.264097222222217));
#11002=CARTESIAN_POINT('Ctrl Pts',(23.1775,-2.48,0.264097222222217));
#11003=CARTESIAN_POINT('Ctrl Pts',(23.6184722222223,-2.5,-0.506134259259294));
#11004=CARTESIAN_POINT('Ctrl Pts',(23.6184722222223,-2.48,-0.506134259259294));
#11005=CARTESIAN_POINT('Ctrl Pts',(23.8389583333333,-2.5,-1.38513888888894));
#11006=CARTESIAN_POINT('Ctrl Pts',(23.8389583333333,-2.48,-1.38513888888894));
#11007=CARTESIAN_POINT('Ctrl Pts',(23.8389583333333,-2.5,-2.37291666666667));
#11008=CARTESIAN_POINT('Ctrl Pts',(23.8389583333333,-2.48,-2.37291666666667));
#11009=CARTESIAN_POINT('',(18.6354861111111,-2.48,2.72472222222221));
#11010=CARTESIAN_POINT('',(18.6354861111111,-2.5,2.72472222222221));
#11011=CARTESIAN_POINT('Ctrl Pts',(18.6354861111111,-2.48,2.72472222222221));
#11012=CARTESIAN_POINT('Ctrl Pts',(19.6585416666667,-2.48,2.72472222222219));
#11013=CARTESIAN_POINT('Ctrl Pts',(20.5610648148148,-2.48,2.50717592592589));
#11014=CARTESIAN_POINT('Ctrl Pts',(21.3430555555556,-2.48,2.07208333333329));
#11015=CARTESIAN_POINT('Ctrl Pts',(22.1250462962963,-2.48,1.6369907407407));
#11016=CARTESIAN_POINT('Ctrl Pts',(22.7365277777778,-2.48,1.0343287037037));
#11017=CARTESIAN_POINT('Ctrl Pts',(23.1775,-2.48,0.264097222222217));
#11018=CARTESIAN_POINT('Ctrl Pts',(23.6184722222223,-2.48,-0.506134259259294));
#11019=CARTESIAN_POINT('Ctrl Pts',(23.8389583333333,-2.48,-1.38513888888894));
#11020=CARTESIAN_POINT('Ctrl Pts',(23.8389583333333,-2.48,-2.37291666666667));
#11021=CARTESIAN_POINT('Ctrl Pts',(13.4672916666667,-2.5,-2.3552777777778));
#11022=CARTESIAN_POINT('Ctrl Pts',(13.4672916666667,-2.48,-2.3552777777778));
#11023=CARTESIAN_POINT('Ctrl Pts',(13.4672916666667,-2.5,-1.36750000000002));
#11024=CARTESIAN_POINT('Ctrl Pts',(13.4672916666667,-2.48,-1.36750000000002));
#11025=CARTESIAN_POINT('Ctrl Pts',(13.6848379629629,-2.5,-0.491435185185187));
#11026=CARTESIAN_POINT('Ctrl Pts',(13.6848379629629,-2.48,-0.491435185185187));
#11027=CARTESIAN_POINT('Ctrl Pts',(14.1199305555556,-2.5,0.272916666666676));
#11028=CARTESIAN_POINT('Ctrl Pts',(14.1199305555556,-2.48,0.272916666666676));
#11029=CARTESIAN_POINT('Ctrl Pts',(14.5550231481482,-2.5,1.0372685185185));
#11030=CARTESIAN_POINT('Ctrl Pts',(14.5550231481482,-2.48,1.0372685185185));
#11031=CARTESIAN_POINT('Ctrl Pts',(15.160625,-2.5,1.63699074074076));
#11032=CARTESIAN_POINT('Ctrl Pts',(15.160625,-2.48,1.63699074074076));
#11033=CARTESIAN_POINT('Ctrl Pts',(15.9367361111111,-2.5,2.07208333333333));
#11034=CARTESIAN_POINT('Ctrl Pts',(15.9367361111111,-2.48,2.07208333333333));
#11035=CARTESIAN_POINT('Ctrl Pts',(16.7128472222222,-2.5,2.50717592592589));
#11036=CARTESIAN_POINT('Ctrl Pts',(16.7128472222222,-2.48,2.50717592592589));
#11037=CARTESIAN_POINT('Ctrl Pts',(17.6124305555555,-2.5,2.72472222222221));
#11038=CARTESIAN_POINT('Ctrl Pts',(17.6124305555555,-2.48,2.72472222222221));
#11039=CARTESIAN_POINT('Ctrl Pts',(18.6354861111111,-2.5,2.72472222222221));
#11040=CARTESIAN_POINT('Ctrl Pts',(18.6354861111111,-2.48,2.72472222222221));
#11041=CARTESIAN_POINT('',(13.4672916666667,-2.48,-2.3552777777778));
#11042=CARTESIAN_POINT('',(13.4672916666667,-2.5,-2.3552777777778));
#11043=CARTESIAN_POINT('Ctrl Pts',(13.4672916666667,-2.48,-2.3552777777778));
#11044=CARTESIAN_POINT('Ctrl Pts',(13.4672916666667,-2.48,-1.36750000000002));
#11045=CARTESIAN_POINT('Ctrl Pts',(13.6848379629629,-2.48,-0.491435185185187));
#11046=CARTESIAN_POINT('Ctrl Pts',(14.1199305555556,-2.48,0.272916666666676));
#11047=CARTESIAN_POINT('Ctrl Pts',(14.5550231481482,-2.48,1.0372685185185));
#11048=CARTESIAN_POINT('Ctrl Pts',(15.160625,-2.48,1.63699074074076));
#11049=CARTESIAN_POINT('Ctrl Pts',(15.9367361111111,-2.48,2.07208333333333));
#11050=CARTESIAN_POINT('Ctrl Pts',(16.7128472222222,-2.48,2.50717592592589));
#11051=CARTESIAN_POINT('Ctrl Pts',(17.6124305555555,-2.48,2.72472222222221));
#11052=CARTESIAN_POINT('Ctrl Pts',(18.6354861111111,-2.48,2.72472222222221));
#11053=CARTESIAN_POINT('Origin',(13.4672916666667,-2.5,-9.92236111111112));
#11054=CARTESIAN_POINT('',(13.4672916666667,-2.48,-2.3552777777778));
#11055=CARTESIAN_POINT('Origin',(18.653125,-2.48,-3.59881944444448));
#11056=CARTESIAN_POINT('Origin',(-27.1021527777777,-2.5,2.53069444444445));
#11057=CARTESIAN_POINT('',(-27.1021527777777,-2.48,2.53069444444445));
#11058=CARTESIAN_POINT('',(-27.1021527777777,-2.5,2.53069444444445));
#11059=CARTESIAN_POINT('',(-24.3328472222222,-2.48,2.53069444444441));
#11060=CARTESIAN_POINT('',(-24.3328472222222,-2.48,2.53069444444441));
#11061=CARTESIAN_POINT('',(-24.3328472222222,-2.5,2.53069444444441));
#11062=CARTESIAN_POINT('Origin',(-27.1021527777778,-2.5,-4.92724826388895));
#11063=CARTESIAN_POINT('',(-27.1021527777778,-2.48,-4.92724826388895));
#11064=CARTESIAN_POINT('',(-27.1021527777778,-2.5,-4.92724826388895));
#11065=CARTESIAN_POINT('',(-27.1021527777777,-2.48,2.53069444444445));
#11066=CARTESIAN_POINT('Origin',(-32.9229861111111,-2.5,2.53069444444441));
#11067=CARTESIAN_POINT('',(-32.9229861111111,-2.48,2.53069444444441));
#11068=CARTESIAN_POINT('',(-32.9229861111111,-2.5,2.53069444444441));
#11069=CARTESIAN_POINT('',(-27.1021527777778,-2.48,-4.92724826388895));
#11070=CARTESIAN_POINT('Origin',(-34.9514583333334,-2.5,2.53069444444439));
#11071=CARTESIAN_POINT('',(-34.9514583333334,-2.48,2.53069444444439));
#11072=CARTESIAN_POINT('',(-34.9514583333334,-2.5,2.53069444444439));
#11073=CARTESIAN_POINT('',(-32.9229861111111,-2.48,2.53069444444441));
#11074=CARTESIAN_POINT('Origin',(-34.9514583333334,-2.5,-9.92236111111111));
#11075=CARTESIAN_POINT('',(-34.9514583333334,-2.48,-9.92236111111111));
#11076=CARTESIAN_POINT('',(-34.9514583333334,-2.5,-9.92236111111111));
#11077=CARTESIAN_POINT('',(-34.9514583333334,-2.48,2.53069444444439));
#11078=CARTESIAN_POINT('Origin',(-32.1821527777778,-2.5,-9.92236111111111));
#11079=CARTESIAN_POINT('',(-32.1821527777778,-2.48,-9.92236111111111));
#11080=CARTESIAN_POINT('',(-32.1821527777778,-2.5,-9.92236111111111));
#11081=CARTESIAN_POINT('',(-34.9514583333334,-2.48,-9.92236111111111));
#11082=CARTESIAN_POINT('Origin',(-32.1821527777778,-2.5,-2.35141927083336));
#11083=CARTESIAN_POINT('',(-32.1821527777778,-2.48,-2.35141927083336));
#11084=CARTESIAN_POINT('',(-32.1821527777778,-2.5,-2.35141927083336));
#11085=CARTESIAN_POINT('',(-32.1821527777778,-2.48,-9.92236111111111));
#11086=CARTESIAN_POINT('Origin',(-26.273125,-2.5,-9.92236111111116));
#11087=CARTESIAN_POINT('',(-26.273125,-2.48,-9.92236111111116));
#11088=CARTESIAN_POINT('',(-26.273125,-2.5,-9.92236111111116));
#11089=CARTESIAN_POINT('',(-32.1821527777778,-2.48,-2.35141927083336));
#11090=CARTESIAN_POINT('Origin',(-24.3328472222223,-2.5,-9.92236111111112));
#11091=CARTESIAN_POINT('',(-24.3328472222223,-2.48,-9.92236111111112));
#11092=CARTESIAN_POINT('',(-24.3328472222223,-2.5,-9.92236111111112));
#11093=CARTESIAN_POINT('',(-26.273125,-2.48,-9.92236111111116));
#11094=CARTESIAN_POINT('Origin',(-24.3328472222222,-2.5,2.53069444444441));
#11095=CARTESIAN_POINT('',(-24.3328472222223,-2.48,-9.92236111111112));
#11096=CARTESIAN_POINT('Origin',(-29.6421527777778,-2.48,-3.69583333333336));
#11097=CARTESIAN_POINT('Origin',(0.97895833333336,-2.5,11.9498611111111));
#11098=CARTESIAN_POINT('',(0.97895833333336,-2.48,11.9498611111111));
#11099=CARTESIAN_POINT('',(0.97895833333336,-2.5,11.9498611111111));
#11100=CARTESIAN_POINT('',(-9.58673611111108,-2.48,11.9498611111111));
#11101=CARTESIAN_POINT('',(-9.58673611111108,-2.48,11.9498611111111));
#11102=CARTESIAN_POINT('',(-9.58673611111108,-2.5,11.9498611111111));
#11103=CARTESIAN_POINT('Origin',(0.97895833333336,-2.5,14.3663888888888));
#11104=CARTESIAN_POINT('',(0.97895833333336,-2.48,14.3663888888888));
#11105=CARTESIAN_POINT('',(0.97895833333336,-2.5,14.3663888888888));
#11106=CARTESIAN_POINT('',(0.97895833333336,-2.48,11.9498611111111));
#11107=CARTESIAN_POINT('Origin',(-2.91923611111111,-2.5,14.3663888888889));
#11108=CARTESIAN_POINT('',(-2.91923611111111,-2.48,14.3663888888889));
#11109=CARTESIAN_POINT('',(-2.91923611111111,-2.5,14.3663888888889));
#11110=CARTESIAN_POINT('',(0.97895833333336,-2.48,14.3663888888888));
#11111=CARTESIAN_POINT('Origin',(-2.91923611111114,-2.5,24.4029166666666));
#11112=CARTESIAN_POINT('',(-2.91923611111114,-2.48,24.4029166666666));
#11113=CARTESIAN_POINT('',(-2.91923611111114,-2.5,24.4029166666666));
#11114=CARTESIAN_POINT('',(-2.91923611111111,-2.48,14.3663888888889));
#11115=CARTESIAN_POINT('Origin',(-5.68854166666664,-2.5,24.4029166666667));
#11116=CARTESIAN_POINT('',(-5.68854166666664,-2.48,24.4029166666667));
#11117=CARTESIAN_POINT('',(-5.68854166666664,-2.5,24.4029166666667));
#11118=CARTESIAN_POINT('',(-2.91923611111114,-2.48,24.4029166666666));
#11119=CARTESIAN_POINT('Origin',(-5.68854166666661,-2.5,14.3663888888889));
#11120=CARTESIAN_POINT('',(-5.68854166666661,-2.48,14.3663888888889));
#11121=CARTESIAN_POINT('',(-5.68854166666661,-2.5,14.3663888888889));
#11122=CARTESIAN_POINT('',(-5.68854166666664,-2.48,24.4029166666667));
#11123=CARTESIAN_POINT('Origin',(-9.58673611111111,-2.5,14.3663888888889));
#11124=CARTESIAN_POINT('',(-9.58673611111111,-2.48,14.3663888888889));
#11125=CARTESIAN_POINT('',(-9.58673611111111,-2.5,14.3663888888889));
#11126=CARTESIAN_POINT('',(-5.68854166666661,-2.48,14.3663888888889));
#11127=CARTESIAN_POINT('Origin',(-9.58673611111108,-2.5,11.9498611111111));
#11128=CARTESIAN_POINT('',(-9.58673611111111,-2.48,14.3663888888889));
#11129=CARTESIAN_POINT('Origin',(-4.30388888888888,-2.48,18.1763888888889));
#11130=CARTESIAN_POINT('Origin',(-2.39888888888885,-2.5,38.7609722222222));
#11131=CARTESIAN_POINT('',(-2.39888888888885,-2.48,38.7609722222222));
#11132=CARTESIAN_POINT('',(-2.39888888888885,-2.5,38.7609722222222));
#11133=CARTESIAN_POINT('',(-2.39888888888892,-2.48,41.0716666666667));
#11134=CARTESIAN_POINT('',(-2.39888888888892,-2.48,41.0716666666667));
#11135=CARTESIAN_POINT('',(-2.39888888888892,-2.5,41.0716666666667));
#11136=CARTESIAN_POINT('Origin',(3.15736111111114,-2.5,38.7609722222222));
#11137=CARTESIAN_POINT('',(3.15736111111114,-2.48,38.7609722222222));
#11138=CARTESIAN_POINT('',(3.15736111111114,-2.5,38.7609722222222));
#11139=CARTESIAN_POINT('',(-2.39888888888885,-2.48,38.7609722222222));
#11140=CARTESIAN_POINT('Origin',(3.15736111111114,-2.5,36.2033333333333));
#11141=CARTESIAN_POINT('',(3.15736111111114,-2.48,36.2033333333333));
#11142=CARTESIAN_POINT('',(3.15736111111114,-2.5,36.2033333333333));
#11143=CARTESIAN_POINT('',(3.15736111111114,-2.48,38.7609722222222));
#11144=CARTESIAN_POINT('Origin',(-2.92805555555553,-2.5,36.2033333333333));
#11145=CARTESIAN_POINT('',(-2.92805555555553,-2.48,36.2033333333333));
#11146=CARTESIAN_POINT('',(-2.92805555555553,-2.5,36.2033333333333));
#11147=CARTESIAN_POINT('',(3.15736111111114,-2.48,36.2033333333333));
#11148=CARTESIAN_POINT('Origin',(-2.92805555555553,-2.5,33.8220833333333));
#11149=CARTESIAN_POINT('',(-2.92805555555553,-2.48,33.8220833333333));
#11150=CARTESIAN_POINT('',(-2.92805555555553,-2.5,33.8220833333333));
#11151=CARTESIAN_POINT('',(-2.92805555555553,-2.48,36.2033333333333));
#11152=CARTESIAN_POINT('Origin',(5.9266666666667,-2.5,33.8220833333333));
#11153=CARTESIAN_POINT('',(5.9266666666667,-2.48,33.8220833333333));
#11154=CARTESIAN_POINT('',(5.9266666666667,-2.5,33.8220833333333));
#11155=CARTESIAN_POINT('',(-2.92805555555553,-2.48,33.8220833333333));
#11156=CARTESIAN_POINT('Origin',(5.9266666666667,-2.5,46.2751388888889));
#11157=CARTESIAN_POINT('',(5.9266666666667,-2.48,46.2751388888889));
#11158=CARTESIAN_POINT('',(5.9266666666667,-2.5,46.2751388888889));
#11159=CARTESIAN_POINT('',(5.9266666666667,-2.48,33.8220833333333));
#11160=CARTESIAN_POINT('Origin',(-3.01624999999998,-2.5,46.2751388888889));
#11161=CARTESIAN_POINT('',(-3.01624999999998,-2.48,46.2751388888889));
#11162=CARTESIAN_POINT('',(-3.01624999999998,-2.5,46.2751388888889));
#11163=CARTESIAN_POINT('',(5.9266666666667,-2.48,46.2751388888889));
#11164=CARTESIAN_POINT('Origin',(-3.01624999999998,-2.5,43.87625));
#11165=CARTESIAN_POINT('',(-3.01624999999998,-2.48,43.87625));
#11166=CARTESIAN_POINT('',(-3.01624999999998,-2.5,43.87625));
#11167=CARTESIAN_POINT('',(-3.01624999999998,-2.48,46.2751388888889));
#11168=CARTESIAN_POINT('Origin',(3.15736111111114,-2.5,43.87625));
#11169=CARTESIAN_POINT('',(3.15736111111114,-2.48,43.87625));
#11170=CARTESIAN_POINT('',(3.15736111111114,-2.5,43.87625));
#11171=CARTESIAN_POINT('',(-3.01624999999998,-2.48,43.87625));
#11172=CARTESIAN_POINT('Origin',(3.15736111111111,-2.5,41.0716666666667));
#11173=CARTESIAN_POINT('',(3.15736111111111,-2.48,41.0716666666667));
#11174=CARTESIAN_POINT('',(3.15736111111111,-2.5,41.0716666666667));
#11175=CARTESIAN_POINT('',(3.15736111111114,-2.48,43.87625));
#11176=CARTESIAN_POINT('Origin',(-2.39888888888892,-2.5,41.0716666666667));
#11177=CARTESIAN_POINT('',(3.15736111111111,-2.48,41.0716666666667));
#11178=CARTESIAN_POINT('Origin',(1.45520833333336,-2.48,40.0486111111111));
#11179=CARTESIAN_POINT('Origin',(15.8220833333334,-2.5,46.2751388888889));
#11180=CARTESIAN_POINT('',(15.8220833333334,-2.48,46.2751388888889));
#11181=CARTESIAN_POINT('',(15.8220833333334,-2.5,46.2751388888889));
#11182=CARTESIAN_POINT('',(15.8220833333333,-2.48,33.8220833333333));
#11183=CARTESIAN_POINT('',(15.8220833333333,-2.48,33.8220833333333));
#11184=CARTESIAN_POINT('',(15.8220833333333,-2.5,33.8220833333333));
#11185=CARTESIAN_POINT('Origin',(7.53180555555556,-2.5,46.2751388888889));
#11186=CARTESIAN_POINT('',(7.53180555555556,-2.48,46.2751388888889));
#11187=CARTESIAN_POINT('',(7.53180555555556,-2.5,46.2751388888889));
#11188=CARTESIAN_POINT('',(15.8220833333334,-2.48,46.2751388888889));
#11189=CARTESIAN_POINT('Origin',(7.53180555555558,-2.5,43.8409722222222));
#11190=CARTESIAN_POINT('',(7.53180555555558,-2.48,43.8409722222222));
#11191=CARTESIAN_POINT('',(7.53180555555558,-2.5,43.8409722222222));
#11192=CARTESIAN_POINT('',(7.53180555555556,-2.48,46.2751388888889));
#11193=CARTESIAN_POINT('Origin',(13.0527777777778,-2.5,43.8409722222222));
#11194=CARTESIAN_POINT('',(13.0527777777778,-2.48,43.8409722222222));
#11195=CARTESIAN_POINT('',(13.0527777777778,-2.5,43.8409722222222));
#11196=CARTESIAN_POINT('',(7.53180555555558,-2.48,43.8409722222222));
#11197=CARTESIAN_POINT('Origin',(13.0527777777778,-2.5,33.8220833333333));
#11198=CARTESIAN_POINT('',(13.0527777777778,-2.48,33.8220833333333));
#11199=CARTESIAN_POINT('',(13.0527777777778,-2.5,33.8220833333333));
#11200=CARTESIAN_POINT('',(13.0527777777778,-2.48,43.8409722222222));
#11201=CARTESIAN_POINT('Origin',(15.8220833333333,-2.5,33.8220833333333));
#11202=CARTESIAN_POINT('',(13.0527777777778,-2.48,33.8220833333333));
#11203=CARTESIAN_POINT('Origin',(11.6769444444445,-2.48,40.0486111111111));
#11204=CARTESIAN_POINT('Origin',(5.30048611111113,-2.5,11.9498611111111));
#11205=CARTESIAN_POINT('',(5.30048611111113,-2.48,11.9498611111111));
#11206=CARTESIAN_POINT('',(5.30048611111113,-2.5,11.9498611111111));
#11207=CARTESIAN_POINT('',(2.53118055555557,-2.48,11.9498611111111));
#11208=CARTESIAN_POINT('',(2.53118055555557,-2.48,11.9498611111111));
#11209=CARTESIAN_POINT('',(2.53118055555557,-2.5,11.9498611111111));
#11210=CARTESIAN_POINT('Origin',(5.30048611111114,-2.5,24.4029166666666));
#11211=CARTESIAN_POINT('',(5.30048611111114,-2.48,24.4029166666666));
#11212=CARTESIAN_POINT('',(5.30048611111114,-2.5,24.4029166666666));
#11213=CARTESIAN_POINT('',(5.30048611111113,-2.48,11.9498611111111));
#11214=CARTESIAN_POINT('Origin',(2.53118055555557,-2.5,24.4029166666666));
#11215=CARTESIAN_POINT('',(2.53118055555557,-2.48,24.4029166666666));
#11216=CARTESIAN_POINT('',(2.53118055555557,-2.5,24.4029166666666));
#11217=CARTESIAN_POINT('',(5.30048611111114,-2.48,24.4029166666666));
#11218=CARTESIAN_POINT('Origin',(2.53118055555557,-2.5,11.9498611111111));
#11219=CARTESIAN_POINT('',(2.53118055555557,-2.48,24.4029166666666));
#11220=CARTESIAN_POINT('Origin',(3.91583333333336,-2.48,18.1763888888889));
#11221=CARTESIAN_POINT('Ctrl Pts',(-16.0249305555555,-2.5,0.219999999999994));
#11222=CARTESIAN_POINT('Ctrl Pts',(-16.0249305555555,-2.48,0.219999999999994));
#11223=CARTESIAN_POINT('Ctrl Pts',(-16.7657638888889,-2.5,0.219999999999985));
#11224=CARTESIAN_POINT('Ctrl Pts',(-16.7657638888889,-2.48,0.219999999999985));
#11225=CARTESIAN_POINT('Ctrl Pts',(-17.4154629629629,-2.5,0.0553703703703423));
#11226=CARTESIAN_POINT('Ctrl Pts',(-17.4154629629629,-2.48,0.0553703703703423));
#11227=CARTESIAN_POINT('Ctrl Pts',(-17.9740277777778,-2.5,-0.273888888888907));
#11228=CARTESIAN_POINT('Ctrl Pts',(-17.9740277777778,-2.48,-0.273888888888907));
#11229=CARTESIAN_POINT('Ctrl Pts',(-18.5325925925926,-2.5,-0.603148148148156));
#11230=CARTESIAN_POINT('Ctrl Pts',(-18.5325925925926,-2.48,-0.603148148148156));
#11231=CARTESIAN_POINT('Ctrl Pts',(-18.9647453703703,-2.5,-1.06469907407409));
#11232=CARTESIAN_POINT('Ctrl Pts',(-18.9647453703703,-2.48,-1.06469907407409));
#11233=CARTESIAN_POINT('Ctrl Pts',(-19.2704861111111,-2.5,-1.65854166666668));
#11234=CARTESIAN_POINT('Ctrl Pts',(-19.2704861111111,-2.48,-1.65854166666668));
#11235=CARTESIAN_POINT('Ctrl Pts',(-19.5762268518518,-2.5,-2.25238425925927));
#11236=CARTESIAN_POINT('Ctrl Pts',(-19.5762268518518,-2.48,-2.25238425925927));
#11237=CARTESIAN_POINT('Ctrl Pts',(-19.7290972222222,-2.5,-2.93736111111119));
#11238=CARTESIAN_POINT('Ctrl Pts',(-19.7290972222222,-2.48,-2.93736111111119));
#11239=CARTESIAN_POINT('Ctrl Pts',(-19.7290972222222,-2.5,-3.71347222222227));
#11240=CARTESIAN_POINT('Ctrl Pts',(-19.7290972222222,-2.48,-3.71347222222227));
#11241=CARTESIAN_POINT('Ctrl Pts',(-19.7290972222222,-2.5,-4.30143518518524));
#11242=CARTESIAN_POINT('Ctrl Pts',(-19.7290972222222,-2.48,-4.30143518518524));
#11243=CARTESIAN_POINT('Ctrl Pts',(-19.6409027777777,-2.5,-4.83354166666675));
#11244=CARTESIAN_POINT('Ctrl Pts',(-19.6409027777777,-2.48,-4.83354166666675));
#11245=CARTESIAN_POINT('Ctrl Pts',(-19.4645138888889,-2.5,-5.30979166666671));
#11246=CARTESIAN_POINT('Ctrl Pts',(-19.4645138888889,-2.48,-5.30979166666671));
#11247=CARTESIAN_POINT('Ctrl Pts',(-19.288125,-2.5,-5.7860416666667));
#11248=CARTESIAN_POINT('Ctrl Pts',(-19.288125,-2.48,-5.7860416666667));
#11249=CARTESIAN_POINT('Ctrl Pts',(-19.0353009259259,-2.5,-6.19761574074082));
#11250=CARTESIAN_POINT('Ctrl Pts',(-19.0353009259259,-2.48,-6.19761574074082));
#11251=CARTESIAN_POINT('Ctrl Pts',(-18.7060416666666,-2.5,-6.54451388888895));
#11252=CARTESIAN_POINT('Ctrl Pts',(-18.7060416666666,-2.48,-6.54451388888895));
#11253=CARTESIAN_POINT('Ctrl Pts',(-18.3767824074073,-2.5,-6.89141203703708));
#11254=CARTESIAN_POINT('Ctrl Pts',(-18.3767824074073,-2.48,-6.89141203703708));
#11255=CARTESIAN_POINT('Ctrl Pts',(-17.985787037037,-2.5,-7.15599537037039));
#11256=CARTESIAN_POINT('Ctrl Pts',(-17.985787037037,-2.48,-7.15599537037039));
#11257=CARTESIAN_POINT('Ctrl Pts',(-17.5330555555555,-2.5,-7.33826388888885));
#11258=CARTESIAN_POINT('Ctrl Pts',(-17.5330555555555,-2.48,-7.33826388888885));
#11259=CARTESIAN_POINT('Ctrl Pts',(-17.080324074074,-2.5,-7.52053240740733));
#11260=CARTESIAN_POINT('Ctrl Pts',(-17.080324074074,-2.48,-7.52053240740733));
#11261=CARTESIAN_POINT('Ctrl Pts',(-16.5776157407407,-2.5,-7.61166666666673));
#11262=CARTESIAN_POINT('Ctrl Pts',(-16.5776157407407,-2.48,-7.61166666666673));
#11263=CARTESIAN_POINT('Ctrl Pts',(-16.0249305555555,-2.5,-7.61166666666672));
#11264=CARTESIAN_POINT('Ctrl Pts',(-16.0249305555555,-2.48,-7.61166666666672));
#11265=CARTESIAN_POINT('Ctrl Pts',(-15.2840972222222,-2.5,-7.61166666666671));
#11266=CARTESIAN_POINT('Ctrl Pts',(-15.2840972222222,-2.48,-7.61166666666671));
#11267=CARTESIAN_POINT('Ctrl Pts',(-14.6343981481481,-2.5,-7.4499768518518));
#11268=CARTESIAN_POINT('Ctrl Pts',(-14.6343981481481,-2.48,-7.4499768518518));
#11269=CARTESIAN_POINT('Ctrl Pts',(-14.0758333333333,-2.5,-7.12659722222218));
#11270=CARTESIAN_POINT('Ctrl Pts',(-14.0758333333333,-2.48,-7.12659722222218));
#11271=CARTESIAN_POINT('Ctrl Pts',(-13.5172685185185,-2.5,-6.80321759259257));
#11272=CARTESIAN_POINT('Ctrl Pts',(-13.5172685185185,-2.48,-6.80321759259257));
#11273=CARTESIAN_POINT('Ctrl Pts',(-13.0851157407408,-2.5,-6.35048611111116));
#11274=CARTESIAN_POINT('Ctrl Pts',(-13.0851157407408,-2.48,-6.35048611111116));
#11275=CARTESIAN_POINT('Ctrl Pts',(-12.779375,-2.5,-5.76840277777786));
#11276=CARTESIAN_POINT('Ctrl Pts',(-12.779375,-2.48,-5.76840277777786));
#11277=CARTESIAN_POINT('Ctrl Pts',(-12.4736342592592,-2.5,-5.18631944444449));
#11278=CARTESIAN_POINT('Ctrl Pts',(-12.4736342592592,-2.48,-5.18631944444449));
#11279=CARTESIAN_POINT('Ctrl Pts',(-12.3207638888888,-2.5,-4.50134259259262));
#11280=CARTESIAN_POINT('Ctrl Pts',(-12.3207638888888,-2.48,-4.50134259259262));
#11281=CARTESIAN_POINT('Ctrl Pts',(-12.3207638888888,-2.5,-3.71347222222226));
#11282=CARTESIAN_POINT('Ctrl Pts',(-12.3207638888888,-2.48,-3.71347222222226));
#11283=CARTESIAN_POINT('Ctrl Pts',(-12.3207638888888,-2.5,-3.12550925925925));
#11284=CARTESIAN_POINT('Ctrl Pts',(-12.3207638888888,-2.48,-3.12550925925925));
#11285=CARTESIAN_POINT('Ctrl Pts',(-12.4089583333333,-2.5,-2.590462962963));
#11286=CARTESIAN_POINT('Ctrl Pts',(-12.4089583333333,-2.48,-2.590462962963));
#11287=CARTESIAN_POINT('Ctrl Pts',(-12.5853472222222,-2.5,-2.10833333333331));
#11288=CARTESIAN_POINT('Ctrl Pts',(-12.5853472222222,-2.48,-2.10833333333331));
#11289=CARTESIAN_POINT('Ctrl Pts',(-12.761736111111,-2.5,-1.62620370370369));
#11290=CARTESIAN_POINT('Ctrl Pts',(-12.761736111111,-2.48,-1.62620370370369));
#11291=CARTESIAN_POINT('Ctrl Pts',(-13.0116203703703,-2.5,-1.21168981481479));
#11292=CARTESIAN_POINT('Ctrl Pts',(-13.0116203703703,-2.48,-1.21168981481479));
#11293=CARTESIAN_POINT('Ctrl Pts',(-13.335,-2.5,-0.864791666666731));
#11294=CARTESIAN_POINT('Ctrl Pts',(-13.335,-2.48,-0.864791666666731));
#11295=CARTESIAN_POINT('Ctrl Pts',(-13.6583796296297,-2.5,-0.517893518518617));
#11296=CARTESIAN_POINT('Ctrl Pts',(-13.6583796296297,-2.48,-0.517893518518617));
#11297=CARTESIAN_POINT('Ctrl Pts',(-14.049375,-2.5,-0.250370370370403));
#11298=CARTESIAN_POINT('Ctrl Pts',(-14.049375,-2.48,-0.250370370370403));
#11299=CARTESIAN_POINT('Ctrl Pts',(-14.5079861111111,-2.5,-0.0622222222222124));
#11300=CARTESIAN_POINT('Ctrl Pts',(-14.5079861111111,-2.48,-0.0622222222222124));
#11301=CARTESIAN_POINT('Ctrl Pts',(-14.9665972222222,-2.5,0.12592592592596));
#11302=CARTESIAN_POINT('Ctrl Pts',(-14.9665972222222,-2.48,0.12592592592596));
#11303=CARTESIAN_POINT('Ctrl Pts',(-15.4722453703703,-2.5,0.219999999999994));
#11304=CARTESIAN_POINT('Ctrl Pts',(-15.4722453703703,-2.48,0.219999999999994));
#11305=CARTESIAN_POINT('Ctrl Pts',(-16.0249305555555,-2.5,0.219999999999994));
#11306=CARTESIAN_POINT('Ctrl Pts',(-16.0249305555555,-2.48,0.219999999999994));
#11307=CARTESIAN_POINT('',(-16.0249305555555,-2.5,0.219999999999994));
#11308=CARTESIAN_POINT('Ctrl Pts',(-16.0249305555555,-2.5,0.219999999999994));
#11309=CARTESIAN_POINT('Ctrl Pts',(-16.7657638888889,-2.5,0.219999999999985));
#11310=CARTESIAN_POINT('Ctrl Pts',(-17.4154629629629,-2.5,0.0553703703703423));
#11311=CARTESIAN_POINT('Ctrl Pts',(-17.9740277777778,-2.5,-0.273888888888907));
#11312=CARTESIAN_POINT('Ctrl Pts',(-18.5325925925926,-2.5,-0.603148148148156));
#11313=CARTESIAN_POINT('Ctrl Pts',(-18.9647453703703,-2.5,-1.06469907407409));
#11314=CARTESIAN_POINT('Ctrl Pts',(-19.2704861111111,-2.5,-1.65854166666668));
#11315=CARTESIAN_POINT('Ctrl Pts',(-19.5762268518518,-2.5,-2.25238425925927));
#11316=CARTESIAN_POINT('Ctrl Pts',(-19.7290972222222,-2.5,-2.93736111111119));
#11317=CARTESIAN_POINT('Ctrl Pts',(-19.7290972222222,-2.5,-3.71347222222227));
#11318=CARTESIAN_POINT('Ctrl Pts',(-19.7290972222222,-2.5,-4.30143518518524));
#11319=CARTESIAN_POINT('Ctrl Pts',(-19.6409027777777,-2.5,-4.83354166666675));
#11320=CARTESIAN_POINT('Ctrl Pts',(-19.4645138888889,-2.5,-5.30979166666671));
#11321=CARTESIAN_POINT('Ctrl Pts',(-19.288125,-2.5,-5.7860416666667));
#11322=CARTESIAN_POINT('Ctrl Pts',(-19.0353009259259,-2.5,-6.19761574074082));
#11323=CARTESIAN_POINT('Ctrl Pts',(-18.7060416666666,-2.5,-6.54451388888895));
#11324=CARTESIAN_POINT('Ctrl Pts',(-18.3767824074073,-2.5,-6.89141203703708));
#11325=CARTESIAN_POINT('Ctrl Pts',(-17.985787037037,-2.5,-7.15599537037039));
#11326=CARTESIAN_POINT('Ctrl Pts',(-17.5330555555555,-2.5,-7.33826388888885));
#11327=CARTESIAN_POINT('Ctrl Pts',(-17.080324074074,-2.5,-7.52053240740733));
#11328=CARTESIAN_POINT('Ctrl Pts',(-16.5776157407407,-2.5,-7.61166666666673));
#11329=CARTESIAN_POINT('Ctrl Pts',(-16.0249305555555,-2.5,-7.61166666666672));
#11330=CARTESIAN_POINT('Ctrl Pts',(-15.2840972222222,-2.5,-7.61166666666671));
#11331=CARTESIAN_POINT('Ctrl Pts',(-14.6343981481481,-2.5,-7.4499768518518));
#11332=CARTESIAN_POINT('Ctrl Pts',(-14.0758333333333,-2.5,-7.12659722222218));
#11333=CARTESIAN_POINT('Ctrl Pts',(-13.5172685185185,-2.5,-6.80321759259257));
#11334=CARTESIAN_POINT('Ctrl Pts',(-13.0851157407408,-2.5,-6.35048611111116));
#11335=CARTESIAN_POINT('Ctrl Pts',(-12.779375,-2.5,-5.76840277777786));
#11336=CARTESIAN_POINT('Ctrl Pts',(-12.4736342592592,-2.5,-5.18631944444449));
#11337=CARTESIAN_POINT('Ctrl Pts',(-12.3207638888888,-2.5,-4.50134259259262));
#11338=CARTESIAN_POINT('Ctrl Pts',(-12.3207638888888,-2.5,-3.71347222222226));
#11339=CARTESIAN_POINT('Ctrl Pts',(-12.3207638888888,-2.5,-3.12550925925925));
#11340=CARTESIAN_POINT('Ctrl Pts',(-12.4089583333333,-2.5,-2.590462962963));
#11341=CARTESIAN_POINT('Ctrl Pts',(-12.5853472222222,-2.5,-2.10833333333331));
#11342=CARTESIAN_POINT('Ctrl Pts',(-12.761736111111,-2.5,-1.62620370370369));
#11343=CARTESIAN_POINT('Ctrl Pts',(-13.0116203703703,-2.5,-1.21168981481479));
#11344=CARTESIAN_POINT('Ctrl Pts',(-13.335,-2.5,-0.864791666666731));
#11345=CARTESIAN_POINT('Ctrl Pts',(-13.6583796296297,-2.5,-0.517893518518617));
#11346=CARTESIAN_POINT('Ctrl Pts',(-14.049375,-2.5,-0.250370370370403));
#11347=CARTESIAN_POINT('Ctrl Pts',(-14.5079861111111,-2.5,-0.0622222222222124));
#11348=CARTESIAN_POINT('Ctrl Pts',(-14.9665972222222,-2.5,0.12592592592596));
#11349=CARTESIAN_POINT('Ctrl Pts',(-15.4722453703703,-2.5,0.219999999999994));
#11350=CARTESIAN_POINT('Ctrl Pts',(-16.0249305555555,-2.5,0.219999999999994));
#11351=CARTESIAN_POINT('',(-16.0249305555555,-2.48,0.219999999999994));
#11352=CARTESIAN_POINT('',(-16.0249305555555,-2.5,0.219999999999994));
#11353=CARTESIAN_POINT('Ctrl Pts',(-16.0249305555555,-2.48,0.219999999999994));
#11354=CARTESIAN_POINT('Ctrl Pts',(-16.7657638888889,-2.48,0.219999999999985));
#11355=CARTESIAN_POINT('Ctrl Pts',(-17.4154629629629,-2.48,0.0553703703703423));
#11356=CARTESIAN_POINT('Ctrl Pts',(-17.9740277777778,-2.48,-0.273888888888907));
#11357=CARTESIAN_POINT('Ctrl Pts',(-18.5325925925926,-2.48,-0.603148148148156));
#11358=CARTESIAN_POINT('Ctrl Pts',(-18.9647453703703,-2.48,-1.06469907407409));
#11359=CARTESIAN_POINT('Ctrl Pts',(-19.2704861111111,-2.48,-1.65854166666668));
#11360=CARTESIAN_POINT('Ctrl Pts',(-19.5762268518518,-2.48,-2.25238425925927));
#11361=CARTESIAN_POINT('Ctrl Pts',(-19.7290972222222,-2.48,-2.93736111111119));
#11362=CARTESIAN_POINT('Ctrl Pts',(-19.7290972222222,-2.48,-3.71347222222227));
#11363=CARTESIAN_POINT('Ctrl Pts',(-19.7290972222222,-2.48,-4.30143518518524));
#11364=CARTESIAN_POINT('Ctrl Pts',(-19.6409027777777,-2.48,-4.83354166666675));
#11365=CARTESIAN_POINT('Ctrl Pts',(-19.4645138888889,-2.48,-5.30979166666671));
#11366=CARTESIAN_POINT('Ctrl Pts',(-19.288125,-2.48,-5.7860416666667));
#11367=CARTESIAN_POINT('Ctrl Pts',(-19.0353009259259,-2.48,-6.19761574074082));
#11368=CARTESIAN_POINT('Ctrl Pts',(-18.7060416666666,-2.48,-6.54451388888895));
#11369=CARTESIAN_POINT('Ctrl Pts',(-18.3767824074073,-2.48,-6.89141203703708));
#11370=CARTESIAN_POINT('Ctrl Pts',(-17.985787037037,-2.48,-7.15599537037039));
#11371=CARTESIAN_POINT('Ctrl Pts',(-17.5330555555555,-2.48,-7.33826388888885));
#11372=CARTESIAN_POINT('Ctrl Pts',(-17.080324074074,-2.48,-7.52053240740733));
#11373=CARTESIAN_POINT('Ctrl Pts',(-16.5776157407407,-2.48,-7.61166666666673));
#11374=CARTESIAN_POINT('Ctrl Pts',(-16.0249305555555,-2.48,-7.61166666666672));
#11375=CARTESIAN_POINT('Ctrl Pts',(-15.2840972222222,-2.48,-7.61166666666671));
#11376=CARTESIAN_POINT('Ctrl Pts',(-14.6343981481481,-2.48,-7.4499768518518));
#11377=CARTESIAN_POINT('Ctrl Pts',(-14.0758333333333,-2.48,-7.12659722222218));
#11378=CARTESIAN_POINT('Ctrl Pts',(-13.5172685185185,-2.48,-6.80321759259257));
#11379=CARTESIAN_POINT('Ctrl Pts',(-13.0851157407408,-2.48,-6.35048611111116));
#11380=CARTESIAN_POINT('Ctrl Pts',(-12.779375,-2.48,-5.76840277777786));
#11381=CARTESIAN_POINT('Ctrl Pts',(-12.4736342592592,-2.48,-5.18631944444449));
#11382=CARTESIAN_POINT('Ctrl Pts',(-12.3207638888888,-2.48,-4.50134259259262));
#11383=CARTESIAN_POINT('Ctrl Pts',(-12.3207638888888,-2.48,-3.71347222222226));
#11384=CARTESIAN_POINT('Ctrl Pts',(-12.3207638888888,-2.48,-3.12550925925925));
#11385=CARTESIAN_POINT('Ctrl Pts',(-12.4089583333333,-2.48,-2.590462962963));
#11386=CARTESIAN_POINT('Ctrl Pts',(-12.5853472222222,-2.48,-2.10833333333331));
#11387=CARTESIAN_POINT('Ctrl Pts',(-12.761736111111,-2.48,-1.62620370370369));
#11388=CARTESIAN_POINT('Ctrl Pts',(-13.0116203703703,-2.48,-1.21168981481479));
#11389=CARTESIAN_POINT('Ctrl Pts',(-13.335,-2.48,-0.864791666666731));
#11390=CARTESIAN_POINT('Ctrl Pts',(-13.6583796296297,-2.48,-0.517893518518617));
#11391=CARTESIAN_POINT('Ctrl Pts',(-14.049375,-2.48,-0.250370370370403));
#11392=CARTESIAN_POINT('Ctrl Pts',(-14.5079861111111,-2.48,-0.0622222222222124));
#11393=CARTESIAN_POINT('Ctrl Pts',(-14.9665972222222,-2.48,0.12592592592596));
#11394=CARTESIAN_POINT('Ctrl Pts',(-15.4722453703703,-2.48,0.219999999999994));
#11395=CARTESIAN_POINT('Ctrl Pts',(-16.0249305555555,-2.48,0.219999999999994));
#11396=CARTESIAN_POINT('Ctrl Pts',(-16.0602083333333,-2.5,2.74236111111107));
#11397=CARTESIAN_POINT('Ctrl Pts',(-16.0602083333333,-2.48,2.74236111111107));
#11398=CARTESIAN_POINT('Ctrl Pts',(-15.1194675925926,-2.5,2.74236111111109));
#11399=CARTESIAN_POINT('Ctrl Pts',(-15.1194675925926,-2.48,2.74236111111109));
#11400=CARTESIAN_POINT('Ctrl Pts',(-14.2522222222222,-2.5,2.57773148148149));
#11401=CARTESIAN_POINT('Ctrl Pts',(-14.2522222222222,-2.48,2.57773148148149));
#11402=CARTESIAN_POINT('Ctrl Pts',(-13.4584722222222,-2.5,2.24847222222221));
#11403=CARTESIAN_POINT('Ctrl Pts',(-13.4584722222222,-2.48,2.24847222222221));
#11404=CARTESIAN_POINT('Ctrl Pts',(-12.6647222222222,-2.5,1.91921296296292));
#11405=CARTESIAN_POINT('Ctrl Pts',(-12.6647222222222,-2.48,1.91921296296292));
#11406=CARTESIAN_POINT('Ctrl Pts',(-11.9679861111111,-2.5,1.4606018518518));
#11407=CARTESIAN_POINT('Ctrl Pts',(-11.9679861111111,-2.48,1.4606018518518));
#11408=CARTESIAN_POINT('Ctrl Pts',(-11.3682638888889,-2.5,0.872638888888853));
#11409=CARTESIAN_POINT('Ctrl Pts',(-11.3682638888889,-2.48,0.872638888888853));
#11410=CARTESIAN_POINT('Ctrl Pts',(-10.7685416666667,-2.5,0.284675925925901));
#11411=CARTESIAN_POINT('Ctrl Pts',(-10.7685416666667,-2.48,0.284675925925901));
#11412=CARTESIAN_POINT('Ctrl Pts',(-10.3040509259259,-2.5,-0.400300925925938));
#11413=CARTESIAN_POINT('Ctrl Pts',(-10.3040509259259,-2.48,-0.400300925925938));
#11414=CARTESIAN_POINT('Ctrl Pts',(-9.97479166666663,-2.5,-1.1822916666667));
#11415=CARTESIAN_POINT('Ctrl Pts',(-9.97479166666663,-2.48,-1.1822916666667));
#11416=CARTESIAN_POINT('Ctrl Pts',(-9.64553240740741,-2.5,-1.96428240740744));
#11417=CARTESIAN_POINT('Ctrl Pts',(-9.64553240740741,-2.48,-1.96428240740744));
#11418=CARTESIAN_POINT('Ctrl Pts',(-9.48090277777771,-2.5,-2.80800925925927));
#11419=CARTESIAN_POINT('Ctrl Pts',(-9.48090277777771,-2.48,-2.80800925925927));
#11420=CARTESIAN_POINT('Ctrl Pts',(-9.48090277777773,-2.5,-3.71347222222224));
#11421=CARTESIAN_POINT('Ctrl Pts',(-9.48090277777773,-2.48,-3.71347222222224));
#11422=CARTESIAN_POINT('Ctrl Pts',(-9.48090277777775,-2.5,-4.63069444444446));
#11423=CARTESIAN_POINT('Ctrl Pts',(-9.48090277777775,-2.48,-4.63069444444446));
#11424=CARTESIAN_POINT('Ctrl Pts',(-9.64553240740734,-2.5,-5.47736111111113));
#11425=CARTESIAN_POINT('Ctrl Pts',(-9.64553240740734,-2.48,-5.47736111111113));
#11426=CARTESIAN_POINT('Ctrl Pts',(-9.97479166666663,-2.5,-6.25347222222222));
#11427=CARTESIAN_POINT('Ctrl Pts',(-9.97479166666663,-2.48,-6.25347222222222));
#11428=CARTESIAN_POINT('Ctrl Pts',(-10.3040509259259,-2.5,-7.02958333333333));
#11429=CARTESIAN_POINT('Ctrl Pts',(-10.3040509259259,-2.48,-7.02958333333333));
#11430=CARTESIAN_POINT('Ctrl Pts',(-10.762662037037,-2.5,-7.70868055555554));
#11431=CARTESIAN_POINT('Ctrl Pts',(-10.762662037037,-2.48,-7.70868055555554));
#11432=CARTESIAN_POINT('Ctrl Pts',(-11.350625,-2.5,-8.29076388888891));
#11433=CARTESIAN_POINT('Ctrl Pts',(-11.350625,-2.48,-8.29076388888891));
#11434=CARTESIAN_POINT('Ctrl Pts',(-11.938587962963,-2.5,-8.87284722222225));
#11435=CARTESIAN_POINT('Ctrl Pts',(-11.938587962963,-2.48,-8.87284722222225));
#11436=CARTESIAN_POINT('Ctrl Pts',(-12.6294444444444,-2.5,-9.32557870370374));
#11437=CARTESIAN_POINT('Ctrl Pts',(-12.6294444444444,-2.48,-9.32557870370374));
#11438=CARTESIAN_POINT('Ctrl Pts',(-13.4231944444444,-2.5,-9.64895833333336));
#11439=CARTESIAN_POINT('Ctrl Pts',(-13.4231944444444,-2.48,-9.64895833333336));
#11440=CARTESIAN_POINT('Ctrl Pts',(-14.2169444444444,-2.5,-9.97233796296297));
#11441=CARTESIAN_POINT('Ctrl Pts',(-14.2169444444444,-2.48,-9.97233796296297));
#11442=CARTESIAN_POINT('Ctrl Pts',(-15.0841898148148,-2.5,-10.1340277777778));
#11443=CARTESIAN_POINT('Ctrl Pts',(-15.0841898148148,-2.48,-10.1340277777778));
#11444=CARTESIAN_POINT('Ctrl Pts',(-16.0249305555556,-2.5,-10.1340277777778));
#11445=CARTESIAN_POINT('Ctrl Pts',(-16.0249305555556,-2.48,-10.1340277777778));
#11446=CARTESIAN_POINT('Ctrl Pts',(-16.9539120370371,-2.5,-10.1340277777778));
#11447=CARTESIAN_POINT('Ctrl Pts',(-16.9539120370371,-2.48,-10.1340277777778));
#11448=CARTESIAN_POINT('Ctrl Pts',(-17.8152777777777,-2.5,-9.97233796296293));
#11449=CARTESIAN_POINT('Ctrl Pts',(-17.8152777777777,-2.48,-9.97233796296293));
#11450=CARTESIAN_POINT('Ctrl Pts',(-18.6090277777777,-2.5,-9.64895833333336));
#11451=CARTESIAN_POINT('Ctrl Pts',(-18.6090277777777,-2.48,-9.64895833333336));
#11452=CARTESIAN_POINT('Ctrl Pts',(-19.4027777777777,-2.5,-9.32557870370378));
#11453=CARTESIAN_POINT('Ctrl Pts',(-19.4027777777777,-2.48,-9.32557870370378));
#11454=CARTESIAN_POINT('Ctrl Pts',(-20.096574074074,-2.5,-8.87284722222225));
#11455=CARTESIAN_POINT('Ctrl Pts',(-20.096574074074,-2.48,-8.87284722222225));
#11456=CARTESIAN_POINT('Ctrl Pts',(-20.6904166666666,-2.5,-8.29076388888889));
#11457=CARTESIAN_POINT('Ctrl Pts',(-20.6904166666666,-2.48,-8.29076388888889));
#11458=CARTESIAN_POINT('Ctrl Pts',(-21.2842592592592,-2.5,-7.70868055555552));
#11459=CARTESIAN_POINT('Ctrl Pts',(-21.2842592592592,-2.48,-7.70868055555552));
#11460=CARTESIAN_POINT('Ctrl Pts',(-21.7458101851851,-2.5,-7.02664351851856));
#11461=CARTESIAN_POINT('Ctrl Pts',(-21.7458101851851,-2.48,-7.02664351851856));
#11462=CARTESIAN_POINT('Ctrl Pts',(-22.0750694444444,-2.5,-6.24465277777783));
#11463=CARTESIAN_POINT('Ctrl Pts',(-22.0750694444444,-2.48,-6.24465277777783));
#11464=CARTESIAN_POINT('Ctrl Pts',(-22.4043287037037,-2.5,-5.46266203703706));
#11465=CARTESIAN_POINT('Ctrl Pts',(-22.4043287037037,-2.48,-5.46266203703706));
#11466=CARTESIAN_POINT('Ctrl Pts',(-22.5689583333333,-2.5,-4.61305555555559));
#11467=CARTESIAN_POINT('Ctrl Pts',(-22.5689583333333,-2.48,-4.61305555555559));
#11468=CARTESIAN_POINT('Ctrl Pts',(-22.5689583333333,-2.5,-3.69583333333336));
#11469=CARTESIAN_POINT('Ctrl Pts',(-22.5689583333333,-2.48,-3.69583333333336));
#11470=CARTESIAN_POINT('Ctrl Pts',(-22.5689583333333,-2.5,-2.79037037037033));
#11471=CARTESIAN_POINT('Ctrl Pts',(-22.5689583333333,-2.48,-2.79037037037033));
#11472=CARTESIAN_POINT('Ctrl Pts',(-22.4043287037036,-2.5,-1.94664351851853));
#11473=CARTESIAN_POINT('Ctrl Pts',(-22.4043287037036,-2.48,-1.94664351851853));
#11474=CARTESIAN_POINT('Ctrl Pts',(-22.0750694444444,-2.5,-1.16465277777778));
#11475=CARTESIAN_POINT('Ctrl Pts',(-22.0750694444444,-2.48,-1.16465277777778));
#11476=CARTESIAN_POINT('Ctrl Pts',(-21.7458101851852,-2.5,-0.38266203703702));
#11477=CARTESIAN_POINT('Ctrl Pts',(-21.7458101851852,-2.48,-0.38266203703702));
#11478=CARTESIAN_POINT('Ctrl Pts',(-21.287199074074,-2.5,0.299375000000071));
#11479=CARTESIAN_POINT('Ctrl Pts',(-21.287199074074,-2.48,0.299375000000071));
#11480=CARTESIAN_POINT('Ctrl Pts',(-20.699236111111,-2.5,0.881458333333365));
#11481=CARTESIAN_POINT('Ctrl Pts',(-20.699236111111,-2.48,0.881458333333365));
#11482=CARTESIAN_POINT('Ctrl Pts',(-20.1112731481481,-2.5,1.46354166666657));
#11483=CARTESIAN_POINT('Ctrl Pts',(-20.1112731481481,-2.48,1.46354166666657));
#11484=CARTESIAN_POINT('Ctrl Pts',(-19.4204166666666,-2.5,1.91921296296292));
#11485=CARTESIAN_POINT('Ctrl Pts',(-19.4204166666666,-2.48,1.91921296296292));
#11486=CARTESIAN_POINT('Ctrl Pts',(-18.6266666666666,-2.5,2.24847222222219));
#11487=CARTESIAN_POINT('Ctrl Pts',(-18.6266666666666,-2.48,2.24847222222219));
#11488=CARTESIAN_POINT('Ctrl Pts',(-17.8329166666667,-2.5,2.57773148148146));
#11489=CARTESIAN_POINT('Ctrl Pts',(-17.8329166666667,-2.48,2.57773148148146));
#11490=CARTESIAN_POINT('Ctrl Pts',(-16.9774305555555,-2.5,2.74236111111105));
#11491=CARTESIAN_POINT('Ctrl Pts',(-16.9774305555555,-2.48,2.74236111111105));
#11492=CARTESIAN_POINT('Ctrl Pts',(-16.0602083333333,-2.5,2.74236111111107));
#11493=CARTESIAN_POINT('Ctrl Pts',(-16.0602083333333,-2.48,2.74236111111107));
#11494=CARTESIAN_POINT('',(-16.0602083333333,-2.48,2.74236111111107));
#11495=CARTESIAN_POINT('',(-16.0602083333333,-2.5,2.74236111111107));
#11496=CARTESIAN_POINT('Ctrl Pts',(-16.0602083333333,-2.48,2.74236111111107));
#11497=CARTESIAN_POINT('Ctrl Pts',(-15.1194675925926,-2.48,2.74236111111109));
#11498=CARTESIAN_POINT('Ctrl Pts',(-14.2522222222222,-2.48,2.57773148148149));
#11499=CARTESIAN_POINT('Ctrl Pts',(-13.4584722222222,-2.48,2.24847222222221));
#11500=CARTESIAN_POINT('Ctrl Pts',(-12.6647222222222,-2.48,1.91921296296292));
#11501=CARTESIAN_POINT('Ctrl Pts',(-11.9679861111111,-2.48,1.4606018518518));
#11502=CARTESIAN_POINT('Ctrl Pts',(-11.3682638888889,-2.48,0.872638888888853));
#11503=CARTESIAN_POINT('Ctrl Pts',(-10.7685416666667,-2.48,0.284675925925901));
#11504=CARTESIAN_POINT('Ctrl Pts',(-10.3040509259259,-2.48,-0.400300925925938));
#11505=CARTESIAN_POINT('Ctrl Pts',(-9.97479166666663,-2.48,-1.1822916666667));
#11506=CARTESIAN_POINT('Ctrl Pts',(-9.64553240740741,-2.48,-1.96428240740744));
#11507=CARTESIAN_POINT('Ctrl Pts',(-9.48090277777771,-2.48,-2.80800925925927));
#11508=CARTESIAN_POINT('Ctrl Pts',(-9.48090277777773,-2.48,-3.71347222222224));
#11509=CARTESIAN_POINT('Ctrl Pts',(-9.48090277777775,-2.48,-4.63069444444446));
#11510=CARTESIAN_POINT('Ctrl Pts',(-9.64553240740734,-2.48,-5.47736111111113));
#11511=CARTESIAN_POINT('Ctrl Pts',(-9.97479166666663,-2.48,-6.25347222222222));
#11512=CARTESIAN_POINT('Ctrl Pts',(-10.3040509259259,-2.48,-7.02958333333333));
#11513=CARTESIAN_POINT('Ctrl Pts',(-10.762662037037,-2.48,-7.70868055555554));
#11514=CARTESIAN_POINT('Ctrl Pts',(-11.350625,-2.48,-8.29076388888891));
#11515=CARTESIAN_POINT('Ctrl Pts',(-11.938587962963,-2.48,-8.87284722222225));
#11516=CARTESIAN_POINT('Ctrl Pts',(-12.6294444444444,-2.48,-9.32557870370374));
#11517=CARTESIAN_POINT('Ctrl Pts',(-13.4231944444444,-2.48,-9.64895833333336));
#11518=CARTESIAN_POINT('Ctrl Pts',(-14.2169444444444,-2.48,-9.97233796296297));
#11519=CARTESIAN_POINT('Ctrl Pts',(-15.0841898148148,-2.48,-10.1340277777778));
#11520=CARTESIAN_POINT('Ctrl Pts',(-16.0249305555556,-2.48,-10.1340277777778));
#11521=CARTESIAN_POINT('Ctrl Pts',(-16.9539120370371,-2.48,-10.1340277777778));
#11522=CARTESIAN_POINT('Ctrl Pts',(-17.8152777777777,-2.48,-9.97233796296293));
#11523=CARTESIAN_POINT('Ctrl Pts',(-18.6090277777777,-2.48,-9.64895833333336));
#11524=CARTESIAN_POINT('Ctrl Pts',(-19.4027777777777,-2.48,-9.32557870370378));
#11525=CARTESIAN_POINT('Ctrl Pts',(-20.096574074074,-2.48,-8.87284722222225));
#11526=CARTESIAN_POINT('Ctrl Pts',(-20.6904166666666,-2.48,-8.29076388888889));
#11527=CARTESIAN_POINT('Ctrl Pts',(-21.2842592592592,-2.48,-7.70868055555552));
#11528=CARTESIAN_POINT('Ctrl Pts',(-21.7458101851851,-2.48,-7.02664351851856));
#11529=CARTESIAN_POINT('Ctrl Pts',(-22.0750694444444,-2.48,-6.24465277777783));
#11530=CARTESIAN_POINT('Ctrl Pts',(-22.4043287037037,-2.48,-5.46266203703706));
#11531=CARTESIAN_POINT('Ctrl Pts',(-22.5689583333333,-2.48,-4.61305555555559));
#11532=CARTESIAN_POINT('Ctrl Pts',(-22.5689583333333,-2.48,-3.69583333333336));
#11533=CARTESIAN_POINT('Ctrl Pts',(-22.5689583333333,-2.48,-2.79037037037033));
#11534=CARTESIAN_POINT('Ctrl Pts',(-22.4043287037036,-2.48,-1.94664351851853));
#11535=CARTESIAN_POINT('Ctrl Pts',(-22.0750694444444,-2.48,-1.16465277777778));
#11536=CARTESIAN_POINT('Ctrl Pts',(-21.7458101851852,-2.48,-0.38266203703702));
#11537=CARTESIAN_POINT('Ctrl Pts',(-21.287199074074,-2.48,0.299375000000071));
#11538=CARTESIAN_POINT('Ctrl Pts',(-20.699236111111,-2.48,0.881458333333365));
#11539=CARTESIAN_POINT('Ctrl Pts',(-20.1112731481481,-2.48,1.46354166666657));
#11540=CARTESIAN_POINT('Ctrl Pts',(-19.4204166666666,-2.48,1.91921296296292));
#11541=CARTESIAN_POINT('Ctrl Pts',(-18.6266666666666,-2.48,2.24847222222219));
#11542=CARTESIAN_POINT('Ctrl Pts',(-17.8329166666667,-2.48,2.57773148148146));
#11543=CARTESIAN_POINT('Ctrl Pts',(-16.9774305555555,-2.48,2.74236111111105));
#11544=CARTESIAN_POINT('Ctrl Pts',(-16.0602083333333,-2.48,2.74236111111107));
#11545=CARTESIAN_POINT('Origin',(-16.0249305555555,-2.48,-3.69583333333336));
#11546=CARTESIAN_POINT('Ctrl Pts',(29.9067361111111,-2.5,0.37874999999997));
#11547=CARTESIAN_POINT('Ctrl Pts',(29.9067361111111,-2.48,0.37874999999997));
#11548=CARTESIAN_POINT('Ctrl Pts',(29.3658101851852,-2.5,0.37874999999997));
#11549=CARTESIAN_POINT('Ctrl Pts',(29.3658101851852,-2.48,0.37874999999997));
#11550=CARTESIAN_POINT('Ctrl Pts',(28.9424768518519,-2.5,0.219999999999976));
#11551=CARTESIAN_POINT('Ctrl Pts',(28.9424768518519,-2.48,0.219999999999976));
#11552=CARTESIAN_POINT('Ctrl Pts',(28.6367361111111,-2.5,-0.0974999999999948));
#11553=CARTESIAN_POINT('Ctrl Pts',(28.6367361111111,-2.48,-0.0974999999999948));
#11554=CARTESIAN_POINT('Ctrl Pts',(28.3309953703704,-2.5,-0.414999999999974));
#11555=CARTESIAN_POINT('Ctrl Pts',(28.3309953703704,-2.48,-0.414999999999974));
#11556=CARTESIAN_POINT('Ctrl Pts',(28.178125,-2.5,-0.803055555555572));
#11557=CARTESIAN_POINT('Ctrl Pts',(28.178125,-2.48,-0.803055555555572));
#11558=CARTESIAN_POINT('Ctrl Pts',(28.178125,-2.5,-1.26166666666667));
#11559=CARTESIAN_POINT('Ctrl Pts',(28.178125,-2.48,-1.26166666666667));
#11560=CARTESIAN_POINT('Ctrl Pts',(28.178125,-2.5,-1.57916666666666));
#11561=CARTESIAN_POINT('Ctrl Pts',(28.178125,-2.48,-1.57916666666666));
#11562=CARTESIAN_POINT('Ctrl Pts',(28.2486805555556,-2.5,-1.8613888888889));
#11563=CARTESIAN_POINT('Ctrl Pts',(28.2486805555556,-2.48,-1.8613888888889));
#11564=CARTESIAN_POINT('Ctrl Pts',(28.3897916666667,-2.5,-2.10833333333336));
#11565=CARTESIAN_POINT('Ctrl Pts',(28.3897916666667,-2.48,-2.10833333333336));
#11566=CARTESIAN_POINT('Ctrl Pts',(28.5309027777778,-2.5,-2.35527777777782));
#11567=CARTESIAN_POINT('Ctrl Pts',(28.5309027777778,-2.48,-2.35527777777782));
#11568=CARTESIAN_POINT('Ctrl Pts',(28.7278703703704,-2.5,-2.54930555555556));
#11569=CARTESIAN_POINT('Ctrl Pts',(28.7278703703704,-2.48,-2.54930555555556));
#11570=CARTESIAN_POINT('Ctrl Pts',(28.9806944444444,-2.5,-2.69041666666669));
#11571=CARTESIAN_POINT('Ctrl Pts',(28.9806944444444,-2.48,-2.69041666666669));
#11572=CARTESIAN_POINT('Ctrl Pts',(29.2335185185185,-2.5,-2.83152777777781));
#11573=CARTESIAN_POINT('Ctrl Pts',(29.2335185185185,-2.48,-2.83152777777781));
#11574=CARTESIAN_POINT('Ctrl Pts',(29.5421990740741,-2.5,-2.90208333333337));
#11575=CARTESIAN_POINT('Ctrl Pts',(29.5421990740741,-2.48,-2.90208333333337));
#11576=CARTESIAN_POINT('Ctrl Pts',(29.9067361111111,-2.5,-2.90208333333335));
#11577=CARTESIAN_POINT('Ctrl Pts',(29.9067361111111,-2.48,-2.90208333333335));
#11578=CARTESIAN_POINT('',(29.9067361111111,-2.5,0.37874999999997));
#11579=CARTESIAN_POINT('',(29.9067361111111,-2.5,-2.90208333333335));
#11580=CARTESIAN_POINT('Ctrl Pts',(29.9067361111111,-2.5,0.37874999999997));
#11581=CARTESIAN_POINT('Ctrl Pts',(29.3658101851852,-2.5,0.37874999999997));
#11582=CARTESIAN_POINT('Ctrl Pts',(28.9424768518519,-2.5,0.219999999999976));
#11583=CARTESIAN_POINT('Ctrl Pts',(28.6367361111111,-2.5,-0.0974999999999948));
#11584=CARTESIAN_POINT('Ctrl Pts',(28.3309953703704,-2.5,-0.414999999999974));
#11585=CARTESIAN_POINT('Ctrl Pts',(28.178125,-2.5,-0.803055555555572));
#11586=CARTESIAN_POINT('Ctrl Pts',(28.178125,-2.5,-1.26166666666667));
#11587=CARTESIAN_POINT('Ctrl Pts',(28.178125,-2.5,-1.57916666666666));
#11588=CARTESIAN_POINT('Ctrl Pts',(28.2486805555556,-2.5,-1.8613888888889));
#11589=CARTESIAN_POINT('Ctrl Pts',(28.3897916666667,-2.5,-2.10833333333336));
#11590=CARTESIAN_POINT('Ctrl Pts',(28.5309027777778,-2.5,-2.35527777777782));
#11591=CARTESIAN_POINT('Ctrl Pts',(28.7278703703704,-2.5,-2.54930555555556));
#11592=CARTESIAN_POINT('Ctrl Pts',(28.9806944444444,-2.5,-2.69041666666669));
#11593=CARTESIAN_POINT('Ctrl Pts',(29.2335185185185,-2.5,-2.83152777777781));
#11594=CARTESIAN_POINT('Ctrl Pts',(29.5421990740741,-2.5,-2.90208333333337));
#11595=CARTESIAN_POINT('Ctrl Pts',(29.9067361111111,-2.5,-2.90208333333335));
#11596=CARTESIAN_POINT('',(29.9067361111111,-2.48,0.37874999999997));
#11597=CARTESIAN_POINT('',(29.9067361111111,-2.5,0.37874999999997));
#11598=CARTESIAN_POINT('',(29.9067361111111,-2.48,-2.90208333333335));
#11599=CARTESIAN_POINT('Ctrl Pts',(29.9067361111111,-2.48,0.37874999999997));
#11600=CARTESIAN_POINT('Ctrl Pts',(29.3658101851852,-2.48,0.37874999999997));
#11601=CARTESIAN_POINT('Ctrl Pts',(28.9424768518519,-2.48,0.219999999999976));
#11602=CARTESIAN_POINT('Ctrl Pts',(28.6367361111111,-2.48,-0.0974999999999948));
#11603=CARTESIAN_POINT('Ctrl Pts',(28.3309953703704,-2.48,-0.414999999999974));
#11604=CARTESIAN_POINT('Ctrl Pts',(28.178125,-2.48,-0.803055555555572));
#11605=CARTESIAN_POINT('Ctrl Pts',(28.178125,-2.48,-1.26166666666667));
#11606=CARTESIAN_POINT('Ctrl Pts',(28.178125,-2.48,-1.57916666666666));
#11607=CARTESIAN_POINT('Ctrl Pts',(28.2486805555556,-2.48,-1.8613888888889));
#11608=CARTESIAN_POINT('Ctrl Pts',(28.3897916666667,-2.48,-2.10833333333336));
#11609=CARTESIAN_POINT('Ctrl Pts',(28.5309027777778,-2.48,-2.35527777777782));
#11610=CARTESIAN_POINT('Ctrl Pts',(28.7278703703704,-2.48,-2.54930555555556));
#11611=CARTESIAN_POINT('Ctrl Pts',(28.9806944444444,-2.48,-2.69041666666669));
#11612=CARTESIAN_POINT('Ctrl Pts',(29.2335185185185,-2.48,-2.83152777777781));
#11613=CARTESIAN_POINT('Ctrl Pts',(29.5421990740741,-2.48,-2.90208333333337));
#11614=CARTESIAN_POINT('Ctrl Pts',(29.9067361111111,-2.48,-2.90208333333335));
#11615=CARTESIAN_POINT('',(29.9067361111111,-2.5,-2.90208333333335));
#11616=CARTESIAN_POINT('Origin',(32.2174305555556,-2.5,0.378750000000005));
#11617=CARTESIAN_POINT('',(32.2174305555556,-2.5,0.378750000000005));
#11618=CARTESIAN_POINT('',(16.1087152777778,-2.5,0.378749999999758));
#11619=CARTESIAN_POINT('',(32.2174305555556,-2.48,0.378750000000005));
#11620=CARTESIAN_POINT('',(32.2174305555556,-2.5,0.378750000000005));
#11621=CARTESIAN_POINT('',(29.9067361111111,-2.48,0.37874999999997));
#11622=CARTESIAN_POINT('Origin',(32.2174305555556,-2.5,-2.9020833333334));
#11623=CARTESIAN_POINT('',(32.2174305555556,-2.5,-2.9020833333334));
#11624=CARTESIAN_POINT('',(32.2174305555556,-2.5,-1.4510416666667));
#11625=CARTESIAN_POINT('',(32.2174305555556,-2.48,-2.9020833333334));
#11626=CARTESIAN_POINT('',(32.2174305555556,-2.5,-2.9020833333334));
#11627=CARTESIAN_POINT('',(32.2174305555556,-2.48,0.378750000000005));
#11628=CARTESIAN_POINT('Origin',(29.9067361111111,-2.5,-2.90208333333335));
#11629=CARTESIAN_POINT('',(14.9533680555555,-2.5,-2.902083333333));
#11630=CARTESIAN_POINT('',(32.2174305555556,-2.48,-2.9020833333334));
#11631=CARTESIAN_POINT('Ctrl Pts',(30.1360416666667,-2.5,-5.00111111111115));
#11632=CARTESIAN_POINT('Ctrl Pts',(30.1360416666667,-2.48,-5.00111111111115));
#11633=CARTESIAN_POINT('Ctrl Pts',(29.6774305555556,-2.5,-5.00111111111115));
#11634=CARTESIAN_POINT('Ctrl Pts',(29.6774305555556,-2.48,-5.00111111111115));
#11635=CARTESIAN_POINT('Ctrl Pts',(29.3070138888889,-2.5,-5.11576388888892));
#11636=CARTESIAN_POINT('Ctrl Pts',(29.3070138888889,-2.48,-5.11576388888892));
#11637=CARTESIAN_POINT('Ctrl Pts',(29.0247916666667,-2.5,-5.34506944444449));
#11638=CARTESIAN_POINT('Ctrl Pts',(29.0247916666667,-2.48,-5.34506944444449));
#11639=CARTESIAN_POINT('Ctrl Pts',(28.7425694444445,-2.5,-5.57437500000006));
#11640=CARTESIAN_POINT('Ctrl Pts',(28.7425694444445,-2.48,-5.57437500000006));
#11641=CARTESIAN_POINT('Ctrl Pts',(28.6014583333333,-2.5,-5.92421296296302));
#11642=CARTESIAN_POINT('Ctrl Pts',(28.6014583333333,-2.48,-5.92421296296302));
#11643=CARTESIAN_POINT('Ctrl Pts',(28.6014583333333,-2.5,-6.39458333333333));
#11644=CARTESIAN_POINT('Ctrl Pts',(28.6014583333333,-2.48,-6.39458333333333));
#11645=CARTESIAN_POINT('Ctrl Pts',(28.6014583333333,-2.5,-6.85319444444445));
#11646=CARTESIAN_POINT('Ctrl Pts',(28.6014583333333,-2.48,-6.85319444444445));
#11647=CARTESIAN_POINT('Ctrl Pts',(28.7425694444444,-2.5,-7.19715277777779));
#11648=CARTESIAN_POINT('Ctrl Pts',(28.7425694444444,-2.48,-7.19715277777779));
#11649=CARTESIAN_POINT('Ctrl Pts',(29.0247916666667,-2.5,-7.42645833333335));
#11650=CARTESIAN_POINT('Ctrl Pts',(29.0247916666667,-2.48,-7.42645833333335));
#11651=CARTESIAN_POINT('Ctrl Pts',(29.3070138888889,-2.5,-7.65576388888888));
#11652=CARTESIAN_POINT('Ctrl Pts',(29.3070138888889,-2.48,-7.65576388888888));
#11653=CARTESIAN_POINT('Ctrl Pts',(29.6774305555556,-2.5,-7.77041666666666));
#11654=CARTESIAN_POINT('Ctrl Pts',(29.6774305555556,-2.48,-7.77041666666666));
#11655=CARTESIAN_POINT('Ctrl Pts',(30.1360416666667,-2.5,-7.7704166666667));
#11656=CARTESIAN_POINT('Ctrl Pts',(30.1360416666667,-2.48,-7.7704166666667));
#11657=CARTESIAN_POINT('',(30.1360416666667,-2.5,-5.00111111111115));
#11658=CARTESIAN_POINT('',(30.1360416666667,-2.5,-7.7704166666667));
#11659=CARTESIAN_POINT('Ctrl Pts',(30.1360416666667,-2.5,-5.00111111111115));
#11660=CARTESIAN_POINT('Ctrl Pts',(29.6774305555556,-2.5,-5.00111111111115));
#11661=CARTESIAN_POINT('Ctrl Pts',(29.3070138888889,-2.5,-5.11576388888892));
#11662=CARTESIAN_POINT('Ctrl Pts',(29.0247916666667,-2.5,-5.34506944444449));
#11663=CARTESIAN_POINT('Ctrl Pts',(28.7425694444445,-2.5,-5.57437500000006));
#11664=CARTESIAN_POINT('Ctrl Pts',(28.6014583333333,-2.5,-5.92421296296302));
#11665=CARTESIAN_POINT('Ctrl Pts',(28.6014583333333,-2.5,-6.39458333333333));
#11666=CARTESIAN_POINT('Ctrl Pts',(28.6014583333333,-2.5,-6.85319444444445));
#11667=CARTESIAN_POINT('Ctrl Pts',(28.7425694444444,-2.5,-7.19715277777779));
#11668=CARTESIAN_POINT('Ctrl Pts',(29.0247916666667,-2.5,-7.42645833333335));
#11669=CARTESIAN_POINT('Ctrl Pts',(29.3070138888889,-2.5,-7.65576388888888));
#11670=CARTESIAN_POINT('Ctrl Pts',(29.6774305555556,-2.5,-7.77041666666666));
#11671=CARTESIAN_POINT('Ctrl Pts',(30.1360416666667,-2.5,-7.7704166666667));
#11672=CARTESIAN_POINT('',(30.1360416666667,-2.48,-5.00111111111115));
#11673=CARTESIAN_POINT('',(30.1360416666667,-2.5,-5.00111111111115));
#11674=CARTESIAN_POINT('',(30.1360416666667,-2.48,-7.7704166666667));
#11675=CARTESIAN_POINT('Ctrl Pts',(30.1360416666667,-2.48,-5.00111111111115));
#11676=CARTESIAN_POINT('Ctrl Pts',(29.6774305555556,-2.48,-5.00111111111115));
#11677=CARTESIAN_POINT('Ctrl Pts',(29.3070138888889,-2.48,-5.11576388888892));
#11678=CARTESIAN_POINT('Ctrl Pts',(29.0247916666667,-2.48,-5.34506944444449));
#11679=CARTESIAN_POINT('Ctrl Pts',(28.7425694444445,-2.48,-5.57437500000006));
#11680=CARTESIAN_POINT('Ctrl Pts',(28.6014583333333,-2.48,-5.92421296296302));
#11681=CARTESIAN_POINT('Ctrl Pts',(28.6014583333333,-2.48,-6.39458333333333));
#11682=CARTESIAN_POINT('Ctrl Pts',(28.6014583333333,-2.48,-6.85319444444445));
#11683=CARTESIAN_POINT('Ctrl Pts',(28.7425694444444,-2.48,-7.19715277777779));
#11684=CARTESIAN_POINT('Ctrl Pts',(29.0247916666667,-2.48,-7.42645833333335));
#11685=CARTESIAN_POINT('Ctrl Pts',(29.3070138888889,-2.48,-7.65576388888888));
#11686=CARTESIAN_POINT('Ctrl Pts',(29.6774305555556,-2.48,-7.77041666666666));
#11687=CARTESIAN_POINT('Ctrl Pts',(30.1360416666667,-2.48,-7.7704166666667));
#11688=CARTESIAN_POINT('',(30.1360416666667,-2.5,-7.7704166666667));
#11689=CARTESIAN_POINT('Origin',(32.2174305555556,-2.5,-5.00111111111111));
#11690=CARTESIAN_POINT('',(32.2174305555556,-2.5,-5.00111111111111));
#11691=CARTESIAN_POINT('',(16.1087152777778,-2.5,-5.00111111111138));
#11692=CARTESIAN_POINT('',(32.2174305555556,-2.48,-5.00111111111111));
#11693=CARTESIAN_POINT('',(32.2174305555556,-2.5,-5.00111111111111));
#11694=CARTESIAN_POINT('',(30.1360416666667,-2.48,-5.00111111111115));
#11695=CARTESIAN_POINT('Origin',(32.2174305555556,-2.5,-7.77041666666668));
#11696=CARTESIAN_POINT('',(32.2174305555556,-2.5,-7.77041666666668));
#11697=CARTESIAN_POINT('',(32.2174305555556,-2.5,-3.88520833333344));
#11698=CARTESIAN_POINT('',(32.2174305555556,-2.48,-7.77041666666668));
#11699=CARTESIAN_POINT('',(32.2174305555556,-2.5,-7.77041666666668));
#11700=CARTESIAN_POINT('',(32.2174305555556,-2.48,-5.00111111111111));
#11701=CARTESIAN_POINT('Origin',(30.1360416666667,-2.5,-7.7704166666667));
#11702=CARTESIAN_POINT('',(15.0680208333334,-2.5,-7.77041666666683));
#11703=CARTESIAN_POINT('',(32.2174305555556,-2.48,-7.77041666666668));
#11704=CARTESIAN_POINT('Origin',(34.9514583333333,-2.5,2.53069444444445));
#11705=CARTESIAN_POINT('',(34.9514583333333,-2.48,2.53069444444445));
#11706=CARTESIAN_POINT('',(34.9514583333333,-2.5,2.53069444444445));
#11707=CARTESIAN_POINT('',(34.9514583333333,-2.48,-9.92236111111111));
#11708=CARTESIAN_POINT('',(34.9514583333333,-2.48,-9.92236111111111));
#11709=CARTESIAN_POINT('',(34.9514583333333,-2.5,-9.92236111111111));
#11710=CARTESIAN_POINT('Origin',(29.6421527777778,-2.5,2.53069444444436));
#11711=CARTESIAN_POINT('',(29.6421527777778,-2.48,2.53069444444443));
#11712=CARTESIAN_POINT('',(29.6421527777778,-2.5,2.53069444444443));
#11713=CARTESIAN_POINT('',(34.9514583333333,-2.48,2.53069444444445));
#11714=CARTESIAN_POINT('Ctrl Pts',(27.3589404375864,-2.5,-4.12717119396322));
#11715=CARTESIAN_POINT('Ctrl Pts',(27.3589404375864,-2.48,-4.12717119396322));
#11716=CARTESIAN_POINT('Ctrl Pts',(26.9361448825862,-2.5,-3.92093242977741));
#11717=CARTESIAN_POINT('Ctrl Pts',(26.9361448825862,-2.48,-3.92093242977741));
#11718=CARTESIAN_POINT('Ctrl Pts',(26.5771462183285,-2.5,-3.65956055023536));
#11719=CARTESIAN_POINT('Ctrl Pts',(26.5771462183285,-2.48,-3.65956055023536));
#11720=CARTESIAN_POINT('Ctrl Pts',(26.2819444444445,-2.5,-3.34305555555555));
#11721=CARTESIAN_POINT('Ctrl Pts',(26.2819444444445,-2.48,-3.34305555555555));
#11722=CARTESIAN_POINT('Ctrl Pts',(25.7116203703705,-2.5,-2.73157407407401));
#11723=CARTESIAN_POINT('Ctrl Pts',(25.7116203703705,-2.48,-2.73157407407401));
#11724=CARTESIAN_POINT('Ctrl Pts',(25.4264583333334,-2.5,-1.97898148148155));
#11725=CARTESIAN_POINT('Ctrl Pts',(25.4264583333334,-2.48,-1.97898148148155));
#11726=CARTESIAN_POINT('Ctrl Pts',(25.4264583333333,-2.5,-1.08527777777778));
#11727=CARTESIAN_POINT('Ctrl Pts',(25.4264583333333,-2.48,-1.08527777777778));
#11728=CARTESIAN_POINT('Ctrl Pts',(25.4264583333332,-2.5,-0.40324074074074));
#11729=CARTESIAN_POINT('Ctrl Pts',(25.4264583333332,-2.48,-0.40324074074074));
#11730=CARTESIAN_POINT('Ctrl Pts',(25.5940277777778,-2.5,0.211180555555552));
#11731=CARTESIAN_POINT('Ctrl Pts',(25.5940277777778,-2.48,0.211180555555552));
#11732=CARTESIAN_POINT('Ctrl Pts',(25.9291666666667,-2.5,0.757986111111064));
#11733=CARTESIAN_POINT('Ctrl Pts',(25.9291666666667,-2.48,0.757986111111064));
#11734=CARTESIAN_POINT('Ctrl Pts',(26.2643055555556,-2.5,1.30479166666661));
#11735=CARTESIAN_POINT('Ctrl Pts',(26.2643055555556,-2.48,1.30479166666661));
#11736=CARTESIAN_POINT('Ctrl Pts',(26.7464351851852,-2.5,1.73694444444439));
#11737=CARTESIAN_POINT('Ctrl Pts',(26.7464351851852,-2.48,1.73694444444439));
#11738=CARTESIAN_POINT('Ctrl Pts',(27.3755555555556,-2.5,2.05444444444438));
#11739=CARTESIAN_POINT('Ctrl Pts',(27.3755555555556,-2.48,2.05444444444438));
#11740=CARTESIAN_POINT('Ctrl Pts',(28.0046759259259,-2.5,2.37194444444438));
#11741=CARTESIAN_POINT('Ctrl Pts',(28.0046759259259,-2.48,2.37194444444438));
#11742=CARTESIAN_POINT('Ctrl Pts',(28.7602083333333,-2.5,2.53069444444441));
#11743=CARTESIAN_POINT('Ctrl Pts',(28.7602083333333,-2.48,2.53069444444441));
#11744=CARTESIAN_POINT('Ctrl Pts',(29.6421527777778,-2.5,2.53069444444443));
#11745=CARTESIAN_POINT('Ctrl Pts',(29.6421527777778,-2.48,2.53069444444443));
#11746=CARTESIAN_POINT('',(27.3589404375864,-2.48,-4.12717119396322));
#11747=CARTESIAN_POINT('',(27.3589404375864,-2.5,-4.12717119396322));
#11748=CARTESIAN_POINT('Ctrl Pts',(27.3589404375864,-2.48,-4.12717119396322));
#11749=CARTESIAN_POINT('Ctrl Pts',(26.9361448825862,-2.48,-3.92093242977741));
#11750=CARTESIAN_POINT('Ctrl Pts',(26.5771462183285,-2.48,-3.65956055023536));
#11751=CARTESIAN_POINT('Ctrl Pts',(26.2819444444445,-2.48,-3.34305555555555));
#11752=CARTESIAN_POINT('Ctrl Pts',(25.7116203703705,-2.48,-2.73157407407401));
#11753=CARTESIAN_POINT('Ctrl Pts',(25.4264583333334,-2.48,-1.97898148148155));
#11754=CARTESIAN_POINT('Ctrl Pts',(25.4264583333333,-2.48,-1.08527777777778));
#11755=CARTESIAN_POINT('Ctrl Pts',(25.4264583333332,-2.48,-0.40324074074074));
#11756=CARTESIAN_POINT('Ctrl Pts',(25.5940277777778,-2.48,0.211180555555552));
#11757=CARTESIAN_POINT('Ctrl Pts',(25.9291666666667,-2.48,0.757986111111064));
#11758=CARTESIAN_POINT('Ctrl Pts',(26.2643055555556,-2.48,1.30479166666661));
#11759=CARTESIAN_POINT('Ctrl Pts',(26.7464351851852,-2.48,1.73694444444439));
#11760=CARTESIAN_POINT('Ctrl Pts',(27.3755555555556,-2.48,2.05444444444438));
#11761=CARTESIAN_POINT('Ctrl Pts',(28.0046759259259,-2.48,2.37194444444438));
#11762=CARTESIAN_POINT('Ctrl Pts',(28.7602083333333,-2.48,2.53069444444441));
#11763=CARTESIAN_POINT('Ctrl Pts',(29.6421527777778,-2.48,2.53069444444443));
#11764=CARTESIAN_POINT('Ctrl Pts',(29.606875,-2.5,-9.92236111111114));
#11765=CARTESIAN_POINT('Ctrl Pts',(29.606875,-2.48,-9.92236111111114));
#11766=CARTESIAN_POINT('Ctrl Pts',(28.8072453703704,-2.5,-9.92236111111109));
#11767=CARTESIAN_POINT('Ctrl Pts',(28.8072453703704,-2.48,-9.92236111111109));
#11768=CARTESIAN_POINT('Ctrl Pts',(28.1281481481482,-2.5,-9.77537037037041));
#11769=CARTESIAN_POINT('Ctrl Pts',(28.1281481481482,-2.48,-9.77537037037041));
#11770=CARTESIAN_POINT('Ctrl Pts',(27.5695833333334,-2.5,-9.48138888888891));
#11771=CARTESIAN_POINT('Ctrl Pts',(27.5695833333334,-2.48,-9.48138888888891));
#11772=CARTESIAN_POINT('Ctrl Pts',(27.0110185185185,-2.5,-9.1874074074074));
#11773=CARTESIAN_POINT('Ctrl Pts',(27.0110185185185,-2.48,-9.1874074074074));
#11774=CARTESIAN_POINT('Ctrl Pts',(26.5847453703704,-2.5,-8.7934722222222));
#11775=CARTESIAN_POINT('Ctrl Pts',(26.5847453703704,-2.48,-8.7934722222222));
#11776=CARTESIAN_POINT('Ctrl Pts',(26.2907638888889,-2.5,-8.29958333333329));
#11777=CARTESIAN_POINT('Ctrl Pts',(26.2907638888889,-2.48,-8.29958333333329));
#11778=CARTESIAN_POINT('Ctrl Pts',(25.9967824074075,-2.5,-7.80569444444439));
#11779=CARTESIAN_POINT('Ctrl Pts',(25.9967824074075,-2.48,-7.80569444444439));
#11780=CARTESIAN_POINT('Ctrl Pts',(25.8497916666667,-2.5,-7.25888888888894));
#11781=CARTESIAN_POINT('Ctrl Pts',(25.8497916666667,-2.48,-7.25888888888894));
#11782=CARTESIAN_POINT('Ctrl Pts',(25.8497916666667,-2.5,-6.65916666666672));
#11783=CARTESIAN_POINT('Ctrl Pts',(25.8497916666667,-2.48,-6.65916666666672));
#11784=CARTESIAN_POINT('Ctrl Pts',(25.8497916666667,-2.5,-5.89481481481488));
#11785=CARTESIAN_POINT('Ctrl Pts',(25.8497916666667,-2.48,-5.89481481481488));
#11786=CARTESIAN_POINT('Ctrl Pts',(26.0967361111111,-2.5,-5.24805555555559));
#11787=CARTESIAN_POINT('Ctrl Pts',(26.0967361111111,-2.48,-5.24805555555559));
#11788=CARTESIAN_POINT('Ctrl Pts',(26.590625,-2.5,-4.71888888888892));
#11789=CARTESIAN_POINT('Ctrl Pts',(26.590625,-2.48,-4.71888888888892));
#11790=CARTESIAN_POINT('Ctrl Pts',(26.8031725673474,-2.5,-4.49115935244531));
#11791=CARTESIAN_POINT('Ctrl Pts',(26.8031725673474,-2.48,-4.49115935244531));
#11792=CARTESIAN_POINT('Ctrl Pts',(27.0592777130833,-2.5,-4.29392012087365));
#11793=CARTESIAN_POINT('Ctrl Pts',(27.0592777130833,-2.48,-4.29392012087365));
#11794=CARTESIAN_POINT('Ctrl Pts',(27.3589404375864,-2.5,-4.12717119396322));
#11795=CARTESIAN_POINT('Ctrl Pts',(27.3589404375864,-2.48,-4.12717119396322));
#11796=CARTESIAN_POINT('',(29.606875,-2.48,-9.92236111111114));
#11797=CARTESIAN_POINT('',(29.606875,-2.5,-9.92236111111114));
#11798=CARTESIAN_POINT('Ctrl Pts',(29.606875,-2.48,-9.92236111111114));
#11799=CARTESIAN_POINT('Ctrl Pts',(28.8072453703704,-2.48,-9.92236111111109));
#11800=CARTESIAN_POINT('Ctrl Pts',(28.1281481481482,-2.48,-9.77537037037041));
#11801=CARTESIAN_POINT('Ctrl Pts',(27.5695833333334,-2.48,-9.48138888888891));
#11802=CARTESIAN_POINT('Ctrl Pts',(27.0110185185185,-2.48,-9.1874074074074));
#11803=CARTESIAN_POINT('Ctrl Pts',(26.5847453703704,-2.48,-8.7934722222222));
#11804=CARTESIAN_POINT('Ctrl Pts',(26.2907638888889,-2.48,-8.29958333333329));
#11805=CARTESIAN_POINT('Ctrl Pts',(25.9967824074075,-2.48,-7.80569444444439));
#11806=CARTESIAN_POINT('Ctrl Pts',(25.8497916666667,-2.48,-7.25888888888894));
#11807=CARTESIAN_POINT('Ctrl Pts',(25.8497916666667,-2.48,-6.65916666666672));
#11808=CARTESIAN_POINT('Ctrl Pts',(25.8497916666667,-2.48,-5.89481481481488));
#11809=CARTESIAN_POINT('Ctrl Pts',(26.0967361111111,-2.48,-5.24805555555559));
#11810=CARTESIAN_POINT('Ctrl Pts',(26.590625,-2.48,-4.71888888888892));
#11811=CARTESIAN_POINT('Ctrl Pts',(26.8031725673474,-2.48,-4.49115935244531));
#11812=CARTESIAN_POINT('Ctrl Pts',(27.0592777130833,-2.48,-4.29392012087365));
#11813=CARTESIAN_POINT('Ctrl Pts',(27.3589404375864,-2.48,-4.12717119396322));
#11814=CARTESIAN_POINT('Origin',(34.9514583333333,-2.5,-9.92236111111114));
#11815=CARTESIAN_POINT('',(29.606875,-2.48,-9.92236111111114));
#11816=CARTESIAN_POINT('Origin',(30.1889583333333,-2.48,-3.69583333333335));
#11817=CARTESIAN_POINT('Ctrl Pts',(-4.26211971423638,-2.5,-43.7885333257319));
#11818=CARTESIAN_POINT('Ctrl Pts',(-4.84320885373478,-2.5,-43.4416085420455));
#11819=CARTESIAN_POINT('Ctrl Pts',(-5.1603009781117,-2.5,-42.8159803648477));
#11820=CARTESIAN_POINT('Ctrl Pts',(-4.26211971423638,-2.48,-43.7885333257319));
#11821=CARTESIAN_POINT('Ctrl Pts',(-4.84320885373478,-2.48,-43.4416085420455));
#11822=CARTESIAN_POINT('Ctrl Pts',(-5.1603009781117,-2.48,-42.8159803648477));
#11823=CARTESIAN_POINT('',(-5.1603009781117,-2.5,-42.8159803648477));
#11824=CARTESIAN_POINT('',(-4.26211971423637,-2.5,-43.7885333257319));
#11825=CARTESIAN_POINT('Origin',(2.35183062521528,-2.5,-35.8457578150614));
#11826=CARTESIAN_POINT('',(-5.1603009781117,-2.48,-42.8159803648477));
#11827=CARTESIAN_POINT('',(-5.1603009781117,-2.5,-42.8159803648477));
#11828=CARTESIAN_POINT('',(-4.26211971423637,-2.48,-43.7885333257319));
#11829=CARTESIAN_POINT('Origin',(2.35183062521528,-2.48,-35.8457578150614));
#11830=CARTESIAN_POINT('',(-4.26211971423637,-2.5,-43.7885333257319));
#11831=CARTESIAN_POINT('Ctrl Pts',(-5.42346236752742,-2.5,-41.8319856044239));
#11832=CARTESIAN_POINT('Ctrl Pts',(-5.42346236752742,-2.48,-41.8319856044239));
#11833=CARTESIAN_POINT('Ctrl Pts',(-5.37769516936814,-2.5,-42.1981231896979));
#11834=CARTESIAN_POINT('Ctrl Pts',(-5.37769516936814,-2.48,-42.1981231896979));
#11835=CARTESIAN_POINT('Ctrl Pts',(-5.30332347235937,-2.5,-42.5356562761224));
#11836=CARTESIAN_POINT('Ctrl Pts',(-5.30332347235937,-2.48,-42.5356562761224));
#11837=CARTESIAN_POINT('Ctrl Pts',(-5.1603009781117,-2.5,-42.8159803648477));
#11838=CARTESIAN_POINT('Ctrl Pts',(-5.1603009781117,-2.48,-42.8159803648477));
#11839=CARTESIAN_POINT('',(-5.42346236752742,-2.5,-41.8319856044239));
#11840=CARTESIAN_POINT('Ctrl Pts',(-5.42346236752742,-2.5,-41.8319856044239));
#11841=CARTESIAN_POINT('Ctrl Pts',(-5.37769516936814,-2.5,-42.1981231896979));
#11842=CARTESIAN_POINT('Ctrl Pts',(-5.30332347235937,-2.5,-42.5356562761224));
#11843=CARTESIAN_POINT('Ctrl Pts',(-5.1603009781117,-2.5,-42.8159803648477));
#11844=CARTESIAN_POINT('',(-5.42346236752742,-2.48,-41.8319856044239));
#11845=CARTESIAN_POINT('',(-5.42346236752742,-2.5,-41.8319856044239));
#11846=CARTESIAN_POINT('Ctrl Pts',(-5.42346236752742,-2.48,-41.8319856044239));
#11847=CARTESIAN_POINT('Ctrl Pts',(-5.37769516936814,-2.48,-42.1981231896979));
#11848=CARTESIAN_POINT('Ctrl Pts',(-5.30332347235937,-2.48,-42.5356562761224));
#11849=CARTESIAN_POINT('Ctrl Pts',(-5.1603009781117,-2.48,-42.8159803648477));
#11850=CARTESIAN_POINT('Origin',(-0.0458165838151103,-2.5,-41.8319856044238));
#11851=CARTESIAN_POINT('',(-0.0458165838151103,-2.5,-41.8319856044238));
#11852=CARTESIAN_POINT('',(-0.022908291907417,-2.5,-41.8319856044238));
#11853=CARTESIAN_POINT('',(-0.0458165838151103,-2.48,-41.8319856044238));
#11854=CARTESIAN_POINT('',(-0.0458165838151103,-2.5,-41.8319856044238));
#11855=CARTESIAN_POINT('',(-5.42346236752742,-2.48,-41.8319856044239));
#11856=CARTESIAN_POINT('Ctrl Pts',(-0.326140672540554,-2.5,-42.7130041689895));
#11857=CARTESIAN_POINT('Ctrl Pts',(-0.326140672540554,-2.48,-42.7130041689895));
#11858=CARTESIAN_POINT('Ctrl Pts',(-0.188839078062752,-2.5,-42.4498427795737));
#11859=CARTESIAN_POINT('Ctrl Pts',(-0.188839078062752,-2.48,-42.4498427795737));
#11860=CARTESIAN_POINT('Ctrl Pts',(-0.10302558151416,-2.5,-42.1523559915386));
#11861=CARTESIAN_POINT('Ctrl Pts',(-0.10302558151416,-2.48,-42.1523559915386));
#11862=CARTESIAN_POINT('Ctrl Pts',(-0.0458165838151103,-2.5,-41.8319856044238));
#11863=CARTESIAN_POINT('Ctrl Pts',(-0.0458165838151103,-2.48,-41.8319856044238));
#11864=CARTESIAN_POINT('',(-0.326140672540554,-2.5,-42.7130041689895));
#11865=CARTESIAN_POINT('Ctrl Pts',(-0.326140672540554,-2.5,-42.7130041689895));
#11866=CARTESIAN_POINT('Ctrl Pts',(-0.188839078062752,-2.5,-42.4498427795737));
#11867=CARTESIAN_POINT('Ctrl Pts',(-0.10302558151416,-2.5,-42.1523559915386));
#11868=CARTESIAN_POINT('Ctrl Pts',(-0.0458165838151103,-2.5,-41.8319856044238));
#11869=CARTESIAN_POINT('',(-0.326140672540554,-2.48,-42.7130041689895));
#11870=CARTESIAN_POINT('',(-0.326140672540554,-2.5,-42.7130041689895));
#11871=CARTESIAN_POINT('Ctrl Pts',(-0.326140672540554,-2.48,-42.7130041689895));
#11872=CARTESIAN_POINT('Ctrl Pts',(-0.188839078062752,-2.48,-42.4498427795737));
#11873=CARTESIAN_POINT('Ctrl Pts',(-0.10302558151416,-2.48,-42.1523559915386));
#11874=CARTESIAN_POINT('Ctrl Pts',(-0.0458165838151103,-2.48,-41.8319856044238));
#11875=CARTESIAN_POINT('Ctrl Pts',(-0.326140672540554,-2.5,-42.7130041689895));
#11876=CARTESIAN_POINT('Ctrl Pts',(-0.683212914274881,-2.5,-43.3922901710873));
#11877=CARTESIAN_POINT('Ctrl Pts',(-1.3330190320441,-2.5,-43.7599288268824));
#11878=CARTESIAN_POINT('Ctrl Pts',(-0.326140672540554,-2.48,-42.7130041689895));
#11879=CARTESIAN_POINT('Ctrl Pts',(-0.683212914274881,-2.48,-43.3922901710873));
#11880=CARTESIAN_POINT('Ctrl Pts',(-1.3330190320441,-2.48,-43.7599288268824));
#11881=CARTESIAN_POINT('',(-1.3330190320441,-2.5,-43.7599288268824));
#11882=CARTESIAN_POINT('Origin',(-7.44312349566547,-2.5,-36.1956232787226));
#11883=CARTESIAN_POINT('',(-1.3330190320441,-2.48,-43.7599288268824));
#11884=CARTESIAN_POINT('',(-1.3330190320441,-2.5,-43.7599288268824));
#11885=CARTESIAN_POINT('Origin',(-7.44312349566547,-2.48,-36.1956232787226));
#11886=CARTESIAN_POINT('Origin',(-1.34446083158393,-2.5,-43.7656497266523));
#11887=CARTESIAN_POINT('',(-1.34446083158393,-2.5,-43.7656497266523));
#11888=CARTESIAN_POINT('',(7.94645344638011,-2.5,-39.1201925876703));
#11889=CARTESIAN_POINT('',(-1.34446083158393,-2.48,-43.7656497266523));
#11890=CARTESIAN_POINT('',(-1.34446083158393,-2.5,-43.7656497266523));
#11891=CARTESIAN_POINT('',(-1.3330190320441,-2.48,-43.7599288268824));
#11892=CARTESIAN_POINT('Ctrl Pts',(-4.26211971423637,-2.5,-43.7885333257319));
#11893=CARTESIAN_POINT('Ctrl Pts',(-4.26211971423637,-2.48,-43.7885333257319));
#11894=CARTESIAN_POINT('Ctrl Pts',(-3.87881942965258,-2.5,-44.0230902162981));
#11895=CARTESIAN_POINT('Ctrl Pts',(-3.87881942965258,-2.48,-44.0230902162981));
#11896=CARTESIAN_POINT('Ctrl Pts',(-3.43258924759985,-2.5,-44.1375082116963));
#11897=CARTESIAN_POINT('Ctrl Pts',(-3.43258924759985,-2.48,-44.1375082116963));
#11898=CARTESIAN_POINT('Ctrl Pts',(-2.86049927060917,-2.5,-44.1375082116962));
#11899=CARTESIAN_POINT('Ctrl Pts',(-2.86049927060917,-2.48,-44.1375082116962));
#11900=CARTESIAN_POINT('Ctrl Pts',(-2.28840929361856,-2.5,-44.1375082116962));
#11901=CARTESIAN_POINT('Ctrl Pts',(-2.28840929361856,-2.48,-44.1375082116962));
#11902=CARTESIAN_POINT('Ctrl Pts',(-1.77924921409678,-2.5,-44.0173693165282));
#11903=CARTESIAN_POINT('Ctrl Pts',(-1.77924921409678,-2.48,-44.0173693165282));
#11904=CARTESIAN_POINT('Ctrl Pts',(-1.34446083158393,-2.5,-43.7656497266523));
#11905=CARTESIAN_POINT('Ctrl Pts',(-1.34446083158393,-2.48,-43.7656497266523));
#11906=CARTESIAN_POINT('Ctrl Pts',(-4.26211971423637,-2.5,-43.7885333257319));
#11907=CARTESIAN_POINT('Ctrl Pts',(-3.87881942965258,-2.5,-44.0230902162981));
#11908=CARTESIAN_POINT('Ctrl Pts',(-3.43258924759985,-2.5,-44.1375082116963));
#11909=CARTESIAN_POINT('Ctrl Pts',(-2.86049927060917,-2.5,-44.1375082116962));
#11910=CARTESIAN_POINT('Ctrl Pts',(-2.28840929361856,-2.5,-44.1375082116962));
#11911=CARTESIAN_POINT('Ctrl Pts',(-1.77924921409678,-2.5,-44.0173693165282));
#11912=CARTESIAN_POINT('Ctrl Pts',(-1.34446083158393,-2.5,-43.7656497266523));
#11913=CARTESIAN_POINT('Ctrl Pts',(-4.26211971423637,-2.48,-43.7885333257319));
#11914=CARTESIAN_POINT('Ctrl Pts',(-3.87881942965258,-2.48,-44.0230902162981));
#11915=CARTESIAN_POINT('Ctrl Pts',(-3.43258924759985,-2.48,-44.1375082116963));
#11916=CARTESIAN_POINT('Ctrl Pts',(-2.86049927060917,-2.48,-44.1375082116962));
#11917=CARTESIAN_POINT('Ctrl Pts',(-2.28840929361856,-2.48,-44.1375082116962));
#11918=CARTESIAN_POINT('Ctrl Pts',(-1.77924921409678,-2.48,-44.0173693165282));
#11919=CARTESIAN_POINT('Ctrl Pts',(-1.34446083158393,-2.48,-43.7656497266523));
#11920=CARTESIAN_POINT('Origin',(-5.46350866591672,-2.5,-39.0687910155589));
#11921=CARTESIAN_POINT('',(-5.46350866591672,-2.48,-39.0687910155589));
#11922=CARTESIAN_POINT('',(-5.46350866591672,-2.5,-39.0687910155589));
#11923=CARTESIAN_POINT('',(-6.55047962219903,-2.48,-37.9646573599668));
#11924=CARTESIAN_POINT('',(-6.55047962219903,-2.48,-37.9646573599669));
#11925=CARTESIAN_POINT('',(-6.55047962219903,-2.5,-37.9646573599668));
#11926=CARTESIAN_POINT('Ctrl Pts',(-5.46350866591672,-2.5,-39.0687910155589));
#11927=CARTESIAN_POINT('Ctrl Pts',(-5.0150642571301,-2.5,-38.5427323997414));
#11928=CARTESIAN_POINT('Ctrl Pts',(-4.38797950917426,-2.5,-38.2850277470817));
#11929=CARTESIAN_POINT('Ctrl Pts',(-5.46350866591672,-2.48,-39.0687910155589));
#11930=CARTESIAN_POINT('Ctrl Pts',(-5.0150642571301,-2.48,-38.5427323997414));
#11931=CARTESIAN_POINT('Ctrl Pts',(-4.38797950917426,-2.48,-38.2850277470817));
#11932=CARTESIAN_POINT('',(-4.38797950917426,-2.48,-38.2850277470817));
#11933=CARTESIAN_POINT('',(-4.38797950917426,-2.5,-38.2850277470817));
#11934=CARTESIAN_POINT('Origin',(2.51366699944313,-2.48,-49.852411275447));
#11935=CARTESIAN_POINT('Ctrl Pts',(-0.360466071159973,-2.5,-39.492137598532));
#11936=CARTESIAN_POINT('Ctrl Pts',(-0.360466071159973,-2.48,-39.492137598532));
#11937=CARTESIAN_POINT('Ctrl Pts',(-0.606464761265908,-2.5,-39.0230238173996));
#11938=CARTESIAN_POINT('Ctrl Pts',(-0.606464761265908,-2.48,-39.0230238173996));
#11939=CARTESIAN_POINT('Ctrl Pts',(-0.961160547000164,-2.5,-38.6626071318956));
#11940=CARTESIAN_POINT('Ctrl Pts',(-0.961160547000164,-2.48,-38.6626071318956));
#11941=CARTESIAN_POINT('Ctrl Pts',(-1.42455342836262,-2.5,-38.4051666422497));
#11942=CARTESIAN_POINT('Ctrl Pts',(-1.42455342836262,-2.48,-38.4051666422497));
#11943=CARTESIAN_POINT('Ctrl Pts',(-1.88794630972504,-2.5,-38.1477261526039));
#11944=CARTESIAN_POINT('Ctrl Pts',(-1.88794630972504,-2.48,-38.1477261526039));
#11945=CARTESIAN_POINT('Ctrl Pts',(-2.41426908855644,-2.5,-38.0218663576659));
#11946=CARTESIAN_POINT('Ctrl Pts',(-2.41426908855644,-2.48,-38.0218663576659));
#11947=CARTESIAN_POINT('Ctrl Pts',(-3.01496356439667,-2.5,-38.0218663576659));
#11948=CARTESIAN_POINT('Ctrl Pts',(-3.01496356439667,-2.48,-38.0218663576659));
#11949=CARTESIAN_POINT('Ctrl Pts',(-3.51268184437856,-2.5,-38.0218663576659));
#11950=CARTESIAN_POINT('Ctrl Pts',(-3.51268184437856,-2.48,-38.0218663576659));
#11951=CARTESIAN_POINT('Ctrl Pts',(-3.97035382597105,-2.5,-38.1076798542146));
#11952=CARTESIAN_POINT('Ctrl Pts',(-3.97035382597105,-2.48,-38.1076798542146));
#11953=CARTESIAN_POINT('Ctrl Pts',(-4.38797950917426,-2.5,-38.2850277470817));
#11954=CARTESIAN_POINT('Ctrl Pts',(-4.38797950917426,-2.48,-38.2850277470817));
#11955=CARTESIAN_POINT('',(-0.360466071159973,-2.48,-39.492137598532));
#11956=CARTESIAN_POINT('',(-0.360466071159973,-2.5,-39.492137598532));
#11957=CARTESIAN_POINT('Ctrl Pts',(-0.360466071159973,-2.48,-39.492137598532));
#11958=CARTESIAN_POINT('Ctrl Pts',(-0.606464761265908,-2.48,-39.0230238173996));
#11959=CARTESIAN_POINT('Ctrl Pts',(-0.961160547000164,-2.48,-38.6626071318956));
#11960=CARTESIAN_POINT('Ctrl Pts',(-1.42455342836262,-2.48,-38.4051666422497));
#11961=CARTESIAN_POINT('Ctrl Pts',(-1.88794630972504,-2.48,-38.1477261526039));
#11962=CARTESIAN_POINT('Ctrl Pts',(-2.41426908855644,-2.48,-38.0218663576659));
#11963=CARTESIAN_POINT('Ctrl Pts',(-3.01496356439667,-2.48,-38.0218663576659));
#11964=CARTESIAN_POINT('Ctrl Pts',(-3.51268184437856,-2.48,-38.0218663576659));
#11965=CARTESIAN_POINT('Ctrl Pts',(-3.97035382597105,-2.48,-38.1076798542146));
#11966=CARTESIAN_POINT('Ctrl Pts',(-4.38797950917426,-2.48,-38.2850277470817));
#11967=CARTESIAN_POINT('Ctrl Pts',(-0.0572583833549345,-2.5,-40.4360860605666));
#11968=CARTESIAN_POINT('Ctrl Pts',(-0.0572583833549345,-2.48,-40.4360860605666));
#11969=CARTESIAN_POINT('Ctrl Pts',(-0.120188280823896,-2.5,-40.0985529741422));
#11970=CARTESIAN_POINT('Ctrl Pts',(-0.120188280823896,-2.48,-40.0985529741422));
#11971=CARTESIAN_POINT('Ctrl Pts',(-0.211722677142383,-2.5,-39.7781825870274));
#11972=CARTESIAN_POINT('Ctrl Pts',(-0.211722677142383,-2.48,-39.7781825870274));
#11973=CARTESIAN_POINT('Ctrl Pts',(-0.360466071159973,-2.5,-39.492137598532));
#11974=CARTESIAN_POINT('Ctrl Pts',(-0.360466071159973,-2.48,-39.492137598532));
#11975=CARTESIAN_POINT('',(-0.0572583833549345,-2.48,-40.4360860605666));
#11976=CARTESIAN_POINT('',(-0.0572583833549345,-2.5,-40.4360860605666));
#11977=CARTESIAN_POINT('Ctrl Pts',(-0.0572583833549345,-2.48,-40.4360860605666));
#11978=CARTESIAN_POINT('Ctrl Pts',(-0.120188280823896,-2.48,-40.0985529741422));
#11979=CARTESIAN_POINT('Ctrl Pts',(-0.211722677142383,-2.48,-39.7781825870274));
#11980=CARTESIAN_POINT('Ctrl Pts',(-0.360466071159973,-2.48,-39.492137598532));
#11981=CARTESIAN_POINT('Origin',(-7.00243070402164,-2.5,-40.4360860605666));
#11982=CARTESIAN_POINT('',(-7.00243070402164,-2.48,-40.4360860605666));
#11983=CARTESIAN_POINT('',(-7.00243070402164,-2.5,-40.4360860605666));
#11984=CARTESIAN_POINT('',(-0.0572583833549345,-2.48,-40.4360860605666));
#11985=CARTESIAN_POINT('Ctrl Pts',(-6.56192142173879,-2.5,-43.5825809340153));
#11986=CARTESIAN_POINT('Ctrl Pts',(-6.56192142173879,-2.48,-43.5825809340153));
#11987=CARTESIAN_POINT('Ctrl Pts',(-6.91661720747302,-2.5,-42.9189565607061));
#11988=CARTESIAN_POINT('Ctrl Pts',(-6.91661720747302,-2.48,-42.9189565607061));
#11989=CARTESIAN_POINT('Ctrl Pts',(-7.09396510034017,-2.5,-42.1695186908483));
#11990=CARTESIAN_POINT('Ctrl Pts',(-7.09396510034017,-2.48,-42.1695186908483));
#11991=CARTESIAN_POINT('Ctrl Pts',(-7.09396510034013,-2.5,-41.334267324442));
#11992=CARTESIAN_POINT('Ctrl Pts',(-7.09396510034013,-2.48,-41.334267324442));
#11993=CARTESIAN_POINT('Ctrl Pts',(-7.09396510034012,-2.5,-41.2141284292739));
#11994=CARTESIAN_POINT('Ctrl Pts',(-7.09396510034012,-2.48,-41.2141284292739));
#11995=CARTESIAN_POINT('Ctrl Pts',(-7.08824420057029,-2.5,-41.0768268347962));
#11996=CARTESIAN_POINT('Ctrl Pts',(-7.08824420057029,-2.48,-41.0768268347962));
#11997=CARTESIAN_POINT('Ctrl Pts',(-7.07680240103045,-2.5,-40.9338043405485));
#11998=CARTESIAN_POINT('Ctrl Pts',(-7.07680240103045,-2.48,-40.9338043405485));
#11999=CARTESIAN_POINT('Ctrl Pts',(-7.06536060149061,-2.5,-40.7907818463008));
#12000=CARTESIAN_POINT('Ctrl Pts',(-7.06536060149061,-2.48,-40.7907818463008));
#12001=CARTESIAN_POINT('Ctrl Pts',(-7.03675610264105,-2.5,-40.6248757529735));
#12002=CARTESIAN_POINT('Ctrl Pts',(-7.03675610264105,-2.48,-40.6248757529735));
#12003=CARTESIAN_POINT('Ctrl Pts',(-7.00243070402164,-2.5,-40.4360860605666));
#12004=CARTESIAN_POINT('Ctrl Pts',(-7.00243070402164,-2.48,-40.4360860605666));
#12005=CARTESIAN_POINT('',(-6.56192142173879,-2.48,-43.5825809340153));
#12006=CARTESIAN_POINT('',(-6.56192142173879,-2.5,-43.5825809340153));
#12007=CARTESIAN_POINT('Ctrl Pts',(-6.56192142173879,-2.48,-43.5825809340153));
#12008=CARTESIAN_POINT('Ctrl Pts',(-6.91661720747302,-2.48,-42.9189565607061));
#12009=CARTESIAN_POINT('Ctrl Pts',(-7.09396510034017,-2.48,-42.1695186908483));
#12010=CARTESIAN_POINT('Ctrl Pts',(-7.09396510034013,-2.48,-41.334267324442));
#12011=CARTESIAN_POINT('Ctrl Pts',(-7.09396510034012,-2.48,-41.2141284292739));
#12012=CARTESIAN_POINT('Ctrl Pts',(-7.08824420057029,-2.48,-41.0768268347962));
#12013=CARTESIAN_POINT('Ctrl Pts',(-7.07680240103045,-2.48,-40.9338043405485));
#12014=CARTESIAN_POINT('Ctrl Pts',(-7.06536060149061,-2.48,-40.7907818463008));
#12015=CARTESIAN_POINT('Ctrl Pts',(-7.03675610264105,-2.48,-40.6248757529735));
#12016=CARTESIAN_POINT('Ctrl Pts',(-7.00243070402164,-2.48,-40.4360860605666));
#12017=CARTESIAN_POINT('Ctrl Pts',(-5.08020838133298,-2.5,-45.13294477166));
#12018=CARTESIAN_POINT('Ctrl Pts',(-6.0240442294468,-2.5,-44.5802511465848));
#12019=CARTESIAN_POINT('Ctrl Pts',(-6.5619214217388,-2.5,-43.5825809340153));
#12020=CARTESIAN_POINT('Ctrl Pts',(-5.08020838133298,-2.48,-45.13294477166));
#12021=CARTESIAN_POINT('Ctrl Pts',(-6.0240442294468,-2.48,-44.5802511465848));
#12022=CARTESIAN_POINT('Ctrl Pts',(-6.5619214217388,-2.48,-43.5825809340153));
#12023=CARTESIAN_POINT('',(-5.080208381333,-2.48,-45.13294477166));
#12024=CARTESIAN_POINT('',(-5.080208381333,-2.5,-45.13294477166));
#12025=CARTESIAN_POINT('Origin',(58.3477357038894,-2.48,25.9784980139231));
#12026=CARTESIAN_POINT('Ctrl Pts',(1.07547977108663,-2.5,-43.4281166402278));
#12027=CARTESIAN_POINT('Ctrl Pts',(1.07547977108663,-2.48,-43.4281166402278));
#12028=CARTESIAN_POINT('Ctrl Pts',(0.669295887423225,-2.5,-44.1317873119263));
#12029=CARTESIAN_POINT('Ctrl Pts',(0.669295887423225,-2.48,-44.1317873119263));
#12030=CARTESIAN_POINT('Ctrl Pts',(0.120089509512198,-2.5,-44.6809936898373));
#12031=CARTESIAN_POINT('Ctrl Pts',(0.120089509512198,-2.48,-44.6809936898373));
#12032=CARTESIAN_POINT('Ctrl Pts',(-0.572139362646515,-2.5,-45.0871775735007));
#12033=CARTESIAN_POINT('Ctrl Pts',(-0.572139362646515,-2.48,-45.0871775735007));
#12034=CARTESIAN_POINT('Ctrl Pts',(-1.26436823480519,-2.5,-45.4933614571641));
#12035=CARTESIAN_POINT('Ctrl Pts',(-1.26436823480519,-2.48,-45.4933614571641));
#12036=CARTESIAN_POINT('Ctrl Pts',(-2.07673600213194,-2.5,-45.6935929491108));
#12037=CARTESIAN_POINT('Ctrl Pts',(-2.07673600213194,-2.48,-45.6935929491108));
#12038=CARTESIAN_POINT('Ctrl Pts',(-2.9005455689985,-2.5,-45.6935929491108));
#12039=CARTESIAN_POINT('Ctrl Pts',(-2.9005455689985,-2.48,-45.6935929491108));
#12040=CARTESIAN_POINT('Ctrl Pts',(-3.72435513586508,-2.5,-45.6935929491108));
#12041=CARTESIAN_POINT('Ctrl Pts',(-3.72435513586508,-2.48,-45.6935929491108));
#12042=CARTESIAN_POINT('Ctrl Pts',(-4.45090940664327,-2.5,-45.5048032567039));
#12043=CARTESIAN_POINT('Ctrl Pts',(-4.45090940664327,-2.48,-45.5048032567039));
#12044=CARTESIAN_POINT('Ctrl Pts',(-5.080208381333,-2.5,-45.13294477166));
#12045=CARTESIAN_POINT('Ctrl Pts',(-5.080208381333,-2.48,-45.13294477166));
#12046=CARTESIAN_POINT('',(1.07547977108663,-2.48,-43.4281166402278));
#12047=CARTESIAN_POINT('',(1.07547977108663,-2.5,-43.4281166402278));
#12048=CARTESIAN_POINT('Ctrl Pts',(1.07547977108663,-2.48,-43.4281166402278));
#12049=CARTESIAN_POINT('Ctrl Pts',(0.669295887423225,-2.48,-44.1317873119263));
#12050=CARTESIAN_POINT('Ctrl Pts',(0.120089509512198,-2.48,-44.6809936898373));
#12051=CARTESIAN_POINT('Ctrl Pts',(-0.572139362646515,-2.48,-45.0871775735007));
#12052=CARTESIAN_POINT('Ctrl Pts',(-1.26436823480519,-2.48,-45.4933614571641));
#12053=CARTESIAN_POINT('Ctrl Pts',(-2.07673600213194,-2.48,-45.6935929491108));
#12054=CARTESIAN_POINT('Ctrl Pts',(-2.9005455689985,-2.48,-45.6935929491108));
#12055=CARTESIAN_POINT('Ctrl Pts',(-3.72435513586508,-2.48,-45.6935929491108));
#12056=CARTESIAN_POINT('Ctrl Pts',(-4.45090940664327,-2.48,-45.5048032567039));
#12057=CARTESIAN_POINT('Ctrl Pts',(-5.080208381333,-2.48,-45.13294477166));
#12058=CARTESIAN_POINT('Ctrl Pts',(-6.55047962219903,-2.5,-37.9646573599668));
#12059=CARTESIAN_POINT('Ctrl Pts',(-6.55047962219903,-2.48,-37.9646573599668));
#12060=CARTESIAN_POINT('Ctrl Pts',(-6.12713303922593,-2.5,-37.466939079985));
#12061=CARTESIAN_POINT('Ctrl Pts',(-6.12713303922593,-2.48,-37.466939079985));
#12062=CARTESIAN_POINT('Ctrl Pts',(-5.60653116016441,-2.5,-37.0893596951713));
#12063=CARTESIAN_POINT('Ctrl Pts',(-5.60653116016441,-2.48,-37.0893596951713));
#12064=CARTESIAN_POINT('Ctrl Pts',(-4.98867398501453,-2.5,-36.8261983057555));
#12065=CARTESIAN_POINT('Ctrl Pts',(-4.98867398501453,-2.48,-36.8261983057555));
#12066=CARTESIAN_POINT('Ctrl Pts',(-4.37081680986457,-2.5,-36.5630369163397));
#12067=CARTESIAN_POINT('Ctrl Pts',(-4.37081680986457,-2.48,-36.5630369163397));
#12068=CARTESIAN_POINT('Ctrl Pts',(-3.71291333632525,-2.5,-36.4314562216318));
#12069=CARTESIAN_POINT('Ctrl Pts',(-3.71291333632525,-2.48,-36.4314562216318));
#12070=CARTESIAN_POINT('Ctrl Pts',(-3.01496356439666,-2.5,-36.4314562216319));
#12071=CARTESIAN_POINT('Ctrl Pts',(-3.01496356439666,-2.48,-36.4314562216319));
#12072=CARTESIAN_POINT('Ctrl Pts',(-2.12822410006111,-2.5,-36.431456221632));
#12073=CARTESIAN_POINT('Ctrl Pts',(-2.12822410006111,-2.48,-36.431456221632));
#12074=CARTESIAN_POINT('Ctrl Pts',(-1.32729813227411,-2.5,-36.6316877135786));
#12075=CARTESIAN_POINT('Ctrl Pts',(-1.32729813227411,-2.48,-36.6316877135786));
#12076=CARTESIAN_POINT('Ctrl Pts',(-0.617906560805732,-2.5,-37.037871597242));
#12077=CARTESIAN_POINT('Ctrl Pts',(-0.617906560805732,-2.48,-37.037871597242));
#12078=CARTESIAN_POINT('Ctrl Pts',(0.091485010662673,-2.5,-37.4440554809054));
#12079=CARTESIAN_POINT('Ctrl Pts',(0.091485010662673,-2.48,-37.4440554809054));
#12080=CARTESIAN_POINT('Ctrl Pts',(0.652133188113497,-2.5,-37.9989827585864));
#12081=CARTESIAN_POINT('Ctrl Pts',(0.652133188113497,-2.48,-37.9989827585864));
#12082=CARTESIAN_POINT('Ctrl Pts',(1.06403797154677,-2.5,-38.696932530515));
#12083=CARTESIAN_POINT('Ctrl Pts',(1.06403797154677,-2.48,-38.696932530515));
#12084=CARTESIAN_POINT('Ctrl Pts',(1.47594275498008,-2.5,-39.3948823024436));
#12085=CARTESIAN_POINT('Ctrl Pts',(1.47594275498008,-2.48,-39.3948823024436));
#12086=CARTESIAN_POINT('Ctrl Pts',(1.68189514669667,-2.5,-40.1958082702305));
#12087=CARTESIAN_POINT('Ctrl Pts',(1.68189514669667,-2.48,-40.1958082702305));
#12088=CARTESIAN_POINT('Ctrl Pts',(1.6818951466967,-2.5,-41.0711059350262));
#12089=CARTESIAN_POINT('Ctrl Pts',(1.6818951466967,-2.48,-41.0711059350262));
#12090=CARTESIAN_POINT('Ctrl Pts',(1.68189514669674,-2.5,-41.9464035998219));
#12091=CARTESIAN_POINT('Ctrl Pts',(1.68189514669674,-2.48,-41.9464035998219));
#12092=CARTESIAN_POINT('Ctrl Pts',(1.48166365474999,-2.5,-42.7301668682992));
#12093=CARTESIAN_POINT('Ctrl Pts',(1.48166365474999,-2.48,-42.7301668682992));
#12094=CARTESIAN_POINT('Ctrl Pts',(1.07547977108663,-2.5,-43.4281166402278));
#12095=CARTESIAN_POINT('Ctrl Pts',(1.07547977108663,-2.48,-43.4281166402278));
#12096=CARTESIAN_POINT('Ctrl Pts',(-6.55047962219903,-2.48,-37.9646573599668));
#12097=CARTESIAN_POINT('Ctrl Pts',(-6.12713303922593,-2.48,-37.466939079985));
#12098=CARTESIAN_POINT('Ctrl Pts',(-5.60653116016441,-2.48,-37.0893596951713));
#12099=CARTESIAN_POINT('Ctrl Pts',(-4.98867398501453,-2.48,-36.8261983057555));
#12100=CARTESIAN_POINT('Ctrl Pts',(-4.37081680986457,-2.48,-36.5630369163397));
#12101=CARTESIAN_POINT('Ctrl Pts',(-3.71291333632525,-2.48,-36.4314562216318));
#12102=CARTESIAN_POINT('Ctrl Pts',(-3.01496356439666,-2.48,-36.4314562216319));
#12103=CARTESIAN_POINT('Ctrl Pts',(-2.12822410006111,-2.48,-36.431456221632));
#12104=CARTESIAN_POINT('Ctrl Pts',(-1.32729813227411,-2.48,-36.6316877135786));
#12105=CARTESIAN_POINT('Ctrl Pts',(-0.617906560805732,-2.48,-37.037871597242));
#12106=CARTESIAN_POINT('Ctrl Pts',(0.091485010662673,-2.48,-37.4440554809054));
#12107=CARTESIAN_POINT('Ctrl Pts',(0.652133188113497,-2.48,-37.9989827585864));
#12108=CARTESIAN_POINT('Ctrl Pts',(1.06403797154677,-2.48,-38.696932530515));
#12109=CARTESIAN_POINT('Ctrl Pts',(1.47594275498008,-2.48,-39.3948823024436));
#12110=CARTESIAN_POINT('Ctrl Pts',(1.68189514669667,-2.48,-40.1958082702305));
#12111=CARTESIAN_POINT('Ctrl Pts',(1.6818951466967,-2.48,-41.0711059350262));
#12112=CARTESIAN_POINT('Ctrl Pts',(1.68189514669674,-2.48,-41.9464035998219));
#12113=CARTESIAN_POINT('Ctrl Pts',(1.48166365474999,-2.48,-42.7301668682992));
#12114=CARTESIAN_POINT('Ctrl Pts',(1.07547977108663,-2.48,-43.4281166402278));
#12115=CARTESIAN_POINT('Origin',(-2.70603497682171,-2.48,-41.0625245853713));
#12116=CARTESIAN_POINT('Ctrl Pts',(25.2438667026319,-2.5,-46.915738705523));
#12117=CARTESIAN_POINT('Ctrl Pts',(25.2438667026319,-2.48,-46.915738705523));
#12118=CARTESIAN_POINT('Ctrl Pts',(24.3071795265469,-2.5,-46.915738705523));
#12119=CARTESIAN_POINT('Ctrl Pts',(24.3071795265469,-2.48,-46.915738705523));
#12120=CARTESIAN_POINT('Ctrl Pts',(23.5442327137681,-2.5,-46.1527918927442));
#12121=CARTESIAN_POINT('Ctrl Pts',(23.5442327137681,-2.48,-46.1527918927442));
#12122=CARTESIAN_POINT('Ctrl Pts',(23.5442327137681,-2.5,-45.2161047166593));
#12123=CARTESIAN_POINT('Ctrl Pts',(23.5442327137681,-2.48,-45.2161047166593));
#12124=CARTESIAN_POINT('Ctrl Pts',(23.5442327137681,-2.5,-44.2794175405743));
#12125=CARTESIAN_POINT('Ctrl Pts',(23.5442327137681,-2.48,-44.2794175405743));
#12126=CARTESIAN_POINT('Ctrl Pts',(24.3071795265469,-2.5,-43.5164707277955));
#12127=CARTESIAN_POINT('Ctrl Pts',(24.3071795265469,-2.48,-43.5164707277955));
#12128=CARTESIAN_POINT('Ctrl Pts',(25.2438667026319,-2.5,-43.5164707277956));
#12129=CARTESIAN_POINT('Ctrl Pts',(25.2438667026319,-2.48,-43.5164707277956));
#12130=CARTESIAN_POINT('Ctrl Pts',(25.9086124404986,-2.5,-43.5164707277956));
#12131=CARTESIAN_POINT('Ctrl Pts',(25.9086124404986,-2.48,-43.5164707277956));
#12132=CARTESIAN_POINT('Ctrl Pts',(26.4751571034532,-2.5,-43.9017210986046));
#12133=CARTESIAN_POINT('Ctrl Pts',(26.4751571034532,-2.48,-43.9017210986046));
#12134=CARTESIAN_POINT('Ctrl Pts',(26.7546524705108,-2.5,-44.4607118327199));
#12135=CARTESIAN_POINT('Ctrl Pts',(26.7546524705108,-2.48,-44.4607118327199));
#12136=CARTESIAN_POINT('',(25.2438667026319,-2.48,-46.915738705523));
#12137=CARTESIAN_POINT('',(25.2438667026319,-2.5,-46.915738705523));
#12138=CARTESIAN_POINT('',(26.7546524705108,-2.48,-44.4607118327199));
#12139=CARTESIAN_POINT('Ctrl Pts',(25.2438667026319,-2.48,-46.915738705523));
#12140=CARTESIAN_POINT('Ctrl Pts',(24.3071795265469,-2.48,-46.915738705523));
#12141=CARTESIAN_POINT('Ctrl Pts',(23.5442327137681,-2.48,-46.1527918927442));
#12142=CARTESIAN_POINT('Ctrl Pts',(23.5442327137681,-2.48,-45.2161047166593));
#12143=CARTESIAN_POINT('Ctrl Pts',(23.5442327137681,-2.48,-44.2794175405743));
#12144=CARTESIAN_POINT('Ctrl Pts',(24.3071795265469,-2.48,-43.5164707277955));
#12145=CARTESIAN_POINT('Ctrl Pts',(25.2438667026319,-2.48,-43.5164707277956));
#12146=CARTESIAN_POINT('Ctrl Pts',(25.9086124404986,-2.48,-43.5164707277956));
#12147=CARTESIAN_POINT('Ctrl Pts',(26.4751571034532,-2.48,-43.9017210986046));
#12148=CARTESIAN_POINT('Ctrl Pts',(26.7546524705108,-2.48,-44.4607118327199));
#12149=CARTESIAN_POINT('',(26.7546524705108,-2.5,-44.4607118327199));
#12150=CARTESIAN_POINT('Origin',(25.2438667026319,-2.5,-46.9232926343625));
#12151=CARTESIAN_POINT('',(25.2438667026319,-2.48,-46.9232926343625));
#12152=CARTESIAN_POINT('',(25.2438667026319,-2.5,-46.9232926343625));
#12153=CARTESIAN_POINT('',(25.2438667026318,-2.48,-46.9157387055231));
#12154=CARTESIAN_POINT('Ctrl Pts',(26.7546524705108,-2.5,-45.9790515294381));
#12155=CARTESIAN_POINT('Ctrl Pts',(26.7546524705108,-2.48,-45.9790515294381));
#12156=CARTESIAN_POINT('Ctrl Pts',(26.4751571034532,-2.5,-46.5380422635533));
#12157=CARTESIAN_POINT('Ctrl Pts',(26.4751571034532,-2.48,-46.5380422635533));
#12158=CARTESIAN_POINT('Ctrl Pts',(25.9086124404986,-2.5,-46.9232926343625));
#12159=CARTESIAN_POINT('Ctrl Pts',(25.9086124404986,-2.48,-46.9232926343625));
#12160=CARTESIAN_POINT('Ctrl Pts',(25.2438667026319,-2.5,-46.9232926343625));
#12161=CARTESIAN_POINT('Ctrl Pts',(25.2438667026319,-2.48,-46.9232926343625));
#12162=CARTESIAN_POINT('',(26.7546524705108,-2.48,-45.9790515294381));
#12163=CARTESIAN_POINT('',(26.7546524705108,-2.5,-45.9790515294381));
#12164=CARTESIAN_POINT('Ctrl Pts',(26.7546524705108,-2.48,-45.9790515294381));
#12165=CARTESIAN_POINT('Ctrl Pts',(26.4751571034532,-2.48,-46.5380422635533));
#12166=CARTESIAN_POINT('Ctrl Pts',(25.9086124404986,-2.48,-46.9232926343625));
#12167=CARTESIAN_POINT('Ctrl Pts',(25.2438667026319,-2.48,-46.9232926343625));
#12168=CARTESIAN_POINT('Origin',(34.9053416882175,-2.5,-45.9790515294381));
#12169=CARTESIAN_POINT('',(34.9053416882175,-2.48,-45.9790515294381));
#12170=CARTESIAN_POINT('',(34.9053416882175,-2.5,-45.9790515294381));
#12171=CARTESIAN_POINT('',(26.7546524705108,-2.48,-45.9790515294381));
#12172=CARTESIAN_POINT('Origin',(38.0855457296025,-2.5,-42.798847488053));
#12173=CARTESIAN_POINT('',(38.0855457296025,-2.48,-42.798847488053));
#12174=CARTESIAN_POINT('',(38.0855457296025,-2.5,-42.798847488053));
#12175=CARTESIAN_POINT('',(34.9053416882175,-2.48,-45.9790515294381));
#12176=CARTESIAN_POINT('Origin',(38.0855457296025,-2.5,-40.978350637759));
#12177=CARTESIAN_POINT('',(38.0855457296025,-2.48,-40.978350637759));
#12178=CARTESIAN_POINT('',(38.0855457296025,-2.5,-40.978350637759));
#12179=CARTESIAN_POINT('',(38.0855457296025,-2.48,-42.798847488053));
#12180=CARTESIAN_POINT('Ctrl Pts',(36.5747599617237,-2.5,-40.9783506377589));
#12181=CARTESIAN_POINT('Ctrl Pts',(36.5747599617237,-2.48,-40.9783506377589));
#12182=CARTESIAN_POINT('Ctrl Pts',(36.0157692276084,-2.5,-40.6988552707014));
#12183=CARTESIAN_POINT('Ctrl Pts',(36.0157692276084,-2.48,-40.6988552707014));
#12184=CARTESIAN_POINT('Ctrl Pts',(35.6305188567993,-2.5,-40.1323106077468));
#12185=CARTESIAN_POINT('Ctrl Pts',(35.6305188567993,-2.48,-40.1323106077468));
#12186=CARTESIAN_POINT('Ctrl Pts',(35.6305188567993,-2.5,-39.46756486988));
#12187=CARTESIAN_POINT('Ctrl Pts',(35.6305188567993,-2.48,-39.46756486988));
#12188=CARTESIAN_POINT('Ctrl Pts',(35.6305188567994,-2.5,-38.5308776937951));
#12189=CARTESIAN_POINT('Ctrl Pts',(35.6305188567994,-2.48,-38.5308776937951));
#12190=CARTESIAN_POINT('Ctrl Pts',(36.3934656695781,-2.5,-37.7679308810163));
#12191=CARTESIAN_POINT('Ctrl Pts',(36.3934656695781,-2.48,-37.7679308810163));
#12192=CARTESIAN_POINT('Ctrl Pts',(37.3301528456631,-2.5,-37.7679308810163));
#12193=CARTESIAN_POINT('Ctrl Pts',(37.3301528456631,-2.48,-37.7679308810163));
#12194=CARTESIAN_POINT('Ctrl Pts',(38.266840021748,-2.5,-37.7679308810163));
#12195=CARTESIAN_POINT('Ctrl Pts',(38.266840021748,-2.48,-37.7679308810163));
#12196=CARTESIAN_POINT('Ctrl Pts',(39.0297868345268,-2.5,-38.5308776937952));
#12197=CARTESIAN_POINT('Ctrl Pts',(39.0297868345268,-2.48,-38.5308776937952));
#12198=CARTESIAN_POINT('Ctrl Pts',(39.0297868345268,-2.5,-39.4675648698801));
#12199=CARTESIAN_POINT('Ctrl Pts',(39.0297868345268,-2.48,-39.4675648698801));
#12200=CARTESIAN_POINT('Ctrl Pts',(39.0297868345268,-2.5,-40.1323106077468));
#12201=CARTESIAN_POINT('Ctrl Pts',(39.0297868345268,-2.48,-40.1323106077468));
#12202=CARTESIAN_POINT('Ctrl Pts',(38.6445364637177,-2.5,-40.6988552707014));
#12203=CARTESIAN_POINT('Ctrl Pts',(38.6445364637177,-2.48,-40.6988552707014));
#12204=CARTESIAN_POINT('Ctrl Pts',(38.0855457296025,-2.5,-40.978350637759));
#12205=CARTESIAN_POINT('Ctrl Pts',(38.0855457296025,-2.48,-40.978350637759));
#12206=CARTESIAN_POINT('',(36.5747599617237,-2.48,-40.9783506377589));
#12207=CARTESIAN_POINT('',(36.5747599617237,-2.5,-40.9783506377589));
#12208=CARTESIAN_POINT('Ctrl Pts',(36.5747599617237,-2.48,-40.9783506377589));
#12209=CARTESIAN_POINT('Ctrl Pts',(36.0157692276084,-2.48,-40.6988552707014));
#12210=CARTESIAN_POINT('Ctrl Pts',(35.6305188567993,-2.48,-40.1323106077468));
#12211=CARTESIAN_POINT('Ctrl Pts',(35.6305188567993,-2.48,-39.46756486988));
#12212=CARTESIAN_POINT('Ctrl Pts',(35.6305188567994,-2.48,-38.5308776937951));
#12213=CARTESIAN_POINT('Ctrl Pts',(36.3934656695781,-2.48,-37.7679308810163));
#12214=CARTESIAN_POINT('Ctrl Pts',(37.3301528456631,-2.48,-37.7679308810163));
#12215=CARTESIAN_POINT('Ctrl Pts',(38.266840021748,-2.48,-37.7679308810163));
#12216=CARTESIAN_POINT('Ctrl Pts',(39.0297868345268,-2.48,-38.5308776937952));
#12217=CARTESIAN_POINT('Ctrl Pts',(39.0297868345268,-2.48,-39.4675648698801));
#12218=CARTESIAN_POINT('Ctrl Pts',(39.0297868345268,-2.48,-40.1323106077468));
#12219=CARTESIAN_POINT('Ctrl Pts',(38.6445364637177,-2.48,-40.6988552707014));
#12220=CARTESIAN_POINT('Ctrl Pts',(38.0855457296025,-2.48,-40.978350637759));
#12221=CARTESIAN_POINT('Origin',(36.5747599617237,-2.5,-42.1718713943832));
#12222=CARTESIAN_POINT('',(36.5747599617237,-2.48,-42.1718713943832));
#12223=CARTESIAN_POINT('',(36.5747599617237,-2.5,-42.1718713943832));
#12224=CARTESIAN_POINT('',(36.5747599617237,-2.48,-40.9783506377589));
#12225=CARTESIAN_POINT('Origin',(34.2783655945477,-2.5,-44.4607118327199));
#12226=CARTESIAN_POINT('',(34.2783655945477,-2.48,-44.4607118327199));
#12227=CARTESIAN_POINT('',(34.2783655945477,-2.5,-44.4607118327199));
#12228=CARTESIAN_POINT('',(36.5747599617237,-2.48,-42.1718713943832));
#12229=CARTESIAN_POINT('Origin',(26.7546524705108,-2.5,-44.4607118327199));
#12230=CARTESIAN_POINT('',(34.2783655945477,-2.48,-44.4607118327199));
#12231=CARTESIAN_POINT('Origin',(31.2870097741474,-2.48,-42.3456117576894));
#12232=CARTESIAN_POINT('Origin',(38.5765511041632,-2.5,-34.678373985704));
#12233=CARTESIAN_POINT('',(38.5765511041632,-2.48,-34.678373985704));
#12234=CARTESIAN_POINT('',(38.5765511041632,-2.5,-34.678373985704));
#12235=CARTESIAN_POINT('',(27.2909814181078,-2.48,-34.6783739857039));
#12236=CARTESIAN_POINT('',(27.2909814181078,-2.48,-34.6783739857039));
#12237=CARTESIAN_POINT('',(27.2909814181078,-2.5,-34.6783739857039));
#12238=CARTESIAN_POINT('Origin',(41.23553405563,-2.5,-37.3373569371708));
#12239=CARTESIAN_POINT('',(41.23553405563,-2.48,-37.3373569371708));
#12240=CARTESIAN_POINT('',(41.23553405563,-2.5,-37.3373569371708));
#12241=CARTESIAN_POINT('',(38.5765511041632,-2.48,-34.678373985704));
#12242=CARTESIAN_POINT('Origin',(41.23553405563,-2.5,-40.4722374055195));
#12243=CARTESIAN_POINT('',(41.23553405563,-2.48,-40.4722374055195));
#12244=CARTESIAN_POINT('',(41.23553405563,-2.5,-40.4722374055195));
#12245=CARTESIAN_POINT('',(41.23553405563,-2.48,-37.3373569371708));
#12246=CARTESIAN_POINT('Ctrl Pts',(42.7463198235089,-2.5,-40.4722374055196));
#12247=CARTESIAN_POINT('Ctrl Pts',(42.7463198235089,-2.48,-40.4722374055196));
#12248=CARTESIAN_POINT('Ctrl Pts',(43.3053105576241,-2.5,-40.7517327725772));
#12249=CARTESIAN_POINT('Ctrl Pts',(43.3053105576241,-2.48,-40.7517327725772));
#12250=CARTESIAN_POINT('Ctrl Pts',(43.6905609284332,-2.5,-41.3182774355317));
#12251=CARTESIAN_POINT('Ctrl Pts',(43.6905609284332,-2.48,-41.3182774355317));
#12252=CARTESIAN_POINT('Ctrl Pts',(43.6905609284333,-2.5,-41.9830231733984));
#12253=CARTESIAN_POINT('Ctrl Pts',(43.6905609284333,-2.48,-41.9830231733984));
#12254=CARTESIAN_POINT('Ctrl Pts',(43.6905609284333,-2.5,-42.9197103494834));
#12255=CARTESIAN_POINT('Ctrl Pts',(43.6905609284333,-2.48,-42.9197103494834));
#12256=CARTESIAN_POINT('Ctrl Pts',(42.9276141156544,-2.5,-43.6826571622622));
#12257=CARTESIAN_POINT('Ctrl Pts',(42.9276141156544,-2.48,-43.6826571622622));
#12258=CARTESIAN_POINT('Ctrl Pts',(41.9909269395695,-2.5,-43.6826571622622));
#12259=CARTESIAN_POINT('Ctrl Pts',(41.9909269395695,-2.48,-43.6826571622622));
#12260=CARTESIAN_POINT('Ctrl Pts',(41.0542397634846,-2.5,-43.6826571622622));
#12261=CARTESIAN_POINT('Ctrl Pts',(41.0542397634846,-2.48,-43.6826571622622));
#12262=CARTESIAN_POINT('Ctrl Pts',(40.2912929507058,-2.5,-42.9197103494834));
#12263=CARTESIAN_POINT('Ctrl Pts',(40.2912929507058,-2.48,-42.9197103494834));
#12264=CARTESIAN_POINT('Ctrl Pts',(40.2912929507057,-2.5,-41.9830231733985));
#12265=CARTESIAN_POINT('Ctrl Pts',(40.2912929507057,-2.48,-41.9830231733985));
#12266=CARTESIAN_POINT('Ctrl Pts',(40.2912929507057,-2.5,-41.3182774355317));
#12267=CARTESIAN_POINT('Ctrl Pts',(40.2912929507057,-2.48,-41.3182774355317));
#12268=CARTESIAN_POINT('Ctrl Pts',(40.6765433215148,-2.5,-40.7517327725771));
#12269=CARTESIAN_POINT('Ctrl Pts',(40.6765433215148,-2.48,-40.7517327725771));
#12270=CARTESIAN_POINT('Ctrl Pts',(41.23553405563,-2.5,-40.4722374055195));
#12271=CARTESIAN_POINT('Ctrl Pts',(41.23553405563,-2.48,-40.4722374055195));
#12272=CARTESIAN_POINT('',(42.7463198235089,-2.48,-40.4722374055196));
#12273=CARTESIAN_POINT('',(42.7463198235089,-2.5,-40.4722374055196));
#12274=CARTESIAN_POINT('Ctrl Pts',(42.7463198235089,-2.48,-40.4722374055196));
#12275=CARTESIAN_POINT('Ctrl Pts',(43.3053105576241,-2.48,-40.7517327725772));
#12276=CARTESIAN_POINT('Ctrl Pts',(43.6905609284332,-2.48,-41.3182774355317));
#12277=CARTESIAN_POINT('Ctrl Pts',(43.6905609284333,-2.48,-41.9830231733984));
#12278=CARTESIAN_POINT('Ctrl Pts',(43.6905609284333,-2.48,-42.9197103494834));
#12279=CARTESIAN_POINT('Ctrl Pts',(42.9276141156544,-2.48,-43.6826571622622));
#12280=CARTESIAN_POINT('Ctrl Pts',(41.9909269395695,-2.48,-43.6826571622622));
#12281=CARTESIAN_POINT('Ctrl Pts',(41.0542397634846,-2.48,-43.6826571622622));
#12282=CARTESIAN_POINT('Ctrl Pts',(40.2912929507058,-2.48,-42.9197103494834));
#12283=CARTESIAN_POINT('Ctrl Pts',(40.2912929507057,-2.48,-41.9830231733985));
#12284=CARTESIAN_POINT('Ctrl Pts',(40.2912929507057,-2.48,-41.3182774355317));
#12285=CARTESIAN_POINT('Ctrl Pts',(40.6765433215148,-2.48,-40.7517327725771));
#12286=CARTESIAN_POINT('Ctrl Pts',(41.23553405563,-2.48,-40.4722374055195));
#12287=CARTESIAN_POINT('Origin',(42.746319823509,-2.5,-36.7103808435011));
#12288=CARTESIAN_POINT('',(42.746319823509,-2.48,-36.7103808435011));
#12289=CARTESIAN_POINT('',(42.746319823509,-2.5,-36.7103808435011));
#12290=CARTESIAN_POINT('',(42.7463198235089,-2.48,-40.4722374055196));
#12291=CARTESIAN_POINT('Origin',(39.2035271978329,-2.5,-33.167588217825));
#12292=CARTESIAN_POINT('',(39.2035271978329,-2.48,-33.167588217825));
#12293=CARTESIAN_POINT('',(39.2035271978329,-2.5,-33.167588217825));
#12294=CARTESIAN_POINT('',(42.746319823509,-2.48,-36.7103808435011));
#12295=CARTESIAN_POINT('Origin',(27.9179575117775,-2.5,-33.1675882178251));
#12296=CARTESIAN_POINT('',(27.9179575117775,-2.48,-33.1675882178251));
#12297=CARTESIAN_POINT('',(27.9179575117775,-2.5,-33.1675882178251));
#12298=CARTESIAN_POINT('',(39.2035271978329,-2.48,-33.167588217825));
#12299=CARTESIAN_POINT('Origin',(24.0654538036863,-2.5,-29.3150845097339));
#12300=CARTESIAN_POINT('',(24.0654538036863,-2.48,-29.3150845097339));
#12301=CARTESIAN_POINT('',(24.0654538036863,-2.5,-29.3150845097339));
#12302=CARTESIAN_POINT('',(27.9179575117775,-2.48,-33.1675882178251));
#12303=CARTESIAN_POINT('Origin',(24.0654538036863,-2.5,-26.2104197567427));
#12304=CARTESIAN_POINT('',(24.0654538036863,-2.48,-26.2104197567427));
#12305=CARTESIAN_POINT('',(24.0654538036863,-2.5,-26.2104197567427));
#12306=CARTESIAN_POINT('',(24.0654538036863,-2.48,-29.3150845097339));
#12307=CARTESIAN_POINT('Ctrl Pts',(22.5546680358074,-2.5,-26.2104197567428));
#12308=CARTESIAN_POINT('Ctrl Pts',(22.5546680358074,-2.48,-26.2104197567428));
#12309=CARTESIAN_POINT('Ctrl Pts',(21.9956773016922,-2.5,-25.9309243896851));
#12310=CARTESIAN_POINT('Ctrl Pts',(21.9956773016922,-2.48,-25.9309243896851));
#12311=CARTESIAN_POINT('Ctrl Pts',(21.6104269308831,-2.5,-25.3643797267306));
#12312=CARTESIAN_POINT('Ctrl Pts',(21.6104269308831,-2.48,-25.3643797267306));
#12313=CARTESIAN_POINT('Ctrl Pts',(21.6104269308831,-2.5,-24.6996339888639));
#12314=CARTESIAN_POINT('Ctrl Pts',(21.6104269308831,-2.48,-24.6996339888639));
#12315=CARTESIAN_POINT('Ctrl Pts',(21.6104269308831,-2.5,-23.7629468127789));
#12316=CARTESIAN_POINT('Ctrl Pts',(21.6104269308831,-2.48,-23.7629468127789));
#12317=CARTESIAN_POINT('Ctrl Pts',(22.373373743662,-2.5,-23.0000000000002));
#12318=CARTESIAN_POINT('Ctrl Pts',(22.373373743662,-2.48,-23.0000000000002));
#12319=CARTESIAN_POINT('Ctrl Pts',(23.3100609197469,-2.5,-23.0000000000001));
#12320=CARTESIAN_POINT('Ctrl Pts',(23.3100609197469,-2.48,-23.0000000000001));
#12321=CARTESIAN_POINT('Ctrl Pts',(24.2467480958318,-2.5,-23.));
#12322=CARTESIAN_POINT('Ctrl Pts',(24.2467480958318,-2.48,-23.));
#12323=CARTESIAN_POINT('Ctrl Pts',(25.0096949086106,-2.5,-23.7629468127789));
#12324=CARTESIAN_POINT('Ctrl Pts',(25.0096949086106,-2.48,-23.7629468127789));
#12325=CARTESIAN_POINT('Ctrl Pts',(25.0096949086106,-2.5,-24.6996339888638));
#12326=CARTESIAN_POINT('Ctrl Pts',(25.0096949086106,-2.48,-24.6996339888638));
#12327=CARTESIAN_POINT('Ctrl Pts',(25.0096949086106,-2.5,-25.3643797267306));
#12328=CARTESIAN_POINT('Ctrl Pts',(25.0096949086106,-2.48,-25.3643797267306));
#12329=CARTESIAN_POINT('Ctrl Pts',(24.6244445378015,-2.5,-25.9309243896851));
#12330=CARTESIAN_POINT('Ctrl Pts',(24.6244445378015,-2.48,-25.9309243896851));
#12331=CARTESIAN_POINT('Ctrl Pts',(24.0654538036863,-2.5,-26.2104197567427));
#12332=CARTESIAN_POINT('Ctrl Pts',(24.0654538036863,-2.48,-26.2104197567427));
#12333=CARTESIAN_POINT('',(22.5546680358074,-2.48,-26.2104197567428));
#12334=CARTESIAN_POINT('',(22.5546680358074,-2.5,-26.2104197567428));
#12335=CARTESIAN_POINT('Ctrl Pts',(22.5546680358074,-2.48,-26.2104197567428));
#12336=CARTESIAN_POINT('Ctrl Pts',(21.9956773016922,-2.48,-25.9309243896851));
#12337=CARTESIAN_POINT('Ctrl Pts',(21.6104269308831,-2.48,-25.3643797267306));
#12338=CARTESIAN_POINT('Ctrl Pts',(21.6104269308831,-2.48,-24.6996339888639));
#12339=CARTESIAN_POINT('Ctrl Pts',(21.6104269308831,-2.48,-23.7629468127789));
#12340=CARTESIAN_POINT('Ctrl Pts',(22.373373743662,-2.48,-23.0000000000002));
#12341=CARTESIAN_POINT('Ctrl Pts',(23.3100609197469,-2.48,-23.0000000000001));
#12342=CARTESIAN_POINT('Ctrl Pts',(24.2467480958318,-2.48,-23.));
#12343=CARTESIAN_POINT('Ctrl Pts',(25.0096949086106,-2.48,-23.7629468127789));
#12344=CARTESIAN_POINT('Ctrl Pts',(25.0096949086106,-2.48,-24.6996339888638));
#12345=CARTESIAN_POINT('Ctrl Pts',(25.0096949086106,-2.48,-25.3643797267306));
#12346=CARTESIAN_POINT('Ctrl Pts',(24.6244445378015,-2.48,-25.9309243896851));
#12347=CARTESIAN_POINT('Ctrl Pts',(24.0654538036863,-2.48,-26.2104197567427));
#12348=CARTESIAN_POINT('Origin',(22.5546680358074,-2.5,-29.9420606034036));
#12349=CARTESIAN_POINT('',(22.5546680358074,-2.48,-29.9420606034036));
#12350=CARTESIAN_POINT('',(22.5546680358074,-2.5,-29.9420606034036));
#12351=CARTESIAN_POINT('',(22.5546680358074,-2.48,-26.2104197567428));
#12352=CARTESIAN_POINT('Origin',(27.2909814181078,-2.5,-34.6783739857039));
#12353=CARTESIAN_POINT('',(22.5546680358074,-2.48,-29.9420606034036));
#12354=CARTESIAN_POINT('Origin',(32.6504939296582,-2.48,-33.3413285811311));
#12355=CARTESIAN_POINT('Origin',(-41.562386214028,-2.5,-45.504803256704));
#12356=CARTESIAN_POINT('',(-41.562386214028,-2.48,-45.504803256704));
#12357=CARTESIAN_POINT('',(-41.562386214028,-2.5,-45.504803256704));
#12358=CARTESIAN_POINT('',(-43.5246548351061,-2.48,-45.504803256704));
#12359=CARTESIAN_POINT('',(-43.5246548351061,-2.48,-45.504803256704));
#12360=CARTESIAN_POINT('',(-43.5246548351061,-2.5,-45.504803256704));
#12361=CARTESIAN_POINT('Origin',(-39.3712816021538,-2.5,-42.4040755814145));
#12362=CARTESIAN_POINT('',(-39.3712816021538,-2.48,-42.4040755814145));
#12363=CARTESIAN_POINT('',(-39.3712816021538,-2.5,-42.4040755814145));
#12364=CARTESIAN_POINT('',(-41.562386214028,-2.48,-45.504803256704));
#12365=CARTESIAN_POINT('Origin',(-37.1058052932707,-2.5,-45.5048032567039));
#12366=CARTESIAN_POINT('',(-37.1058052932707,-2.48,-45.5048032567039));
#12367=CARTESIAN_POINT('',(-37.1058052932707,-2.5,-45.5048032567039));
#12368=CARTESIAN_POINT('',(-39.3712816021538,-2.48,-42.4040755814145));
#12369=CARTESIAN_POINT('Origin',(-35.0691649751839,-2.5,-45.5048032567039));
#12370=CARTESIAN_POINT('',(-35.0691649751839,-2.48,-45.5048032567039));
#12371=CARTESIAN_POINT('',(-35.0691649751839,-2.5,-45.5048032567039));
#12372=CARTESIAN_POINT('',(-37.1058052932707,-2.48,-45.5048032567039));
#12373=CARTESIAN_POINT('Origin',(-38.2900315456413,-2.5,-41.1855239304243));
#12374=CARTESIAN_POINT('',(-38.2900315456413,-2.48,-41.1855239304243));
#12375=CARTESIAN_POINT('',(-38.2900315456413,-2.5,-41.1855239304243));
#12376=CARTESIAN_POINT('',(-35.0691649751839,-2.48,-45.5048032567039));
#12377=CARTESIAN_POINT('Origin',(-34.8975379820867,-2.5,-36.6202459140388));
#12378=CARTESIAN_POINT('',(-34.8975379820867,-2.48,-36.6202459140388));
#12379=CARTESIAN_POINT('',(-34.8975379820867,-2.5,-36.6202459140388));
#12380=CARTESIAN_POINT('',(-38.2900315456413,-2.48,-41.1855239304243));
#12381=CARTESIAN_POINT('Origin',(-36.8826902022443,-2.5,-36.6202459140388));
#12382=CARTESIAN_POINT('',(-36.8826902022443,-2.48,-36.6202459140388));
#12383=CARTESIAN_POINT('',(-36.8826902022443,-2.5,-36.6202459140388));
#12384=CARTESIAN_POINT('',(-34.8975379820867,-2.48,-36.6202459140388));
#12385=CARTESIAN_POINT('Origin',(-39.2683054062955,-2.5,-39.9726931792042));
#12386=CARTESIAN_POINT('',(-39.2683054062955,-2.48,-39.9726931792042));
#12387=CARTESIAN_POINT('',(-39.2683054062955,-2.5,-39.9726931792042));
#12388=CARTESIAN_POINT('',(-36.8826902022443,-2.48,-36.6202459140388));
#12389=CARTESIAN_POINT('Origin',(-41.6539206103465,-2.5,-36.6202459140388));
#12390=CARTESIAN_POINT('',(-41.6539206103465,-2.48,-36.6202459140388));
#12391=CARTESIAN_POINT('',(-41.6539206103465,-2.5,-36.6202459140388));
#12392=CARTESIAN_POINT('',(-39.2683054062955,-2.48,-39.9726931792042));
#12393=CARTESIAN_POINT('Origin',(-43.6905609284333,-2.5,-36.6202459140388));
#12394=CARTESIAN_POINT('',(-43.6905609284333,-2.48,-36.6202459140388));
#12395=CARTESIAN_POINT('',(-43.6905609284333,-2.5,-36.6202459140388));
#12396=CARTESIAN_POINT('',(-41.6539206103465,-2.48,-36.6202459140388));
#12397=CARTESIAN_POINT('Origin',(-40.3609972623476,-2.5,-41.2141284292738));
#12398=CARTESIAN_POINT('',(-40.3609972623476,-2.48,-41.2141284292738));
#12399=CARTESIAN_POINT('',(-40.3609972623476,-2.5,-41.2141284292738));
#12400=CARTESIAN_POINT('',(-43.6905609284333,-2.48,-36.6202459140388));
#12401=CARTESIAN_POINT('Origin',(-43.5246548351061,-2.5,-45.504803256704));
#12402=CARTESIAN_POINT('',(-40.3609972623476,-2.48,-41.2141284292738));
#12403=CARTESIAN_POINT('Origin',(-39.29404945526,-2.48,-41.0625245853714));
#12404=CARTESIAN_POINT('Origin',(12.1796527777778,-2.5,-9.92236111111109));
#12405=CARTESIAN_POINT('',(12.1796527777778,-2.48,-9.92236111111109));
#12406=CARTESIAN_POINT('',(12.1796527777778,-2.5,-9.92236111111109));
#12407=CARTESIAN_POINT('',(1.61395833333337,-2.48,-9.92236111111116));
#12408=CARTESIAN_POINT('',(1.61395833333337,-2.48,-9.92236111111116));
#12409=CARTESIAN_POINT('',(1.61395833333337,-2.5,-9.92236111111116));
#12410=CARTESIAN_POINT('Origin',(12.1796527777778,-2.5,-7.50583333333334));
#12411=CARTESIAN_POINT('',(12.1796527777778,-2.48,-7.50583333333334));
#12412=CARTESIAN_POINT('',(12.1796527777778,-2.5,-7.50583333333334));
#12413=CARTESIAN_POINT('',(12.1796527777778,-2.48,-9.92236111111109));
#12414=CARTESIAN_POINT('Origin',(8.28145833333338,-2.5,-7.50583333333332));
#12415=CARTESIAN_POINT('',(8.28145833333338,-2.48,-7.50583333333332));
#12416=CARTESIAN_POINT('',(8.28145833333338,-2.5,-7.50583333333332));
#12417=CARTESIAN_POINT('',(12.1796527777778,-2.48,-7.50583333333334));
#12418=CARTESIAN_POINT('Origin',(8.28145833333334,-2.5,2.53069444444443));
#12419=CARTESIAN_POINT('',(8.28145833333334,-2.48,2.53069444444443));
#12420=CARTESIAN_POINT('',(8.28145833333334,-2.5,2.53069444444443));
#12421=CARTESIAN_POINT('',(8.28145833333338,-2.48,-7.50583333333332));
#12422=CARTESIAN_POINT('Origin',(5.51215277777779,-2.5,2.53069444444443));
#12423=CARTESIAN_POINT('',(5.51215277777779,-2.48,2.53069444444443));
#12424=CARTESIAN_POINT('',(5.51215277777779,-2.5,2.53069444444443));
#12425=CARTESIAN_POINT('',(8.28145833333334,-2.48,2.53069444444443));
#12426=CARTESIAN_POINT('Origin',(5.51215277777779,-2.5,-7.50583333333334));
#12427=CARTESIAN_POINT('',(5.51215277777779,-2.48,-7.50583333333334));
#12428=CARTESIAN_POINT('',(5.51215277777779,-2.5,-7.50583333333334));
#12429=CARTESIAN_POINT('',(5.51215277777779,-2.48,2.53069444444443));
#12430=CARTESIAN_POINT('Origin',(1.61395833333334,-2.5,-7.50583333333334));
#12431=CARTESIAN_POINT('',(1.61395833333334,-2.48,-7.50583333333334));
#12432=CARTESIAN_POINT('',(1.61395833333334,-2.5,-7.50583333333334));
#12433=CARTESIAN_POINT('',(5.51215277777779,-2.48,-7.50583333333334));
#12434=CARTESIAN_POINT('Origin',(1.61395833333337,-2.5,-9.92236111111116));
#12435=CARTESIAN_POINT('',(1.61395833333334,-2.48,-7.50583333333334));
#12436=CARTESIAN_POINT('Origin',(6.89680555555557,-2.48,-3.69583333333336));
#12437=CARTESIAN_POINT('Ctrl Pts',(32.2350694444444,-2.5,20.7869444444444));
#12438=CARTESIAN_POINT('Ctrl Pts',(32.2350694444444,-2.48,20.7869444444444));
#12439=CARTESIAN_POINT('Ctrl Pts',(31.8352546296296,-2.5,21.2455555555556));
#12440=CARTESIAN_POINT('Ctrl Pts',(31.8352546296296,-2.48,21.2455555555556));
#12441=CARTESIAN_POINT('Ctrl Pts',(31.3913425925926,-2.5,21.6012731481482));
#12442=CARTESIAN_POINT('Ctrl Pts',(31.3913425925926,-2.48,21.6012731481482));
#12443=CARTESIAN_POINT('Ctrl Pts',(30.9033333333333,-2.5,21.8540972222222));
#12444=CARTESIAN_POINT('Ctrl Pts',(30.9033333333333,-2.48,21.8540972222222));
#12445=CARTESIAN_POINT('Ctrl Pts',(30.4153240740741,-2.5,22.1069212962963));
#12446=CARTESIAN_POINT('Ctrl Pts',(30.4153240740741,-2.48,22.1069212962963));
#12447=CARTESIAN_POINT('Ctrl Pts',(29.8479398148148,-2.5,22.2333333333334));
#12448=CARTESIAN_POINT('Ctrl Pts',(29.8479398148148,-2.48,22.2333333333334));
#12449=CARTESIAN_POINT('Ctrl Pts',(29.2011805555556,-2.5,22.2333333333333));
#12450=CARTESIAN_POINT('Ctrl Pts',(29.2011805555556,-2.48,22.2333333333333));
#12451=CARTESIAN_POINT('Ctrl Pts',(28.6132175925926,-2.5,22.2333333333333));
#12452=CARTESIAN_POINT('Ctrl Pts',(28.6132175925926,-2.48,22.2333333333333));
#12453=CARTESIAN_POINT('Ctrl Pts',(28.1575462962963,-2.5,22.1275));
#12454=CARTESIAN_POINT('Ctrl Pts',(28.1575462962963,-2.48,22.1275));
#12455=CARTESIAN_POINT('Ctrl Pts',(27.8341666666667,-2.5,21.9158333333333));
#12456=CARTESIAN_POINT('Ctrl Pts',(27.8341666666667,-2.48,21.9158333333333));
#12457=CARTESIAN_POINT('Ctrl Pts',(27.510787037037,-2.5,21.7041666666666));
#12458=CARTESIAN_POINT('Ctrl Pts',(27.510787037037,-2.48,21.7041666666666));
#12459=CARTESIAN_POINT('Ctrl Pts',(27.3490972222222,-2.5,21.4101851851852));
#12460=CARTESIAN_POINT('Ctrl Pts',(27.3490972222222,-2.48,21.4101851851852));
#12461=CARTESIAN_POINT('Ctrl Pts',(27.3490972222222,-2.5,21.0338888888889));
#12462=CARTESIAN_POINT('Ctrl Pts',(27.3490972222222,-2.48,21.0338888888889));
#12463=CARTESIAN_POINT('Ctrl Pts',(27.3490972222222,-2.5,20.6928703703704));
#12464=CARTESIAN_POINT('Ctrl Pts',(27.3490972222222,-2.48,20.6928703703704));
#12465=CARTESIAN_POINT('Ctrl Pts',(27.4549305555556,-2.5,20.4165277777778));
#12466=CARTESIAN_POINT('Ctrl Pts',(27.4549305555556,-2.48,20.4165277777778));
#12467=CARTESIAN_POINT('Ctrl Pts',(27.6665972222222,-2.5,20.2048611111111));
#12468=CARTESIAN_POINT('Ctrl Pts',(27.6665972222222,-2.48,20.2048611111111));
#12469=CARTESIAN_POINT('Ctrl Pts',(27.8782638888889,-2.5,19.9931944444444));
#12470=CARTESIAN_POINT('Ctrl Pts',(27.8782638888889,-2.48,19.9931944444444));
#12471=CARTESIAN_POINT('Ctrl Pts',(28.1575462962963,-2.5,19.8109259259259));
#12472=CARTESIAN_POINT('Ctrl Pts',(28.1575462962963,-2.48,19.8109259259259));
#12473=CARTESIAN_POINT('Ctrl Pts',(28.5044444444444,-2.5,19.6580555555555));
#12474=CARTESIAN_POINT('Ctrl Pts',(28.5044444444444,-2.48,19.6580555555555));
#12475=CARTESIAN_POINT('Ctrl Pts',(28.8513425925926,-2.5,19.5051851851852));
#12476=CARTESIAN_POINT('Ctrl Pts',(28.8513425925926,-2.48,19.5051851851852));
#12477=CARTESIAN_POINT('Ctrl Pts',(29.2335185185185,-2.5,19.3581944444444));
#12478=CARTESIAN_POINT('Ctrl Pts',(29.2335185185185,-2.48,19.3581944444444));
#12479=CARTESIAN_POINT('Ctrl Pts',(29.6509722222222,-2.5,19.2170833333333));
#12480=CARTESIAN_POINT('Ctrl Pts',(29.6509722222222,-2.48,19.2170833333333));
#12481=CARTESIAN_POINT('Ctrl Pts',(30.0684259259259,-2.5,19.0759722222222));
#12482=CARTESIAN_POINT('Ctrl Pts',(30.0684259259259,-2.48,19.0759722222222));
#12483=CARTESIAN_POINT('Ctrl Pts',(30.4829398148148,-2.5,18.9142824074074));
#12484=CARTESIAN_POINT('Ctrl Pts',(30.4829398148148,-2.48,18.9142824074074));
#12485=CARTESIAN_POINT('Ctrl Pts',(30.8945138888889,-2.5,18.7320138888889));
#12486=CARTESIAN_POINT('Ctrl Pts',(30.8945138888889,-2.48,18.7320138888889));
#12487=CARTESIAN_POINT('Ctrl Pts',(31.306087962963,-2.5,18.5497453703704));
#12488=CARTESIAN_POINT('Ctrl Pts',(31.306087962963,-2.48,18.5497453703704));
#12489=CARTESIAN_POINT('Ctrl Pts',(31.6853240740741,-2.5,18.3204398148148));
#12490=CARTESIAN_POINT('Ctrl Pts',(31.6853240740741,-2.48,18.3204398148148));
#12491=CARTESIAN_POINT('Ctrl Pts',(32.0322222222222,-2.5,18.0440972222222));
#12492=CARTESIAN_POINT('Ctrl Pts',(32.0322222222222,-2.48,18.0440972222222));
#12493=CARTESIAN_POINT('Ctrl Pts',(32.3791203703704,-2.5,17.7677546296296));
#12494=CARTESIAN_POINT('Ctrl Pts',(32.3791203703704,-2.48,17.7677546296296));
#12495=CARTESIAN_POINT('Ctrl Pts',(32.6584027777778,-2.5,17.4208564814814));
#12496=CARTESIAN_POINT('Ctrl Pts',(32.6584027777778,-2.48,17.4208564814814));
#12497=CARTESIAN_POINT('Ctrl Pts',(32.8700694444445,-2.5,17.0034027777778));
#12498=CARTESIAN_POINT('Ctrl Pts',(32.8700694444445,-2.48,17.0034027777778));
#12499=CARTESIAN_POINT('Ctrl Pts',(33.0817361111111,-2.5,16.5859490740741));
#12500=CARTESIAN_POINT('Ctrl Pts',(33.0817361111111,-2.48,16.5859490740741));
#12501=CARTESIAN_POINT('Ctrl Pts',(33.1875694444445,-2.5,16.0597222222222));
#12502=CARTESIAN_POINT('Ctrl Pts',(33.1875694444445,-2.48,16.0597222222222));
#12503=CARTESIAN_POINT('Ctrl Pts',(33.1875694444445,-2.5,15.4247222222222));
#12504=CARTESIAN_POINT('Ctrl Pts',(33.1875694444445,-2.48,15.4247222222222));
#12505=CARTESIAN_POINT('Ctrl Pts',(33.1875694444444,-2.5,14.6603703703703));
#12506=CARTESIAN_POINT('Ctrl Pts',(33.1875694444444,-2.48,14.6603703703703));
#12507=CARTESIAN_POINT('Ctrl Pts',(33.0023611111111,-2.5,14.0018518518518));
#12508=CARTESIAN_POINT('Ctrl Pts',(33.0023611111111,-2.48,14.0018518518518));
#12509=CARTESIAN_POINT('Ctrl Pts',(32.6319444444444,-2.5,13.4491666666666));
#12510=CARTESIAN_POINT('Ctrl Pts',(32.6319444444444,-2.48,13.4491666666666));
#12511=CARTESIAN_POINT('Ctrl Pts',(32.2615277777778,-2.5,12.8964814814814));
#12512=CARTESIAN_POINT('Ctrl Pts',(32.2615277777778,-2.48,12.8964814814814));
#12513=CARTESIAN_POINT('Ctrl Pts',(31.7470601851852,-2.5,12.4760879629629));
#12514=CARTESIAN_POINT('Ctrl Pts',(31.7470601851852,-2.48,12.4760879629629));
#12515=CARTESIAN_POINT('Ctrl Pts',(31.0885416666667,-2.5,12.1879861111111));
#12516=CARTESIAN_POINT('Ctrl Pts',(31.0885416666667,-2.48,12.1879861111111));
#12517=CARTESIAN_POINT('Ctrl Pts',(30.4300231481481,-2.5,11.8998842592592));
#12518=CARTESIAN_POINT('Ctrl Pts',(30.4300231481481,-2.48,11.8998842592592));
#12519=CARTESIAN_POINT('Ctrl Pts',(29.6715509259259,-2.5,11.7558333333333));
#12520=CARTESIAN_POINT('Ctrl Pts',(29.6715509259259,-2.48,11.7558333333333));
#12521=CARTESIAN_POINT('Ctrl Pts',(28.813125,-2.5,11.7558333333333));
#12522=CARTESIAN_POINT('Ctrl Pts',(28.813125,-2.48,11.7558333333333));
#12523=CARTESIAN_POINT('Ctrl Pts',(27.9429398148148,-2.5,11.7558333333333));
#12524=CARTESIAN_POINT('Ctrl Pts',(27.9429398148148,-2.48,11.7558333333333));
#12525=CARTESIAN_POINT('Ctrl Pts',(27.14625,-2.5,11.9087037037037));
#12526=CARTESIAN_POINT('Ctrl Pts',(27.14625,-2.48,11.9087037037037));
#12527=CARTESIAN_POINT('Ctrl Pts',(26.4230555555555,-2.5,12.2144444444444));
#12528=CARTESIAN_POINT('Ctrl Pts',(26.4230555555555,-2.48,12.2144444444444));
#12529=CARTESIAN_POINT('Ctrl Pts',(25.6998611111111,-2.5,12.5201851851851));
#12530=CARTESIAN_POINT('Ctrl Pts',(25.6998611111111,-2.48,12.5201851851851));
#12531=CARTESIAN_POINT('Ctrl Pts',(25.1030787037037,-2.5,12.9376388888889));
#12532=CARTESIAN_POINT('Ctrl Pts',(25.1030787037037,-2.48,12.9376388888889));
#12533=CARTESIAN_POINT('Ctrl Pts',(24.6327083333333,-2.5,13.4668055555555));
#12534=CARTESIAN_POINT('Ctrl Pts',(24.6327083333333,-2.48,13.4668055555555));
#12535=CARTESIAN_POINT('',(32.2350694444444,-2.48,20.7869444444444));
#12536=CARTESIAN_POINT('',(32.2350694444444,-2.5,20.7869444444444));
#12537=CARTESIAN_POINT('',(24.6327083333333,-2.48,13.4668055555555));
#12538=CARTESIAN_POINT('Ctrl Pts',(32.2350694444444,-2.48,20.7869444444444));
#12539=CARTESIAN_POINT('Ctrl Pts',(31.8352546296296,-2.48,21.2455555555556));
#12540=CARTESIAN_POINT('Ctrl Pts',(31.3913425925926,-2.48,21.6012731481482));
#12541=CARTESIAN_POINT('Ctrl Pts',(30.9033333333333,-2.48,21.8540972222222));
#12542=CARTESIAN_POINT('Ctrl Pts',(30.4153240740741,-2.48,22.1069212962963));
#12543=CARTESIAN_POINT('Ctrl Pts',(29.8479398148148,-2.48,22.2333333333334));
#12544=CARTESIAN_POINT('Ctrl Pts',(29.2011805555556,-2.48,22.2333333333333));
#12545=CARTESIAN_POINT('Ctrl Pts',(28.6132175925926,-2.48,22.2333333333333));
#12546=CARTESIAN_POINT('Ctrl Pts',(28.1575462962963,-2.48,22.1275));
#12547=CARTESIAN_POINT('Ctrl Pts',(27.8341666666667,-2.48,21.9158333333333));
#12548=CARTESIAN_POINT('Ctrl Pts',(27.510787037037,-2.48,21.7041666666666));
#12549=CARTESIAN_POINT('Ctrl Pts',(27.3490972222222,-2.48,21.4101851851852));
#12550=CARTESIAN_POINT('Ctrl Pts',(27.3490972222222,-2.48,21.0338888888889));
#12551=CARTESIAN_POINT('Ctrl Pts',(27.3490972222222,-2.48,20.6928703703704));
#12552=CARTESIAN_POINT('Ctrl Pts',(27.4549305555556,-2.48,20.4165277777778));
#12553=CARTESIAN_POINT('Ctrl Pts',(27.6665972222222,-2.48,20.2048611111111));
#12554=CARTESIAN_POINT('Ctrl Pts',(27.8782638888889,-2.48,19.9931944444444));
#12555=CARTESIAN_POINT('Ctrl Pts',(28.1575462962963,-2.48,19.8109259259259));
#12556=CARTESIAN_POINT('Ctrl Pts',(28.5044444444444,-2.48,19.6580555555555));
#12557=CARTESIAN_POINT('Ctrl Pts',(28.8513425925926,-2.48,19.5051851851852));
#12558=CARTESIAN_POINT('Ctrl Pts',(29.2335185185185,-2.48,19.3581944444444));
#12559=CARTESIAN_POINT('Ctrl Pts',(29.6509722222222,-2.48,19.2170833333333));
#12560=CARTESIAN_POINT('Ctrl Pts',(30.0684259259259,-2.48,19.0759722222222));
#12561=CARTESIAN_POINT('Ctrl Pts',(30.4829398148148,-2.48,18.9142824074074));
#12562=CARTESIAN_POINT('Ctrl Pts',(30.8945138888889,-2.48,18.7320138888889));
#12563=CARTESIAN_POINT('Ctrl Pts',(31.306087962963,-2.48,18.5497453703704));
#12564=CARTESIAN_POINT('Ctrl Pts',(31.6853240740741,-2.48,18.3204398148148));
#12565=CARTESIAN_POINT('Ctrl Pts',(32.0322222222222,-2.48,18.0440972222222));
#12566=CARTESIAN_POINT('Ctrl Pts',(32.3791203703704,-2.48,17.7677546296296));
#12567=CARTESIAN_POINT('Ctrl Pts',(32.6584027777778,-2.48,17.4208564814814));
#12568=CARTESIAN_POINT('Ctrl Pts',(32.8700694444445,-2.48,17.0034027777778));
#12569=CARTESIAN_POINT('Ctrl Pts',(33.0817361111111,-2.48,16.5859490740741));
#12570=CARTESIAN_POINT('Ctrl Pts',(33.1875694444445,-2.48,16.0597222222222));
#12571=CARTESIAN_POINT('Ctrl Pts',(33.1875694444445,-2.48,15.4247222222222));
#12572=CARTESIAN_POINT('Ctrl Pts',(33.1875694444444,-2.48,14.6603703703703));
#12573=CARTESIAN_POINT('Ctrl Pts',(33.0023611111111,-2.48,14.0018518518518));
#12574=CARTESIAN_POINT('Ctrl Pts',(32.6319444444444,-2.48,13.4491666666666));
#12575=CARTESIAN_POINT('Ctrl Pts',(32.2615277777778,-2.48,12.8964814814814));
#12576=CARTESIAN_POINT('Ctrl Pts',(31.7470601851852,-2.48,12.4760879629629));
#12577=CARTESIAN_POINT('Ctrl Pts',(31.0885416666667,-2.48,12.1879861111111));
#12578=CARTESIAN_POINT('Ctrl Pts',(30.4300231481481,-2.48,11.8998842592592));
#12579=CARTESIAN_POINT('Ctrl Pts',(29.6715509259259,-2.48,11.7558333333333));
#12580=CARTESIAN_POINT('Ctrl Pts',(28.813125,-2.48,11.7558333333333));
#12581=CARTESIAN_POINT('Ctrl Pts',(27.9429398148148,-2.48,11.7558333333333));
#12582=CARTESIAN_POINT('Ctrl Pts',(27.14625,-2.48,11.9087037037037));
#12583=CARTESIAN_POINT('Ctrl Pts',(26.4230555555555,-2.48,12.2144444444444));
#12584=CARTESIAN_POINT('Ctrl Pts',(25.6998611111111,-2.48,12.5201851851851));
#12585=CARTESIAN_POINT('Ctrl Pts',(25.1030787037037,-2.48,12.9376388888889));
#12586=CARTESIAN_POINT('Ctrl Pts',(24.6327083333333,-2.48,13.4668055555555));
#12587=CARTESIAN_POINT('',(24.6327083333333,-2.5,13.4668055555555));
#12588=CARTESIAN_POINT('Origin',(34.0342361111111,-2.5,22.5684722222222));
#12589=CARTESIAN_POINT('',(34.0342361111111,-2.48,22.5684722222222));
#12590=CARTESIAN_POINT('',(34.0342361111111,-2.5,22.5684722222222));
#12591=CARTESIAN_POINT('',(32.2350694444444,-2.48,20.7869444444444));
#12592=CARTESIAN_POINT('Ctrl Pts',(29.3775694444445,-2.5,24.5969444444444));
#12593=CARTESIAN_POINT('Ctrl Pts',(29.3775694444445,-2.48,24.5969444444444));
#12594=CARTESIAN_POINT('Ctrl Pts',(30.400625,-2.5,24.5969444444444));
#12595=CARTESIAN_POINT('Ctrl Pts',(30.400625,-2.48,24.5969444444444));
#12596=CARTESIAN_POINT('Ctrl Pts',(31.2796296296296,-2.5,24.429375));
#12597=CARTESIAN_POINT('Ctrl Pts',(31.2796296296296,-2.48,24.429375));
#12598=CARTESIAN_POINT('Ctrl Pts',(32.0145833333333,-2.5,24.0942361111111));
#12599=CARTESIAN_POINT('Ctrl Pts',(32.0145833333333,-2.48,24.0942361111111));
#12600=CARTESIAN_POINT('Ctrl Pts',(32.749537037037,-2.5,23.7590972222222));
#12601=CARTESIAN_POINT('Ctrl Pts',(32.749537037037,-2.48,23.7590972222222));
#12602=CARTESIAN_POINT('Ctrl Pts',(33.4227546296296,-2.5,23.2505092592592));
#12603=CARTESIAN_POINT('Ctrl Pts',(33.4227546296296,-2.48,23.2505092592592));
#12604=CARTESIAN_POINT('Ctrl Pts',(34.0342361111111,-2.5,22.5684722222222));
#12605=CARTESIAN_POINT('Ctrl Pts',(34.0342361111111,-2.48,22.5684722222222));
#12606=CARTESIAN_POINT('',(29.3775694444445,-2.48,24.5969444444444));
#12607=CARTESIAN_POINT('',(29.3775694444445,-2.5,24.5969444444444));
#12608=CARTESIAN_POINT('Ctrl Pts',(29.3775694444445,-2.48,24.5969444444444));
#12609=CARTESIAN_POINT('Ctrl Pts',(30.400625,-2.48,24.5969444444444));
#12610=CARTESIAN_POINT('Ctrl Pts',(31.2796296296296,-2.48,24.429375));
#12611=CARTESIAN_POINT('Ctrl Pts',(32.0145833333333,-2.48,24.0942361111111));
#12612=CARTESIAN_POINT('Ctrl Pts',(32.749537037037,-2.48,23.7590972222222));
#12613=CARTESIAN_POINT('Ctrl Pts',(33.4227546296296,-2.48,23.2505092592592));
#12614=CARTESIAN_POINT('Ctrl Pts',(34.0342361111111,-2.48,22.5684722222222));
#12615=CARTESIAN_POINT('Ctrl Pts',(26.431875,-2.5,15.2483333333333));
#12616=CARTESIAN_POINT('Ctrl Pts',(26.431875,-2.48,15.2483333333333));
#12617=CARTESIAN_POINT('Ctrl Pts',(26.8081712962963,-2.5,14.8602777777777));
#12618=CARTESIAN_POINT('Ctrl Pts',(26.8081712962963,-2.48,14.8602777777777));
#12619=CARTESIAN_POINT('Ctrl Pts',(27.1874074074074,-2.5,14.5721759259259));
#12620=CARTESIAN_POINT('Ctrl Pts',(27.1874074074074,-2.48,14.5721759259259));
#12621=CARTESIAN_POINT('Ctrl Pts',(27.5695833333333,-2.5,14.3840277777777));
#12622=CARTESIAN_POINT('Ctrl Pts',(27.5695833333333,-2.48,14.3840277777777));
#12623=CARTESIAN_POINT('Ctrl Pts',(27.9517592592592,-2.5,14.1958796296296));
#12624=CARTESIAN_POINT('Ctrl Pts',(27.9517592592592,-2.48,14.1958796296296));
#12625=CARTESIAN_POINT('Ctrl Pts',(28.383912037037,-2.5,14.1018055555555));
#12626=CARTESIAN_POINT('Ctrl Pts',(28.383912037037,-2.48,14.1018055555555));
#12627=CARTESIAN_POINT('Ctrl Pts',(28.8660416666667,-2.5,14.1018055555555));
#12628=CARTESIAN_POINT('Ctrl Pts',(28.8660416666667,-2.48,14.1018055555555));
#12629=CARTESIAN_POINT('Ctrl Pts',(29.3481712962963,-2.5,14.1018055555555));
#12630=CARTESIAN_POINT('Ctrl Pts',(29.3481712962963,-2.48,14.1018055555555));
#12631=CARTESIAN_POINT('Ctrl Pts',(29.7303472222222,-2.5,14.1929398148148));
#12632=CARTESIAN_POINT('Ctrl Pts',(29.7303472222222,-2.48,14.1929398148148));
#12633=CARTESIAN_POINT('Ctrl Pts',(30.0125694444445,-2.5,14.3752083333333));
#12634=CARTESIAN_POINT('Ctrl Pts',(30.0125694444445,-2.48,14.3752083333333));
#12635=CARTESIAN_POINT('Ctrl Pts',(30.2947916666667,-2.5,14.5574768518519));
#12636=CARTESIAN_POINT('Ctrl Pts',(30.2947916666667,-2.48,14.5574768518519));
#12637=CARTESIAN_POINT('Ctrl Pts',(30.4359027777777,-2.5,14.8191203703703));
#12638=CARTESIAN_POINT('Ctrl Pts',(30.4359027777777,-2.48,14.8191203703703));
#12639=CARTESIAN_POINT('Ctrl Pts',(30.4359027777778,-2.5,15.1601388888888));
#12640=CARTESIAN_POINT('Ctrl Pts',(30.4359027777778,-2.48,15.1601388888888));
#12641=CARTESIAN_POINT('Ctrl Pts',(30.4359027777778,-2.5,15.4776388888888));
#12642=CARTESIAN_POINT('Ctrl Pts',(30.4359027777778,-2.48,15.4776388888888));
#12643=CARTESIAN_POINT('Ctrl Pts',(30.3300694444445,-2.5,15.7334027777777));
#12644=CARTESIAN_POINT('Ctrl Pts',(30.3300694444445,-2.48,15.7334027777777));
#12645=CARTESIAN_POINT('Ctrl Pts',(30.1184027777778,-2.5,15.9274305555555));
#12646=CARTESIAN_POINT('Ctrl Pts',(30.1184027777778,-2.48,15.9274305555555));
#12647=CARTESIAN_POINT('Ctrl Pts',(29.9067361111111,-2.5,16.1214583333333));
#12648=CARTESIAN_POINT('Ctrl Pts',(29.9067361111111,-2.48,16.1214583333333));
#12649=CARTESIAN_POINT('Ctrl Pts',(29.6274537037037,-2.5,16.2890277777777));
#12650=CARTESIAN_POINT('Ctrl Pts',(29.6274537037037,-2.48,16.2890277777777));
#12651=CARTESIAN_POINT('Ctrl Pts',(29.2805555555556,-2.5,16.4301388888888));
#12652=CARTESIAN_POINT('Ctrl Pts',(29.2805555555556,-2.48,16.4301388888888));
#12653=CARTESIAN_POINT('Ctrl Pts',(28.9336574074074,-2.5,16.57125));
#12654=CARTESIAN_POINT('Ctrl Pts',(28.9336574074074,-2.48,16.57125));
#12655=CARTESIAN_POINT('Ctrl Pts',(28.5514814814815,-2.5,16.7123611111111));
#12656=CARTESIAN_POINT('Ctrl Pts',(28.5514814814815,-2.48,16.7123611111111));
#12657=CARTESIAN_POINT('Ctrl Pts',(28.1340277777778,-2.5,16.8534722222222));
#12658=CARTESIAN_POINT('Ctrl Pts',(28.1340277777778,-2.48,16.8534722222222));
#12659=CARTESIAN_POINT('Ctrl Pts',(27.7165740740741,-2.5,16.9945833333333));
#12660=CARTESIAN_POINT('Ctrl Pts',(27.7165740740741,-2.48,16.9945833333333));
#12661=CARTESIAN_POINT('Ctrl Pts',(27.3020601851852,-2.5,17.1592129629629));
#12662=CARTESIAN_POINT('Ctrl Pts',(27.3020601851852,-2.48,17.1592129629629));
#12663=CARTESIAN_POINT('Ctrl Pts',(26.8904861111111,-2.5,17.3473611111111));
#12664=CARTESIAN_POINT('Ctrl Pts',(26.8904861111111,-2.48,17.3473611111111));
#12665=CARTESIAN_POINT('Ctrl Pts',(26.478912037037,-2.5,17.5355092592592));
#12666=CARTESIAN_POINT('Ctrl Pts',(26.478912037037,-2.48,17.5355092592592));
#12667=CARTESIAN_POINT('Ctrl Pts',(26.0996759259259,-2.5,17.7736342592592));
#12668=CARTESIAN_POINT('Ctrl Pts',(26.0996759259259,-2.48,17.7736342592592));
#12669=CARTESIAN_POINT('Ctrl Pts',(25.7527777777778,-2.5,18.0617361111111));
#12670=CARTESIAN_POINT('Ctrl Pts',(25.7527777777778,-2.48,18.0617361111111));
#12671=CARTESIAN_POINT('Ctrl Pts',(25.4058796296297,-2.5,18.349837962963));
#12672=CARTESIAN_POINT('Ctrl Pts',(25.4058796296297,-2.48,18.349837962963));
#12673=CARTESIAN_POINT('Ctrl Pts',(25.1265972222222,-2.5,18.714375));
#12674=CARTESIAN_POINT('Ctrl Pts',(25.1265972222222,-2.48,18.714375));
#12675=CARTESIAN_POINT('Ctrl Pts',(24.9149305555555,-2.5,19.1553472222222));
#12676=CARTESIAN_POINT('Ctrl Pts',(24.9149305555555,-2.48,19.1553472222222));
#12677=CARTESIAN_POINT('Ctrl Pts',(24.7032638888889,-2.5,19.5963194444445));
#12678=CARTESIAN_POINT('Ctrl Pts',(24.7032638888889,-2.48,19.5963194444445));
#12679=CARTESIAN_POINT('Ctrl Pts',(24.5974305555555,-2.5,20.1401851851852));
#12680=CARTESIAN_POINT('Ctrl Pts',(24.5974305555555,-2.48,20.1401851851852));
#12681=CARTESIAN_POINT('Ctrl Pts',(24.5974305555555,-2.5,20.7869444444444));
#12682=CARTESIAN_POINT('Ctrl Pts',(24.5974305555555,-2.48,20.7869444444444));
#12683=CARTESIAN_POINT('Ctrl Pts',(24.5974305555555,-2.5,21.9746296296296));
#12684=CARTESIAN_POINT('Ctrl Pts',(24.5974305555555,-2.48,21.9746296296296));
#12685=CARTESIAN_POINT('Ctrl Pts',(25.0207638888889,-2.5,22.9065509259259));
#12686=CARTESIAN_POINT('Ctrl Pts',(25.0207638888889,-2.48,22.9065509259259));
#12687=CARTESIAN_POINT('Ctrl Pts',(25.8674305555555,-2.5,23.5827083333333));
#12688=CARTESIAN_POINT('Ctrl Pts',(25.8674305555555,-2.48,23.5827083333333));
#12689=CARTESIAN_POINT('Ctrl Pts',(26.7140972222222,-2.5,24.2588657407407));
#12690=CARTESIAN_POINT('Ctrl Pts',(26.7140972222222,-2.48,24.2588657407407));
#12691=CARTESIAN_POINT('Ctrl Pts',(27.8841435185185,-2.5,24.5969444444444));
#12692=CARTESIAN_POINT('Ctrl Pts',(27.8841435185185,-2.48,24.5969444444444));
#12693=CARTESIAN_POINT('Ctrl Pts',(29.3775694444445,-2.5,24.5969444444444));
#12694=CARTESIAN_POINT('Ctrl Pts',(29.3775694444445,-2.48,24.5969444444444));
#12695=CARTESIAN_POINT('',(26.431875,-2.48,15.2483333333333));
#12696=CARTESIAN_POINT('',(26.431875,-2.5,15.2483333333333));
#12697=CARTESIAN_POINT('Ctrl Pts',(26.431875,-2.48,15.2483333333333));
#12698=CARTESIAN_POINT('Ctrl Pts',(26.8081712962963,-2.48,14.8602777777777));
#12699=CARTESIAN_POINT('Ctrl Pts',(27.1874074074074,-2.48,14.5721759259259));
#12700=CARTESIAN_POINT('Ctrl Pts',(27.5695833333333,-2.48,14.3840277777777));
#12701=CARTESIAN_POINT('Ctrl Pts',(27.9517592592592,-2.48,14.1958796296296));
#12702=CARTESIAN_POINT('Ctrl Pts',(28.383912037037,-2.48,14.1018055555555));
#12703=CARTESIAN_POINT('Ctrl Pts',(28.8660416666667,-2.48,14.1018055555555));
#12704=CARTESIAN_POINT('Ctrl Pts',(29.3481712962963,-2.48,14.1018055555555));
#12705=CARTESIAN_POINT('Ctrl Pts',(29.7303472222222,-2.48,14.1929398148148));
#12706=CARTESIAN_POINT('Ctrl Pts',(30.0125694444445,-2.48,14.3752083333333));
#12707=CARTESIAN_POINT('Ctrl Pts',(30.2947916666667,-2.48,14.5574768518519));
#12708=CARTESIAN_POINT('Ctrl Pts',(30.4359027777777,-2.48,14.8191203703703));
#12709=CARTESIAN_POINT('Ctrl Pts',(30.4359027777778,-2.48,15.1601388888888));
#12710=CARTESIAN_POINT('Ctrl Pts',(30.4359027777778,-2.48,15.4776388888888));
#12711=CARTESIAN_POINT('Ctrl Pts',(30.3300694444445,-2.48,15.7334027777777));
#12712=CARTESIAN_POINT('Ctrl Pts',(30.1184027777778,-2.48,15.9274305555555));
#12713=CARTESIAN_POINT('Ctrl Pts',(29.9067361111111,-2.48,16.1214583333333));
#12714=CARTESIAN_POINT('Ctrl Pts',(29.6274537037037,-2.48,16.2890277777777));
#12715=CARTESIAN_POINT('Ctrl Pts',(29.2805555555556,-2.48,16.4301388888888));
#12716=CARTESIAN_POINT('Ctrl Pts',(28.9336574074074,-2.48,16.57125));
#12717=CARTESIAN_POINT('Ctrl Pts',(28.5514814814815,-2.48,16.7123611111111));
#12718=CARTESIAN_POINT('Ctrl Pts',(28.1340277777778,-2.48,16.8534722222222));
#12719=CARTESIAN_POINT('Ctrl Pts',(27.7165740740741,-2.48,16.9945833333333));
#12720=CARTESIAN_POINT('Ctrl Pts',(27.3020601851852,-2.48,17.1592129629629));
#12721=CARTESIAN_POINT('Ctrl Pts',(26.8904861111111,-2.48,17.3473611111111));
#12722=CARTESIAN_POINT('Ctrl Pts',(26.478912037037,-2.48,17.5355092592592));
#12723=CARTESIAN_POINT('Ctrl Pts',(26.0996759259259,-2.48,17.7736342592592));
#12724=CARTESIAN_POINT('Ctrl Pts',(25.7527777777778,-2.48,18.0617361111111));
#12725=CARTESIAN_POINT('Ctrl Pts',(25.4058796296297,-2.48,18.349837962963));
#12726=CARTESIAN_POINT('Ctrl Pts',(25.1265972222222,-2.48,18.714375));
#12727=CARTESIAN_POINT('Ctrl Pts',(24.9149305555555,-2.48,19.1553472222222));
#12728=CARTESIAN_POINT('Ctrl Pts',(24.7032638888889,-2.48,19.5963194444445));
#12729=CARTESIAN_POINT('Ctrl Pts',(24.5974305555555,-2.48,20.1401851851852));
#12730=CARTESIAN_POINT('Ctrl Pts',(24.5974305555555,-2.48,20.7869444444444));
#12731=CARTESIAN_POINT('Ctrl Pts',(24.5974305555555,-2.48,21.9746296296296));
#12732=CARTESIAN_POINT('Ctrl Pts',(25.0207638888889,-2.48,22.9065509259259));
#12733=CARTESIAN_POINT('Ctrl Pts',(25.8674305555555,-2.48,23.5827083333333));
#12734=CARTESIAN_POINT('Ctrl Pts',(26.7140972222222,-2.48,24.2588657407407));
#12735=CARTESIAN_POINT('Ctrl Pts',(27.8841435185185,-2.48,24.5969444444444));
#12736=CARTESIAN_POINT('Ctrl Pts',(29.3775694444445,-2.48,24.5969444444444));
#12737=CARTESIAN_POINT('Origin',(24.6327083333333,-2.5,13.4668055555555));
#12738=CARTESIAN_POINT('',(26.431875,-2.48,15.2483333333333));
#12739=CARTESIAN_POINT('Origin',(29.3158333333333,-2.48,18.1763888888889));
#12740=CARTESIAN_POINT('Ctrl Pts',(-19.1822916666666,-2.5,15.4070833333333));
#12741=CARTESIAN_POINT('Ctrl Pts',(-19.1822916666666,-2.48,15.4070833333333));
#12742=CARTESIAN_POINT('Ctrl Pts',(-18.8530324074074,-2.5,15.0543055555555));
#12743=CARTESIAN_POINT('Ctrl Pts',(-18.8530324074074,-2.48,15.0543055555555));
#12744=CARTESIAN_POINT('Ctrl Pts',(-18.4561574074074,-2.5,14.7779629629629));
#12745=CARTESIAN_POINT('Ctrl Pts',(-18.4561574074074,-2.48,14.7779629629629));
#12746=CARTESIAN_POINT('Ctrl Pts',(-17.9916666666667,-2.5,14.5780555555555));
#12747=CARTESIAN_POINT('Ctrl Pts',(-17.9916666666667,-2.48,14.5780555555555));
#12748=CARTESIAN_POINT('Ctrl Pts',(-17.5271759259259,-2.5,14.3781481481481));
#12749=CARTESIAN_POINT('Ctrl Pts',(-17.5271759259259,-2.48,14.3781481481481));
#12750=CARTESIAN_POINT('Ctrl Pts',(-16.9891898148148,-2.5,14.2781944444444));
#12751=CARTESIAN_POINT('Ctrl Pts',(-16.9891898148148,-2.48,14.2781944444444));
#12752=CARTESIAN_POINT('Ctrl Pts',(-16.3777083333333,-2.5,14.2781944444444));
#12753=CARTESIAN_POINT('Ctrl Pts',(-16.3777083333333,-2.48,14.2781944444444));
#12754=CARTESIAN_POINT('Ctrl Pts',(-15.8367824074074,-2.5,14.2781944444444));
#12755=CARTESIAN_POINT('Ctrl Pts',(-15.8367824074074,-2.48,14.2781944444444));
#12756=CARTESIAN_POINT('Ctrl Pts',(-15.3399537037037,-2.5,14.3693287037037));
#12757=CARTESIAN_POINT('Ctrl Pts',(-15.3399537037037,-2.48,14.3693287037037));
#12758=CARTESIAN_POINT('Ctrl Pts',(-14.8872222222222,-2.5,14.5515972222222));
#12759=CARTESIAN_POINT('Ctrl Pts',(-14.8872222222222,-2.48,14.5515972222222));
#12760=CARTESIAN_POINT('Ctrl Pts',(-14.4344907407407,-2.5,14.7338657407407));
#12761=CARTESIAN_POINT('Ctrl Pts',(-14.4344907407407,-2.48,14.7338657407407));
#12762=CARTESIAN_POINT('Ctrl Pts',(-14.0464351851852,-2.5,14.9955092592592));
#12763=CARTESIAN_POINT('Ctrl Pts',(-14.0464351851852,-2.48,14.9955092592592));
#12764=CARTESIAN_POINT('Ctrl Pts',(-13.7230555555555,-2.5,15.3365277777777));
#12765=CARTESIAN_POINT('Ctrl Pts',(-13.7230555555555,-2.48,15.3365277777777));
#12766=CARTESIAN_POINT('Ctrl Pts',(-13.3996759259258,-2.5,15.6775462962962));
#12767=CARTESIAN_POINT('Ctrl Pts',(-13.3996759259258,-2.48,15.6775462962962));
#12768=CARTESIAN_POINT('Ctrl Pts',(-13.1468518518518,-2.5,16.0891203703703));
#12769=CARTESIAN_POINT('Ctrl Pts',(-13.1468518518518,-2.48,16.0891203703703));
#12770=CARTESIAN_POINT('Ctrl Pts',(-12.9645833333333,-2.5,16.57125));
#12771=CARTESIAN_POINT('Ctrl Pts',(-12.9645833333333,-2.48,16.57125));
#12772=CARTESIAN_POINT('Ctrl Pts',(-12.7823148148148,-2.5,17.0533796296296));
#12773=CARTESIAN_POINT('Ctrl Pts',(-12.7823148148148,-2.48,17.0533796296296));
#12774=CARTESIAN_POINT('Ctrl Pts',(-12.6911805555555,-2.5,17.5825462962963));
#12775=CARTESIAN_POINT('Ctrl Pts',(-12.6911805555555,-2.48,17.5825462962963));
#12776=CARTESIAN_POINT('Ctrl Pts',(-12.6911805555555,-2.5,18.1587499999999));
#12777=CARTESIAN_POINT('Ctrl Pts',(-12.6911805555555,-2.48,18.1587499999999));
#12778=CARTESIAN_POINT('Ctrl Pts',(-12.6911805555555,-2.5,18.7467129629629));
#12779=CARTESIAN_POINT('Ctrl Pts',(-12.6911805555555,-2.48,18.7467129629629));
#12780=CARTESIAN_POINT('Ctrl Pts',(-12.7823148148148,-2.5,19.2817592592592));
#12781=CARTESIAN_POINT('Ctrl Pts',(-12.7823148148148,-2.48,19.2817592592592));
#12782=CARTESIAN_POINT('Ctrl Pts',(-12.9645833333333,-2.5,19.7638888888889));
#12783=CARTESIAN_POINT('Ctrl Pts',(-12.9645833333333,-2.48,19.7638888888889));
#12784=CARTESIAN_POINT('Ctrl Pts',(-13.1468518518519,-2.5,20.2460185185185));
#12785=CARTESIAN_POINT('Ctrl Pts',(-13.1468518518519,-2.48,20.2460185185185));
#12786=CARTESIAN_POINT('Ctrl Pts',(-13.3996759259259,-2.5,20.6575925925926));
#12787=CARTESIAN_POINT('Ctrl Pts',(-13.3996759259259,-2.48,20.6575925925926));
#12788=CARTESIAN_POINT('Ctrl Pts',(-13.7230555555555,-2.5,20.9986111111111));
#12789=CARTESIAN_POINT('Ctrl Pts',(-13.7230555555555,-2.48,20.9986111111111));
#12790=CARTESIAN_POINT('Ctrl Pts',(-14.0464351851851,-2.5,21.3396296296297));
#12791=CARTESIAN_POINT('Ctrl Pts',(-14.0464351851851,-2.48,21.3396296296297));
#12792=CARTESIAN_POINT('Ctrl Pts',(-14.4344907407407,-2.5,21.604212962963));
#12793=CARTESIAN_POINT('Ctrl Pts',(-14.4344907407407,-2.48,21.604212962963));
#12794=CARTESIAN_POINT('Ctrl Pts',(-14.8872222222222,-2.5,21.7923611111111));
#12795=CARTESIAN_POINT('Ctrl Pts',(-14.8872222222222,-2.48,21.7923611111111));
#12796=CARTESIAN_POINT('Ctrl Pts',(-15.3399537037037,-2.5,21.9805092592592));
#12797=CARTESIAN_POINT('Ctrl Pts',(-15.3399537037037,-2.48,21.9805092592592));
#12798=CARTESIAN_POINT('Ctrl Pts',(-15.8367824074074,-2.5,22.0745833333333));
#12799=CARTESIAN_POINT('Ctrl Pts',(-15.8367824074074,-2.48,22.0745833333333));
#12800=CARTESIAN_POINT('Ctrl Pts',(-16.3777083333333,-2.5,22.0745833333333));
#12801=CARTESIAN_POINT('Ctrl Pts',(-16.3777083333333,-2.48,22.0745833333333));
#12802=CARTESIAN_POINT('Ctrl Pts',(-17.0127083333333,-2.5,22.0745833333333));
#12803=CARTESIAN_POINT('Ctrl Pts',(-17.0127083333333,-2.48,22.0745833333333));
#12804=CARTESIAN_POINT('Ctrl Pts',(-17.5653935185185,-2.5,21.9746296296296));
#12805=CARTESIAN_POINT('Ctrl Pts',(-17.5653935185185,-2.48,21.9746296296296));
#12806=CARTESIAN_POINT('Ctrl Pts',(-18.0357638888889,-2.5,21.7747222222223));
#12807=CARTESIAN_POINT('Ctrl Pts',(-18.0357638888889,-2.48,21.7747222222223));
#12808=CARTESIAN_POINT('Ctrl Pts',(-18.5061342592593,-2.5,21.5748148148149));
#12809=CARTESIAN_POINT('Ctrl Pts',(-18.5061342592593,-2.48,21.5748148148149));
#12810=CARTESIAN_POINT('Ctrl Pts',(-18.9118287037037,-2.5,21.2984722222222));
#12811=CARTESIAN_POINT('Ctrl Pts',(-18.9118287037037,-2.48,21.2984722222222));
#12812=CARTESIAN_POINT('Ctrl Pts',(-19.2528472222222,-2.5,20.9456944444444));
#12813=CARTESIAN_POINT('Ctrl Pts',(-19.2528472222222,-2.48,20.9456944444444));
#12814=CARTESIAN_POINT('',(-19.1822916666666,-2.48,15.4070833333333));
#12815=CARTESIAN_POINT('',(-19.1822916666666,-2.5,15.4070833333333));
#12816=CARTESIAN_POINT('',(-19.2528472222222,-2.48,20.9456944444444));
#12817=CARTESIAN_POINT('Ctrl Pts',(-19.1822916666666,-2.48,15.4070833333333));
#12818=CARTESIAN_POINT('Ctrl Pts',(-18.8530324074074,-2.48,15.0543055555555));
#12819=CARTESIAN_POINT('Ctrl Pts',(-18.4561574074074,-2.48,14.7779629629629));
#12820=CARTESIAN_POINT('Ctrl Pts',(-17.9916666666667,-2.48,14.5780555555555));
#12821=CARTESIAN_POINT('Ctrl Pts',(-17.5271759259259,-2.48,14.3781481481481));
#12822=CARTESIAN_POINT('Ctrl Pts',(-16.9891898148148,-2.48,14.2781944444444));
#12823=CARTESIAN_POINT('Ctrl Pts',(-16.3777083333333,-2.48,14.2781944444444));
#12824=CARTESIAN_POINT('Ctrl Pts',(-15.8367824074074,-2.48,14.2781944444444));
#12825=CARTESIAN_POINT('Ctrl Pts',(-15.3399537037037,-2.48,14.3693287037037));
#12826=CARTESIAN_POINT('Ctrl Pts',(-14.8872222222222,-2.48,14.5515972222222));
#12827=CARTESIAN_POINT('Ctrl Pts',(-14.4344907407407,-2.48,14.7338657407407));
#12828=CARTESIAN_POINT('Ctrl Pts',(-14.0464351851852,-2.48,14.9955092592592));
#12829=CARTESIAN_POINT('Ctrl Pts',(-13.7230555555555,-2.48,15.3365277777777));
#12830=CARTESIAN_POINT('Ctrl Pts',(-13.3996759259258,-2.48,15.6775462962962));
#12831=CARTESIAN_POINT('Ctrl Pts',(-13.1468518518518,-2.48,16.0891203703703));
#12832=CARTESIAN_POINT('Ctrl Pts',(-12.9645833333333,-2.48,16.57125));
#12833=CARTESIAN_POINT('Ctrl Pts',(-12.7823148148148,-2.48,17.0533796296296));
#12834=CARTESIAN_POINT('Ctrl Pts',(-12.6911805555555,-2.48,17.5825462962963));
#12835=CARTESIAN_POINT('Ctrl Pts',(-12.6911805555555,-2.48,18.1587499999999));
#12836=CARTESIAN_POINT('Ctrl Pts',(-12.6911805555555,-2.48,18.7467129629629));
#12837=CARTESIAN_POINT('Ctrl Pts',(-12.7823148148148,-2.48,19.2817592592592));
#12838=CARTESIAN_POINT('Ctrl Pts',(-12.9645833333333,-2.48,19.7638888888889));
#12839=CARTESIAN_POINT('Ctrl Pts',(-13.1468518518519,-2.48,20.2460185185185));
#12840=CARTESIAN_POINT('Ctrl Pts',(-13.3996759259259,-2.48,20.6575925925926));
#12841=CARTESIAN_POINT('Ctrl Pts',(-13.7230555555555,-2.48,20.9986111111111));
#12842=CARTESIAN_POINT('Ctrl Pts',(-14.0464351851851,-2.48,21.3396296296297));
#12843=CARTESIAN_POINT('Ctrl Pts',(-14.4344907407407,-2.48,21.604212962963));
#12844=CARTESIAN_POINT('Ctrl Pts',(-14.8872222222222,-2.48,21.7923611111111));
#12845=CARTESIAN_POINT('Ctrl Pts',(-15.3399537037037,-2.48,21.9805092592592));
#12846=CARTESIAN_POINT('Ctrl Pts',(-15.8367824074074,-2.48,22.0745833333333));
#12847=CARTESIAN_POINT('Ctrl Pts',(-16.3777083333333,-2.48,22.0745833333333));
#12848=CARTESIAN_POINT('Ctrl Pts',(-17.0127083333333,-2.48,22.0745833333333));
#12849=CARTESIAN_POINT('Ctrl Pts',(-17.5653935185185,-2.48,21.9746296296296));
#12850=CARTESIAN_POINT('Ctrl Pts',(-18.0357638888889,-2.48,21.7747222222223));
#12851=CARTESIAN_POINT('Ctrl Pts',(-18.5061342592593,-2.48,21.5748148148149));
#12852=CARTESIAN_POINT('Ctrl Pts',(-18.9118287037037,-2.48,21.2984722222222));
#12853=CARTESIAN_POINT('Ctrl Pts',(-19.2528472222222,-2.48,20.9456944444444));
#12854=CARTESIAN_POINT('',(-19.2528472222222,-2.5,20.9456944444444));
#12855=CARTESIAN_POINT('Origin',(-21.034375,-2.5,13.537361111111));
#12856=CARTESIAN_POINT('',(-21.034375,-2.48,13.537361111111));
#12857=CARTESIAN_POINT('',(-21.034375,-2.5,13.537361111111));
#12858=CARTESIAN_POINT('',(-19.1822916666666,-2.48,15.4070833333333));
#12859=CARTESIAN_POINT('Ctrl Pts',(-16.3953472222222,-2.5,24.5969444444444));
#12860=CARTESIAN_POINT('Ctrl Pts',(-16.3953472222222,-2.48,24.5969444444444));
#12861=CARTESIAN_POINT('Ctrl Pts',(-15.4663657407407,-2.5,24.5969444444444));
#12862=CARTESIAN_POINT('Ctrl Pts',(-15.4663657407407,-2.48,24.5969444444444));
#12863=CARTESIAN_POINT('Ctrl Pts',(-14.605,-2.5,24.4352546296296));
#12864=CARTESIAN_POINT('Ctrl Pts',(-14.605,-2.48,24.4352546296296));
#12865=CARTESIAN_POINT('Ctrl Pts',(-13.81125,-2.5,24.111875));
#12866=CARTESIAN_POINT('Ctrl Pts',(-13.81125,-2.48,24.111875));
#12867=CARTESIAN_POINT('Ctrl Pts',(-13.0175,-2.5,23.7884953703703));
#12868=CARTESIAN_POINT('Ctrl Pts',(-13.0175,-2.48,23.7884953703703));
#12869=CARTESIAN_POINT('Ctrl Pts',(-12.3237037037036,-2.5,23.3328240740741));
#12870=CARTESIAN_POINT('Ctrl Pts',(-12.3237037037036,-2.48,23.3328240740741));
#12871=CARTESIAN_POINT('Ctrl Pts',(-11.7298611111111,-2.5,22.7448611111111));
#12872=CARTESIAN_POINT('Ctrl Pts',(-11.7298611111111,-2.48,22.7448611111111));
#12873=CARTESIAN_POINT('Ctrl Pts',(-11.1360185185185,-2.5,22.1568981481482));
#12874=CARTESIAN_POINT('Ctrl Pts',(-11.1360185185185,-2.48,22.1568981481482));
#12875=CARTESIAN_POINT('Ctrl Pts',(-10.6744675925926,-2.5,21.4719212962963));
#12876=CARTESIAN_POINT('Ctrl Pts',(-10.6744675925926,-2.48,21.4719212962963));
#12877=CARTESIAN_POINT('Ctrl Pts',(-10.3452083333333,-2.5,20.6899305555556));
#12878=CARTESIAN_POINT('Ctrl Pts',(-10.3452083333333,-2.48,20.6899305555556));
#12879=CARTESIAN_POINT('Ctrl Pts',(-10.0159490740741,-2.5,19.9079398148148));
#12880=CARTESIAN_POINT('Ctrl Pts',(-10.0159490740741,-2.48,19.9079398148148));
#12881=CARTESIAN_POINT('Ctrl Pts',(-9.85131944444438,-2.5,19.0642129629629));
#12882=CARTESIAN_POINT('Ctrl Pts',(-9.85131944444438,-2.48,19.0642129629629));
#12883=CARTESIAN_POINT('Ctrl Pts',(-9.85131944444438,-2.5,18.15875));
#12884=CARTESIAN_POINT('Ctrl Pts',(-9.85131944444438,-2.48,18.15875));
#12885=CARTESIAN_POINT('Ctrl Pts',(-9.85131944444438,-2.5,17.253287037037));
#12886=CARTESIAN_POINT('Ctrl Pts',(-9.85131944444438,-2.48,17.253287037037));
#12887=CARTESIAN_POINT('Ctrl Pts',(-10.0159490740741,-2.5,16.4095601851851));
#12888=CARTESIAN_POINT('Ctrl Pts',(-10.0159490740741,-2.48,16.4095601851851));
#12889=CARTESIAN_POINT('Ctrl Pts',(-10.3452083333333,-2.5,15.6275694444444));
#12890=CARTESIAN_POINT('Ctrl Pts',(-10.3452083333333,-2.48,15.6275694444444));
#12891=CARTESIAN_POINT('Ctrl Pts',(-10.6744675925926,-2.5,14.8455787037037));
#12892=CARTESIAN_POINT('Ctrl Pts',(-10.6744675925926,-2.48,14.8455787037037));
#12893=CARTESIAN_POINT('Ctrl Pts',(-11.1330787037037,-2.5,14.1664814814814));
#12894=CARTESIAN_POINT('Ctrl Pts',(-11.1330787037037,-2.48,14.1664814814814));
#12895=CARTESIAN_POINT('Ctrl Pts',(-11.7210416666666,-2.5,13.5902777777777));
#12896=CARTESIAN_POINT('Ctrl Pts',(-11.7210416666666,-2.48,13.5902777777777));
#12897=CARTESIAN_POINT('Ctrl Pts',(-12.3090046296296,-2.5,13.014074074074));
#12898=CARTESIAN_POINT('Ctrl Pts',(-12.3090046296296,-2.48,13.014074074074));
#12899=CARTESIAN_POINT('Ctrl Pts',(-12.9998611111111,-2.5,12.5642824074074));
#12900=CARTESIAN_POINT('Ctrl Pts',(-12.9998611111111,-2.48,12.5642824074074));
#12901=CARTESIAN_POINT('Ctrl Pts',(-13.7936111111111,-2.5,12.2409027777778));
#12902=CARTESIAN_POINT('Ctrl Pts',(-13.7936111111111,-2.48,12.2409027777778));
#12903=CARTESIAN_POINT('Ctrl Pts',(-14.5873611111111,-2.5,11.9175231481481));
#12904=CARTESIAN_POINT('Ctrl Pts',(-14.5873611111111,-2.48,11.9175231481481));
#12905=CARTESIAN_POINT('Ctrl Pts',(-15.4487268518518,-2.5,11.7558333333333));
#12906=CARTESIAN_POINT('Ctrl Pts',(-15.4487268518518,-2.48,11.7558333333333));
#12907=CARTESIAN_POINT('Ctrl Pts',(-16.3777083333333,-2.5,11.7558333333333));
#12908=CARTESIAN_POINT('Ctrl Pts',(-16.3777083333333,-2.48,11.7558333333333));
#12909=CARTESIAN_POINT('Ctrl Pts',(-17.3654861111111,-2.5,11.7558333333333));
#12910=CARTESIAN_POINT('Ctrl Pts',(-17.3654861111111,-2.48,11.7558333333333));
#12911=CARTESIAN_POINT('Ctrl Pts',(-18.2444907407407,-2.5,11.9145833333333));
#12912=CARTESIAN_POINT('Ctrl Pts',(-18.2444907407407,-2.48,11.9145833333333));
#12913=CARTESIAN_POINT('Ctrl Pts',(-19.0147222222222,-2.5,12.2320833333333));
#12914=CARTESIAN_POINT('Ctrl Pts',(-19.0147222222222,-2.48,12.2320833333333));
#12915=CARTESIAN_POINT('Ctrl Pts',(-19.7849537037036,-2.5,12.5495833333333));
#12916=CARTESIAN_POINT('Ctrl Pts',(-19.7849537037036,-2.48,12.5495833333333));
#12917=CARTESIAN_POINT('Ctrl Pts',(-20.4581712962962,-2.5,12.9846759259259));
#12918=CARTESIAN_POINT('Ctrl Pts',(-20.4581712962962,-2.48,12.9846759259259));
#12919=CARTESIAN_POINT('Ctrl Pts',(-21.034375,-2.5,13.537361111111));
#12920=CARTESIAN_POINT('Ctrl Pts',(-21.034375,-2.48,13.537361111111));
#12921=CARTESIAN_POINT('',(-16.3953472222222,-2.48,24.5969444444444));
#12922=CARTESIAN_POINT('',(-16.3953472222222,-2.5,24.5969444444444));
#12923=CARTESIAN_POINT('Ctrl Pts',(-16.3953472222222,-2.48,24.5969444444444));
#12924=CARTESIAN_POINT('Ctrl Pts',(-15.4663657407407,-2.48,24.5969444444444));
#12925=CARTESIAN_POINT('Ctrl Pts',(-14.605,-2.48,24.4352546296296));
#12926=CARTESIAN_POINT('Ctrl Pts',(-13.81125,-2.48,24.111875));
#12927=CARTESIAN_POINT('Ctrl Pts',(-13.0175,-2.48,23.7884953703703));
#12928=CARTESIAN_POINT('Ctrl Pts',(-12.3237037037036,-2.48,23.3328240740741));
#12929=CARTESIAN_POINT('Ctrl Pts',(-11.7298611111111,-2.48,22.7448611111111));
#12930=CARTESIAN_POINT('Ctrl Pts',(-11.1360185185185,-2.48,22.1568981481482));
#12931=CARTESIAN_POINT('Ctrl Pts',(-10.6744675925926,-2.48,21.4719212962963));
#12932=CARTESIAN_POINT('Ctrl Pts',(-10.3452083333333,-2.48,20.6899305555556));
#12933=CARTESIAN_POINT('Ctrl Pts',(-10.0159490740741,-2.48,19.9079398148148));
#12934=CARTESIAN_POINT('Ctrl Pts',(-9.85131944444438,-2.48,19.0642129629629));
#12935=CARTESIAN_POINT('Ctrl Pts',(-9.85131944444438,-2.48,18.15875));
#12936=CARTESIAN_POINT('Ctrl Pts',(-9.85131944444438,-2.48,17.253287037037));
#12937=CARTESIAN_POINT('Ctrl Pts',(-10.0159490740741,-2.48,16.4095601851851));
#12938=CARTESIAN_POINT('Ctrl Pts',(-10.3452083333333,-2.48,15.6275694444444));
#12939=CARTESIAN_POINT('Ctrl Pts',(-10.6744675925926,-2.48,14.8455787037037));
#12940=CARTESIAN_POINT('Ctrl Pts',(-11.1330787037037,-2.48,14.1664814814814));
#12941=CARTESIAN_POINT('Ctrl Pts',(-11.7210416666666,-2.48,13.5902777777777));
#12942=CARTESIAN_POINT('Ctrl Pts',(-12.3090046296296,-2.48,13.014074074074));
#12943=CARTESIAN_POINT('Ctrl Pts',(-12.9998611111111,-2.48,12.5642824074074));
#12944=CARTESIAN_POINT('Ctrl Pts',(-13.7936111111111,-2.48,12.2409027777778));
#12945=CARTESIAN_POINT('Ctrl Pts',(-14.5873611111111,-2.48,11.9175231481481));
#12946=CARTESIAN_POINT('Ctrl Pts',(-15.4487268518518,-2.48,11.7558333333333));
#12947=CARTESIAN_POINT('Ctrl Pts',(-16.3777083333333,-2.48,11.7558333333333));
#12948=CARTESIAN_POINT('Ctrl Pts',(-17.3654861111111,-2.48,11.7558333333333));
#12949=CARTESIAN_POINT('Ctrl Pts',(-18.2444907407407,-2.48,11.9145833333333));
#12950=CARTESIAN_POINT('Ctrl Pts',(-19.0147222222222,-2.48,12.2320833333333));
#12951=CARTESIAN_POINT('Ctrl Pts',(-19.7849537037036,-2.48,12.5495833333333));
#12952=CARTESIAN_POINT('Ctrl Pts',(-20.4581712962962,-2.48,12.9846759259259));
#12953=CARTESIAN_POINT('Ctrl Pts',(-21.034375,-2.48,13.537361111111));
#12954=CARTESIAN_POINT('Ctrl Pts',(-21.1225694444444,-2.5,22.8154166666666));
#12955=CARTESIAN_POINT('Ctrl Pts',(-21.1225694444444,-2.48,22.8154166666666));
#12956=CARTESIAN_POINT('Ctrl Pts',(-20.5228472222222,-2.5,23.3681018518518));
#12957=CARTESIAN_POINT('Ctrl Pts',(-20.5228472222222,-2.48,23.3681018518518));
#12958=CARTESIAN_POINT('Ctrl Pts',(-19.8378703703703,-2.5,23.8031944444444));
#12959=CARTESIAN_POINT('Ctrl Pts',(-19.8378703703703,-2.48,23.8031944444444));
#12960=CARTESIAN_POINT('Ctrl Pts',(-19.0676388888889,-2.5,24.1206944444444));
#12961=CARTESIAN_POINT('Ctrl Pts',(-19.0676388888889,-2.48,24.1206944444444));
#12962=CARTESIAN_POINT('Ctrl Pts',(-18.2974074074074,-2.5,24.4381944444444));
#12963=CARTESIAN_POINT('Ctrl Pts',(-18.2974074074074,-2.48,24.4381944444444));
#12964=CARTESIAN_POINT('Ctrl Pts',(-17.4066435185185,-2.5,24.5969444444444));
#12965=CARTESIAN_POINT('Ctrl Pts',(-17.4066435185185,-2.48,24.5969444444444));
#12966=CARTESIAN_POINT('Ctrl Pts',(-16.3953472222222,-2.5,24.5969444444444));
#12967=CARTESIAN_POINT('Ctrl Pts',(-16.3953472222222,-2.48,24.5969444444444));
#12968=CARTESIAN_POINT('',(-21.1225694444444,-2.48,22.8154166666666));
#12969=CARTESIAN_POINT('',(-21.1225694444444,-2.5,22.8154166666666));
#12970=CARTESIAN_POINT('Ctrl Pts',(-21.1225694444444,-2.48,22.8154166666666));
#12971=CARTESIAN_POINT('Ctrl Pts',(-20.5228472222222,-2.48,23.3681018518518));
#12972=CARTESIAN_POINT('Ctrl Pts',(-19.8378703703703,-2.48,23.8031944444444));
#12973=CARTESIAN_POINT('Ctrl Pts',(-19.0676388888889,-2.48,24.1206944444444));
#12974=CARTESIAN_POINT('Ctrl Pts',(-18.2974074074074,-2.48,24.4381944444444));
#12975=CARTESIAN_POINT('Ctrl Pts',(-17.4066435185185,-2.48,24.5969444444444));
#12976=CARTESIAN_POINT('Ctrl Pts',(-16.3953472222222,-2.48,24.5969444444444));
#12977=CARTESIAN_POINT('Origin',(-19.2528472222222,-2.5,20.9456944444444));
#12978=CARTESIAN_POINT('',(-21.1225694444444,-2.48,22.8154166666666));
#12979=CARTESIAN_POINT('Origin',(-15.4869444444444,-2.48,18.1763888888889));
#12980=CARTESIAN_POINT('Ctrl Pts',(-9.87777777777778,-2.5,43.8409722222222));
#12981=CARTESIAN_POINT('Ctrl Pts',(-9.87777777777778,-2.48,43.8409722222222));
#12982=CARTESIAN_POINT('Ctrl Pts',(-10.6303703703704,-2.5,43.8409722222222));
#12983=CARTESIAN_POINT('Ctrl Pts',(-10.6303703703704,-2.48,43.8409722222222));
#12984=CARTESIAN_POINT('Ctrl Pts',(-11.2888888888889,-2.5,43.6910416666667));
#12985=CARTESIAN_POINT('Ctrl Pts',(-11.2888888888889,-2.48,43.6910416666667));
#12986=CARTESIAN_POINT('Ctrl Pts',(-11.8533333333333,-2.5,43.3911805555556));
#12987=CARTESIAN_POINT('Ctrl Pts',(-11.8533333333333,-2.48,43.3911805555556));
#12988=CARTESIAN_POINT('Ctrl Pts',(-12.4177777777777,-2.5,43.0913194444444));
#12989=CARTESIAN_POINT('Ctrl Pts',(-12.4177777777777,-2.48,43.0913194444444));
#12990=CARTESIAN_POINT('Ctrl Pts',(-12.8528703703704,-2.5,42.653287037037));
#12991=CARTESIAN_POINT('Ctrl Pts',(-12.8528703703704,-2.48,42.653287037037));
#12992=CARTESIAN_POINT('Ctrl Pts',(-13.1586111111111,-2.5,42.0770833333333));
#12993=CARTESIAN_POINT('Ctrl Pts',(-13.1586111111111,-2.48,42.0770833333333));
#12994=CARTESIAN_POINT('Ctrl Pts',(-13.4643518518518,-2.5,41.5008796296296));
#12995=CARTESIAN_POINT('Ctrl Pts',(-13.4643518518518,-2.48,41.5008796296296));
#12996=CARTESIAN_POINT('Ctrl Pts',(-13.6172222222222,-2.5,40.8188425925926));
#12997=CARTESIAN_POINT('Ctrl Pts',(-13.6172222222222,-2.48,40.8188425925926));
#12998=CARTESIAN_POINT('Ctrl Pts',(-13.6172222222222,-2.5,40.0309722222222));
#12999=CARTESIAN_POINT('Ctrl Pts',(-13.6172222222222,-2.48,40.0309722222222));
#13000=CARTESIAN_POINT('Ctrl Pts',(-13.6172222222223,-2.5,39.2431018518519));
#13001=CARTESIAN_POINT('Ctrl Pts',(-13.6172222222223,-2.48,39.2431018518519));
#13002=CARTESIAN_POINT('Ctrl Pts',(-13.461412037037,-2.5,38.5669444444444));
#13003=CARTESIAN_POINT('Ctrl Pts',(-13.461412037037,-2.48,38.5669444444444));
#13004=CARTESIAN_POINT('Ctrl Pts',(-13.1497916666666,-2.5,38.0025));
#13005=CARTESIAN_POINT('Ctrl Pts',(-13.1497916666666,-2.48,38.0025));
#13006=CARTESIAN_POINT('Ctrl Pts',(-12.8381712962963,-2.5,37.4380555555555));
#13007=CARTESIAN_POINT('Ctrl Pts',(-12.8381712962963,-2.48,37.4380555555555));
#13008=CARTESIAN_POINT('Ctrl Pts',(-12.4030787037037,-2.5,37.002962962963));
#13009=CARTESIAN_POINT('Ctrl Pts',(-12.4030787037037,-2.48,37.002962962963));
#13010=CARTESIAN_POINT('Ctrl Pts',(-11.8445138888888,-2.5,36.6972222222222));
#13011=CARTESIAN_POINT('Ctrl Pts',(-11.8445138888888,-2.48,36.6972222222222));
#13012=CARTESIAN_POINT('Ctrl Pts',(-11.285949074074,-2.5,36.3914814814815));
#13013=CARTESIAN_POINT('Ctrl Pts',(-11.285949074074,-2.48,36.3914814814815));
#13014=CARTESIAN_POINT('Ctrl Pts',(-10.6303703703704,-2.5,36.2386111111111));
#13015=CARTESIAN_POINT('Ctrl Pts',(-10.6303703703704,-2.48,36.2386111111111));
#13016=CARTESIAN_POINT('Ctrl Pts',(-9.87777777777776,-2.5,36.2386111111111));
#13017=CARTESIAN_POINT('Ctrl Pts',(-9.87777777777776,-2.48,36.2386111111111));
#13018=CARTESIAN_POINT('',(-9.87777777777778,-2.5,43.8409722222222));
#13019=CARTESIAN_POINT('',(-9.87777777777776,-2.5,36.2386111111111));
#13020=CARTESIAN_POINT('Ctrl Pts',(-9.87777777777778,-2.5,43.8409722222222));
#13021=CARTESIAN_POINT('Ctrl Pts',(-10.6303703703704,-2.5,43.8409722222222));
#13022=CARTESIAN_POINT('Ctrl Pts',(-11.2888888888889,-2.5,43.6910416666667));
#13023=CARTESIAN_POINT('Ctrl Pts',(-11.8533333333333,-2.5,43.3911805555556));
#13024=CARTESIAN_POINT('Ctrl Pts',(-12.4177777777777,-2.5,43.0913194444444));
#13025=CARTESIAN_POINT('Ctrl Pts',(-12.8528703703704,-2.5,42.653287037037));
#13026=CARTESIAN_POINT('Ctrl Pts',(-13.1586111111111,-2.5,42.0770833333333));
#13027=CARTESIAN_POINT('Ctrl Pts',(-13.4643518518518,-2.5,41.5008796296296));
#13028=CARTESIAN_POINT('Ctrl Pts',(-13.6172222222222,-2.5,40.8188425925926));
#13029=CARTESIAN_POINT('Ctrl Pts',(-13.6172222222222,-2.5,40.0309722222222));
#13030=CARTESIAN_POINT('Ctrl Pts',(-13.6172222222223,-2.5,39.2431018518519));
#13031=CARTESIAN_POINT('Ctrl Pts',(-13.461412037037,-2.5,38.5669444444444));
#13032=CARTESIAN_POINT('Ctrl Pts',(-13.1497916666666,-2.5,38.0025));
#13033=CARTESIAN_POINT('Ctrl Pts',(-12.8381712962963,-2.5,37.4380555555555));
#13034=CARTESIAN_POINT('Ctrl Pts',(-12.4030787037037,-2.5,37.002962962963));
#13035=CARTESIAN_POINT('Ctrl Pts',(-11.8445138888888,-2.5,36.6972222222222));
#13036=CARTESIAN_POINT('Ctrl Pts',(-11.285949074074,-2.5,36.3914814814815));
#13037=CARTESIAN_POINT('Ctrl Pts',(-10.6303703703704,-2.5,36.2386111111111));
#13038=CARTESIAN_POINT('Ctrl Pts',(-9.87777777777776,-2.5,36.2386111111111));
#13039=CARTESIAN_POINT('',(-9.87777777777778,-2.48,43.8409722222222));
#13040=CARTESIAN_POINT('',(-9.87777777777778,-2.5,43.8409722222222));
#13041=CARTESIAN_POINT('',(-9.87777777777776,-2.48,36.2386111111111));
#13042=CARTESIAN_POINT('Ctrl Pts',(-9.87777777777778,-2.48,43.8409722222222));
#13043=CARTESIAN_POINT('Ctrl Pts',(-10.6303703703704,-2.48,43.8409722222222));
#13044=CARTESIAN_POINT('Ctrl Pts',(-11.2888888888889,-2.48,43.6910416666667));
#13045=CARTESIAN_POINT('Ctrl Pts',(-11.8533333333333,-2.48,43.3911805555556));
#13046=CARTESIAN_POINT('Ctrl Pts',(-12.4177777777777,-2.48,43.0913194444444));
#13047=CARTESIAN_POINT('Ctrl Pts',(-12.8528703703704,-2.48,42.653287037037));
#13048=CARTESIAN_POINT('Ctrl Pts',(-13.1586111111111,-2.48,42.0770833333333));
#13049=CARTESIAN_POINT('Ctrl Pts',(-13.4643518518518,-2.48,41.5008796296296));
#13050=CARTESIAN_POINT('Ctrl Pts',(-13.6172222222222,-2.48,40.8188425925926));
#13051=CARTESIAN_POINT('Ctrl Pts',(-13.6172222222222,-2.48,40.0309722222222));
#13052=CARTESIAN_POINT('Ctrl Pts',(-13.6172222222223,-2.48,39.2431018518519));
#13053=CARTESIAN_POINT('Ctrl Pts',(-13.461412037037,-2.48,38.5669444444444));
#13054=CARTESIAN_POINT('Ctrl Pts',(-13.1497916666666,-2.48,38.0025));
#13055=CARTESIAN_POINT('Ctrl Pts',(-12.8381712962963,-2.48,37.4380555555555));
#13056=CARTESIAN_POINT('Ctrl Pts',(-12.4030787037037,-2.48,37.002962962963));
#13057=CARTESIAN_POINT('Ctrl Pts',(-11.8445138888888,-2.48,36.6972222222222));
#13058=CARTESIAN_POINT('Ctrl Pts',(-11.285949074074,-2.48,36.3914814814815));
#13059=CARTESIAN_POINT('Ctrl Pts',(-10.6303703703704,-2.48,36.2386111111111));
#13060=CARTESIAN_POINT('Ctrl Pts',(-9.87777777777776,-2.48,36.2386111111111));
#13061=CARTESIAN_POINT('',(-9.87777777777776,-2.5,36.2386111111111));
#13062=CARTESIAN_POINT('Origin',(-7.69055555555553,-2.5,43.8409722222222));
#13063=CARTESIAN_POINT('',(-7.69055555555553,-2.5,43.8409722222222));
#13064=CARTESIAN_POINT('',(-3.84527777777759,-2.5,43.8409722222222));
#13065=CARTESIAN_POINT('',(-7.69055555555553,-2.48,43.8409722222222));
#13066=CARTESIAN_POINT('',(-7.69055555555553,-2.5,43.8409722222222));
#13067=CARTESIAN_POINT('',(-9.87777777777778,-2.48,43.8409722222222));
#13068=CARTESIAN_POINT('Origin',(-7.69055555555553,-2.5,36.2386111111111));
#13069=CARTESIAN_POINT('',(-7.69055555555553,-2.5,36.2386111111111));
#13070=CARTESIAN_POINT('',(-7.69055555555553,-2.5,18.1193055555555));
#13071=CARTESIAN_POINT('',(-7.69055555555553,-2.48,36.2386111111111));
#13072=CARTESIAN_POINT('',(-7.69055555555553,-2.5,36.2386111111111));
#13073=CARTESIAN_POINT('',(-7.69055555555553,-2.48,43.8409722222222));
#13074=CARTESIAN_POINT('Origin',(-9.87777777777776,-2.5,36.2386111111111));
#13075=CARTESIAN_POINT('',(-4.93888888888873,-2.5,36.238611111111));
#13076=CARTESIAN_POINT('',(-7.69055555555553,-2.48,36.2386111111111));
#13077=CARTESIAN_POINT('Origin',(-4.92124999999996,-2.5,46.2751388888889));
#13078=CARTESIAN_POINT('',(-4.92124999999996,-2.48,46.2751388888889));
#13079=CARTESIAN_POINT('',(-4.92124999999996,-2.5,46.2751388888889));
#13080=CARTESIAN_POINT('',(-4.92125000000001,-2.48,33.8220833333333));
#13081=CARTESIAN_POINT('',(-4.92125000000001,-2.48,33.8220833333333));
#13082=CARTESIAN_POINT('',(-4.92125000000001,-2.5,33.8220833333333));
#13083=CARTESIAN_POINT('Origin',(-9.94833333333329,-2.5,46.2751388888889));
#13084=CARTESIAN_POINT('',(-9.94833333333329,-2.48,46.2751388888889));
#13085=CARTESIAN_POINT('',(-9.94833333333329,-2.5,46.2751388888889));
#13086=CARTESIAN_POINT('',(-4.92124999999996,-2.48,46.2751388888889));
#13087=CARTESIAN_POINT('Ctrl Pts',(-9.91305555555554,-2.5,33.8220833333333));
#13088=CARTESIAN_POINT('Ctrl Pts',(-9.91305555555554,-2.48,33.8220833333333));
#13089=CARTESIAN_POINT('Ctrl Pts',(-10.8537962962963,-2.5,33.8220833333333));
#13090=CARTESIAN_POINT('Ctrl Pts',(-10.8537962962963,-2.48,33.8220833333333));
#13091=CARTESIAN_POINT('Ctrl Pts',(-11.7210416666666,-2.5,33.9720138888889));
#13092=CARTESIAN_POINT('Ctrl Pts',(-11.7210416666666,-2.48,33.9720138888889));
#13093=CARTESIAN_POINT('Ctrl Pts',(-12.5147916666666,-2.5,34.271875));
#13094=CARTESIAN_POINT('Ctrl Pts',(-12.5147916666666,-2.48,34.271875));
#13095=CARTESIAN_POINT('Ctrl Pts',(-13.3085416666666,-2.5,34.5717361111111));
#13096=CARTESIAN_POINT('Ctrl Pts',(-13.3085416666666,-2.48,34.5717361111111));
#13097=CARTESIAN_POINT('Ctrl Pts',(-14.0023379629629,-2.5,35.0009490740741));
#13098=CARTESIAN_POINT('Ctrl Pts',(-14.0023379629629,-2.48,35.0009490740741));
#13099=CARTESIAN_POINT('Ctrl Pts',(-14.5961805555555,-2.5,35.5595138888889));
#13100=CARTESIAN_POINT('Ctrl Pts',(-14.5961805555555,-2.48,35.5595138888889));
#13101=CARTESIAN_POINT('Ctrl Pts',(-15.1900231481481,-2.5,36.1180787037037));
#13102=CARTESIAN_POINT('Ctrl Pts',(-15.1900231481481,-2.48,36.1180787037037));
#13103=CARTESIAN_POINT('Ctrl Pts',(-15.6486342592593,-2.5,36.7765972222222));
#13104=CARTESIAN_POINT('Ctrl Pts',(-15.6486342592593,-2.48,36.7765972222222));
#13105=CARTESIAN_POINT('Ctrl Pts',(-15.9720138888889,-2.5,37.5350694444444));
#13106=CARTESIAN_POINT('Ctrl Pts',(-15.9720138888889,-2.48,37.5350694444444));
#13107=CARTESIAN_POINT('Ctrl Pts',(-16.2953935185185,-2.5,38.2935416666667));
#13108=CARTESIAN_POINT('Ctrl Pts',(-16.2953935185185,-2.48,38.2935416666667));
#13109=CARTESIAN_POINT('Ctrl Pts',(-16.4570833333333,-2.5,39.1313888888889));
#13110=CARTESIAN_POINT('Ctrl Pts',(-16.4570833333333,-2.48,39.1313888888889));
#13111=CARTESIAN_POINT('Ctrl Pts',(-16.4570833333333,-2.5,40.0486111111111));
#13112=CARTESIAN_POINT('Ctrl Pts',(-16.4570833333333,-2.48,40.0486111111111));
#13113=CARTESIAN_POINT('Ctrl Pts',(-16.4570833333333,-2.5,40.9540740740741));
#13114=CARTESIAN_POINT('Ctrl Pts',(-16.4570833333333,-2.48,40.9540740740741));
#13115=CARTESIAN_POINT('Ctrl Pts',(-16.2953935185185,-2.5,41.7889814814815));
#13116=CARTESIAN_POINT('Ctrl Pts',(-16.2953935185185,-2.48,41.7889814814815));
#13117=CARTESIAN_POINT('Ctrl Pts',(-15.9720138888889,-2.5,42.5533333333333));
#13118=CARTESIAN_POINT('Ctrl Pts',(-15.9720138888889,-2.48,42.5533333333333));
#13119=CARTESIAN_POINT('Ctrl Pts',(-15.6486342592593,-2.5,43.3176851851852));
#13120=CARTESIAN_POINT('Ctrl Pts',(-15.6486342592593,-2.48,43.3176851851852));
#13121=CARTESIAN_POINT('Ctrl Pts',(-15.1929629629629,-2.5,43.9762037037037));
#13122=CARTESIAN_POINT('Ctrl Pts',(-15.1929629629629,-2.48,43.9762037037037));
#13123=CARTESIAN_POINT('Ctrl Pts',(-14.605,-2.5,44.5288888888889));
#13124=CARTESIAN_POINT('Ctrl Pts',(-14.605,-2.48,44.5288888888889));
#13125=CARTESIAN_POINT('Ctrl Pts',(-14.017037037037,-2.5,45.0815740740741));
#13126=CARTESIAN_POINT('Ctrl Pts',(-14.017037037037,-2.48,45.0815740740741));
#13127=CARTESIAN_POINT('Ctrl Pts',(-13.3261805555555,-2.5,45.510787037037));
#13128=CARTESIAN_POINT('Ctrl Pts',(-13.3261805555555,-2.48,45.510787037037));
#13129=CARTESIAN_POINT('Ctrl Pts',(-12.5324305555555,-2.5,45.8165277777778));
#13130=CARTESIAN_POINT('Ctrl Pts',(-12.5324305555555,-2.48,45.8165277777778));
#13131=CARTESIAN_POINT('Ctrl Pts',(-11.7386805555555,-2.5,46.1222685185185));
#13132=CARTESIAN_POINT('Ctrl Pts',(-11.7386805555555,-2.48,46.1222685185185));
#13133=CARTESIAN_POINT('Ctrl Pts',(-10.8773148148148,-2.5,46.2751388888889));
#13134=CARTESIAN_POINT('Ctrl Pts',(-10.8773148148148,-2.48,46.2751388888889));
#13135=CARTESIAN_POINT('Ctrl Pts',(-9.94833333333329,-2.5,46.2751388888889));
#13136=CARTESIAN_POINT('Ctrl Pts',(-9.94833333333329,-2.48,46.2751388888889));
#13137=CARTESIAN_POINT('',(-9.91305555555554,-2.48,33.8220833333333));
#13138=CARTESIAN_POINT('',(-9.91305555555554,-2.5,33.8220833333333));
#13139=CARTESIAN_POINT('Ctrl Pts',(-9.91305555555554,-2.48,33.8220833333333));
#13140=CARTESIAN_POINT('Ctrl Pts',(-10.8537962962963,-2.48,33.8220833333333));
#13141=CARTESIAN_POINT('Ctrl Pts',(-11.7210416666666,-2.48,33.9720138888889));
#13142=CARTESIAN_POINT('Ctrl Pts',(-12.5147916666666,-2.48,34.271875));
#13143=CARTESIAN_POINT('Ctrl Pts',(-13.3085416666666,-2.48,34.5717361111111));
#13144=CARTESIAN_POINT('Ctrl Pts',(-14.0023379629629,-2.48,35.0009490740741));
#13145=CARTESIAN_POINT('Ctrl Pts',(-14.5961805555555,-2.48,35.5595138888889));
#13146=CARTESIAN_POINT('Ctrl Pts',(-15.1900231481481,-2.48,36.1180787037037));
#13147=CARTESIAN_POINT('Ctrl Pts',(-15.6486342592593,-2.48,36.7765972222222));
#13148=CARTESIAN_POINT('Ctrl Pts',(-15.9720138888889,-2.48,37.5350694444444));
#13149=CARTESIAN_POINT('Ctrl Pts',(-16.2953935185185,-2.48,38.2935416666667));
#13150=CARTESIAN_POINT('Ctrl Pts',(-16.4570833333333,-2.48,39.1313888888889));
#13151=CARTESIAN_POINT('Ctrl Pts',(-16.4570833333333,-2.48,40.0486111111111));
#13152=CARTESIAN_POINT('Ctrl Pts',(-16.4570833333333,-2.48,40.9540740740741));
#13153=CARTESIAN_POINT('Ctrl Pts',(-16.2953935185185,-2.48,41.7889814814815));
#13154=CARTESIAN_POINT('Ctrl Pts',(-15.9720138888889,-2.48,42.5533333333333));
#13155=CARTESIAN_POINT('Ctrl Pts',(-15.6486342592593,-2.48,43.3176851851852));
#13156=CARTESIAN_POINT('Ctrl Pts',(-15.1929629629629,-2.48,43.9762037037037));
#13157=CARTESIAN_POINT('Ctrl Pts',(-14.605,-2.48,44.5288888888889));
#13158=CARTESIAN_POINT('Ctrl Pts',(-14.017037037037,-2.48,45.0815740740741));
#13159=CARTESIAN_POINT('Ctrl Pts',(-13.3261805555555,-2.48,45.510787037037));
#13160=CARTESIAN_POINT('Ctrl Pts',(-12.5324305555555,-2.48,45.8165277777778));
#13161=CARTESIAN_POINT('Ctrl Pts',(-11.7386805555555,-2.48,46.1222685185185));
#13162=CARTESIAN_POINT('Ctrl Pts',(-10.8773148148148,-2.48,46.2751388888889));
#13163=CARTESIAN_POINT('Ctrl Pts',(-9.94833333333329,-2.48,46.2751388888889));
#13164=CARTESIAN_POINT('Origin',(-4.92125000000001,-2.5,33.8220833333334));
#13165=CARTESIAN_POINT('',(-9.91305555555554,-2.48,33.8220833333333));
#13166=CARTESIAN_POINT('Origin',(-10.6891666666666,-2.48,40.0486111111111));
#13167=CARTESIAN_POINT('Origin',(-22.6395138888889,-2.5,24.4029166666666));
#13168=CARTESIAN_POINT('',(-22.6395138888889,-2.48,24.4029166666666));
#13169=CARTESIAN_POINT('',(-22.6395138888889,-2.5,24.4029166666666));
#13170=CARTESIAN_POINT('',(-22.6395138888889,-2.48,11.9498611111111));
#13171=CARTESIAN_POINT('',(-22.6395138888889,-2.48,11.9498611111111));
#13172=CARTESIAN_POINT('',(-22.6395138888889,-2.5,11.9498611111111));
#13173=CARTESIAN_POINT('Origin',(-25.4088194444444,-2.5,24.4029166666667));
#13174=CARTESIAN_POINT('',(-25.4088194444444,-2.48,24.4029166666667));
#13175=CARTESIAN_POINT('',(-25.4088194444444,-2.5,24.4029166666667));
#13176=CARTESIAN_POINT('',(-22.6395138888889,-2.48,24.4029166666666));
#13177=CARTESIAN_POINT('Origin',(-25.4088194444444,-2.5,19.1994444444445));
#13178=CARTESIAN_POINT('',(-25.4088194444444,-2.48,19.1994444444445));
#13179=CARTESIAN_POINT('',(-25.4088194444444,-2.5,19.1994444444445));
#13180=CARTESIAN_POINT('',(-25.4088194444444,-2.48,24.4029166666667));
#13181=CARTESIAN_POINT('Origin',(-30.3477083333333,-2.5,19.1994444444444));
#13182=CARTESIAN_POINT('',(-30.3477083333333,-2.48,19.1994444444444));
#13183=CARTESIAN_POINT('',(-30.3477083333333,-2.5,19.1994444444444));
#13184=CARTESIAN_POINT('',(-25.4088194444444,-2.48,19.1994444444445));
#13185=CARTESIAN_POINT('Origin',(-30.3477083333333,-2.5,24.4029166666667));
#13186=CARTESIAN_POINT('',(-30.3477083333333,-2.48,24.4029166666667));
#13187=CARTESIAN_POINT('',(-30.3477083333333,-2.5,24.4029166666667));
#13188=CARTESIAN_POINT('',(-30.3477083333333,-2.48,19.1994444444444));
#13189=CARTESIAN_POINT('Origin',(-33.1346527777777,-2.5,24.4029166666667));
#13190=CARTESIAN_POINT('',(-33.1346527777777,-2.48,24.4029166666667));
#13191=CARTESIAN_POINT('',(-33.1346527777777,-2.5,24.4029166666667));
#13192=CARTESIAN_POINT('',(-30.3477083333333,-2.48,24.4029166666667));
#13193=CARTESIAN_POINT('Origin',(-33.1346527777777,-2.5,11.9498611111111));
#13194=CARTESIAN_POINT('',(-33.1346527777777,-2.48,11.9498611111111));
#13195=CARTESIAN_POINT('',(-33.1346527777777,-2.5,11.9498611111111));
#13196=CARTESIAN_POINT('',(-33.1346527777777,-2.48,24.4029166666667));
#13197=CARTESIAN_POINT('Origin',(-30.3477083333333,-2.5,11.9498611111111));
#13198=CARTESIAN_POINT('',(-30.3477083333333,-2.48,11.9498611111111));
#13199=CARTESIAN_POINT('',(-30.3477083333333,-2.5,11.9498611111111));
#13200=CARTESIAN_POINT('',(-33.1346527777777,-2.48,11.9498611111111));
#13201=CARTESIAN_POINT('Origin',(-30.3477083333333,-2.5,16.8005555555556));
#13202=CARTESIAN_POINT('',(-30.3477083333333,-2.48,16.8005555555556));
#13203=CARTESIAN_POINT('',(-30.3477083333333,-2.5,16.8005555555556));
#13204=CARTESIAN_POINT('',(-30.3477083333333,-2.48,11.9498611111111));
#13205=CARTESIAN_POINT('Origin',(-25.4088194444444,-2.5,16.8005555555555));
#13206=CARTESIAN_POINT('',(-25.4088194444444,-2.48,16.8005555555555));
#13207=CARTESIAN_POINT('',(-25.4088194444444,-2.5,16.8005555555555));
#13208=CARTESIAN_POINT('',(-30.3477083333333,-2.48,16.8005555555556));
#13209=CARTESIAN_POINT('Origin',(-25.4088194444445,-2.5,11.9498611111111));
#13210=CARTESIAN_POINT('',(-25.4088194444445,-2.48,11.9498611111111));
#13211=CARTESIAN_POINT('',(-25.4088194444445,-2.5,11.9498611111111));
#13212=CARTESIAN_POINT('',(-25.4088194444444,-2.48,16.8005555555555));
#13213=CARTESIAN_POINT('Origin',(-22.6395138888889,-2.5,11.9498611111111));
#13214=CARTESIAN_POINT('',(-25.4088194444445,-2.48,11.9498611111111));
#13215=CARTESIAN_POINT('Origin',(-27.8870833333333,-2.48,18.1763888888889));
#13216=CARTESIAN_POINT('Origin',(6.79979166666669,-2.5,11.9498611111111));
#13217=CARTESIAN_POINT('',(6.79979166666669,-2.48,11.9498611111111));
#13218=CARTESIAN_POINT('',(6.79979166666669,-2.5,11.9498611111111));
#13219=CARTESIAN_POINT('',(10.8038194444444,-2.48,24.4029166666666));
#13220=CARTESIAN_POINT('',(10.8038194444444,-2.48,24.4029166666666));
#13221=CARTESIAN_POINT('',(10.8038194444444,-2.5,24.4029166666666));
#13222=CARTESIAN_POINT('Origin',(9.53381944444445,-2.5,11.9498611111111));
#13223=CARTESIAN_POINT('',(9.53381944444445,-2.48,11.9498611111111));
#13224=CARTESIAN_POINT('',(9.53381944444445,-2.5,11.9498611111111));
#13225=CARTESIAN_POINT('',(6.79979166666669,-2.48,11.9498611111111));
#13226=CARTESIAN_POINT('Origin',(11.9102147043833,-2.5,19.7703618756371));
#13227=CARTESIAN_POINT('',(11.9102147043833,-2.48,19.7703618756371));
#13228=CARTESIAN_POINT('',(11.9102147043833,-2.5,19.7703618756371));
#13229=CARTESIAN_POINT('',(9.53381944444445,-2.48,11.9498611111111));
#13230=CARTESIAN_POINT('Origin',(14.2434027777778,-2.5,11.9498611111111));
#13231=CARTESIAN_POINT('',(14.2434027777778,-2.48,11.9498611111111));
#13232=CARTESIAN_POINT('',(14.2434027777778,-2.5,11.9498611111111));
#13233=CARTESIAN_POINT('',(11.9102147043833,-2.48,19.7703618756371));
#13234=CARTESIAN_POINT('Origin',(16.4129861111111,-2.5,11.9498611111111));
#13235=CARTESIAN_POINT('',(16.4129861111111,-2.48,11.9498611111111));
#13236=CARTESIAN_POINT('',(16.4129861111111,-2.5,11.9498611111111));
#13237=CARTESIAN_POINT('',(14.2434027777778,-2.48,11.9498611111111));
#13238=CARTESIAN_POINT('Origin',(18.7390608062331,-2.5,19.7465188855013));
#13239=CARTESIAN_POINT('',(18.7390608062331,-2.48,19.7465188855013));
#13240=CARTESIAN_POINT('',(18.7390608062331,-2.5,19.7465188855013));
#13241=CARTESIAN_POINT('',(16.4129861111111,-2.48,11.9498611111111));
#13242=CARTESIAN_POINT('Origin',(21.1225694444445,-2.5,11.9498611111111));
#13243=CARTESIAN_POINT('',(21.1225694444445,-2.48,11.9498611111111));
#13244=CARTESIAN_POINT('',(21.1225694444445,-2.5,11.9498611111111));
#13245=CARTESIAN_POINT('',(18.7390608062331,-2.48,19.7465188855013));
#13246=CARTESIAN_POINT('Origin',(23.8742361111111,-2.5,11.9498611111111));
#13247=CARTESIAN_POINT('',(23.8742361111111,-2.48,11.9498611111111));
#13248=CARTESIAN_POINT('',(23.8742361111111,-2.5,11.9498611111111));
#13249=CARTESIAN_POINT('',(21.1225694444445,-2.48,11.9498611111111));
#13250=CARTESIAN_POINT('Origin',(19.8702083333333,-2.5,24.4029166666666));
#13251=CARTESIAN_POINT('',(19.8702083333333,-2.48,24.4029166666666));
#13252=CARTESIAN_POINT('',(19.8702083333333,-2.5,24.4029166666666));
#13253=CARTESIAN_POINT('',(23.8742361111111,-2.48,11.9498611111111));
#13254=CARTESIAN_POINT('Origin',(17.700625,-2.5,24.4029166666666));
#13255=CARTESIAN_POINT('',(17.700625,-2.48,24.4029166666666));
#13256=CARTESIAN_POINT('',(17.700625,-2.5,24.4029166666666));
#13257=CARTESIAN_POINT('',(19.8702083333333,-2.48,24.4029166666666));
#13258=CARTESIAN_POINT('Origin',(15.3370138888889,-2.5,16.5290465235174));
#13259=CARTESIAN_POINT('',(15.3370138888889,-2.48,16.5290465235174));
#13260=CARTESIAN_POINT('',(15.3370138888889,-2.5,16.5290465235174));
#13261=CARTESIAN_POINT('',(17.700625,-2.48,24.4029166666666));
#13262=CARTESIAN_POINT('Origin',(12.9734027777778,-2.5,24.4029166666667));
#13263=CARTESIAN_POINT('',(12.9734027777778,-2.48,24.4029166666667));
#13264=CARTESIAN_POINT('',(12.9734027777778,-2.5,24.4029166666667));
#13265=CARTESIAN_POINT('',(15.3370138888889,-2.48,16.5290465235174));
#13266=CARTESIAN_POINT('Origin',(10.8038194444444,-2.5,24.4029166666666));
#13267=CARTESIAN_POINT('',(12.9734027777778,-2.48,24.4029166666667));
#13268=CARTESIAN_POINT('Origin',(15.3370138888889,-2.48,18.1763888888889));
#13269=CARTESIAN_POINT('Origin',(1.34937499999999,-2.5,-9.92236111111114));
#13270=CARTESIAN_POINT('',(1.34937499999999,-2.48,-9.92236111111114));
#13271=CARTESIAN_POINT('',(1.34937499999999,-2.5,-9.92236111111114));
#13272=CARTESIAN_POINT('',(-9.21631944444441,-2.48,-9.92236111111111));
#13273=CARTESIAN_POINT('',(-9.21631944444441,-2.48,-9.92236111111111));
#13274=CARTESIAN_POINT('',(-9.21631944444441,-2.5,-9.92236111111111));
#13275=CARTESIAN_POINT('Origin',(1.34937500000003,-2.5,-7.50583333333332));
#13276=CARTESIAN_POINT('',(1.34937500000003,-2.48,-7.50583333333332));
#13277=CARTESIAN_POINT('',(1.34937500000003,-2.5,-7.50583333333332));
#13278=CARTESIAN_POINT('',(1.34937499999999,-2.48,-9.92236111111114));
#13279=CARTESIAN_POINT('Origin',(-2.54881944444442,-2.5,-7.50583333333336));
#13280=CARTESIAN_POINT('',(-2.54881944444442,-2.48,-7.50583333333336));
#13281=CARTESIAN_POINT('',(-2.54881944444442,-2.5,-7.50583333333336));
#13282=CARTESIAN_POINT('',(1.34937500000003,-2.48,-7.50583333333332));
#13283=CARTESIAN_POINT('Origin',(-2.54881944444442,-2.5,2.53069444444441));
#13284=CARTESIAN_POINT('',(-2.54881944444442,-2.48,2.53069444444441));
#13285=CARTESIAN_POINT('',(-2.54881944444442,-2.5,2.53069444444441));
#13286=CARTESIAN_POINT('',(-2.54881944444442,-2.48,-7.50583333333336));
#13287=CARTESIAN_POINT('Origin',(-5.31812499999996,-2.5,2.53069444444445));
#13288=CARTESIAN_POINT('',(-5.31812499999996,-2.48,2.53069444444445));
#13289=CARTESIAN_POINT('',(-5.31812499999996,-2.5,2.53069444444445));
#13290=CARTESIAN_POINT('',(-2.54881944444442,-2.48,2.53069444444441));
#13291=CARTESIAN_POINT('Origin',(-5.31812499999999,-2.5,-7.50583333333336));
#13292=CARTESIAN_POINT('',(-5.31812499999999,-2.48,-7.50583333333336));
#13293=CARTESIAN_POINT('',(-5.31812499999999,-2.5,-7.50583333333336));
#13294=CARTESIAN_POINT('',(-5.31812499999996,-2.48,2.53069444444445));
#13295=CARTESIAN_POINT('Origin',(-9.21631944444444,-2.5,-7.5058333333333));
#13296=CARTESIAN_POINT('',(-9.21631944444444,-2.48,-7.5058333333333));
#13297=CARTESIAN_POINT('',(-9.21631944444444,-2.5,-7.5058333333333));
#13298=CARTESIAN_POINT('',(-5.31812499999999,-2.48,-7.50583333333336));
#13299=CARTESIAN_POINT('Origin',(-9.21631944444441,-2.5,-9.92236111111111));
#13300=CARTESIAN_POINT('',(-9.21631944444444,-2.48,-7.5058333333333));
#13301=CARTESIAN_POINT('Origin',(-3.93347222222221,-2.48,-3.69583333333335));
#13302=CARTESIAN_POINT('Ctrl Pts',(-31.0073261385502,-2.5,-38.8685595236122));
#13303=CARTESIAN_POINT('Ctrl Pts',(-31.0073261385502,-2.48,-38.8685595236122));
#13304=CARTESIAN_POINT('Ctrl Pts',(-31.5164862180719,-2.5,-39.434928600833));
#13305=CARTESIAN_POINT('Ctrl Pts',(-31.5164862180719,-2.48,-39.434928600833));
#13306=CARTESIAN_POINT('Ctrl Pts',(-31.7739267077175,-2.5,-40.161482871611));
#13307=CARTESIAN_POINT('Ctrl Pts',(-31.7739267077175,-2.48,-40.161482871611));
#13308=CARTESIAN_POINT('Ctrl Pts',(-31.7739267077176,-2.5,-41.0482223359466));
#13309=CARTESIAN_POINT('Ctrl Pts',(-31.7739267077176,-2.48,-41.0482223359466));
#13310=CARTESIAN_POINT('Ctrl Pts',(-31.7739267077176,-2.5,-41.6603586113267));
#13311=CARTESIAN_POINT('Ctrl Pts',(-31.7739267077176,-2.48,-41.6603586113267));
#13312=CARTESIAN_POINT('Ctrl Pts',(-31.6595087123195,-2.5,-42.192402289928));
#13313=CARTESIAN_POINT('Ctrl Pts',(-31.6595087123195,-2.48,-42.192402289928));
#13314=CARTESIAN_POINT('Ctrl Pts',(-31.4306727215232,-2.5,-42.6500742715206));
#13315=CARTESIAN_POINT('Ctrl Pts',(-31.4306727215232,-2.48,-42.6500742715206));
#13316=CARTESIAN_POINT('',(-31.0073261385502,-2.5,-38.8685595236122));
#13317=CARTESIAN_POINT('',(-31.4306727215232,-2.5,-42.6500742715206));
#13318=CARTESIAN_POINT('Ctrl Pts',(-31.0073261385502,-2.5,-38.8685595236122));
#13319=CARTESIAN_POINT('Ctrl Pts',(-31.5164862180719,-2.5,-39.434928600833));
#13320=CARTESIAN_POINT('Ctrl Pts',(-31.7739267077175,-2.5,-40.161482871611));
#13321=CARTESIAN_POINT('Ctrl Pts',(-31.7739267077176,-2.5,-41.0482223359466));
#13322=CARTESIAN_POINT('Ctrl Pts',(-31.7739267077176,-2.5,-41.6603586113267));
#13323=CARTESIAN_POINT('Ctrl Pts',(-31.6595087123195,-2.5,-42.192402289928));
#13324=CARTESIAN_POINT('Ctrl Pts',(-31.4306727215232,-2.5,-42.6500742715206));
#13325=CARTESIAN_POINT('',(-31.0073261385502,-2.48,-38.8685595236122));
#13326=CARTESIAN_POINT('',(-31.0073261385502,-2.5,-38.8685595236122));
#13327=CARTESIAN_POINT('',(-31.4306727215232,-2.48,-42.6500742715206));
#13328=CARTESIAN_POINT('Ctrl Pts',(-31.0073261385502,-2.48,-38.8685595236122));
#13329=CARTESIAN_POINT('Ctrl Pts',(-31.5164862180719,-2.48,-39.434928600833));
#13330=CARTESIAN_POINT('Ctrl Pts',(-31.7739267077175,-2.48,-40.161482871611));
#13331=CARTESIAN_POINT('Ctrl Pts',(-31.7739267077176,-2.48,-41.0482223359466));
#13332=CARTESIAN_POINT('Ctrl Pts',(-31.7739267077176,-2.48,-41.6603586113267));
#13333=CARTESIAN_POINT('Ctrl Pts',(-31.6595087123195,-2.48,-42.192402289928));
#13334=CARTESIAN_POINT('Ctrl Pts',(-31.4306727215232,-2.48,-42.6500742715206));
#13335=CARTESIAN_POINT('',(-31.4306727215232,-2.5,-42.6500742715206));
#13336=CARTESIAN_POINT('Origin',(-31.0073261385501,-2.5,-38.8742804233821));
#13337=CARTESIAN_POINT('',(-31.0073261385501,-2.5,-38.8742804233821));
#13338=CARTESIAN_POINT('',(-31.0073261386708,-2.5,-19.4371402117873));
#13339=CARTESIAN_POINT('',(-31.0073261385501,-2.48,-38.8742804233821));
#13340=CARTESIAN_POINT('',(-31.0073261385501,-2.5,-38.8742804233821));
#13341=CARTESIAN_POINT('',(-31.0073261385502,-2.48,-38.8685595236122));
#13342=CARTESIAN_POINT('Ctrl Pts',(-31.4306727215232,-2.5,-42.6500742715206));
#13343=CARTESIAN_POINT('Ctrl Pts',(-31.4306727215232,-2.48,-42.6500742715206));
#13344=CARTESIAN_POINT('Ctrl Pts',(-31.196115830957,-2.5,-43.107746253113));
#13345=CARTESIAN_POINT('Ctrl Pts',(-31.196115830957,-2.48,-43.107746253113));
#13346=CARTESIAN_POINT('Ctrl Pts',(-30.8700245440723,-2.5,-43.4624420388472));
#13347=CARTESIAN_POINT('Ctrl Pts',(-30.8700245440723,-2.48,-43.4624420388472));
#13348=CARTESIAN_POINT('Ctrl Pts',(-30.4466779610993,-2.5,-43.7198825284931));
#13349=CARTESIAN_POINT('Ctrl Pts',(-30.4466779610993,-2.48,-43.7198825284931));
#13350=CARTESIAN_POINT('Ctrl Pts',(-30.0233313781263,-2.5,-43.977323018139));
#13351=CARTESIAN_POINT('Ctrl Pts',(-30.0233313781263,-2.48,-43.977323018139));
#13352=CARTESIAN_POINT('Ctrl Pts',(-29.5313339979143,-2.5,-44.1031828130768));
#13353=CARTESIAN_POINT('Ctrl Pts',(-29.5313339979143,-2.48,-44.1031828130768));
#13354=CARTESIAN_POINT('Ctrl Pts',(-28.9706858204634,-2.5,-44.1031828130768));
#13355=CARTESIAN_POINT('Ctrl Pts',(-28.9706858204634,-2.48,-44.1031828130768));
#13356=CARTESIAN_POINT('Ctrl Pts',(-28.4100376430125,-2.5,-44.1031828130768));
#13357=CARTESIAN_POINT('Ctrl Pts',(-28.4100376430125,-2.48,-44.1031828130768));
#13358=CARTESIAN_POINT('Ctrl Pts',(-27.9123193630306,-2.5,-43.9716021183689));
#13359=CARTESIAN_POINT('Ctrl Pts',(-27.9123193630306,-2.48,-43.9716021183689));
#13360=CARTESIAN_POINT('Ctrl Pts',(-27.4832518802876,-2.5,-43.7084407289532));
#13361=CARTESIAN_POINT('Ctrl Pts',(-27.4832518802876,-2.48,-43.7084407289532));
#13362=CARTESIAN_POINT('Ctrl Pts',(-27.0541843975446,-2.5,-43.4452793395375));
#13363=CARTESIAN_POINT('Ctrl Pts',(-27.0541843975446,-2.48,-43.4452793395375));
#13364=CARTESIAN_POINT('Ctrl Pts',(-26.7166513111202,-2.5,-43.0905835538033));
#13365=CARTESIAN_POINT('Ctrl Pts',(-26.7166513111202,-2.48,-43.0905835538033));
#13366=CARTESIAN_POINT('Ctrl Pts',(-26.4706526210141,-2.5,-42.6329115722108));
#13367=CARTESIAN_POINT('Ctrl Pts',(-26.4706526210141,-2.48,-42.6329115722108));
#13368=CARTESIAN_POINT('Ctrl Pts',(-26.2246539309081,-2.5,-42.1752395906183));
#13369=CARTESIAN_POINT('Ctrl Pts',(-26.2246539309081,-2.48,-42.1752395906183));
#13370=CARTESIAN_POINT('Ctrl Pts',(-26.1045150357401,-2.5,-41.6660795110966));
#13371=CARTESIAN_POINT('Ctrl Pts',(-26.1045150357401,-2.48,-41.6660795110966));
#13372=CARTESIAN_POINT('Ctrl Pts',(-26.10451503574,-2.5,-41.0711059350263));
#13373=CARTESIAN_POINT('Ctrl Pts',(-26.10451503574,-2.48,-41.0711059350263));
#13374=CARTESIAN_POINT('Ctrl Pts',(-26.10451503574,-2.5,-40.4761323589559));
#13375=CARTESIAN_POINT('Ctrl Pts',(-26.10451503574,-2.48,-40.4761323589559));
#13376=CARTESIAN_POINT('Ctrl Pts',(-26.2303748306781,-2.5,-39.9498095801246));
#13377=CARTESIAN_POINT('Ctrl Pts',(-26.2303748306781,-2.48,-39.9498095801246));
#13378=CARTESIAN_POINT('Ctrl Pts',(-26.4706526210142,-2.5,-39.492137598532));
#13379=CARTESIAN_POINT('Ctrl Pts',(-26.4706526210142,-2.48,-39.492137598532));
#13380=CARTESIAN_POINT('Ctrl Pts',(-26.7109304113502,-2.5,-39.0344656169394));
#13381=CARTESIAN_POINT('Ctrl Pts',(-26.7109304113502,-2.48,-39.0344656169394));
#13382=CARTESIAN_POINT('Ctrl Pts',(-27.0484634977747,-2.5,-38.6797698312053));
#13383=CARTESIAN_POINT('Ctrl Pts',(-27.0484634977747,-2.48,-38.6797698312053));
#13384=CARTESIAN_POINT('Ctrl Pts',(-27.4889727800575,-2.5,-38.4166084417895));
#13385=CARTESIAN_POINT('Ctrl Pts',(-27.4889727800575,-2.48,-38.4166084417895));
#13386=CARTESIAN_POINT('Ctrl Pts',(-27.9294820623403,-2.5,-38.1534470523737));
#13387=CARTESIAN_POINT('Ctrl Pts',(-27.9294820623403,-2.48,-38.1534470523737));
#13388=CARTESIAN_POINT('Ctrl Pts',(-28.4272003423222,-2.5,-38.021866357666));
#13389=CARTESIAN_POINT('Ctrl Pts',(-28.4272003423222,-2.48,-38.021866357666));
#13390=CARTESIAN_POINT('Ctrl Pts',(-28.9878485197731,-2.5,-38.0218663576659));
#13391=CARTESIAN_POINT('Ctrl Pts',(-28.9878485197731,-2.48,-38.0218663576659));
#13392=CARTESIAN_POINT('Ctrl Pts',(-29.8230998861795,-2.5,-38.0218663576658));
#13393=CARTESIAN_POINT('Ctrl Pts',(-29.8230998861795,-2.48,-38.0218663576658));
#13394=CARTESIAN_POINT('Ctrl Pts',(-30.4981660590285,-2.5,-38.3079113461613));
#13395=CARTESIAN_POINT('Ctrl Pts',(-30.4981660590285,-2.48,-38.3079113461613));
#13396=CARTESIAN_POINT('Ctrl Pts',(-31.0073261385501,-2.5,-38.8742804233821));
#13397=CARTESIAN_POINT('Ctrl Pts',(-31.0073261385501,-2.48,-38.8742804233821));
#13398=CARTESIAN_POINT('Ctrl Pts',(-31.4306727215232,-2.5,-42.6500742715206));
#13399=CARTESIAN_POINT('Ctrl Pts',(-31.196115830957,-2.5,-43.107746253113));
#13400=CARTESIAN_POINT('Ctrl Pts',(-30.8700245440723,-2.5,-43.4624420388472));
#13401=CARTESIAN_POINT('Ctrl Pts',(-30.4466779610993,-2.5,-43.7198825284931));
#13402=CARTESIAN_POINT('Ctrl Pts',(-30.0233313781263,-2.5,-43.977323018139));
#13403=CARTESIAN_POINT('Ctrl Pts',(-29.5313339979143,-2.5,-44.1031828130768));
#13404=CARTESIAN_POINT('Ctrl Pts',(-28.9706858204634,-2.5,-44.1031828130768));
#13405=CARTESIAN_POINT('Ctrl Pts',(-28.4100376430125,-2.5,-44.1031828130768));
#13406=CARTESIAN_POINT('Ctrl Pts',(-27.9123193630306,-2.5,-43.9716021183689));
#13407=CARTESIAN_POINT('Ctrl Pts',(-27.4832518802876,-2.5,-43.7084407289532));
#13408=CARTESIAN_POINT('Ctrl Pts',(-27.0541843975446,-2.5,-43.4452793395375));
#13409=CARTESIAN_POINT('Ctrl Pts',(-26.7166513111202,-2.5,-43.0905835538033));
#13410=CARTESIAN_POINT('Ctrl Pts',(-26.4706526210141,-2.5,-42.6329115722108));
#13411=CARTESIAN_POINT('Ctrl Pts',(-26.2246539309081,-2.5,-42.1752395906183));
#13412=CARTESIAN_POINT('Ctrl Pts',(-26.1045150357401,-2.5,-41.6660795110966));
#13413=CARTESIAN_POINT('Ctrl Pts',(-26.10451503574,-2.5,-41.0711059350263));
#13414=CARTESIAN_POINT('Ctrl Pts',(-26.10451503574,-2.5,-40.4761323589559));
#13415=CARTESIAN_POINT('Ctrl Pts',(-26.2303748306781,-2.5,-39.9498095801246));
#13416=CARTESIAN_POINT('Ctrl Pts',(-26.4706526210142,-2.5,-39.492137598532));
#13417=CARTESIAN_POINT('Ctrl Pts',(-26.7109304113502,-2.5,-39.0344656169394));
#13418=CARTESIAN_POINT('Ctrl Pts',(-27.0484634977747,-2.5,-38.6797698312053));
#13419=CARTESIAN_POINT('Ctrl Pts',(-27.4889727800575,-2.5,-38.4166084417895));
#13420=CARTESIAN_POINT('Ctrl Pts',(-27.9294820623403,-2.5,-38.1534470523737));
#13421=CARTESIAN_POINT('Ctrl Pts',(-28.4272003423222,-2.5,-38.021866357666));
#13422=CARTESIAN_POINT('Ctrl Pts',(-28.9878485197731,-2.5,-38.0218663576659));
#13423=CARTESIAN_POINT('Ctrl Pts',(-29.8230998861795,-2.5,-38.0218663576658));
#13424=CARTESIAN_POINT('Ctrl Pts',(-30.4981660590285,-2.5,-38.3079113461613));
#13425=CARTESIAN_POINT('Ctrl Pts',(-31.0073261385501,-2.5,-38.8742804233821));
#13426=CARTESIAN_POINT('Ctrl Pts',(-31.4306727215232,-2.48,-42.6500742715206));
#13427=CARTESIAN_POINT('Ctrl Pts',(-31.196115830957,-2.48,-43.107746253113));
#13428=CARTESIAN_POINT('Ctrl Pts',(-30.8700245440723,-2.48,-43.4624420388472));
#13429=CARTESIAN_POINT('Ctrl Pts',(-30.4466779610993,-2.48,-43.7198825284931));
#13430=CARTESIAN_POINT('Ctrl Pts',(-30.0233313781263,-2.48,-43.977323018139));
#13431=CARTESIAN_POINT('Ctrl Pts',(-29.5313339979143,-2.48,-44.1031828130768));
#13432=CARTESIAN_POINT('Ctrl Pts',(-28.9706858204634,-2.48,-44.1031828130768));
#13433=CARTESIAN_POINT('Ctrl Pts',(-28.4100376430125,-2.48,-44.1031828130768));
#13434=CARTESIAN_POINT('Ctrl Pts',(-27.9123193630306,-2.48,-43.9716021183689));
#13435=CARTESIAN_POINT('Ctrl Pts',(-27.4832518802876,-2.48,-43.7084407289532));
#13436=CARTESIAN_POINT('Ctrl Pts',(-27.0541843975446,-2.48,-43.4452793395375));
#13437=CARTESIAN_POINT('Ctrl Pts',(-26.7166513111202,-2.48,-43.0905835538033));
#13438=CARTESIAN_POINT('Ctrl Pts',(-26.4706526210141,-2.48,-42.6329115722108));
#13439=CARTESIAN_POINT('Ctrl Pts',(-26.2246539309081,-2.48,-42.1752395906183));
#13440=CARTESIAN_POINT('Ctrl Pts',(-26.1045150357401,-2.48,-41.6660795110966));
#13441=CARTESIAN_POINT('Ctrl Pts',(-26.10451503574,-2.48,-41.0711059350263));
#13442=CARTESIAN_POINT('Ctrl Pts',(-26.10451503574,-2.48,-40.4761323589559));
#13443=CARTESIAN_POINT('Ctrl Pts',(-26.2303748306781,-2.48,-39.9498095801246));
#13444=CARTESIAN_POINT('Ctrl Pts',(-26.4706526210142,-2.48,-39.492137598532));
#13445=CARTESIAN_POINT('Ctrl Pts',(-26.7109304113502,-2.48,-39.0344656169394));
#13446=CARTESIAN_POINT('Ctrl Pts',(-27.0484634977747,-2.48,-38.6797698312053));
#13447=CARTESIAN_POINT('Ctrl Pts',(-27.4889727800575,-2.48,-38.4166084417895));
#13448=CARTESIAN_POINT('Ctrl Pts',(-27.9294820623403,-2.48,-38.1534470523737));
#13449=CARTESIAN_POINT('Ctrl Pts',(-28.4272003423222,-2.48,-38.021866357666));
#13450=CARTESIAN_POINT('Ctrl Pts',(-28.9878485197731,-2.48,-38.0218663576659));
#13451=CARTESIAN_POINT('Ctrl Pts',(-29.8230998861795,-2.48,-38.0218663576658));
#13452=CARTESIAN_POINT('Ctrl Pts',(-30.4981660590285,-2.48,-38.3079113461613));
#13453=CARTESIAN_POINT('Ctrl Pts',(-31.0073261385501,-2.48,-38.8742804233821));
#13454=CARTESIAN_POINT('Ctrl Pts',(-24.9317305829093,-2.5,-38.7026534302849));
#13455=CARTESIAN_POINT('Ctrl Pts',(-24.9317305829093,-2.48,-38.7026534302849));
#13456=CARTESIAN_POINT('Ctrl Pts',(-24.5484302983255,-2.5,-39.4006032022135));
#13457=CARTESIAN_POINT('Ctrl Pts',(-24.5484302983255,-2.48,-39.4006032022135));
#13458=CARTESIAN_POINT('Ctrl Pts',(-24.3596406059187,-2.5,-40.1900873704607));
#13459=CARTESIAN_POINT('Ctrl Pts',(-24.3596406059187,-2.48,-40.1900873704607));
#13460=CARTESIAN_POINT('Ctrl Pts',(-24.3596406059186,-2.5,-41.0596641354865));
#13461=CARTESIAN_POINT('Ctrl Pts',(-24.3596406059186,-2.48,-41.0596641354865));
#13462=CARTESIAN_POINT('Ctrl Pts',(-24.3596406059185,-2.5,-41.9292409005122));
#13463=CARTESIAN_POINT('Ctrl Pts',(-24.3596406059185,-2.48,-41.9292409005122));
#13464=CARTESIAN_POINT('Ctrl Pts',(-24.5484302983255,-2.5,-42.7187250687593));
#13465=CARTESIAN_POINT('Ctrl Pts',(-24.5484302983255,-2.48,-42.7187250687593));
#13466=CARTESIAN_POINT('Ctrl Pts',(-24.9317305829092,-2.5,-43.416674840688));
#13467=CARTESIAN_POINT('Ctrl Pts',(-24.9317305829092,-2.48,-43.416674840688));
#13468=CARTESIAN_POINT('',(-24.9317305829093,-2.48,-38.7026534302849));
#13469=CARTESIAN_POINT('',(-24.9317305829093,-2.5,-38.7026534302849));
#13470=CARTESIAN_POINT('',(-24.9317305829092,-2.48,-43.416674840688));
#13471=CARTESIAN_POINT('Ctrl Pts',(-24.9317305829093,-2.48,-38.7026534302849));
#13472=CARTESIAN_POINT('Ctrl Pts',(-24.5484302983255,-2.48,-39.4006032022135));
#13473=CARTESIAN_POINT('Ctrl Pts',(-24.3596406059187,-2.48,-40.1900873704607));
#13474=CARTESIAN_POINT('Ctrl Pts',(-24.3596406059186,-2.48,-41.0596641354865));
#13475=CARTESIAN_POINT('Ctrl Pts',(-24.3596406059185,-2.48,-41.9292409005122));
#13476=CARTESIAN_POINT('Ctrl Pts',(-24.5484302983255,-2.48,-42.7187250687593));
#13477=CARTESIAN_POINT('Ctrl Pts',(-24.9317305829092,-2.48,-43.416674840688));
#13478=CARTESIAN_POINT('',(-24.9317305829092,-2.5,-43.416674840688));
#13479=CARTESIAN_POINT('Ctrl Pts',(-26.4935362200939,-2.5,-37.043592497012));
#13480=CARTESIAN_POINT('Ctrl Pts',(-25.5004155698944,-2.5,-37.6514496798435));
#13481=CARTESIAN_POINT('Ctrl Pts',(-24.9317305829092,-2.5,-38.7026534302849));
#13482=CARTESIAN_POINT('Ctrl Pts',(-26.4935362200939,-2.48,-37.043592497012));
#13483=CARTESIAN_POINT('Ctrl Pts',(-25.5004155698944,-2.48,-37.6514496798435));
#13484=CARTESIAN_POINT('Ctrl Pts',(-24.9317305829092,-2.48,-38.7026534302849));
#13485=CARTESIAN_POINT('',(-26.4935362200938,-2.48,-37.043592497012));
#13486=CARTESIAN_POINT('',(-26.4935362200938,-2.5,-37.043592497012));
#13487=CARTESIAN_POINT('Origin',(-86.8062470387915,-2.48,-101.688787518927));
#13488=CARTESIAN_POINT('Ctrl Pts',(-30.5267705578779,-2.5,-36.8605237043749));
#13489=CARTESIAN_POINT('Ctrl Pts',(-30.5267705578779,-2.48,-36.8605237043749));
#13490=CARTESIAN_POINT('Ctrl Pts',(-29.9947268792766,-2.5,-36.5801996156495));
#13491=CARTESIAN_POINT('Ctrl Pts',(-29.9947268792766,-2.48,-36.5801996156495));
#13492=CARTESIAN_POINT('Ctrl Pts',(-29.3883115036665,-2.5,-36.4371771214019));
#13493=CARTESIAN_POINT('Ctrl Pts',(-29.3883115036665,-2.48,-36.4371771214019));
#13494=CARTESIAN_POINT('Ctrl Pts',(-28.7018035312777,-2.5,-36.4371771214019));
#13495=CARTESIAN_POINT('Ctrl Pts',(-28.7018035312777,-2.48,-36.4371771214019));
#13496=CARTESIAN_POINT('Ctrl Pts',(-27.889435763951,-2.5,-36.4371771214018));
#13497=CARTESIAN_POINT('Ctrl Pts',(-27.889435763951,-2.48,-36.4371771214018));
#13498=CARTESIAN_POINT('Ctrl Pts',(-27.1514396936331,-2.5,-36.6374086133485));
#13499=CARTESIAN_POINT('Ctrl Pts',(-27.1514396936331,-2.48,-36.6374086133485));
#13500=CARTESIAN_POINT('Ctrl Pts',(-26.4935362200938,-2.5,-37.043592497012));
#13501=CARTESIAN_POINT('Ctrl Pts',(-26.4935362200938,-2.48,-37.043592497012));
#13502=CARTESIAN_POINT('',(-30.5267705578779,-2.48,-36.8605237043749));
#13503=CARTESIAN_POINT('',(-30.5267705578779,-2.5,-36.8605237043749));
#13504=CARTESIAN_POINT('Ctrl Pts',(-30.5267705578779,-2.48,-36.8605237043749));
#13505=CARTESIAN_POINT('Ctrl Pts',(-29.9947268792766,-2.48,-36.5801996156495));
#13506=CARTESIAN_POINT('Ctrl Pts',(-29.3883115036665,-2.48,-36.4371771214019));
#13507=CARTESIAN_POINT('Ctrl Pts',(-28.7018035312777,-2.48,-36.4371771214019));
#13508=CARTESIAN_POINT('Ctrl Pts',(-27.889435763951,-2.48,-36.4371771214018));
#13509=CARTESIAN_POINT('Ctrl Pts',(-27.1514396936331,-2.48,-36.6374086133485));
#13510=CARTESIAN_POINT('Ctrl Pts',(-26.4935362200938,-2.48,-37.043592497012));
#13511=CARTESIAN_POINT('Ctrl Pts',(-31.6595087123195,-2.5,-37.8616811641086));
#13512=CARTESIAN_POINT('Ctrl Pts',(-31.6595087123195,-2.48,-37.8616811641086));
#13513=CARTESIAN_POINT('Ctrl Pts',(-31.3563010245145,-2.5,-37.4497763806753));
#13514=CARTESIAN_POINT('Ctrl Pts',(-31.3563010245145,-2.48,-37.4497763806753));
#13515=CARTESIAN_POINT('Ctrl Pts',(-30.9901634392404,-2.5,-37.1065223944809));
#13516=CARTESIAN_POINT('Ctrl Pts',(-30.9901634392404,-2.48,-37.1065223944809));
#13517=CARTESIAN_POINT('Ctrl Pts',(-30.5267705578779,-2.5,-36.8605237043749));
#13518=CARTESIAN_POINT('Ctrl Pts',(-30.5267705578779,-2.48,-36.8605237043749));
#13519=CARTESIAN_POINT('',(-31.6595087123195,-2.48,-37.8616811641086));
#13520=CARTESIAN_POINT('',(-31.6595087123195,-2.5,-37.8616811641086));
#13521=CARTESIAN_POINT('Ctrl Pts',(-31.6595087123195,-2.48,-37.8616811641086));
#13522=CARTESIAN_POINT('Ctrl Pts',(-31.3563010245145,-2.48,-37.4497763806753));
#13523=CARTESIAN_POINT('Ctrl Pts',(-30.9901634392404,-2.48,-37.1065223944809));
#13524=CARTESIAN_POINT('Ctrl Pts',(-30.5267705578779,-2.48,-36.8605237043749));
#13525=CARTESIAN_POINT('Origin',(-31.6595087123195,-2.5,-36.6259668138088));
#13526=CARTESIAN_POINT('',(-31.6595087123195,-2.48,-36.6259668138088));
#13527=CARTESIAN_POINT('',(-31.6595087123195,-2.5,-36.6259668138088));
#13528=CARTESIAN_POINT('',(-31.6595087123195,-2.48,-37.8616811641086));
#13529=CARTESIAN_POINT('Origin',(-33.3643368437516,-2.5,-36.6259668138088));
#13530=CARTESIAN_POINT('',(-33.3643368437516,-2.48,-36.6259668138088));
#13531=CARTESIAN_POINT('',(-33.3643368437516,-2.5,-36.6259668138088));
#13532=CARTESIAN_POINT('',(-31.6595087123195,-2.48,-36.6259668138088));
#13533=CARTESIAN_POINT('Origin',(-33.3643368437517,-2.5,-45.504803256704));
#13534=CARTESIAN_POINT('',(-33.3643368437517,-2.48,-45.504803256704));
#13535=CARTESIAN_POINT('',(-33.3643368437517,-2.5,-45.504803256704));
#13536=CARTESIAN_POINT('',(-33.3643368437516,-2.48,-36.6259668138088));
#13537=CARTESIAN_POINT('Origin',(-31.6595087123196,-2.5,-45.5048032567039));
#13538=CARTESIAN_POINT('',(-31.6595087123196,-2.48,-45.5048032567039));
#13539=CARTESIAN_POINT('',(-31.6595087123196,-2.5,-45.5048032567039));
#13540=CARTESIAN_POINT('',(-33.3643368437517,-2.48,-45.504803256704));
#13541=CARTESIAN_POINT('Origin',(-31.6595087123195,-2.5,-44.2690889064041));
#13542=CARTESIAN_POINT('',(-31.6595087123195,-2.48,-44.2690889064041));
#13543=CARTESIAN_POINT('',(-31.6595087123195,-2.5,-44.2690889064041));
#13544=CARTESIAN_POINT('',(-31.6595087123196,-2.48,-45.5048032567039));
#13545=CARTESIAN_POINT('Ctrl Pts',(-30.5096078585682,-2.5,-45.2759672659077));
#13546=CARTESIAN_POINT('Ctrl Pts',(-30.5096078585682,-2.48,-45.2759672659077));
#13547=CARTESIAN_POINT('Ctrl Pts',(-30.9787216397006,-2.5,-45.0299685758017));
#13548=CARTESIAN_POINT('Ctrl Pts',(-30.9787216397006,-2.48,-45.0299685758017));
#13549=CARTESIAN_POINT('Ctrl Pts',(-31.3505801247445,-2.5,-44.6809936898373));
#13550=CARTESIAN_POINT('Ctrl Pts',(-31.3505801247445,-2.48,-44.6809936898373));
#13551=CARTESIAN_POINT('Ctrl Pts',(-31.6595087123195,-2.5,-44.2690889064041));
#13552=CARTESIAN_POINT('Ctrl Pts',(-31.6595087123195,-2.48,-44.2690889064041));
#13553=CARTESIAN_POINT('',(-30.5096078585682,-2.48,-45.2759672659077));
#13554=CARTESIAN_POINT('',(-30.5096078585682,-2.5,-45.2759672659077));
#13555=CARTESIAN_POINT('Ctrl Pts',(-30.5096078585682,-2.48,-45.2759672659077));
#13556=CARTESIAN_POINT('Ctrl Pts',(-30.9787216397006,-2.48,-45.0299685758017));
#13557=CARTESIAN_POINT('Ctrl Pts',(-31.3505801247445,-2.48,-44.6809936898373));
#13558=CARTESIAN_POINT('Ctrl Pts',(-31.6595087123195,-2.48,-44.2690889064041));
#13559=CARTESIAN_POINT('Ctrl Pts',(-24.9317305829092,-2.5,-43.416674840688));
#13560=CARTESIAN_POINT('Ctrl Pts',(-24.9317305829092,-2.48,-43.416674840688));
#13561=CARTESIAN_POINT('Ctrl Pts',(-25.3093099677231,-2.5,-44.1146246126166));
#13562=CARTESIAN_POINT('Ctrl Pts',(-25.3093099677231,-2.48,-44.1146246126166));
#13563=CARTESIAN_POINT('Ctrl Pts',(-25.8241909470147,-2.5,-44.6695518902975));
#13564=CARTESIAN_POINT('Ctrl Pts',(-25.8241909470147,-2.48,-44.6695518902975));
#13565=CARTESIAN_POINT('Ctrl Pts',(-26.482094420554,-2.5,-45.0814566737309));
#13566=CARTESIAN_POINT('Ctrl Pts',(-26.482094420554,-2.48,-45.0814566737309));
#13567=CARTESIAN_POINT('Ctrl Pts',(-27.1399978940932,-2.5,-45.4933614571642));
#13568=CARTESIAN_POINT('Ctrl Pts',(-27.1399978940932,-2.48,-45.4933614571642));
#13569=CARTESIAN_POINT('Ctrl Pts',(-27.8779939644112,-2.5,-45.6993138488807));
#13570=CARTESIAN_POINT('Ctrl Pts',(-27.8779939644112,-2.48,-45.6993138488807));
#13571=CARTESIAN_POINT('Ctrl Pts',(-28.7018035312777,-2.5,-45.6993138488808));
#13572=CARTESIAN_POINT('Ctrl Pts',(-28.7018035312777,-2.48,-45.6993138488808));
#13573=CARTESIAN_POINT('Ctrl Pts',(-29.3768697041267,-2.5,-45.6993138488808));
#13574=CARTESIAN_POINT('Ctrl Pts',(-29.3768697041267,-2.48,-45.6993138488808));
#13575=CARTESIAN_POINT('Ctrl Pts',(-29.9775641799669,-2.5,-45.5562913546331));
#13576=CARTESIAN_POINT('Ctrl Pts',(-29.9775641799669,-2.48,-45.5562913546331));
#13577=CARTESIAN_POINT('Ctrl Pts',(-30.5096078585682,-2.5,-45.2759672659077));
#13578=CARTESIAN_POINT('Ctrl Pts',(-30.5096078585682,-2.48,-45.2759672659077));
#13579=CARTESIAN_POINT('Ctrl Pts',(-24.9317305829092,-2.48,-43.416674840688));
#13580=CARTESIAN_POINT('Ctrl Pts',(-25.3093099677231,-2.48,-44.1146246126166));
#13581=CARTESIAN_POINT('Ctrl Pts',(-25.8241909470147,-2.48,-44.6695518902975));
#13582=CARTESIAN_POINT('Ctrl Pts',(-26.482094420554,-2.48,-45.0814566737309));
#13583=CARTESIAN_POINT('Ctrl Pts',(-27.1399978940932,-2.48,-45.4933614571642));
#13584=CARTESIAN_POINT('Ctrl Pts',(-27.8779939644112,-2.48,-45.6993138488807));
#13585=CARTESIAN_POINT('Ctrl Pts',(-28.7018035312777,-2.48,-45.6993138488808));
#13586=CARTESIAN_POINT('Ctrl Pts',(-29.3768697041267,-2.48,-45.6993138488808));
#13587=CARTESIAN_POINT('Ctrl Pts',(-29.9775641799669,-2.48,-45.5562913546331));
#13588=CARTESIAN_POINT('Ctrl Pts',(-30.5096078585682,-2.48,-45.2759672659077));
#13589=CARTESIAN_POINT('Origin',(-28.8619887248351,-2.48,-41.0682454851413));
#13590=CARTESIAN_POINT('Origin',(8.96460055378791,-2.5,-45.504803256704));
#13591=CARTESIAN_POINT('',(8.96460055378791,-2.48,-45.504803256704));
#13592=CARTESIAN_POINT('',(8.96460055378791,-2.5,-45.504803256704));
#13593=CARTESIAN_POINT('',(6.69912424490489,-2.48,-42.4040755814144));
#13594=CARTESIAN_POINT('',(6.69912424490489,-2.48,-42.4040755814144));
#13595=CARTESIAN_POINT('',(6.69912424490489,-2.5,-42.4040755814144));
#13596=CARTESIAN_POINT('Origin',(11.0069617716446,-2.5,-45.5048032567039));
#13597=CARTESIAN_POINT('',(11.0069617716446,-2.48,-45.5048032567039));
#13598=CARTESIAN_POINT('',(11.0069617716446,-2.5,-45.5048032567039));
#13599=CARTESIAN_POINT('',(8.96460055378791,-2.48,-45.504803256704));
#13600=CARTESIAN_POINT('Origin',(7.78609520118714,-2.5,-41.1855239304244));
#13601=CARTESIAN_POINT('',(7.78609520118714,-2.48,-41.1855239304244));
#13602=CARTESIAN_POINT('',(7.78609520118714,-2.5,-41.1855239304244));
#13603=CARTESIAN_POINT('',(11.0069617716446,-2.48,-45.5048032567039));
#13604=CARTESIAN_POINT('Origin',(11.1728678649719,-2.5,-36.6202459140388));
#13605=CARTESIAN_POINT('',(11.1728678649719,-2.48,-36.6202459140388));
#13606=CARTESIAN_POINT('',(11.1728678649719,-2.5,-36.6202459140388));
#13607=CARTESIAN_POINT('',(7.78609520118714,-2.48,-41.1855239304244));
#13608=CARTESIAN_POINT('Origin',(9.18771564481426,-2.5,-36.6202459140389));
#13609=CARTESIAN_POINT('',(9.18771564481426,-2.48,-36.6202459140389));
#13610=CARTESIAN_POINT('',(9.18771564481426,-2.5,-36.6202459140389));
#13611=CARTESIAN_POINT('',(11.1728678649719,-2.48,-36.6202459140388));
#13612=CARTESIAN_POINT('Origin',(6.80210044076322,-2.5,-39.9726931792042));
#13613=CARTESIAN_POINT('',(6.80210044076322,-2.48,-39.9726931792042));
#13614=CARTESIAN_POINT('',(6.80210044076322,-2.5,-39.9726931792042));
#13615=CARTESIAN_POINT('',(9.18771564481426,-2.48,-36.6202459140389));
#13616=CARTESIAN_POINT('Origin',(4.41648523671212,-2.5,-36.6202459140389));
#13617=CARTESIAN_POINT('',(4.41648523671212,-2.48,-36.6202459140389));
#13618=CARTESIAN_POINT('',(4.41648523671212,-2.5,-36.6202459140389));
#13619=CARTESIAN_POINT('',(6.80210044076322,-2.48,-39.9726931792042));
#13620=CARTESIAN_POINT('Origin',(2.3798449186253,-2.5,-36.6202459140389));
#13621=CARTESIAN_POINT('',(2.3798449186253,-2.48,-36.6202459140389));
#13622=CARTESIAN_POINT('',(2.3798449186253,-2.5,-36.6202459140389));
#13623=CARTESIAN_POINT('',(4.41648523671212,-2.48,-36.6202459140389));
#13624=CARTESIAN_POINT('Origin',(5.70940858471101,-2.5,-41.2141284292739));
#13625=CARTESIAN_POINT('',(5.70940858471101,-2.48,-41.2141284292739));
#13626=CARTESIAN_POINT('',(5.70940858471101,-2.5,-41.2141284292739));
#13627=CARTESIAN_POINT('',(2.3798449186253,-2.48,-36.6202459140389));
#13628=CARTESIAN_POINT('Origin',(2.54575101195261,-2.5,-45.5048032567039));
#13629=CARTESIAN_POINT('',(2.54575101195261,-2.48,-45.5048032567039));
#13630=CARTESIAN_POINT('',(2.54575101195261,-2.5,-45.5048032567039));
#13631=CARTESIAN_POINT('',(5.70940858471101,-2.48,-41.2141284292739));
#13632=CARTESIAN_POINT('Origin',(4.51374053280057,-2.5,-45.5048032567038));
#13633=CARTESIAN_POINT('',(4.51374053280057,-2.48,-45.5048032567038));
#13634=CARTESIAN_POINT('',(4.51374053280057,-2.5,-45.5048032567038));
#13635=CARTESIAN_POINT('',(2.54575101195261,-2.48,-45.5048032567039));
#13636=CARTESIAN_POINT('Origin',(6.69912424490489,-2.5,-42.4040755814144));
#13637=CARTESIAN_POINT('',(4.51374053280057,-2.48,-45.5048032567038));
#13638=CARTESIAN_POINT('Origin',(6.77635639179861,-2.48,-41.0625245853714));
#13639=CARTESIAN_POINT('Origin',(39.1053261229208,-2.5,-48.0865976756292));
#13640=CARTESIAN_POINT('',(39.1053261229208,-2.48,-48.0865976756292));
#13641=CARTESIAN_POINT('',(39.1053261229208,-2.5,-48.0865976756292));
#13642=CARTESIAN_POINT('',(36.4916667444903,-2.48,-50.7002570540597));
#13643=CARTESIAN_POINT('',(36.4916667444903,-2.48,-50.7002570540597));
#13644=CARTESIAN_POINT('',(36.4916667444903,-2.5,-50.7002570540597));
#13645=CARTESIAN_POINT('Ctrl Pts',(38.0326682277268,-2.5,-47.0214937092747));
#13646=CARTESIAN_POINT('Ctrl Pts',(38.0326682277268,-2.48,-47.0214937092747));
#13647=CARTESIAN_POINT('Ctrl Pts',(37.979790725851,-2.5,-46.8477533459685));
#13648=CARTESIAN_POINT('Ctrl Pts',(37.979790725851,-2.48,-46.8477533459685));
#13649=CARTESIAN_POINT('Ctrl Pts',(37.942021081654,-2.5,-46.6740129826624));
#13650=CARTESIAN_POINT('Ctrl Pts',(37.942021081654,-2.48,-46.6740129826624));
#13651=CARTESIAN_POINT('Ctrl Pts',(37.942021081654,-2.5,-46.4851647616776));
#13652=CARTESIAN_POINT('Ctrl Pts',(37.942021081654,-2.48,-46.4851647616776));
#13653=CARTESIAN_POINT('Ctrl Pts',(37.942021081654,-2.5,-45.5484775855926));
#13654=CARTESIAN_POINT('Ctrl Pts',(37.942021081654,-2.48,-45.5484775855926));
#13655=CARTESIAN_POINT('Ctrl Pts',(38.7049678944329,-2.5,-44.7855307728137));
#13656=CARTESIAN_POINT('Ctrl Pts',(38.7049678944329,-2.48,-44.7855307728137));
#13657=CARTESIAN_POINT('Ctrl Pts',(39.6416550705178,-2.5,-44.7855307728138));
#13658=CARTESIAN_POINT('Ctrl Pts',(39.6416550705178,-2.48,-44.7855307728138));
#13659=CARTESIAN_POINT('Ctrl Pts',(40.5783422466027,-2.5,-44.7855307728139));
#13660=CARTESIAN_POINT('Ctrl Pts',(40.5783422466027,-2.48,-44.7855307728139));
#13661=CARTESIAN_POINT('Ctrl Pts',(41.3412890593815,-2.5,-45.5484775855926));
#13662=CARTESIAN_POINT('Ctrl Pts',(41.3412890593815,-2.48,-45.5484775855926));
#13663=CARTESIAN_POINT('Ctrl Pts',(41.3412890593815,-2.5,-46.4851647616776));
#13664=CARTESIAN_POINT('Ctrl Pts',(41.3412890593815,-2.48,-46.4851647616776));
#13665=CARTESIAN_POINT('Ctrl Pts',(41.3412890593815,-2.5,-47.4218519377625));
#13666=CARTESIAN_POINT('Ctrl Pts',(41.3412890593815,-2.48,-47.4218519377625));
#13667=CARTESIAN_POINT('Ctrl Pts',(40.5783422466027,-2.5,-48.1847987505414));
#13668=CARTESIAN_POINT('Ctrl Pts',(40.5783422466027,-2.48,-48.1847987505414));
#13669=CARTESIAN_POINT('Ctrl Pts',(39.6416550705178,-2.5,-48.1847987505414));
#13670=CARTESIAN_POINT('Ctrl Pts',(39.6416550705178,-2.48,-48.1847987505414));
#13671=CARTESIAN_POINT('Ctrl Pts',(39.4528068495329,-2.5,-48.1847987505414));
#13672=CARTESIAN_POINT('Ctrl Pts',(39.4528068495329,-2.48,-48.1847987505414));
#13673=CARTESIAN_POINT('Ctrl Pts',(39.2715125573875,-2.5,-48.1394751775049));
#13674=CARTESIAN_POINT('Ctrl Pts',(39.2715125573875,-2.48,-48.1394751775049));
#13675=CARTESIAN_POINT('Ctrl Pts',(39.1053261229208,-2.5,-48.0865976756292));
#13676=CARTESIAN_POINT('Ctrl Pts',(39.1053261229208,-2.48,-48.0865976756292));
#13677=CARTESIAN_POINT('',(38.0326682277268,-2.48,-47.0214937092747));
#13678=CARTESIAN_POINT('',(38.0326682277268,-2.5,-47.0214937092747));
#13679=CARTESIAN_POINT('Ctrl Pts',(38.0326682277268,-2.48,-47.0214937092747));
#13680=CARTESIAN_POINT('Ctrl Pts',(37.979790725851,-2.48,-46.8477533459685));
#13681=CARTESIAN_POINT('Ctrl Pts',(37.942021081654,-2.48,-46.6740129826624));
#13682=CARTESIAN_POINT('Ctrl Pts',(37.942021081654,-2.48,-46.4851647616776));
#13683=CARTESIAN_POINT('Ctrl Pts',(37.942021081654,-2.48,-45.5484775855926));
#13684=CARTESIAN_POINT('Ctrl Pts',(38.7049678944329,-2.48,-44.7855307728137));
#13685=CARTESIAN_POINT('Ctrl Pts',(39.6416550705178,-2.48,-44.7855307728138));
#13686=CARTESIAN_POINT('Ctrl Pts',(40.5783422466027,-2.48,-44.7855307728139));
#13687=CARTESIAN_POINT('Ctrl Pts',(41.3412890593815,-2.48,-45.5484775855926));
#13688=CARTESIAN_POINT('Ctrl Pts',(41.3412890593815,-2.48,-46.4851647616776));
#13689=CARTESIAN_POINT('Ctrl Pts',(41.3412890593815,-2.48,-47.4218519377625));
#13690=CARTESIAN_POINT('Ctrl Pts',(40.5783422466027,-2.48,-48.1847987505414));
#13691=CARTESIAN_POINT('Ctrl Pts',(39.6416550705178,-2.48,-48.1847987505414));
#13692=CARTESIAN_POINT('Ctrl Pts',(39.4528068495329,-2.48,-48.1847987505414));
#13693=CARTESIAN_POINT('Ctrl Pts',(39.2715125573875,-2.48,-48.1394751775049));
#13694=CARTESIAN_POINT('Ctrl Pts',(39.1053261229208,-2.48,-48.0865976756292));
#13695=CARTESIAN_POINT('Origin',(35.8646906508206,-2.5,-49.1970252150202));
#13696=CARTESIAN_POINT('',(35.8646906508206,-2.48,-49.1970252150202));
#13697=CARTESIAN_POINT('',(35.8646906508206,-2.5,-49.1970252150202));
#13698=CARTESIAN_POINT('',(38.0326682277268,-2.48,-47.0214937092747));
#13699=CARTESIAN_POINT('Origin',(20.9985586948921,-2.5,-49.1970252150202));
#13700=CARTESIAN_POINT('',(20.9985586948921,-2.48,-49.1970252150202));
#13701=CARTESIAN_POINT('',(20.9985586948921,-2.5,-49.1970252150202));
#13702=CARTESIAN_POINT('',(35.8646906508206,-2.48,-49.1970252150202));
#13703=CARTESIAN_POINT('Origin',(16.7079271141161,-2.5,-44.9063936342441));
#13704=CARTESIAN_POINT('',(16.7079271141161,-2.48,-44.9063936342441));
#13705=CARTESIAN_POINT('',(16.7079271141161,-2.5,-44.9063936342441));
#13706=CARTESIAN_POINT('',(20.9985586948921,-2.48,-49.1970252150202));
#13707=CARTESIAN_POINT('Origin',(16.7079271141161,-2.5,-36.3477922592101));
#13708=CARTESIAN_POINT('',(16.7079271141161,-2.48,-36.3477922592101));
#13709=CARTESIAN_POINT('',(16.7079271141161,-2.5,-36.3477922592101));
#13710=CARTESIAN_POINT('',(16.7079271141161,-2.48,-44.9063936342441));
#13711=CARTESIAN_POINT('Origin',(19.6464054326406,-2.5,-33.4093139406857));
#13712=CARTESIAN_POINT('',(19.6464054326406,-2.48,-33.4093139406857));
#13713=CARTESIAN_POINT('',(19.6464054326406,-2.5,-33.4093139406857));
#13714=CARTESIAN_POINT('',(16.7079271141161,-2.48,-36.3477922592101));
#13715=CARTESIAN_POINT('Ctrl Pts',(18.5737475374465,-2.5,-32.3366560454916));
#13716=CARTESIAN_POINT('Ctrl Pts',(18.5737475374465,-2.48,-32.3366560454916));
#13717=CARTESIAN_POINT('Ctrl Pts',(18.5208700355708,-2.5,-32.1629156821856));
#13718=CARTESIAN_POINT('Ctrl Pts',(18.5208700355708,-2.48,-32.1629156821856));
#13719=CARTESIAN_POINT('Ctrl Pts',(18.4831003913738,-2.5,-31.9891753188795));
#13720=CARTESIAN_POINT('Ctrl Pts',(18.4831003913738,-2.48,-31.9891753188795));
#13721=CARTESIAN_POINT('Ctrl Pts',(18.4831003913738,-2.5,-31.8003270978946));
#13722=CARTESIAN_POINT('Ctrl Pts',(18.4831003913738,-2.48,-31.8003270978946));
#13723=CARTESIAN_POINT('Ctrl Pts',(18.4831003913738,-2.5,-30.8636399218097));
#13724=CARTESIAN_POINT('Ctrl Pts',(18.4831003913738,-2.48,-30.8636399218097));
#13725=CARTESIAN_POINT('Ctrl Pts',(19.2460472041527,-2.5,-30.1006931090308));
#13726=CARTESIAN_POINT('Ctrl Pts',(19.2460472041527,-2.48,-30.1006931090308));
#13727=CARTESIAN_POINT('Ctrl Pts',(20.1827343802376,-2.5,-30.1006931090309));
#13728=CARTESIAN_POINT('Ctrl Pts',(20.1827343802376,-2.48,-30.1006931090309));
#13729=CARTESIAN_POINT('Ctrl Pts',(21.1194215563225,-2.5,-30.100693109031));
#13730=CARTESIAN_POINT('Ctrl Pts',(21.1194215563225,-2.48,-30.100693109031));
#13731=CARTESIAN_POINT('Ctrl Pts',(21.8823683691013,-2.5,-30.8636399218098));
#13732=CARTESIAN_POINT('Ctrl Pts',(21.8823683691013,-2.48,-30.8636399218098));
#13733=CARTESIAN_POINT('Ctrl Pts',(21.8823683691013,-2.5,-31.8003270978947));
#13734=CARTESIAN_POINT('Ctrl Pts',(21.8823683691013,-2.48,-31.8003270978947));
#13735=CARTESIAN_POINT('Ctrl Pts',(21.8823683691013,-2.5,-32.7370142739796));
#13736=CARTESIAN_POINT('Ctrl Pts',(21.8823683691013,-2.48,-32.7370142739796));
#13737=CARTESIAN_POINT('Ctrl Pts',(21.1194215563225,-2.5,-33.4999610867583));
#13738=CARTESIAN_POINT('Ctrl Pts',(21.1194215563225,-2.48,-33.4999610867583));
#13739=CARTESIAN_POINT('Ctrl Pts',(20.1827343802376,-2.5,-33.4999610867583));
#13740=CARTESIAN_POINT('Ctrl Pts',(20.1827343802376,-2.48,-33.4999610867583));
#13741=CARTESIAN_POINT('Ctrl Pts',(19.9938861592527,-2.5,-33.4999610867583));
#13742=CARTESIAN_POINT('Ctrl Pts',(19.9938861592527,-2.48,-33.4999610867583));
#13743=CARTESIAN_POINT('Ctrl Pts',(19.8125918671072,-2.5,-33.4621914425615));
#13744=CARTESIAN_POINT('Ctrl Pts',(19.8125918671072,-2.48,-33.4621914425615));
#13745=CARTESIAN_POINT('Ctrl Pts',(19.6464054326406,-2.5,-33.4093139406857));
#13746=CARTESIAN_POINT('Ctrl Pts',(19.6464054326406,-2.48,-33.4093139406857));
#13747=CARTESIAN_POINT('',(18.5737475374465,-2.48,-32.3366560454916));
#13748=CARTESIAN_POINT('',(18.5737475374465,-2.5,-32.3366560454916));
#13749=CARTESIAN_POINT('Ctrl Pts',(18.5737475374465,-2.48,-32.3366560454916));
#13750=CARTESIAN_POINT('Ctrl Pts',(18.5208700355708,-2.48,-32.1629156821856));
#13751=CARTESIAN_POINT('Ctrl Pts',(18.4831003913738,-2.48,-31.9891753188795));
#13752=CARTESIAN_POINT('Ctrl Pts',(18.4831003913738,-2.48,-31.8003270978946));
#13753=CARTESIAN_POINT('Ctrl Pts',(18.4831003913738,-2.48,-30.8636399218097));
#13754=CARTESIAN_POINT('Ctrl Pts',(19.2460472041527,-2.48,-30.1006931090308));
#13755=CARTESIAN_POINT('Ctrl Pts',(20.1827343802376,-2.48,-30.1006931090309));
#13756=CARTESIAN_POINT('Ctrl Pts',(21.1194215563225,-2.48,-30.100693109031));
#13757=CARTESIAN_POINT('Ctrl Pts',(21.8823683691013,-2.48,-30.8636399218098));
#13758=CARTESIAN_POINT('Ctrl Pts',(21.8823683691013,-2.48,-31.8003270978947));
#13759=CARTESIAN_POINT('Ctrl Pts',(21.8823683691013,-2.48,-32.7370142739796));
#13760=CARTESIAN_POINT('Ctrl Pts',(21.1194215563225,-2.48,-33.4999610867583));
#13761=CARTESIAN_POINT('Ctrl Pts',(20.1827343802376,-2.48,-33.4999610867583));
#13762=CARTESIAN_POINT('Ctrl Pts',(19.9938861592527,-2.48,-33.4999610867583));
#13763=CARTESIAN_POINT('Ctrl Pts',(19.8125918671072,-2.48,-33.4621914425615));
#13764=CARTESIAN_POINT('Ctrl Pts',(19.6464054326406,-2.48,-33.4093139406857));
#13765=CARTESIAN_POINT('Origin',(15.1895874173978,-2.5,-35.7208161655404));
#13766=CARTESIAN_POINT('',(15.1895874173978,-2.48,-35.7208161655404));
#13767=CARTESIAN_POINT('',(15.1895874173978,-2.5,-35.7208161655404));
#13768=CARTESIAN_POINT('',(18.5737475374465,-2.48,-32.3366560454916));
#13769=CARTESIAN_POINT('Origin',(15.1895874173978,-2.5,-45.5258157990745));
#13770=CARTESIAN_POINT('',(15.1895874173978,-2.48,-45.5258157990745));
#13771=CARTESIAN_POINT('',(15.1895874173978,-2.5,-45.5258157990745));
#13772=CARTESIAN_POINT('',(15.1895874173978,-2.48,-35.7208161655404));
#13773=CARTESIAN_POINT('Origin',(15.2046952750766,-2.5,-45.5258157990745));
#13774=CARTESIAN_POINT('',(15.2046952750766,-2.48,-45.5258157990745));
#13775=CARTESIAN_POINT('',(15.2046952750766,-2.5,-45.5258157990745));
#13776=CARTESIAN_POINT('',(15.1895874173978,-2.48,-45.5258157990745));
#13777=CARTESIAN_POINT('Origin',(20.3791365300618,-2.5,-50.7002570540597));
#13778=CARTESIAN_POINT('',(20.3791365300618,-2.48,-50.7002570540597));
#13779=CARTESIAN_POINT('',(20.3791365300618,-2.5,-50.7002570540597));
#13780=CARTESIAN_POINT('',(15.2046952750766,-2.48,-45.5258157990745));
#13781=CARTESIAN_POINT('Origin',(36.4916667444903,-2.5,-50.7002570540597));
#13782=CARTESIAN_POINT('',(20.3791365300618,-2.48,-50.7002570540597));
#13783=CARTESIAN_POINT('Origin',(28.2654382383896,-2.48,-40.4004750815452));
#13784=CARTESIAN_POINT('Origin',(0.,-2.5,0.));
#13785=CARTESIAN_POINT('Origin',(0.,-2.5,0.));
#13786=CARTESIAN_POINT('Origin',(0.,-2.5,0.));
#13787=CARTESIAN_POINT('Origin',(0.,-2.5,0.));
#13788=CARTESIAN_POINT('Origin',(0.,-2.5,0.));
#13789=CARTESIAN_POINT('Origin',(52.,31.6,-20.));
#13790=CARTESIAN_POINT('',(52.,31.6,-20.));
#13791=CARTESIAN_POINT('Origin',(52.,31.6,56.5));
#13792=CARTESIAN_POINT('Origin',(-52.,31.6,20.));
#13793=CARTESIAN_POINT('',(-52.,31.6,20.));
#13794=CARTESIAN_POINT('Origin',(-54.5,31.6,20.));
#13795=CARTESIAN_POINT('Origin',(54.5,0.,59.));
#13796=CARTESIAN_POINT('Origin',(57.,21.6,-61.5));
#13797=CARTESIAN_POINT('Origin',(-57.,21.6,-61.5));
#13798=CARTESIAN_POINT('Origin',(57.,21.6,61.5));
#13799=CARTESIAN_POINT('Origin',(-57.,21.6,61.5));
#13800=CARTESIAN_POINT('Origin',(-57.,0.,61.5));
#13801=CARTESIAN_POINT('Origin',(0.,-2.5,0.));
#13802=UNCERTAINTY_MEASURE_WITH_UNIT(LENGTH_MEASURE(0.01),#13806,
'DISTANCE_ACCURACY_VALUE',
'Maximum model space distance between geometric entities at asserted c
onnectivities');
#13803=UNCERTAINTY_MEASURE_WITH_UNIT(LENGTH_MEASURE(0.01),#13806,
'DISTANCE_ACCURACY_VALUE',
'Maximum model space distance between geometric entities at asserted c
onnectivities');
#13804=(
GEOMETRIC_REPRESENTATION_CONTEXT(3)
GLOBAL_UNCERTAINTY_ASSIGNED_CONTEXT((#13802))
GLOBAL_UNIT_ASSIGNED_CONTEXT((#13806,#13808,#13809))
REPRESENTATION_CONTEXT('','3D')
);
#13805=(
GEOMETRIC_REPRESENTATION_CONTEXT(3)
GLOBAL_UNCERTAINTY_ASSIGNED_CONTEXT((#13803))
GLOBAL_UNIT_ASSIGNED_CONTEXT((#13806,#13808,#13809))
REPRESENTATION_CONTEXT('','3D')
);
#13806=(
LENGTH_UNIT()
NAMED_UNIT(*)
SI_UNIT(.MILLI.,.METRE.)
);
#13807=(
LENGTH_UNIT()
NAMED_UNIT(*)
SI_UNIT(.CENTI.,.METRE.)
);
#13808=(
NAMED_UNIT(*)
PLANE_ANGLE_UNIT()
SI_UNIT($,.RADIAN.)
);
#13809=(
NAMED_UNIT(*)
SI_UNIT($,.STERADIAN.)
SOLID_ANGLE_UNIT()
);
#13810=SHAPE_DEFINITION_REPRESENTATION(#13811,#13812);
#13811=PRODUCT_DEFINITION_SHAPE('',$,#13814);
#13812=SHAPE_REPRESENTATION('',(#6870),#13804);
#13813=PRODUCT_DEFINITION_CONTEXT('part definition',#13818,'design');
#13814=PRODUCT_DEFINITION('Deckel','Deckel',#13815,#13813);
#13815=PRODUCT_DEFINITION_FORMATION('',$,#13820);
#13816=PRODUCT_RELATED_PRODUCT_CATEGORY('Deckel','Deckel',(#13820));
#13817=APPLICATION_PROTOCOL_DEFINITION('international standard',
'automotive_design',2009,#13818);
#13818=APPLICATION_CONTEXT(
'Core Data for Automotive Mechanical Design Process');
#13819=PRODUCT_CONTEXT('part definition',#13818,'mechanical');
#13820=PRODUCT('Deckel','Deckel',$,(#13819));
#13821=PRESENTATION_STYLE_ASSIGNMENT((#13822));
#13822=SURFACE_STYLE_USAGE(.BOTH.,#13825);
#13823=SURFACE_STYLE_RENDERING_WITH_PROPERTIES($,#13829,(#13824));
#13824=SURFACE_STYLE_TRANSPARENT(0.);
#13825=SURFACE_SIDE_STYLE('',(#13826,#13823));
#13826=SURFACE_STYLE_FILL_AREA(#13827);
#13827=FILL_AREA_STYLE('',(#13828));
#13828=FILL_AREA_STYLE_COLOUR('',#13829);
#13829=COLOUR_RGB('',0.250980392156863,0.250980392156863,0.250980392156863);
ENDSEC;
END-ISO-10303-21;
