ISO-10303-21;
HEADER;
/* Generated by software containing ST-Developer
 * from STEP Tools, Inc. (www.steptools.com) 
 */

FILE_DESCRIPTION(
/* description */ (''),
/* implementation_level */ '2;1');

FILE_NAME(
/* name */ 'Boden.stp',
/* time_stamp */ '2026-01-09T14:31:20+01:00',
/* author */ ('phe'),
/* organization */ (''),
/* preprocessor_version */ 'ST-DEVELOPER v20',
/* originating_system */ 'Autodesk Inventor 2025',
/* authorisation */ '');

FILE_SCHEMA (('AUTOMOTIVE_DESIGN { 1 0 10303 214 3 1 1 }'));
ENDSEC;

DATA;
#10=MECHANICAL_DESIGN_GEOMETRIC_PRESENTATION_REPRESENTATION('',(#14,#15,
#16,#17,#18,#19,#20,#21,#22,#23,#24,#25,#26),#7057);
#11=SHAPE_REPRESENTATION_RELATIONSHIP('SRR','None',#7064,#12);
#12=ADVANCED_BREP_SHAPE_REPRESENTATION('',(#13),#7056);
#13=MANIFOLD_SOLID_BREP('Volumenk\X\F6rper2',#3404);
#14=STYLED_ITEM('',(#7074),#3285);
#15=STYLED_ITEM('',(#7074),#3301);
#16=STYLED_ITEM('',(#7074),#3307);
#17=STYLED_ITEM('',(#7074),#3309);
#18=STYLED_ITEM('',(#7074),#3316);
#19=STYLED_ITEM('',(#7074),#3321);
#20=STYLED_ITEM('',(#7074),#3323);
#21=STYLED_ITEM('',(#7074),#3331);
#22=STYLED_ITEM('',(#7074),#3342);
#23=STYLED_ITEM('',(#7074),#3355);
#24=STYLED_ITEM('',(#7074),#3368);
#25=STYLED_ITEM('',(#7074),#3381);
#26=STYLED_ITEM('',(#7073),#13);
#27=B_SPLINE_SURFACE_WITH_KNOTS('',3,1,((#5456,#5457),(#5458,#5459),(#5460,
#5461),(#5462,#5463),(#5464,#5465),(#5466,#5467),(#5468,#5469),(#5470,#5471),
(#5472,#5473),(#5474,#5475),(#5476,#5477),(#5478,#5479),(#5480,#5481),(#5482,
#5483),(#5484,#5485),(#5486,#5487)),.UNSPECIFIED.,.F.,.F.,.F.,(4,3,3,3,
3,4),(2,2),(-5.,-4.,-3.,-2.,-1.,0.),(0.,0.001),.UNSPECIFIED.);
#28=B_SPLINE_SURFACE_WITH_KNOTS('',3,1,((#5528,#5529),(#5530,#5531),(#5532,
#5533),(#5534,#5535),(#5536,#5537),(#5538,#5539),(#5540,#5541),(#5542,#5543),
(#5544,#5545),(#5546,#5547),(#5548,#5549),(#5550,#5551),(#5552,#5553),(#5554,
#5555),(#5556,#5557),(#5558,#5559)),.UNSPECIFIED.,.F.,.F.,.F.,(4,3,3,3,
3,4),(2,2),(-13.,-12.,-11.,-10.,-9.,-8.),(0.,0.001),.UNSPECIFIED.);
#29=B_SPLINE_SURFACE_WITH_KNOTS('',3,1,((#5589,#5590),(#5591,#5592),(#5593,
#5594),(#5595,#5596),(#5597,#5598),(#5599,#5600),(#5601,#5602),(#5603,#5604),
(#5605,#5606),(#5607,#5608),(#5609,#5610),(#5611,#5612),(#5613,#5614),(#5615,
#5616),(#5617,#5618),(#5619,#5620)),.UNSPECIFIED.,.F.,.F.,.F.,(4,3,3,3,
3,4),(2,2),(-5.,-4.,-3.,-2.,-1.,0.),(0.,0.001),.UNSPECIFIED.);
#30=B_SPLINE_SURFACE_WITH_KNOTS('',3,1,((#5641,#5642),(#5643,#5644),(#5645,
#5646),(#5647,#5648),(#5649,#5650),(#5651,#5652),(#5653,#5654),(#5655,#5656),
(#5657,#5658),(#5659,#5660),(#5661,#5662),(#5663,#5664),(#5665,#5666)),
 .UNSPECIFIED.,.F.,.F.,.F.,(4,3,3,3,4),(2,2),(-4.,-3.,-2.,-1.,0.),(0.,0.001),
 .UNSPECIFIED.);
#31=B_SPLINE_SURFACE_WITH_KNOTS('',3,1,((#5702,#5703),(#5704,#5705),(#5706,
#5707),(#5708,#5709),(#5710,#5711),(#5712,#5713),(#5714,#5715),(#5716,#5717),
(#5718,#5719),(#5720,#5721),(#5722,#5723),(#5724,#5725),(#5726,#5727),(#5728,
#5729),(#5730,#5731),(#5732,#5733)),.UNSPECIFIED.,.F.,.F.,.F.,(4,3,3,3,
3,4),(2,2),(-8.,-7.,-6.,-5.,-4.,-3.),(0.,0.001),.UNSPECIFIED.);
#32=B_SPLINE_SURFACE_WITH_KNOTS('',3,1,((#5764,#5765),(#5766,#5767),(#5768,
#5769),(#5770,#5771),(#5772,#5773),(#5774,#5775),(#5776,#5777),(#5778,#5779),
(#5780,#5781),(#5782,#5783),(#5784,#5785),(#5786,#5787),(#5788,#5789),(#5790,
#5791),(#5792,#5793),(#5794,#5795)),.UNSPECIFIED.,.F.,.F.,.F.,(4,3,3,3,
3,4),(2,2),(-13.,-12.,-11.,-10.,-9.,-8.),(0.,0.001),.UNSPECIFIED.);
#33=B_SPLINE_SURFACE_WITH_KNOTS('',3,1,((#5825,#5826),(#5827,#5828),(#5829,
#5830),(#5831,#5832),(#5833,#5834),(#5835,#5836),(#5837,#5838),(#5839,#5840),
(#5841,#5842),(#5843,#5844),(#5845,#5846),(#5847,#5848),(#5849,#5850),(#5851,
#5852),(#5853,#5854),(#5855,#5856),(#5857,#5858),(#5859,#5860),(#5861,#5862),
(#5863,#5864),(#5865,#5866),(#5867,#5868),(#5869,#5870),(#5871,#5872),(#5873,
#5874),(#5875,#5876),(#5877,#5878),(#5879,#5880),(#5881,#5882),(#5883,#5884),
(#5885,#5886)),.UNSPECIFIED.,.F.,.F.,.F.,(4,3,3,3,3,3,3,3,3,3,4),(2,2),
(-19.,-18.,-17.,-16.,-15.,-14.,-13.,-12.,-11.,-10.,-9.),(0.,0.001),
 .UNSPECIFIED.);
#34=B_SPLINE_SURFACE_WITH_KNOTS('',3,1,((#5926,#5927),(#5928,#5929),(#5930,
#5931),(#5932,#5933),(#5934,#5935),(#5936,#5937),(#5938,#5939),(#5940,#5941),
(#5942,#5943),(#5944,#5945),(#5946,#5947),(#5948,#5949),(#5950,#5951),(#5952,
#5953),(#5954,#5955),(#5956,#5957),(#5958,#5959),(#5960,#5961),(#5962,#5963),
(#5964,#5965),(#5966,#5967),(#5968,#5969),(#5970,#5971),(#5972,#5973),(#5974,
#5975)),.UNSPECIFIED.,.F.,.F.,.F.,(4,3,3,3,3,3,3,3,4),(2,2),(-8.,-7.,-6.,
-5.,-4.,-3.,-2.,-1.,0.),(0.,0.001),.UNSPECIFIED.);
#35=B_SPLINE_SURFACE_WITH_KNOTS('',3,1,((#6003,#6004),(#6005,#6006),(#6007,
#6008),(#6009,#6010),(#6011,#6012),(#6013,#6014),(#6015,#6016)),
 .UNSPECIFIED.,.F.,.F.,.F.,(4,3,4),(2,2),(-22.,-21.,-20.),(0.,0.001),
 .UNSPECIFIED.);
#36=B_SPLINE_SURFACE_WITH_KNOTS('',3,1,((#6029,#6030),(#6031,#6032),(#6033,
#6034),(#6035,#6036),(#6037,#6038),(#6039,#6040),(#6041,#6042),(#6043,#6044),
(#6045,#6046),(#6047,#6048),(#6049,#6050),(#6051,#6052),(#6053,#6054),(#6055,
#6056),(#6057,#6058),(#6059,#6060),(#6061,#6062),(#6063,#6064),(#6065,#6066),
(#6067,#6068),(#6069,#6070),(#6071,#6072),(#6073,#6074),(#6075,#6076),(#6077,
#6078)),.UNSPECIFIED.,.T.,.F.,.F.,(4,3,3,3,3,3,3,3,4),(2,2),(-8.,-7.,-6.,
-5.,-4.,-3.,-2.,-1.,0.),(0.,0.001),.UNSPECIFIED.);
#37=B_SPLINE_SURFACE_WITH_KNOTS('',3,1,((#6116,#6117),(#6118,#6119),(#6120,
#6121),(#6122,#6123),(#6124,#6125),(#6126,#6127),(#6128,#6129),(#6130,#6131),
(#6132,#6133),(#6134,#6135),(#6136,#6137),(#6138,#6139),(#6140,#6141),(#6142,
#6143),(#6144,#6145),(#6146,#6147),(#6148,#6149),(#6150,#6151),(#6152,#6153)),
 .UNSPECIFIED.,.F.,.F.,.F.,(4,3,3,3,3,3,4),(2,2),(-6.,-5.,-4.,-3.,-2.,-1.,
0.),(0.,0.001),.UNSPECIFIED.);
#38=B_SPLINE_SURFACE_WITH_KNOTS('',3,1,((#6198,#6199),(#6200,#6201),(#6202,
#6203),(#6204,#6205),(#6206,#6207),(#6208,#6209),(#6210,#6211),(#6212,#6213),
(#6214,#6215),(#6216,#6217),(#6218,#6219),(#6220,#6221),(#6222,#6223),(#6224,
#6225),(#6226,#6227),(#6228,#6229)),.UNSPECIFIED.,.F.,.F.,.F.,(4,3,3,3,
3,4),(2,2),(-5.,-4.,-3.,-2.,-1.,0.),(0.,0.001),.UNSPECIFIED.);
#39=B_SPLINE_SURFACE_WITH_KNOTS('',3,1,((#6252,#6253),(#6254,#6255),(#6256,
#6257),(#6258,#6259),(#6260,#6261),(#6262,#6263),(#6264,#6265),(#6266,#6267),
(#6268,#6269),(#6270,#6271),(#6272,#6273),(#6274,#6275),(#6276,#6277),(#6278,
#6279),(#6280,#6281),(#6282,#6283),(#6284,#6285),(#6286,#6287),(#6288,#6289),
(#6290,#6291),(#6292,#6293),(#6294,#6295),(#6296,#6297),(#6298,#6299),(#6300,
#6301),(#6302,#6303),(#6304,#6305),(#6306,#6307),(#6308,#6309),(#6310,#6311),
(#6312,#6313),(#6314,#6315),(#6316,#6317),(#6318,#6319),(#6320,#6321),(#6322,
#6323),(#6324,#6325),(#6326,#6327),(#6328,#6329),(#6330,#6331)),
 .UNSPECIFIED.,.F.,.F.,.F.,(4,3,3,3,3,3,3,3,3,3,3,3,3,4),(2,2),(-19.,-18.,
-17.,-16.,-15.,-14.,-13.,-12.,-11.,-10.,-9.,-8.,-7.,-6.),(0.,0.001),
 .UNSPECIFIED.);
#40=B_SPLINE_SURFACE_WITH_KNOTS('',3,1,((#6390,#6391),(#6392,#6393),(#6394,
#6395),(#6396,#6397),(#6398,#6399),(#6400,#6401),(#6402,#6403),(#6404,#6405),
(#6406,#6407),(#6408,#6409),(#6410,#6411),(#6412,#6413),(#6414,#6415),(#6416,
#6417),(#6418,#6419),(#6420,#6421),(#6422,#6423),(#6424,#6425),(#6426,#6427),
(#6428,#6429),(#6430,#6431),(#6432,#6433),(#6434,#6435),(#6436,#6437),(#6438,
#6439)),.UNSPECIFIED.,.T.,.F.,.F.,(4,3,3,3,3,3,3,3,4),(2,2),(-8.,-7.,-6.,
-5.,-4.,-3.,-2.,-1.,0.),(0.,0.001),.UNSPECIFIED.);
#41=B_SPLINE_SURFACE_WITH_KNOTS('',3,1,((#6468,#6469),(#6470,#6471),(#6472,
#6473),(#6474,#6475),(#6476,#6477),(#6478,#6479),(#6480,#6481),(#6482,#6483),
(#6484,#6485),(#6486,#6487),(#6488,#6489),(#6490,#6491),(#6492,#6493),(#6494,
#6495),(#6496,#6497),(#6498,#6499),(#6500,#6501),(#6502,#6503),(#6504,#6505),
(#6506,#6507),(#6508,#6509),(#6510,#6511),(#6512,#6513),(#6514,#6515),(#6516,
#6517),(#6518,#6519),(#6520,#6521),(#6522,#6523),(#6524,#6525),(#6526,#6527),
(#6528,#6529),(#6530,#6531),(#6532,#6533),(#6534,#6535)),.UNSPECIFIED.,
 .T.,.F.,.F.,(4,3,3,3,3,3,3,3,3,3,3,4),(2,2),(-11.,-10.,-9.,-8.,-7.,-6.,
-5.,-4.,-3.,-2.,-1.,0.),(0.,0.001),.UNSPECIFIED.);
#42=B_SPLINE_SURFACE_WITH_KNOTS('',3,1,((#6613,#6614),(#6615,#6616),(#6617,
#6618),(#6619,#6620),(#6621,#6622),(#6623,#6624),(#6625,#6626),(#6627,#6628),
(#6629,#6630),(#6631,#6632),(#6633,#6634),(#6635,#6636),(#6637,#6638),(#6639,
#6640),(#6641,#6642),(#6643,#6644),(#6645,#6646),(#6647,#6648),(#6649,#6650),
(#6651,#6652),(#6653,#6654),(#6655,#6656),(#6657,#6658),(#6659,#6660),(#6661,
#6662),(#6663,#6664),(#6665,#6666),(#6667,#6668),(#6669,#6670),(#6671,#6672),
(#6673,#6674)),.UNSPECIFIED.,.F.,.F.,.F.,(4,3,3,3,3,3,3,3,3,3,4),(2,2),
(-9.99998369235184,-9.,-8.,-7.,-6.,-5.,-4.,-3.,-2.,-1.,-1.71590532309421E-5),
(0.,0.001),.UNSPECIFIED.);
#43=B_SPLINE_SURFACE_WITH_KNOTS('',3,1,((#6723,#6724),(#6725,#6726),(#6727,
#6728),(#6729,#6730),(#6731,#6732),(#6733,#6734),(#6735,#6736),(#6737,#6738),
(#6739,#6740),(#6741,#6742),(#6743,#6744),(#6745,#6746),(#6747,#6748),(#6749,
#6750),(#6751,#6752),(#6753,#6754)),.UNSPECIFIED.,.F.,.F.,.F.,(4,3,3,3,
3,4),(2,2),(-5.,-4.,-3.,-2.,-1.,0.),(0.,0.001),.UNSPECIFIED.);
#44=B_SPLINE_SURFACE_WITH_KNOTS('',3,1,((#6795,#6796),(#6797,#6798),(#6799,
#6800),(#6801,#6802),(#6803,#6804),(#6805,#6806),(#6807,#6808),(#6809,#6810),
(#6811,#6812),(#6813,#6814),(#6815,#6816),(#6817,#6818),(#6819,#6820),(#6821,
#6822),(#6823,#6824),(#6825,#6826)),.UNSPECIFIED.,.F.,.F.,.F.,(4,3,3,3,
3,4),(2,2),(-13.,-12.,-11.,-10.,-9.,-8.),(0.,0.001),.UNSPECIFIED.);
#45=CONICAL_SURFACE('',#3515,2.5,0.785398163397448);
#46=CONICAL_SURFACE('',#3531,2.5,0.785398163397448);
#47=CONICAL_SURFACE('',#3536,2.5,0.785398163397448);
#48=CONICAL_SURFACE('',#3541,2.5,0.785398163397448);
#49=B_SPLINE_CURVE_WITH_KNOTS('',3,(#4897,#4898,#4899,#4900,#4901,#4902,
#4903,#4904,#4905,#4906,#4907,#4908,#4909,#4910,#4911,#4912),
 .UNSPECIFIED.,.F.,.F.,(4,3,3,3,3,4),(-4.99999375944656,-4.,-3.,-2.,-1.,
0.),.UNSPECIFIED.);
#50=B_SPLINE_CURVE_WITH_KNOTS('',3,(#4920,#4921,#4922,#4923,#4924,#4925,
#4926,#4927,#4928,#4929,#4930,#4931,#4932,#4933,#4934,#4935),
 .UNSPECIFIED.,.F.,.F.,(4,3,3,3,3,4),(-13.,-12.,-11.,-10.,-9.,-8.),
 .UNSPECIFIED.);
#51=B_SPLINE_CURVE_WITH_KNOTS('',3,(#4956,#4957,#4958,#4959,#4960,#4961,
#4962,#4963,#4964,#4965,#4966,#4967,#4968,#4969,#4970,#4971,#4972,#4973,
#4974,#4975,#4976,#4977,#4978,#4979,#4980,#4981,#4982,#4983,#4984,#4985,
#4986),.UNSPECIFIED.,.F.,.F.,(4,3,3,3,3,3,3,3,3,3,4),(-9.99998369235184,
-9.,-8.,-7.,-6.,-5.,-4.,-3.,-2.,-1.,-1.71590532309421E-5),.UNSPECIFIED.);
#52=B_SPLINE_CURVE_WITH_KNOTS('',3,(#4988,#4989,#4990,#4991,#4992,#4993,
#4994,#4995,#4996,#4997,#4998,#4999,#5000,#5001,#5002,#5003,#5004,#5005,
#5006,#5007,#5008,#5009,#5010,#5011,#5012),.UNSPECIFIED.,.T.,.F.,(4,3,3,
3,3,3,3,3,4),(-8.,-7.,-6.,-5.,-4.,-3.,-2.,-1.,0.),.UNSPECIFIED.);
#53=B_SPLINE_CURVE_WITH_KNOTS('',3,(#5025,#5026,#5027,#5028,#5029,#5030,
#5031,#5032,#5033,#5034,#5035,#5036,#5037,#5038,#5039,#5040,#5041,#5042,
#5043,#5044,#5045,#5046,#5047,#5048,#5049,#5050,#5051,#5052,#5053,#5054,
#5055,#5056,#5057,#5058,#5059,#5060,#5061,#5062,#5063,#5064),
 .UNSPECIFIED.,.F.,.F.,(4,3,3,3,3,3,3,3,3,3,3,3,3,4),(-19.,-18.,-17.,-16.,
-15.,-14.,-13.,-12.,-11.,-10.,-9.,-8.,-7.,-6.),.UNSPECIFIED.);
#54=B_SPLINE_CURVE_WITH_KNOTS('',3,(#5067,#5068,#5069,#5070,#5071,#5072,
#5073,#5074,#5075,#5076,#5077,#5078,#5079,#5080,#5081,#5082),
 .UNSPECIFIED.,.F.,.F.,(4,3,3,3,3,4),(-5.,-4.,-3.,-2.,-1.,0.),
 .UNSPECIFIED.);
#55=B_SPLINE_CURVE_WITH_KNOTS('',3,(#5084,#5085,#5086,#5087,#5088,#5089,
#5090,#5091,#5092,#5093,#5094,#5095,#5096,#5097,#5098,#5099,#5100,#5101,
#5102,#5103,#5104,#5105,#5106,#5107,#5108),.UNSPECIFIED.,.T.,.F.,(4,3,3,
3,3,3,3,3,4),(-8.,-7.,-6.,-5.,-4.,-3.,-2.,-1.,0.),.UNSPECIFIED.);
#56=B_SPLINE_CURVE_WITH_KNOTS('',3,(#5111,#5112,#5113,#5114,#5115,#5116,
#5117,#5118,#5119,#5120,#5121,#5122,#5123,#5124,#5125,#5126,#5127,#5128,
#5129,#5130,#5131,#5132,#5133,#5134,#5135,#5136,#5137,#5138,#5139,#5140,
#5141),.UNSPECIFIED.,.F.,.F.,(4,3,3,3,3,3,3,3,3,3,4),(-19.,-18.,-17.,-16.,
-15.,-14.,-13.,-12.,-11.,-10.,-9.),.UNSPECIFIED.);
#57=B_SPLINE_CURVE_WITH_KNOTS('',3,(#5145,#5146,#5147,#5148,#5149,#5150,
#5151),.UNSPECIFIED.,.F.,.F.,(4,3,4),(-22.,-21.,-20.),.UNSPECIFIED.);
#58=B_SPLINE_CURVE_WITH_KNOTS('',3,(#5153,#5154,#5155,#5156,#5157,#5158,
#5159,#5160,#5161,#5162,#5163,#5164,#5165,#5166,#5167,#5168,#5169,#5170,
#5171,#5172,#5173,#5174,#5175,#5176,#5177),.UNSPECIFIED.,.F.,.F.,(4,3,3,
3,3,3,3,3,4),(-8.,-7.,-6.,-5.,-4.,-3.,-2.,-1.,0.),.UNSPECIFIED.);
#59=B_SPLINE_CURVE_WITH_KNOTS('',3,(#5181,#5182,#5183,#5184,#5185,#5186,
#5187,#5188,#5189,#5190,#5191,#5192,#5193,#5194,#5195,#5196),
 .UNSPECIFIED.,.F.,.F.,(4,3,3,3,3,4),(-4.99999998726333,-4.,-3.,-2.,-1.,
0.),.UNSPECIFIED.);
#60=B_SPLINE_CURVE_WITH_KNOTS('',3,(#5204,#5205,#5206,#5207,#5208,#5209,
#5210,#5211,#5212,#5213,#5214,#5215,#5216,#5217,#5218,#5219),
 .UNSPECIFIED.,.F.,.F.,(4,3,3,3,3,4),(-13.,-12.,-11.,-10.,-9.,-8.),
 .UNSPECIFIED.);
#61=B_SPLINE_CURVE_WITH_KNOTS('',3,(#5227,#5228,#5229,#5230,#5231,#5232,
#5233,#5234,#5235,#5236,#5237,#5238,#5239,#5240,#5241,#5242),
 .UNSPECIFIED.,.F.,.F.,(4,3,3,3,3,4),(-8.,-7.,-6.,-5.,-4.,-3.),
 .UNSPECIFIED.);
#62=B_SPLINE_CURVE_WITH_KNOTS('',3,(#5253,#5254,#5255,#5256,#5257,#5258,
#5259,#5260,#5261,#5262,#5263,#5264,#5265),.UNSPECIFIED.,.F.,.F.,(4,3,3,
3,4),(-3.99999494809269,-3.,-2.,-1.,-1.34087578949029E-8),.UNSPECIFIED.);
#63=B_SPLINE_CURVE_WITH_KNOTS('',3,(#5268,#5269,#5270,#5271,#5272,#5273,
#5274,#5275,#5276,#5277,#5278,#5279,#5280,#5281,#5282,#5283),
 .UNSPECIFIED.,.F.,.F.,(4,3,3,3,3,4),(-4.99999375944655,-4.,-3.,-2.,-1.,
0.),.UNSPECIFIED.);
#64=B_SPLINE_CURVE_WITH_KNOTS('',3,(#5291,#5292,#5293,#5294,#5295,#5296,
#5297,#5298,#5299,#5300,#5301,#5302,#5303,#5304,#5305,#5306),
 .UNSPECIFIED.,.F.,.F.,(4,3,3,3,3,4),(-13.,-12.,-11.,-10.,-9.,-8.),
 .UNSPECIFIED.);
#65=B_SPLINE_CURVE_WITH_KNOTS('',3,(#5491,#5492,#5493,#5494,#5495,#5496,
#5497,#5498,#5499,#5500,#5501,#5502,#5503,#5504,#5505,#5506),
 .UNSPECIFIED.,.F.,.F.,(4,3,3,3,3,4),(-4.99999375949022,-4.,-3.,-2.,-1.,
0.),.UNSPECIFIED.);
#66=B_SPLINE_CURVE_WITH_KNOTS('',3,(#5562,#5563,#5564,#5565,#5566,#5567,
#5568,#5569,#5570,#5571,#5572,#5573,#5574,#5575,#5576,#5577),
 .UNSPECIFIED.,.F.,.F.,(4,3,3,3,3,4),(-13.,-12.,-11.,-10.,-9.,-8.),
 .UNSPECIFIED.);
#67=B_SPLINE_CURVE_WITH_KNOTS('',3,(#5624,#5625,#5626,#5627,#5628,#5629,
#5630,#5631,#5632,#5633,#5634,#5635,#5636,#5637,#5638,#5639),
 .UNSPECIFIED.,.F.,.F.,(4,3,3,3,3,4),(-4.99999998819621,-4.,-3.,-2.,-1.,
0.),.UNSPECIFIED.);
#68=B_SPLINE_CURVE_WITH_KNOTS('',3,(#5669,#5670,#5671,#5672,#5673,#5674,
#5675,#5676,#5677,#5678,#5679,#5680,#5681),.UNSPECIFIED.,.F.,.F.,(4,3,3,
3,4),(-3.99999494816361,-3.,-2.,-1.,-1.34087578949029E-8),.UNSPECIFIED.);
#69=B_SPLINE_CURVE_WITH_KNOTS('',3,(#5736,#5737,#5738,#5739,#5740,#5741,
#5742,#5743,#5744,#5745,#5746,#5747,#5748,#5749,#5750,#5751),
 .UNSPECIFIED.,.F.,.F.,(4,3,3,3,3,4),(-8.,-7.,-6.,-5.,-4.,-3.),
 .UNSPECIFIED.);
#70=B_SPLINE_CURVE_WITH_KNOTS('',3,(#5798,#5799,#5800,#5801,#5802,#5803,
#5804,#5805,#5806,#5807,#5808,#5809,#5810,#5811,#5812,#5813),
 .UNSPECIFIED.,.F.,.F.,(4,3,3,3,3,4),(-13.,-12.,-11.,-10.,-9.,-8.),
 .UNSPECIFIED.);
#71=B_SPLINE_CURVE_WITH_KNOTS('',3,(#5890,#5891,#5892,#5893,#5894,#5895,
#5896,#5897,#5898,#5899,#5900,#5901,#5902,#5903,#5904,#5905,#5906,#5907,
#5908,#5909,#5910,#5911,#5912,#5913,#5914,#5915,#5916,#5917,#5918,#5919,
#5920),.UNSPECIFIED.,.F.,.F.,(4,3,3,3,3,3,3,3,3,3,4),(-19.,-18.,-17.,-16.,
-15.,-14.,-13.,-12.,-11.,-10.,-9.),.UNSPECIFIED.);
#72=B_SPLINE_CURVE_WITH_KNOTS('',3,(#5978,#5979,#5980,#5981,#5982,#5983,
#5984,#5985,#5986,#5987,#5988,#5989,#5990,#5991,#5992,#5993,#5994,#5995,
#5996,#5997,#5998,#5999,#6000,#6001,#6002),.UNSPECIFIED.,.F.,.F.,(4,3,3,
3,3,3,3,3,4),(-8.,-7.,-6.,-5.,-4.,-3.,-2.,-1.,0.),.UNSPECIFIED.);
#73=B_SPLINE_CURVE_WITH_KNOTS('',3,(#6019,#6020,#6021,#6022,#6023,#6024,
#6025),.UNSPECIFIED.,.F.,.F.,(4,3,4),(-22.,-21.,-20.),.UNSPECIFIED.);
#74=B_SPLINE_CURVE_WITH_KNOTS('',3,(#6081,#6082,#6083,#6084,#6085,#6086,
#6087,#6088,#6089,#6090,#6091,#6092,#6093,#6094,#6095,#6096,#6097,#6098,
#6099,#6100,#6101,#6102,#6103,#6104,#6105),.UNSPECIFIED.,.T.,.F.,(4,3,3,
3,3,3,3,3,4),(-8.,-7.,-6.,-5.,-4.,-3.,-2.,-1.,0.),.UNSPECIFIED.);
#75=B_SPLINE_CURVE_WITH_KNOTS('',3,(#6154,#6155,#6156,#6157,#6158,#6159,
#6160,#6161,#6162,#6163,#6164,#6165,#6166,#6167,#6168,#6169,#6170,#6171,
#6172),.UNSPECIFIED.,.F.,.F.,(4,3,3,3,3,3,4),(-6.,-5.,-4.,-3.,-2.,-1.,0.),
 .UNSPECIFIED.);
#76=B_SPLINE_CURVE_WITH_KNOTS('',3,(#6173,#6174,#6175,#6176,#6177,#6178,
#6179,#6180,#6181,#6182,#6183,#6184,#6185,#6186,#6187,#6188,#6189,#6190,
#6191),.UNSPECIFIED.,.F.,.F.,(4,3,3,3,3,3,4),(-6.,-5.,-4.,-3.,-2.,-1.,0.),
 .UNSPECIFIED.);
#77=B_SPLINE_CURVE_WITH_KNOTS('',3,(#6232,#6233,#6234,#6235,#6236,#6237,
#6238,#6239,#6240,#6241,#6242,#6243,#6244,#6245,#6246,#6247),
 .UNSPECIFIED.,.F.,.F.,(4,3,3,3,3,4),(-5.,-4.,-3.,-2.,-1.,0.),
 .UNSPECIFIED.);
#78=B_SPLINE_CURVE_WITH_KNOTS('',3,(#6332,#6333,#6334,#6335,#6336,#6337,
#6338,#6339,#6340,#6341,#6342,#6343,#6344,#6345,#6346,#6347,#6348,#6349,
#6350,#6351,#6352,#6353,#6354,#6355,#6356,#6357,#6358,#6359,#6360,#6361,
#6362,#6363,#6364,#6365,#6366,#6367,#6368,#6369,#6370,#6371),
 .UNSPECIFIED.,.F.,.F.,(4,3,3,3,3,3,3,3,3,3,3,3,3,4),(-19.,-18.,-17.,-16.,
-15.,-14.,-13.,-12.,-11.,-10.,-9.,-8.,-7.,-6.),.UNSPECIFIED.);
#79=B_SPLINE_CURVE_WITH_KNOTS('',3,(#6442,#6443,#6444,#6445,#6446,#6447,
#6448,#6449,#6450,#6451,#6452,#6453,#6454,#6455,#6456,#6457,#6458,#6459,
#6460,#6461,#6462,#6463,#6464,#6465,#6466),.UNSPECIFIED.,.T.,.F.,(4,3,3,
3,3,3,3,3,4),(-8.,-7.,-6.,-5.,-4.,-3.,-2.,-1.,0.),.UNSPECIFIED.);
#80=B_SPLINE_CURVE_WITH_KNOTS('',3,(#6537,#6538,#6539,#6540,#6541,#6542,
#6543,#6544,#6545,#6546,#6547,#6548,#6549,#6550,#6551,#6552,#6553,#6554,
#6555,#6556,#6557,#6558,#6559,#6560,#6561,#6562,#6563,#6564,#6565,#6566,
#6567,#6568,#6569,#6570),.UNSPECIFIED.,.T.,.F.,(4,3,3,3,3,3,3,3,3,3,3,4),
(-11.,-10.,-9.,-8.,-7.,-6.,-5.,-4.,-3.,-2.,-1.,0.),.UNSPECIFIED.);
#81=B_SPLINE_CURVE_WITH_KNOTS('',3,(#6573,#6574,#6575,#6576,#6577,#6578,
#6579,#6580,#6581,#6582,#6583,#6584,#6585,#6586,#6587,#6588,#6589,#6590,
#6591,#6592,#6593,#6594,#6595,#6596,#6597,#6598,#6599,#6600,#6601,#6602,
#6603,#6604,#6605,#6606),.UNSPECIFIED.,.T.,.F.,(4,3,3,3,3,3,3,3,3,3,3,4),
(-11.,-10.,-9.,-8.,-7.,-6.,-5.,-4.,-3.,-2.,-1.,0.),.UNSPECIFIED.);
#82=B_SPLINE_CURVE_WITH_KNOTS('',3,(#6677,#6678,#6679,#6680,#6681,#6682,
#6683,#6684,#6685,#6686,#6687,#6688,#6689,#6690,#6691,#6692,#6693,#6694,
#6695,#6696,#6697,#6698,#6699,#6700,#6701,#6702,#6703,#6704,#6705,#6706,
#6707),.UNSPECIFIED.,.F.,.F.,(4,3,3,3,3,3,3,3,3,3,4),(-9.99998369235184,
-9.,-8.,-7.,-6.,-5.,-4.,-3.,-2.,-1.,-1.71590532309421E-5),.UNSPECIFIED.);
#83=B_SPLINE_CURVE_WITH_KNOTS('',3,(#6758,#6759,#6760,#6761,#6762,#6763,
#6764,#6765,#6766,#6767,#6768,#6769,#6770,#6771,#6772,#6773),
 .UNSPECIFIED.,.F.,.F.,(4,3,3,3,3,4),(-4.99999375949023,-4.,-3.,-2.,-1.,
0.),.UNSPECIFIED.);
#84=B_SPLINE_CURVE_WITH_KNOTS('',3,(#6829,#6830,#6831,#6832,#6833,#6834,
#6835,#6836,#6837,#6838,#6839,#6840,#6841,#6842,#6843,#6844),
 .UNSPECIFIED.,.F.,.F.,(4,3,3,3,3,4),(-13.,-12.,-11.,-10.,-9.,-8.),
 .UNSPECIFIED.);
#85=(
BOUNDED_SURFACE()
B_SPLINE_SURFACE(2,2,((#4617,#4618,#4619,#4620,#4621,#4622,#4623),(#4624,
#4625,#4626,#4627,#4628,#4629,#4630),(#4631,#4632,#4633,#4634,#4635,#4636,
#4637)),.UNSPECIFIED.,.F.,.F.,.F.)
B_SPLINE_SURFACE_WITH_KNOTS((3,3),(3,2,2,3),(0.,1.5707963267949),(-2.6537175060495,
-1.4081712776148,-0.162625049180096,1.0829211792546),.UNSPECIFIED.)
GEOMETRIC_REPRESENTATION_ITEM()
RATIONAL_B_SPLINE_SURFACE(((1.,0.812264052436458,1.,0.812264052436458,1.,
0.812264052436458,1.),(0.707106781186548,0.574357419591885,0.707106781186548,
0.574357419591885,0.707106781186548,0.574357419591885,0.707106781186548),
(1.,0.812264052436458,1.,0.812264052436458,1.,0.812264052436458,1.)))
REPRESENTATION_ITEM('')
SURFACE()
);
#86=(
BOUNDED_SURFACE()
B_SPLINE_SURFACE(2,2,((#4661,#4662,#4663,#4664,#4665,#4666,#4667),(#4668,
#4669,#4670,#4671,#4672,#4673,#4674),(#4675,#4676,#4677,#4678,#4679,#4680,
#4681)),.UNSPECIFIED.,.F.,.F.,.F.)
B_SPLINE_SURFACE_WITH_KNOTS((3,3),(3,2,2,3),(0.,1.5707963267949),(-1.86831934265205,
-0.62277311421735,0.622773114217351,1.86831934265205),.UNSPECIFIED.)
GEOMETRIC_REPRESENTATION_ITEM()
RATIONAL_B_SPLINE_SURFACE(((1.,0.812264052436457,1.,0.812264052436457,1.,
0.812264052436457,1.),(0.707106781186546,0.574357419591883,0.707106781186546,
0.574357419591883,0.707106781186546,0.574357419591883,0.707106781186546),
(1.,0.812264052436457,1.,0.812264052436457,1.,0.812264052436457,1.)))
REPRESENTATION_ITEM('')
SURFACE()
);
#87=(
BOUNDED_SURFACE()
B_SPLINE_SURFACE(2,2,((#4705,#4706,#4707,#4708,#4709,#4710,#4711),(#4712,
#4713,#4714,#4715,#4716,#4717,#4718),(#4719,#4720,#4721,#4722,#4723,#4724,
#4725)),.UNSPECIFIED.,.F.,.F.,.F.)
B_SPLINE_SURFACE_WITH_KNOTS((3,3),(3,2,2,3),(0.,1.5707963267949),(-1.86831934265205,
-0.62277311421735,0.62277311421735,1.86831934265205),.UNSPECIFIED.)
GEOMETRIC_REPRESENTATION_ITEM()
RATIONAL_B_SPLINE_SURFACE(((1.,0.812264052436458,1.,0.812264052436458,1.,
0.812264052436458,1.),(0.707106781186549,0.574357419591886,0.707106781186549,
0.574357419591886,0.707106781186549,0.574357419591886,0.707106781186549),
(1.,0.812264052436458,1.,0.812264052436458,1.,0.812264052436458,1.)))
REPRESENTATION_ITEM('')
SURFACE()
);
#88=(
BOUNDED_SURFACE()
B_SPLINE_SURFACE(2,2,((#4749,#4750,#4751,#4752,#4753,#4754,#4755),(#4756,
#4757,#4758,#4759,#4760,#4761,#4762),(#4763,#4764,#4765,#4766,#4767,#4768,
#4769)),.UNSPECIFIED.,.F.,.F.,.F.)
B_SPLINE_SURFACE_WITH_KNOTS((3,3),(3,2,2,3),(0.,1.5707963267949),(-1.08292117925459,
0.162625049180109,1.40817127761481,2.65371750604951),.UNSPECIFIED.)
GEOMETRIC_REPRESENTATION_ITEM()
RATIONAL_B_SPLINE_SURFACE(((1.,0.812264052436458,1.,0.812264052436458,1.,
0.812264052436458,1.),(0.707106781186543,0.574357419591881,0.707106781186543,
0.574357419591881,0.707106781186543,0.574357419591881,0.707106781186543),
(1.,0.812264052436458,1.,0.812264052436458,1.,0.812264052436458,1.)))
REPRESENTATION_ITEM('')
SURFACE()
);
#89=TOROIDAL_SURFACE('',#3444,6.,2.);
#90=TOROIDAL_SURFACE('',#3451,6.,2.);
#91=TOROIDAL_SURFACE('',#3458,6.,2.);
#92=TOROIDAL_SURFACE('',#3464,6.,2.);
#93=TOROIDAL_SURFACE('',#3471,6.,2.);
#94=TOROIDAL_SURFACE('',#3477,6.,2.);
#95=TOROIDAL_SURFACE('',#3484,6.,2.);
#96=TOROIDAL_SURFACE('',#3490,6.,2.);
#97=FACE_BOUND('',#525,.T.);
#98=FACE_BOUND('',#526,.T.);
#99=FACE_BOUND('',#527,.T.);
#100=FACE_BOUND('',#528,.T.);
#101=FACE_BOUND('',#546,.T.);
#102=FACE_BOUND('',#555,.T.);
#103=FACE_BOUND('',#556,.T.);
#104=FACE_BOUND('',#557,.T.);
#105=FACE_BOUND('',#558,.T.);
#106=FACE_BOUND('',#559,.T.);
#107=FACE_BOUND('',#560,.T.);
#108=FACE_BOUND('',#561,.T.);
#109=FACE_BOUND('',#562,.T.);
#110=FACE_BOUND('',#563,.T.);
#111=FACE_BOUND('',#564,.T.);
#112=FACE_BOUND('',#565,.T.);
#113=FACE_BOUND('',#566,.T.);
#114=FACE_BOUND('',#567,.T.);
#115=FACE_BOUND('',#568,.T.);
#116=FACE_BOUND('',#569,.T.);
#117=FACE_BOUND('',#570,.T.);
#118=FACE_BOUND('',#573,.T.);
#119=FACE_BOUND('',#574,.T.);
#120=FACE_BOUND('',#575,.T.);
#121=FACE_BOUND('',#576,.T.);
#122=FACE_BOUND('',#577,.T.);
#123=FACE_BOUND('',#647,.T.);
#124=FACE_BOUND('',#663,.T.);
#125=FACE_BOUND('',#726,.T.);
#126=PLANE('',#3437);
#127=PLANE('',#3438);
#128=PLANE('',#3439);
#129=PLANE('',#3496);
#130=PLANE('',#3503);
#131=PLANE('',#3510);
#132=PLANE('',#3519);
#133=PLANE('',#3554);
#134=PLANE('',#3555);
#135=PLANE('',#3560);
#136=PLANE('',#3563);
#137=PLANE('',#3564);
#138=PLANE('',#3565);
#139=PLANE('',#3566);
#140=PLANE('',#3567);
#141=PLANE('',#3568);
#142=PLANE('',#3569);
#143=PLANE('',#3570);
#144=PLANE('',#3571);
#145=PLANE('',#3572);
#146=PLANE('',#3573);
#147=PLANE('',#3574);
#148=PLANE('',#3575);
#149=PLANE('',#3576);
#150=PLANE('',#3577);
#151=PLANE('',#3578);
#152=PLANE('',#3579);
#153=PLANE('',#3580);
#154=PLANE('',#3581);
#155=PLANE('',#3582);
#156=PLANE('',#3583);
#157=PLANE('',#3584);
#158=PLANE('',#3585);
#159=PLANE('',#3586);
#160=PLANE('',#3587);
#161=PLANE('',#3588);
#162=PLANE('',#3589);
#163=PLANE('',#3590);
#164=PLANE('',#3591);
#165=PLANE('',#3592);
#166=PLANE('',#3593);
#167=PLANE('',#3594);
#168=PLANE('',#3595);
#169=PLANE('',#3596);
#170=PLANE('',#3597);
#171=PLANE('',#3598);
#172=PLANE('',#3599);
#173=PLANE('',#3600);
#174=PLANE('',#3601);
#175=PLANE('',#3602);
#176=PLANE('',#3603);
#177=PLANE('',#3604);
#178=PLANE('',#3605);
#179=PLANE('',#3606);
#180=PLANE('',#3607);
#181=PLANE('',#3608);
#182=PLANE('',#3609);
#183=PLANE('',#3610);
#184=PLANE('',#3611);
#185=PLANE('',#3612);
#186=PLANE('',#3613);
#187=PLANE('',#3614);
#188=PLANE('',#3615);
#189=PLANE('',#3616);
#190=PLANE('',#3617);
#191=PLANE('',#3618);
#192=PLANE('',#3619);
#193=PLANE('',#3620);
#194=PLANE('',#3621);
#195=PLANE('',#3622);
#196=PLANE('',#3623);
#197=PLANE('',#3624);
#198=PLANE('',#3625);
#199=PLANE('',#3626);
#200=PLANE('',#3627);
#201=PLANE('',#3628);
#202=PLANE('',#3629);
#203=PLANE('',#3630);
#204=PLANE('',#3631);
#205=PLANE('',#3632);
#206=PLANE('',#3633);
#207=PLANE('',#3634);
#208=PLANE('',#3635);
#209=PLANE('',#3636);
#210=PLANE('',#3637);
#211=PLANE('',#3638);
#212=PLANE('',#3639);
#213=PLANE('',#3640);
#214=PLANE('',#3641);
#215=PLANE('',#3642);
#216=PLANE('',#3643);
#217=PLANE('',#3644);
#218=PLANE('',#3645);
#219=PLANE('',#3646);
#220=PLANE('',#3647);
#221=PLANE('',#3648);
#222=PLANE('',#3649);
#223=PLANE('',#3650);
#224=PLANE('',#3651);
#225=PLANE('',#3652);
#226=PLANE('',#3653);
#227=PLANE('',#3654);
#228=PLANE('',#3655);
#229=PLANE('',#3656);
#230=PLANE('',#3657);
#231=PLANE('',#3658);
#232=PLANE('',#3659);
#233=PLANE('',#3660);
#234=PLANE('',#3661);
#235=PLANE('',#3662);
#236=PLANE('',#3663);
#237=PLANE('',#3664);
#238=PLANE('',#3665);
#239=PLANE('',#3666);
#240=PLANE('',#3667);
#241=PLANE('',#3668);
#242=PLANE('',#3669);
#243=PLANE('',#3670);
#244=PLANE('',#3671);
#245=PLANE('',#3672);
#246=PLANE('',#3673);
#247=PLANE('',#3674);
#248=PLANE('',#3679);
#249=PLANE('',#3680);
#250=CIRCLE('',#3435,2.);
#251=CIRCLE('',#3436,2.);
#252=CIRCLE('',#3440,1.75);
#253=CIRCLE('',#3441,1.75);
#254=CIRCLE('',#3442,1.75);
#255=CIRCLE('',#3443,1.75);
#256=CIRCLE('',#3445,2.);
#257=CIRCLE('',#3446,6.);
#258=CIRCLE('',#3447,2.);
#259=CIRCLE('',#3448,4.);
#260=CIRCLE('',#3450,2.);
#261=CIRCLE('',#3452,2.);
#262=CIRCLE('',#3453,4.);
#263=CIRCLE('',#3454,6.);
#264=CIRCLE('',#3455,2.);
#265=CIRCLE('',#3456,4.);
#266=CIRCLE('',#3457,2.);
#267=CIRCLE('',#3459,2.);
#268=CIRCLE('',#3460,4.);
#269=CIRCLE('',#3461,6.);
#270=CIRCLE('',#3463,2.);
#271=CIRCLE('',#3465,2.);
#272=CIRCLE('',#3466,4.);
#273=CIRCLE('',#3467,6.);
#274=CIRCLE('',#3468,2.);
#275=CIRCLE('',#3469,4.);
#276=CIRCLE('',#3470,2.);
#277=CIRCLE('',#3472,2.);
#278=CIRCLE('',#3473,4.);
#279=CIRCLE('',#3474,6.);
#280=CIRCLE('',#3476,2.);
#281=CIRCLE('',#3478,2.);
#282=CIRCLE('',#3479,4.);
#283=CIRCLE('',#3480,6.);
#284=CIRCLE('',#3481,2.);
#285=CIRCLE('',#3482,4.);
#286=CIRCLE('',#3483,2.);
#287=CIRCLE('',#3485,2.);
#288=CIRCLE('',#3486,4.);
#289=CIRCLE('',#3487,6.);
#290=CIRCLE('',#3489,2.);
#291=CIRCLE('',#3491,2.);
#292=CIRCLE('',#3492,4.);
#293=CIRCLE('',#3493,6.);
#294=CIRCLE('',#3494,2.);
#295=CIRCLE('',#3495,4.);
#296=CIRCLE('',#3498,4.);
#297=CIRCLE('',#3500,4.);
#298=CIRCLE('',#3502,4.);
#299=CIRCLE('',#3505,4.);
#300=CIRCLE('',#3507,4.);
#301=CIRCLE('',#3509,4.);
#302=CIRCLE('',#3511,1.75);
#303=CIRCLE('',#3512,1.75);
#304=CIRCLE('',#3513,1.75);
#305=CIRCLE('',#3514,1.75);
#306=CIRCLE('',#3516,3.);
#307=CIRCLE('',#3517,2.);
#308=CIRCLE('',#3518,2.);
#309=CIRCLE('',#3520,4.);
#310=CIRCLE('',#3521,4.);
#311=CIRCLE('',#3522,4.);
#312=CIRCLE('',#3523,4.);
#313=CIRCLE('',#3524,4.);
#314=CIRCLE('',#3525,4.);
#315=CIRCLE('',#3526,3.);
#316=CIRCLE('',#3527,3.);
#317=CIRCLE('',#3528,3.);
#318=CIRCLE('',#3530,2.);
#319=CIRCLE('',#3532,2.);
#320=CIRCLE('',#3533,2.);
#321=CIRCLE('',#3535,2.);
#322=CIRCLE('',#3537,2.);
#323=CIRCLE('',#3538,2.);
#324=CIRCLE('',#3540,2.);
#325=CIRCLE('',#3542,2.);
#326=CIRCLE('',#3543,2.);
#327=CIRCLE('',#3545,2.);
#328=FACE_OUTER_BOUND('',#518,.T.);
#329=FACE_OUTER_BOUND('',#519,.T.);
#330=FACE_OUTER_BOUND('',#520,.T.);
#331=FACE_OUTER_BOUND('',#521,.T.);
#332=FACE_OUTER_BOUND('',#522,.T.);
#333=FACE_OUTER_BOUND('',#523,.T.);
#334=FACE_OUTER_BOUND('',#524,.T.);
#335=FACE_OUTER_BOUND('',#529,.T.);
#336=FACE_OUTER_BOUND('',#530,.T.);
#337=FACE_OUTER_BOUND('',#531,.T.);
#338=FACE_OUTER_BOUND('',#532,.T.);
#339=FACE_OUTER_BOUND('',#533,.T.);
#340=FACE_OUTER_BOUND('',#534,.T.);
#341=FACE_OUTER_BOUND('',#535,.T.);
#342=FACE_OUTER_BOUND('',#536,.T.);
#343=FACE_OUTER_BOUND('',#537,.T.);
#344=FACE_OUTER_BOUND('',#538,.T.);
#345=FACE_OUTER_BOUND('',#539,.T.);
#346=FACE_OUTER_BOUND('',#540,.T.);
#347=FACE_OUTER_BOUND('',#541,.T.);
#348=FACE_OUTER_BOUND('',#542,.T.);
#349=FACE_OUTER_BOUND('',#543,.T.);
#350=FACE_OUTER_BOUND('',#544,.T.);
#351=FACE_OUTER_BOUND('',#545,.T.);
#352=FACE_OUTER_BOUND('',#547,.T.);
#353=FACE_OUTER_BOUND('',#548,.T.);
#354=FACE_OUTER_BOUND('',#549,.T.);
#355=FACE_OUTER_BOUND('',#550,.T.);
#356=FACE_OUTER_BOUND('',#551,.T.);
#357=FACE_OUTER_BOUND('',#552,.T.);
#358=FACE_OUTER_BOUND('',#553,.T.);
#359=FACE_OUTER_BOUND('',#554,.T.);
#360=FACE_OUTER_BOUND('',#571,.T.);
#361=FACE_OUTER_BOUND('',#572,.T.);
#362=FACE_OUTER_BOUND('',#578,.T.);
#363=FACE_OUTER_BOUND('',#579,.T.);
#364=FACE_OUTER_BOUND('',#580,.T.);
#365=FACE_OUTER_BOUND('',#581,.T.);
#366=FACE_OUTER_BOUND('',#582,.T.);
#367=FACE_OUTER_BOUND('',#583,.T.);
#368=FACE_OUTER_BOUND('',#584,.T.);
#369=FACE_OUTER_BOUND('',#585,.T.);
#370=FACE_OUTER_BOUND('',#586,.T.);
#371=FACE_OUTER_BOUND('',#587,.T.);
#372=FACE_OUTER_BOUND('',#588,.T.);
#373=FACE_OUTER_BOUND('',#589,.T.);
#374=FACE_OUTER_BOUND('',#590,.T.);
#375=FACE_OUTER_BOUND('',#591,.T.);
#376=FACE_OUTER_BOUND('',#592,.T.);
#377=FACE_OUTER_BOUND('',#593,.T.);
#378=FACE_OUTER_BOUND('',#594,.T.);
#379=FACE_OUTER_BOUND('',#595,.T.);
#380=FACE_OUTER_BOUND('',#596,.T.);
#381=FACE_OUTER_BOUND('',#597,.T.);
#382=FACE_OUTER_BOUND('',#598,.T.);
#383=FACE_OUTER_BOUND('',#599,.T.);
#384=FACE_OUTER_BOUND('',#600,.T.);
#385=FACE_OUTER_BOUND('',#601,.T.);
#386=FACE_OUTER_BOUND('',#602,.T.);
#387=FACE_OUTER_BOUND('',#603,.T.);
#388=FACE_OUTER_BOUND('',#604,.T.);
#389=FACE_OUTER_BOUND('',#605,.T.);
#390=FACE_OUTER_BOUND('',#606,.T.);
#391=FACE_OUTER_BOUND('',#607,.T.);
#392=FACE_OUTER_BOUND('',#608,.T.);
#393=FACE_OUTER_BOUND('',#609,.T.);
#394=FACE_OUTER_BOUND('',#610,.T.);
#395=FACE_OUTER_BOUND('',#611,.T.);
#396=FACE_OUTER_BOUND('',#612,.T.);
#397=FACE_OUTER_BOUND('',#613,.T.);
#398=FACE_OUTER_BOUND('',#614,.T.);
#399=FACE_OUTER_BOUND('',#615,.T.);
#400=FACE_OUTER_BOUND('',#616,.T.);
#401=FACE_OUTER_BOUND('',#617,.T.);
#402=FACE_OUTER_BOUND('',#618,.T.);
#403=FACE_OUTER_BOUND('',#619,.T.);
#404=FACE_OUTER_BOUND('',#620,.T.);
#405=FACE_OUTER_BOUND('',#621,.T.);
#406=FACE_OUTER_BOUND('',#622,.T.);
#407=FACE_OUTER_BOUND('',#623,.T.);
#408=FACE_OUTER_BOUND('',#624,.T.);
#409=FACE_OUTER_BOUND('',#625,.T.);
#410=FACE_OUTER_BOUND('',#626,.T.);
#411=FACE_OUTER_BOUND('',#627,.T.);
#412=FACE_OUTER_BOUND('',#628,.T.);
#413=FACE_OUTER_BOUND('',#629,.T.);
#414=FACE_OUTER_BOUND('',#630,.T.);
#415=FACE_OUTER_BOUND('',#631,.T.);
#416=FACE_OUTER_BOUND('',#632,.T.);
#417=FACE_OUTER_BOUND('',#633,.T.);
#418=FACE_OUTER_BOUND('',#634,.T.);
#419=FACE_OUTER_BOUND('',#635,.T.);
#420=FACE_OUTER_BOUND('',#636,.T.);
#421=FACE_OUTER_BOUND('',#637,.T.);
#422=FACE_OUTER_BOUND('',#638,.T.);
#423=FACE_OUTER_BOUND('',#639,.T.);
#424=FACE_OUTER_BOUND('',#640,.T.);
#425=FACE_OUTER_BOUND('',#641,.T.);
#426=FACE_OUTER_BOUND('',#642,.T.);
#427=FACE_OUTER_BOUND('',#643,.T.);
#428=FACE_OUTER_BOUND('',#644,.T.);
#429=FACE_OUTER_BOUND('',#645,.T.);
#430=FACE_OUTER_BOUND('',#646,.T.);
#431=FACE_OUTER_BOUND('',#648,.T.);
#432=FACE_OUTER_BOUND('',#649,.T.);
#433=FACE_OUTER_BOUND('',#650,.T.);
#434=FACE_OUTER_BOUND('',#651,.T.);
#435=FACE_OUTER_BOUND('',#652,.T.);
#436=FACE_OUTER_BOUND('',#653,.T.);
#437=FACE_OUTER_BOUND('',#654,.T.);
#438=FACE_OUTER_BOUND('',#655,.T.);
#439=FACE_OUTER_BOUND('',#656,.T.);
#440=FACE_OUTER_BOUND('',#657,.T.);
#441=FACE_OUTER_BOUND('',#658,.T.);
#442=FACE_OUTER_BOUND('',#659,.T.);
#443=FACE_OUTER_BOUND('',#660,.T.);
#444=FACE_OUTER_BOUND('',#661,.T.);
#445=FACE_OUTER_BOUND('',#662,.T.);
#446=FACE_OUTER_BOUND('',#664,.T.);
#447=FACE_OUTER_BOUND('',#665,.T.);
#448=FACE_OUTER_BOUND('',#666,.T.);
#449=FACE_OUTER_BOUND('',#667,.T.);
#450=FACE_OUTER_BOUND('',#668,.T.);
#451=FACE_OUTER_BOUND('',#669,.T.);
#452=FACE_OUTER_BOUND('',#670,.T.);
#453=FACE_OUTER_BOUND('',#671,.T.);
#454=FACE_OUTER_BOUND('',#672,.T.);
#455=FACE_OUTER_BOUND('',#673,.T.);
#456=FACE_OUTER_BOUND('',#674,.T.);
#457=FACE_OUTER_BOUND('',#675,.T.);
#458=FACE_OUTER_BOUND('',#676,.T.);
#459=FACE_OUTER_BOUND('',#677,.T.);
#460=FACE_OUTER_BOUND('',#678,.T.);
#461=FACE_OUTER_BOUND('',#679,.T.);
#462=FACE_OUTER_BOUND('',#680,.T.);
#463=FACE_OUTER_BOUND('',#681,.T.);
#464=FACE_OUTER_BOUND('',#682,.T.);
#465=FACE_OUTER_BOUND('',#683,.T.);
#466=FACE_OUTER_BOUND('',#684,.T.);
#467=FACE_OUTER_BOUND('',#685,.T.);
#468=FACE_OUTER_BOUND('',#686,.T.);
#469=FACE_OUTER_BOUND('',#687,.T.);
#470=FACE_OUTER_BOUND('',#688,.T.);
#471=FACE_OUTER_BOUND('',#689,.T.);
#472=FACE_OUTER_BOUND('',#690,.T.);
#473=FACE_OUTER_BOUND('',#691,.T.);
#474=FACE_OUTER_BOUND('',#692,.T.);
#475=FACE_OUTER_BOUND('',#693,.T.);
#476=FACE_OUTER_BOUND('',#694,.T.);
#477=FACE_OUTER_BOUND('',#695,.T.);
#478=FACE_OUTER_BOUND('',#696,.T.);
#479=FACE_OUTER_BOUND('',#697,.T.);
#480=FACE_OUTER_BOUND('',#698,.T.);
#481=FACE_OUTER_BOUND('',#699,.T.);
#482=FACE_OUTER_BOUND('',#700,.T.);
#483=FACE_OUTER_BOUND('',#701,.T.);
#484=FACE_OUTER_BOUND('',#702,.T.);
#485=FACE_OUTER_BOUND('',#703,.T.);
#486=FACE_OUTER_BOUND('',#704,.T.);
#487=FACE_OUTER_BOUND('',#705,.T.);
#488=FACE_OUTER_BOUND('',#706,.T.);
#489=FACE_OUTER_BOUND('',#707,.T.);
#490=FACE_OUTER_BOUND('',#708,.T.);
#491=FACE_OUTER_BOUND('',#709,.T.);
#492=FACE_OUTER_BOUND('',#710,.T.);
#493=FACE_OUTER_BOUND('',#711,.T.);
#494=FACE_OUTER_BOUND('',#712,.T.);
#495=FACE_OUTER_BOUND('',#713,.T.);
#496=FACE_OUTER_BOUND('',#714,.T.);
#497=FACE_OUTER_BOUND('',#715,.T.);
#498=FACE_OUTER_BOUND('',#716,.T.);
#499=FACE_OUTER_BOUND('',#717,.T.);
#500=FACE_OUTER_BOUND('',#718,.T.);
#501=FACE_OUTER_BOUND('',#719,.T.);
#502=FACE_OUTER_BOUND('',#720,.T.);
#503=FACE_OUTER_BOUND('',#721,.T.);
#504=FACE_OUTER_BOUND('',#722,.T.);
#505=FACE_OUTER_BOUND('',#723,.T.);
#506=FACE_OUTER_BOUND('',#724,.T.);
#507=FACE_OUTER_BOUND('',#725,.T.);
#508=FACE_OUTER_BOUND('',#727,.T.);
#509=FACE_OUTER_BOUND('',#728,.T.);
#510=FACE_OUTER_BOUND('',#729,.T.);
#511=FACE_OUTER_BOUND('',#730,.T.);
#512=FACE_OUTER_BOUND('',#731,.T.);
#513=FACE_OUTER_BOUND('',#732,.T.);
#514=FACE_OUTER_BOUND('',#733,.T.);
#515=FACE_OUTER_BOUND('',#734,.T.);
#516=FACE_OUTER_BOUND('',#735,.T.);
#517=FACE_OUTER_BOUND('',#736,.T.);
#518=EDGE_LOOP('',(#2232,#2233,#2234,#2235));
#519=EDGE_LOOP('',(#2236,#2237,#2238,#2239));
#520=EDGE_LOOP('',(#2240,#2241,#2242,#2243));
#521=EDGE_LOOP('',(#2244,#2245,#2246,#2247,#2248,#2249,#2250,#2251));
#522=EDGE_LOOP('',(#2252,#2253,#2254,#2255));
#523=EDGE_LOOP('',(#2256,#2257,#2258,#2259));
#524=EDGE_LOOP('',(#2260,#2261,#2262,#2263));
#525=EDGE_LOOP('',(#2264));
#526=EDGE_LOOP('',(#2265));
#527=EDGE_LOOP('',(#2266));
#528=EDGE_LOOP('',(#2267));
#529=EDGE_LOOP('',(#2268,#2269,#2270,#2271));
#530=EDGE_LOOP('',(#2272,#2273,#2274,#2275));
#531=EDGE_LOOP('',(#2276,#2277,#2278,#2279));
#532=EDGE_LOOP('',(#2280,#2281,#2282,#2283));
#533=EDGE_LOOP('',(#2284,#2285,#2286,#2287));
#534=EDGE_LOOP('',(#2288,#2289,#2290,#2291));
#535=EDGE_LOOP('',(#2292,#2293,#2294,#2295));
#536=EDGE_LOOP('',(#2296,#2297,#2298,#2299));
#537=EDGE_LOOP('',(#2300,#2301,#2302,#2303));
#538=EDGE_LOOP('',(#2304,#2305,#2306,#2307));
#539=EDGE_LOOP('',(#2308,#2309,#2310,#2311));
#540=EDGE_LOOP('',(#2312,#2313,#2314,#2315));
#541=EDGE_LOOP('',(#2316,#2317,#2318,#2319));
#542=EDGE_LOOP('',(#2320,#2321,#2322,#2323));
#543=EDGE_LOOP('',(#2324,#2325,#2326,#2327));
#544=EDGE_LOOP('',(#2328,#2329,#2330,#2331));
#545=EDGE_LOOP('',(#2332,#2333,#2334,#2335));
#546=EDGE_LOOP('',(#2336,#2337,#2338,#2339));
#547=EDGE_LOOP('',(#2340,#2341,#2342,#2343));
#548=EDGE_LOOP('',(#2344,#2345,#2346,#2347));
#549=EDGE_LOOP('',(#2348,#2349,#2350,#2351));
#550=EDGE_LOOP('',(#2352,#2353,#2354,#2355));
#551=EDGE_LOOP('',(#2356,#2357,#2358,#2359));
#552=EDGE_LOOP('',(#2360,#2361,#2362,#2363));
#553=EDGE_LOOP('',(#2364,#2365,#2366,#2367));
#554=EDGE_LOOP('',(#2368,#2369,#2370,#2371,#2372,#2373,#2374,#2375,#2376,
#2377,#2378,#2379,#2380,#2381,#2382,#2383));
#555=EDGE_LOOP('',(#2384));
#556=EDGE_LOOP('',(#2385));
#557=EDGE_LOOP('',(#2386));
#558=EDGE_LOOP('',(#2387));
#559=EDGE_LOOP('',(#2388,#2389,#2390,#2391,#2392,#2393,#2394,#2395,#2396,
#2397,#2398,#2399));
#560=EDGE_LOOP('',(#2400,#2401,#2402,#2403,#2404,#2405,#2406,#2407,#2408,
#2409,#2410,#2411));
#561=EDGE_LOOP('',(#2412,#2413,#2414,#2415,#2416,#2417,#2418,#2419,#2420,
#2421,#2422,#2423));
#562=EDGE_LOOP('',(#2424,#2425,#2426,#2427,#2428,#2429,#2430,#2431,#2432,
#2433));
#563=EDGE_LOOP('',(#2434,#2435,#2436,#2437,#2438,#2439));
#564=EDGE_LOOP('',(#2440));
#565=EDGE_LOOP('',(#2441,#2442,#2443,#2444));
#566=EDGE_LOOP('',(#2445,#2446,#2447,#2448));
#567=EDGE_LOOP('',(#2449));
#568=EDGE_LOOP('',(#2450,#2451,#2452,#2453,#2454));
#569=EDGE_LOOP('',(#2455,#2456,#2457,#2458,#2459,#2460,#2461,#2462,#2463,
#2464,#2465,#2466,#2467,#2468,#2469));
#570=EDGE_LOOP('',(#2470,#2471,#2472,#2473,#2474,#2475,#2476,#2477,#2478,
#2479));
#571=EDGE_LOOP('',(#2480,#2481,#2482,#2483,#2484));
#572=EDGE_LOOP('',(#2485,#2486,#2487,#2488,#2489,#2490,#2491,#2492,#2493,
#2494,#2495,#2496,#2497,#2498,#2499,#2500));
#573=EDGE_LOOP('',(#2501));
#574=EDGE_LOOP('',(#2502));
#575=EDGE_LOOP('',(#2503,#2504,#2505,#2506));
#576=EDGE_LOOP('',(#2507));
#577=EDGE_LOOP('',(#2508));
#578=EDGE_LOOP('',(#2509,#2510,#2511,#2512,#2513));
#579=EDGE_LOOP('',(#2514,#2515,#2516,#2517,#2518));
#580=EDGE_LOOP('',(#2519,#2520,#2521,#2522,#2523));
#581=EDGE_LOOP('',(#2524,#2525,#2526,#2527,#2528));
#582=EDGE_LOOP('',(#2529,#2530,#2531,#2532,#2533));
#583=EDGE_LOOP('',(#2534,#2535,#2536,#2537,#2538));
#584=EDGE_LOOP('',(#2539,#2540,#2541,#2542,#2543));
#585=EDGE_LOOP('',(#2544,#2545,#2546,#2547));
#586=EDGE_LOOP('',(#2548,#2549,#2550,#2551));
#587=EDGE_LOOP('',(#2552,#2553,#2554,#2555));
#588=EDGE_LOOP('',(#2556,#2557,#2558,#2559));
#589=EDGE_LOOP('',(#2560,#2561,#2562,#2563));
#590=EDGE_LOOP('',(#2564,#2565,#2566,#2567,#2568,#2569));
#591=EDGE_LOOP('',(#2570,#2571,#2572,#2573));
#592=EDGE_LOOP('',(#2574,#2575,#2576,#2577));
#593=EDGE_LOOP('',(#2578,#2579,#2580,#2581));
#594=EDGE_LOOP('',(#2582,#2583,#2584,#2585));
#595=EDGE_LOOP('',(#2586,#2587,#2588,#2589));
#596=EDGE_LOOP('',(#2590,#2591,#2592,#2593));
#597=EDGE_LOOP('',(#2594,#2595,#2596,#2597));
#598=EDGE_LOOP('',(#2598,#2599,#2600,#2601));
#599=EDGE_LOOP('',(#2602,#2603,#2604,#2605));
#600=EDGE_LOOP('',(#2606,#2607,#2608,#2609));
#601=EDGE_LOOP('',(#2610,#2611,#2612,#2613,#2614,#2615,#2616,#2617));
#602=EDGE_LOOP('',(#2618,#2619,#2620,#2621));
#603=EDGE_LOOP('',(#2622,#2623,#2624,#2625));
#604=EDGE_LOOP('',(#2626,#2627,#2628,#2629));
#605=EDGE_LOOP('',(#2630,#2631,#2632,#2633));
#606=EDGE_LOOP('',(#2634,#2635,#2636,#2637));
#607=EDGE_LOOP('',(#2638,#2639,#2640,#2641));
#608=EDGE_LOOP('',(#2642,#2643,#2644,#2645));
#609=EDGE_LOOP('',(#2646,#2647,#2648,#2649));
#610=EDGE_LOOP('',(#2650,#2651,#2652,#2653));
#611=EDGE_LOOP('',(#2654,#2655,#2656,#2657));
#612=EDGE_LOOP('',(#2658,#2659,#2660,#2661));
#613=EDGE_LOOP('',(#2662,#2663,#2664,#2665));
#614=EDGE_LOOP('',(#2666,#2667,#2668,#2669));
#615=EDGE_LOOP('',(#2670,#2671,#2672,#2673,#2674,#2675,#2676,#2677,#2678,
#2679));
#616=EDGE_LOOP('',(#2680,#2681,#2682,#2683));
#617=EDGE_LOOP('',(#2684,#2685,#2686,#2687));
#618=EDGE_LOOP('',(#2688,#2689,#2690,#2691));
#619=EDGE_LOOP('',(#2692,#2693,#2694,#2695));
#620=EDGE_LOOP('',(#2696,#2697,#2698,#2699));
#621=EDGE_LOOP('',(#2700,#2701,#2702,#2703));
#622=EDGE_LOOP('',(#2704,#2705,#2706,#2707));
#623=EDGE_LOOP('',(#2708,#2709,#2710,#2711));
#624=EDGE_LOOP('',(#2712,#2713,#2714,#2715));
#625=EDGE_LOOP('',(#2716,#2717,#2718,#2719));
#626=EDGE_LOOP('',(#2720,#2721,#2722,#2723));
#627=EDGE_LOOP('',(#2724,#2725,#2726,#2727));
#628=EDGE_LOOP('',(#2728,#2729,#2730,#2731));
#629=EDGE_LOOP('',(#2732,#2733,#2734,#2735));
#630=EDGE_LOOP('',(#2736,#2737,#2738,#2739));
#631=EDGE_LOOP('',(#2740,#2741,#2742,#2743,#2744,#2745,#2746,#2747,#2748,
#2749,#2750,#2751,#2752,#2753,#2754));
#632=EDGE_LOOP('',(#2755,#2756,#2757,#2758));
#633=EDGE_LOOP('',(#2759,#2760,#2761,#2762));
#634=EDGE_LOOP('',(#2763,#2764,#2765,#2766));
#635=EDGE_LOOP('',(#2767,#2768,#2769,#2770));
#636=EDGE_LOOP('',(#2771,#2772,#2773,#2774));
#637=EDGE_LOOP('',(#2775,#2776,#2777,#2778,#2779));
#638=EDGE_LOOP('',(#2780,#2781,#2782,#2783));
#639=EDGE_LOOP('',(#2784));
#640=EDGE_LOOP('',(#2785,#2786,#2787,#2788));
#641=EDGE_LOOP('',(#2789,#2790,#2791,#2792));
#642=EDGE_LOOP('',(#2793,#2794,#2795,#2796));
#643=EDGE_LOOP('',(#2797,#2798,#2799,#2800));
#644=EDGE_LOOP('',(#2801,#2802,#2803,#2804));
#645=EDGE_LOOP('',(#2805,#2806,#2807,#2808));
#646=EDGE_LOOP('',(#2809,#2810,#2811,#2812));
#647=EDGE_LOOP('',(#2813,#2814));
#648=EDGE_LOOP('',(#2815,#2816,#2817,#2818));
#649=EDGE_LOOP('',(#2819,#2820,#2821,#2822));
#650=EDGE_LOOP('',(#2823,#2824,#2825,#2826));
#651=EDGE_LOOP('',(#2827,#2828,#2829,#2830));
#652=EDGE_LOOP('',(#2831,#2832,#2833,#2834));
#653=EDGE_LOOP('',(#2835,#2836,#2837,#2838));
#654=EDGE_LOOP('',(#2839));
#655=EDGE_LOOP('',(#2840,#2841,#2842,#2843));
#656=EDGE_LOOP('',(#2844,#2845,#2846,#2847));
#657=EDGE_LOOP('',(#2848,#2849,#2850,#2851));
#658=EDGE_LOOP('',(#2852,#2853,#2854,#2855));
#659=EDGE_LOOP('',(#2856,#2857,#2858,#2859));
#660=EDGE_LOOP('',(#2860,#2861,#2862,#2863));
#661=EDGE_LOOP('',(#2864,#2865,#2866,#2867));
#662=EDGE_LOOP('',(#2868,#2869,#2870,#2871,#2872,#2873));
#663=EDGE_LOOP('',(#2874));
#664=EDGE_LOOP('',(#2875,#2876,#2877,#2878));
#665=EDGE_LOOP('',(#2879,#2880,#2881,#2882));
#666=EDGE_LOOP('',(#2883,#2884,#2885,#2886));
#667=EDGE_LOOP('',(#2887,#2888,#2889,#2890));
#668=EDGE_LOOP('',(#2891,#2892,#2893,#2894));
#669=EDGE_LOOP('',(#2895,#2896,#2897,#2898));
#670=EDGE_LOOP('',(#2899,#2900,#2901,#2902));
#671=EDGE_LOOP('',(#2903,#2904,#2905,#2906));
#672=EDGE_LOOP('',(#2907,#2908,#2909,#2910));
#673=EDGE_LOOP('',(#2911,#2912,#2913,#2914));
#674=EDGE_LOOP('',(#2915,#2916,#2917,#2918,#2919,#2920,#2921,#2922,#2923,
#2924));
#675=EDGE_LOOP('',(#2925,#2926,#2927,#2928));
#676=EDGE_LOOP('',(#2929,#2930,#2931,#2932));
#677=EDGE_LOOP('',(#2933,#2934,#2935,#2936));
#678=EDGE_LOOP('',(#2937,#2938,#2939,#2940));
#679=EDGE_LOOP('',(#2941,#2942,#2943,#2944));
#680=EDGE_LOOP('',(#2945,#2946,#2947,#2948));
#681=EDGE_LOOP('',(#2949,#2950,#2951,#2952));
#682=EDGE_LOOP('',(#2953,#2954,#2955,#2956));
#683=EDGE_LOOP('',(#2957,#2958,#2959,#2960));
#684=EDGE_LOOP('',(#2961,#2962,#2963,#2964));
#685=EDGE_LOOP('',(#2965,#2966,#2967,#2968));
#686=EDGE_LOOP('',(#2969,#2970,#2971,#2972));
#687=EDGE_LOOP('',(#2973,#2974,#2975,#2976,#2977,#2978,#2979,#2980,#2981,
#2982,#2983,#2984));
#688=EDGE_LOOP('',(#2985,#2986,#2987,#2988));
#689=EDGE_LOOP('',(#2989,#2990,#2991,#2992));
#690=EDGE_LOOP('',(#2993,#2994,#2995,#2996));
#691=EDGE_LOOP('',(#2997,#2998,#2999,#3000));
#692=EDGE_LOOP('',(#3001,#3002,#3003,#3004));
#693=EDGE_LOOP('',(#3005,#3006,#3007,#3008));
#694=EDGE_LOOP('',(#3009,#3010,#3011,#3012));
#695=EDGE_LOOP('',(#3013,#3014,#3015,#3016));
#696=EDGE_LOOP('',(#3017,#3018,#3019,#3020));
#697=EDGE_LOOP('',(#3021,#3022,#3023,#3024));
#698=EDGE_LOOP('',(#3025,#3026,#3027,#3028));
#699=EDGE_LOOP('',(#3029,#3030,#3031,#3032));
#700=EDGE_LOOP('',(#3033,#3034,#3035,#3036,#3037,#3038,#3039,#3040,#3041,
#3042,#3043,#3044));
#701=EDGE_LOOP('',(#3045,#3046,#3047,#3048));
#702=EDGE_LOOP('',(#3049,#3050,#3051,#3052));
#703=EDGE_LOOP('',(#3053,#3054,#3055,#3056));
#704=EDGE_LOOP('',(#3057,#3058,#3059,#3060));
#705=EDGE_LOOP('',(#3061,#3062,#3063,#3064));
#706=EDGE_LOOP('',(#3065,#3066,#3067,#3068));
#707=EDGE_LOOP('',(#3069,#3070,#3071,#3072));
#708=EDGE_LOOP('',(#3073,#3074,#3075,#3076));
#709=EDGE_LOOP('',(#3077,#3078,#3079,#3080));
#710=EDGE_LOOP('',(#3081,#3082,#3083,#3084));
#711=EDGE_LOOP('',(#3085,#3086,#3087,#3088));
#712=EDGE_LOOP('',(#3089,#3090,#3091,#3092));
#713=EDGE_LOOP('',(#3093,#3094,#3095,#3096,#3097,#3098,#3099,#3100,#3101,
#3102,#3103,#3104));
#714=EDGE_LOOP('',(#3105));
#715=EDGE_LOOP('',(#3106,#3107,#3108,#3109));
#716=EDGE_LOOP('',(#3110,#3111,#3112,#3113,#3114,#3115));
#717=EDGE_LOOP('',(#3116));
#718=EDGE_LOOP('',(#3117));
#719=EDGE_LOOP('',(#3118));
#720=EDGE_LOOP('',(#3119));
#721=EDGE_LOOP('',(#3120,#3121,#3122,#3123));
#722=EDGE_LOOP('',(#3124,#3125,#3126,#3127));
#723=EDGE_LOOP('',(#3128,#3129,#3130,#3131));
#724=EDGE_LOOP('',(#3132,#3133,#3134,#3135));
#725=EDGE_LOOP('',(#3136,#3137,#3138,#3139));
#726=EDGE_LOOP('',(#3140,#3141,#3142,#3143));
#727=EDGE_LOOP('',(#3144,#3145,#3146,#3147));
#728=EDGE_LOOP('',(#3148,#3149,#3150,#3151));
#729=EDGE_LOOP('',(#3152,#3153,#3154,#3155));
#730=EDGE_LOOP('',(#3156,#3157,#3158,#3159));
#731=EDGE_LOOP('',(#3160,#3161,#3162,#3163));
#732=EDGE_LOOP('',(#3164,#3165,#3166,#3167));
#733=EDGE_LOOP('',(#3168,#3169,#3170,#3171));
#734=EDGE_LOOP('',(#3172,#3173,#3174,#3175));
#735=EDGE_LOOP('',(#3176,#3177));
#736=EDGE_LOOP('',(#3178,#3179,#3180,#3181));
#737=ELLIPSE('',#3428,2.82842712474619,2.);
#738=ELLIPSE('',#3429,2.82842712474619,2.);
#739=ELLIPSE('',#3431,2.82842712474619,2.);
#740=ELLIPSE('',#3432,2.82842712474619,2.);
#741=ELLIPSE('',#3547,1.41421356237309,1.);
#742=ELLIPSE('',#3548,1.4142135623731,1.);
#743=ELLIPSE('',#3550,1.41421356237309,1.);
#744=ELLIPSE('',#3551,1.41421356237309,1.);
#745=LINE('',#4548,#1098);
#746=LINE('',#4552,#1099);
#747=LINE('',#4557,#1100);
#748=LINE('',#4561,#1101);
#749=LINE('',#4564,#1102);
#750=LINE('',#4565,#1103);
#751=LINE('',#4571,#1104);
#752=LINE('',#4574,#1105);
#753=LINE('',#4575,#1106);
#754=LINE('',#4576,#1107);
#755=LINE('',#4579,#1108);
#756=LINE('',#4581,#1109);
#757=LINE('',#4582,#1110);
#758=LINE('',#4585,#1111);
#759=LINE('',#4586,#1112);
#760=LINE('',#4609,#1113);
#761=LINE('',#4610,#1114);
#762=LINE('',#4653,#1115);
#763=LINE('',#4654,#1116);
#764=LINE('',#4697,#1117);
#765=LINE('',#4698,#1118);
#766=LINE('',#4741,#1119);
#767=LINE('',#4742,#1120);
#768=LINE('',#4774,#1121);
#769=LINE('',#4776,#1122);
#770=LINE('',#4777,#1123);
#771=LINE('',#4780,#1124);
#772=LINE('',#4782,#1125);
#773=LINE('',#4784,#1126);
#774=LINE('',#4785,#1127);
#775=LINE('',#4788,#1128);
#776=LINE('',#4792,#1129);
#777=LINE('',#4796,#1130);
#778=LINE('',#4800,#1131);
#779=LINE('',#4801,#1132);
#780=LINE('',#4804,#1133);
#781=LINE('',#4808,#1134);
#782=LINE('',#4812,#1135);
#783=LINE('',#4825,#1136);
#784=LINE('',#4827,#1137);
#785=LINE('',#4829,#1138);
#786=LINE('',#4831,#1139);
#787=LINE('',#4833,#1140);
#788=LINE('',#4835,#1141);
#789=LINE('',#4837,#1142);
#790=LINE('',#4839,#1143);
#791=LINE('',#4841,#1144);
#792=LINE('',#4843,#1145);
#793=LINE('',#4845,#1146);
#794=LINE('',#4846,#1147);
#795=LINE('',#4849,#1148);
#796=LINE('',#4851,#1149);
#797=LINE('',#4853,#1150);
#798=LINE('',#4855,#1151);
#799=LINE('',#4857,#1152);
#800=LINE('',#4859,#1153);
#801=LINE('',#4861,#1154);
#802=LINE('',#4863,#1155);
#803=LINE('',#4865,#1156);
#804=LINE('',#4867,#1157);
#805=LINE('',#4869,#1158);
#806=LINE('',#4870,#1159);
#807=LINE('',#4873,#1160);
#808=LINE('',#4875,#1161);
#809=LINE('',#4877,#1162);
#810=LINE('',#4879,#1163);
#811=LINE('',#4881,#1164);
#812=LINE('',#4883,#1165);
#813=LINE('',#4885,#1166);
#814=LINE('',#4887,#1167);
#815=LINE('',#4889,#1168);
#816=LINE('',#4891,#1169);
#817=LINE('',#4893,#1170);
#818=LINE('',#4894,#1171);
#819=LINE('',#4914,#1172);
#820=LINE('',#4916,#1173);
#821=LINE('',#4918,#1174);
#822=LINE('',#4937,#1175);
#823=LINE('',#4939,#1176);
#824=LINE('',#4941,#1177);
#825=LINE('',#4943,#1178);
#826=LINE('',#4944,#1179);
#827=LINE('',#4947,#1180);
#828=LINE('',#4949,#1181);
#829=LINE('',#4951,#1182);
#830=LINE('',#4953,#1183);
#831=LINE('',#4955,#1184);
#832=LINE('',#5015,#1185);
#833=LINE('',#5017,#1186);
#834=LINE('',#5019,#1187);
#835=LINE('',#5020,#1188);
#836=LINE('',#5023,#1189);
#837=LINE('',#5066,#1190);
#838=LINE('',#5143,#1191);
#839=LINE('',#5178,#1192);
#840=LINE('',#5198,#1193);
#841=LINE('',#5200,#1194);
#842=LINE('',#5202,#1195);
#843=LINE('',#5221,#1196);
#844=LINE('',#5223,#1197);
#845=LINE('',#5225,#1198);
#846=LINE('',#5244,#1199);
#847=LINE('',#5246,#1200);
#848=LINE('',#5248,#1201);
#849=LINE('',#5250,#1202);
#850=LINE('',#5252,#1203);
#851=LINE('',#5285,#1204);
#852=LINE('',#5287,#1205);
#853=LINE('',#5289,#1206);
#854=LINE('',#5308,#1207);
#855=LINE('',#5310,#1208);
#856=LINE('',#5312,#1209);
#857=LINE('',#5314,#1210);
#858=LINE('',#5315,#1211);
#859=LINE('',#5320,#1212);
#860=LINE('',#5326,#1213);
#861=LINE('',#5334,#1214);
#862=LINE('',#5346,#1215);
#863=LINE('',#5348,#1216);
#864=LINE('',#5350,#1217);
#865=LINE('',#5351,#1218);
#866=LINE('',#5356,#1219);
#867=LINE('',#5360,#1220);
#868=LINE('',#5366,#1221);
#869=LINE('',#5370,#1222);
#870=LINE('',#5376,#1223);
#871=LINE('',#5380,#1224);
#872=LINE('',#5386,#1225);
#873=LINE('',#5392,#1226);
#874=LINE('',#5398,#1227);
#875=LINE('',#5401,#1228);
#876=LINE('',#5403,#1229);
#877=LINE('',#5406,#1230);
#878=LINE('',#5408,#1231);
#879=LINE('',#5409,#1232);
#880=LINE('',#5411,#1233);
#881=LINE('',#5412,#1234);
#882=LINE('',#5414,#1235);
#883=LINE('',#5416,#1236);
#884=LINE('',#5417,#1237);
#885=LINE('',#5420,#1238);
#886=LINE('',#5421,#1239);
#887=LINE('',#5424,#1240);
#888=LINE('',#5425,#1241);
#889=LINE('',#5429,#1242);
#890=LINE('',#5431,#1243);
#891=LINE('',#5433,#1244);
#892=LINE('',#5434,#1245);
#893=LINE('',#5437,#1246);
#894=LINE('',#5439,#1247);
#895=LINE('',#5440,#1248);
#896=LINE('',#5443,#1249);
#897=LINE('',#5444,#1250);
#898=LINE('',#5447,#1251);
#899=LINE('',#5448,#1252);
#900=LINE('',#5449,#1253);
#901=LINE('',#5451,#1254);
#902=LINE('',#5452,#1255);
#903=LINE('',#5454,#1256);
#904=LINE('',#5489,#1257);
#905=LINE('',#5507,#1258);
#906=LINE('',#5510,#1259);
#907=LINE('',#5511,#1260);
#908=LINE('',#5514,#1261);
#909=LINE('',#5515,#1262);
#910=LINE('',#5518,#1263);
#911=LINE('',#5519,#1264);
#912=LINE('',#5522,#1265);
#913=LINE('',#5523,#1266);
#914=LINE('',#5526,#1267);
#915=LINE('',#5527,#1268);
#916=LINE('',#5561,#1269);
#917=LINE('',#5580,#1270);
#918=LINE('',#5581,#1271);
#919=LINE('',#5584,#1272);
#920=LINE('',#5585,#1273);
#921=LINE('',#5587,#1274);
#922=LINE('',#5622,#1275);
#923=LINE('',#5640,#1276);
#924=LINE('',#5668,#1277);
#925=LINE('',#5684,#1278);
#926=LINE('',#5685,#1279);
#927=LINE('',#5688,#1280);
#928=LINE('',#5689,#1281);
#929=LINE('',#5692,#1282);
#930=LINE('',#5693,#1283);
#931=LINE('',#5696,#1284);
#932=LINE('',#5697,#1285);
#933=LINE('',#5700,#1286);
#934=LINE('',#5701,#1287);
#935=LINE('',#5735,#1288);
#936=LINE('',#5754,#1289);
#937=LINE('',#5755,#1290);
#938=LINE('',#5758,#1291);
#939=LINE('',#5759,#1292);
#940=LINE('',#5762,#1293);
#941=LINE('',#5763,#1294);
#942=LINE('',#5797,#1295);
#943=LINE('',#5816,#1296);
#944=LINE('',#5817,#1297);
#945=LINE('',#5820,#1298);
#946=LINE('',#5821,#1299);
#947=LINE('',#5823,#1300);
#948=LINE('',#5888,#1301);
#949=LINE('',#5921,#1302);
#950=LINE('',#5924,#1303);
#951=LINE('',#5925,#1304);
#952=LINE('',#5977,#1305);
#953=LINE('',#6018,#1306);
#954=LINE('',#6027,#1307);
#955=LINE('',#6080,#1308);
#956=LINE('',#6110,#1309);
#957=LINE('',#6112,#1310);
#958=LINE('',#6114,#1311);
#959=LINE('',#6115,#1312);
#960=LINE('',#6194,#1313);
#961=LINE('',#6196,#1314);
#962=LINE('',#6197,#1315);
#963=LINE('',#6231,#1316);
#964=LINE('',#6250,#1317);
#965=LINE('',#6251,#1318);
#966=LINE('',#6375,#1319);
#967=LINE('',#6377,#1320);
#968=LINE('',#6378,#1321);
#969=LINE('',#6381,#1322);
#970=LINE('',#6382,#1323);
#971=LINE('',#6385,#1324);
#972=LINE('',#6386,#1325);
#973=LINE('',#6388,#1326);
#974=LINE('',#6441,#1327);
#975=LINE('',#6572,#1328);
#976=LINE('',#6609,#1329);
#977=LINE('',#6611,#1330);
#978=LINE('',#6612,#1331);
#979=LINE('',#6676,#1332);
#980=LINE('',#6710,#1333);
#981=LINE('',#6711,#1334);
#982=LINE('',#6714,#1335);
#983=LINE('',#6715,#1336);
#984=LINE('',#6718,#1337);
#985=LINE('',#6719,#1338);
#986=LINE('',#6721,#1339);
#987=LINE('',#6756,#1340);
#988=LINE('',#6774,#1341);
#989=LINE('',#6777,#1342);
#990=LINE('',#6778,#1343);
#991=LINE('',#6781,#1344);
#992=LINE('',#6782,#1345);
#993=LINE('',#6785,#1346);
#994=LINE('',#6786,#1347);
#995=LINE('',#6789,#1348);
#996=LINE('',#6790,#1349);
#997=LINE('',#6793,#1350);
#998=LINE('',#6794,#1351);
#999=LINE('',#6828,#1352);
#1000=LINE('',#6847,#1353);
#1001=LINE('',#6848,#1354);
#1002=LINE('',#6851,#1355);
#1003=LINE('',#6852,#1356);
#1004=LINE('',#6854,#1357);
#1005=LINE('',#6858,#1358);
#1006=LINE('',#6860,#1359);
#1007=LINE('',#6861,#1360);
#1008=LINE('',#6864,#1361);
#1009=LINE('',#6865,#1362);
#1010=LINE('',#6868,#1363);
#1011=LINE('',#6869,#1364);
#1012=LINE('',#6872,#1365);
#1013=LINE('',#6873,#1366);
#1014=LINE('',#6876,#1367);
#1015=LINE('',#6877,#1368);
#1016=LINE('',#6880,#1369);
#1017=LINE('',#6881,#1370);
#1018=LINE('',#6884,#1371);
#1019=LINE('',#6885,#1372);
#1020=LINE('',#6888,#1373);
#1021=LINE('',#6889,#1374);
#1022=LINE('',#6892,#1375);
#1023=LINE('',#6893,#1376);
#1024=LINE('',#6896,#1377);
#1025=LINE('',#6897,#1378);
#1026=LINE('',#6900,#1379);
#1027=LINE('',#6901,#1380);
#1028=LINE('',#6903,#1381);
#1029=LINE('',#6907,#1382);
#1030=LINE('',#6909,#1383);
#1031=LINE('',#6910,#1384);
#1032=LINE('',#6913,#1385);
#1033=LINE('',#6914,#1386);
#1034=LINE('',#6917,#1387);
#1035=LINE('',#6918,#1388);
#1036=LINE('',#6921,#1389);
#1037=LINE('',#6922,#1390);
#1038=LINE('',#6925,#1391);
#1039=LINE('',#6926,#1392);
#1040=LINE('',#6929,#1393);
#1041=LINE('',#6930,#1394);
#1042=LINE('',#6933,#1395);
#1043=LINE('',#6934,#1396);
#1044=LINE('',#6937,#1397);
#1045=LINE('',#6938,#1398);
#1046=LINE('',#6941,#1399);
#1047=LINE('',#6942,#1400);
#1048=LINE('',#6945,#1401);
#1049=LINE('',#6946,#1402);
#1050=LINE('',#6949,#1403);
#1051=LINE('',#6950,#1404);
#1052=LINE('',#6952,#1405);
#1053=LINE('',#6956,#1406);
#1054=LINE('',#6958,#1407);
#1055=LINE('',#6959,#1408);
#1056=LINE('',#6962,#1409);
#1057=LINE('',#6963,#1410);
#1058=LINE('',#6966,#1411);
#1059=LINE('',#6967,#1412);
#1060=LINE('',#6970,#1413);
#1061=LINE('',#6971,#1414);
#1062=LINE('',#6974,#1415);
#1063=LINE('',#6975,#1416);
#1064=LINE('',#6978,#1417);
#1065=LINE('',#6979,#1418);
#1066=LINE('',#6982,#1419);
#1067=LINE('',#6983,#1420);
#1068=LINE('',#6986,#1421);
#1069=LINE('',#6987,#1422);
#1070=LINE('',#6990,#1423);
#1071=LINE('',#6991,#1424);
#1072=LINE('',#6994,#1425);
#1073=LINE('',#6995,#1426);
#1074=LINE('',#6998,#1427);
#1075=LINE('',#6999,#1428);
#1076=LINE('',#7001,#1429);
#1077=LINE('',#7005,#1430);
#1078=LINE('',#7013,#1431);
#1079=LINE('',#7015,#1432);
#1080=LINE('',#7016,#1433);
#1081=LINE('',#7019,#1434);
#1082=LINE('',#7020,#1435);
#1083=LINE('',#7023,#1436);
#1084=LINE('',#7024,#1437);
#1085=LINE('',#7026,#1438);
#1086=LINE('',#7030,#1439);
#1087=LINE('',#7032,#1440);
#1088=LINE('',#7034,#1441);
#1089=LINE('',#7035,#1442);
#1090=LINE('',#7037,#1443);
#1091=LINE('',#7038,#1444);
#1092=LINE('',#7040,#1445);
#1093=LINE('',#7042,#1446);
#1094=LINE('',#7045,#1447);
#1095=LINE('',#7047,#1448);
#1096=LINE('',#7049,#1449);
#1097=LINE('',#7051,#1450);
#1098=VECTOR('',#3685,10.);
#1099=VECTOR('',#3688,10.);
#1100=VECTOR('',#3693,10.);
#1101=VECTOR('',#3696,10.);
#1102=VECTOR('',#3701,10.);
#1103=VECTOR('',#3702,10.);
#1104=VECTOR('',#3707,10.);
#1105=VECTOR('',#3710,10.);
#1106=VECTOR('',#3711,10.);
#1107=VECTOR('',#3712,10.);
#1108=VECTOR('',#3715,10.);
#1109=VECTOR('',#3716,10.);
#1110=VECTOR('',#3717,10.);
#1111=VECTOR('',#3720,10.);
#1112=VECTOR('',#3721,10.);
#1113=VECTOR('',#3746,10.);
#1114=VECTOR('',#3747,10.);
#1115=VECTOR('',#3774,10.);
#1116=VECTOR('',#3775,10.);
#1117=VECTOR('',#3802,10.);
#1118=VECTOR('',#3803,10.);
#1119=VECTOR('',#3830,10.);
#1120=VECTOR('',#3831,10.);
#1121=VECTOR('',#3846,10.);
#1122=VECTOR('',#3847,10.);
#1123=VECTOR('',#3848,10.);
#1124=VECTOR('',#3849,10.);
#1125=VECTOR('',#3850,10.);
#1126=VECTOR('',#3851,10.);
#1127=VECTOR('',#3852,10.);
#1128=VECTOR('',#3855,10.);
#1129=VECTOR('',#3860,10.);
#1130=VECTOR('',#3865,10.);
#1131=VECTOR('',#3870,10.);
#1132=VECTOR('',#3871,10.);
#1133=VECTOR('',#3874,10.);
#1134=VECTOR('',#3879,10.);
#1135=VECTOR('',#3884,10.);
#1136=VECTOR('',#3897,10.);
#1137=VECTOR('',#3898,10.);
#1138=VECTOR('',#3899,10.);
#1139=VECTOR('',#3900,10.);
#1140=VECTOR('',#3901,10.);
#1141=VECTOR('',#3902,10.);
#1142=VECTOR('',#3903,10.);
#1143=VECTOR('',#3904,10.);
#1144=VECTOR('',#3905,10.);
#1145=VECTOR('',#3906,10.);
#1146=VECTOR('',#3907,10.);
#1147=VECTOR('',#3908,10.);
#1148=VECTOR('',#3909,10.);
#1149=VECTOR('',#3910,10.);
#1150=VECTOR('',#3911,10.);
#1151=VECTOR('',#3912,10.);
#1152=VECTOR('',#3913,10.);
#1153=VECTOR('',#3914,10.);
#1154=VECTOR('',#3915,10.);
#1155=VECTOR('',#3916,10.);
#1156=VECTOR('',#3917,10.);
#1157=VECTOR('',#3918,10.);
#1158=VECTOR('',#3919,10.);
#1159=VECTOR('',#3920,10.);
#1160=VECTOR('',#3921,10.);
#1161=VECTOR('',#3922,10.);
#1162=VECTOR('',#3923,10.);
#1163=VECTOR('',#3924,10.);
#1164=VECTOR('',#3925,10.);
#1165=VECTOR('',#3926,10.);
#1166=VECTOR('',#3927,10.);
#1167=VECTOR('',#3928,10.);
#1168=VECTOR('',#3929,10.);
#1169=VECTOR('',#3930,10.);
#1170=VECTOR('',#3931,10.);
#1171=VECTOR('',#3932,10.);
#1172=VECTOR('',#3933,10.);
#1173=VECTOR('',#3934,10.);
#1174=VECTOR('',#3935,10.);
#1175=VECTOR('',#3936,10.);
#1176=VECTOR('',#3937,10.);
#1177=VECTOR('',#3938,10.);
#1178=VECTOR('',#3939,10.);
#1179=VECTOR('',#3940,10.);
#1180=VECTOR('',#3941,10.);
#1181=VECTOR('',#3942,10.);
#1182=VECTOR('',#3943,10.);
#1183=VECTOR('',#3944,10.);
#1184=VECTOR('',#3945,10.);
#1185=VECTOR('',#3946,10.);
#1186=VECTOR('',#3947,10.);
#1187=VECTOR('',#3948,10.);
#1188=VECTOR('',#3949,10.);
#1189=VECTOR('',#3950,10.);
#1190=VECTOR('',#3951,10.);
#1191=VECTOR('',#3952,10.);
#1192=VECTOR('',#3953,10.);
#1193=VECTOR('',#3954,10.);
#1194=VECTOR('',#3955,10.);
#1195=VECTOR('',#3956,10.);
#1196=VECTOR('',#3957,10.);
#1197=VECTOR('',#3958,10.);
#1198=VECTOR('',#3959,10.);
#1199=VECTOR('',#3960,10.);
#1200=VECTOR('',#3961,10.);
#1201=VECTOR('',#3962,10.);
#1202=VECTOR('',#3963,10.);
#1203=VECTOR('',#3964,10.);
#1204=VECTOR('',#3965,10.);
#1205=VECTOR('',#3966,10.);
#1206=VECTOR('',#3967,10.);
#1207=VECTOR('',#3968,10.);
#1208=VECTOR('',#3969,10.);
#1209=VECTOR('',#3970,10.);
#1210=VECTOR('',#3971,10.);
#1211=VECTOR('',#3972,10.);
#1212=VECTOR('',#3977,2.5);
#1213=VECTOR('',#3984,10.);
#1214=VECTOR('',#3991,10.);
#1215=VECTOR('',#4002,10.);
#1216=VECTOR('',#4003,10.);
#1217=VECTOR('',#4004,10.);
#1218=VECTOR('',#4005,10.);
#1219=VECTOR('',#4010,2.);
#1220=VECTOR('',#4015,2.5);
#1221=VECTOR('',#4022,2.);
#1222=VECTOR('',#4027,2.5);
#1223=VECTOR('',#4034,2.);
#1224=VECTOR('',#4039,2.5);
#1225=VECTOR('',#4046,2.);
#1226=VECTOR('',#4053,10.);
#1227=VECTOR('',#4060,10.);
#1228=VECTOR('',#4065,10.);
#1229=VECTOR('',#4068,10.);
#1230=VECTOR('',#4071,10.);
#1231=VECTOR('',#4072,10.);
#1232=VECTOR('',#4073,10.);
#1233=VECTOR('',#4076,10.);
#1234=VECTOR('',#4077,10.);
#1235=VECTOR('',#4080,10.);
#1236=VECTOR('',#4083,10.);
#1237=VECTOR('',#4084,10.);
#1238=VECTOR('',#4089,10.);
#1239=VECTOR('',#4090,10.);
#1240=VECTOR('',#4095,10.);
#1241=VECTOR('',#4096,10.);
#1242=VECTOR('',#4101,10.);
#1243=VECTOR('',#4102,10.);
#1244=VECTOR('',#4103,10.);
#1245=VECTOR('',#4104,10.);
#1246=VECTOR('',#4107,10.);
#1247=VECTOR('',#4108,10.);
#1248=VECTOR('',#4109,10.);
#1249=VECTOR('',#4112,10.);
#1250=VECTOR('',#4113,10.);
#1251=VECTOR('',#4116,10.);
#1252=VECTOR('',#4117,10.);
#1253=VECTOR('',#4118,10.);
#1254=VECTOR('',#4121,10.);
#1255=VECTOR('',#4122,10.);
#1256=VECTOR('',#4125,10.);
#1257=VECTOR('',#4128,10.);
#1258=VECTOR('',#4129,10.);
#1259=VECTOR('',#4132,10.);
#1260=VECTOR('',#4133,10.);
#1261=VECTOR('',#4136,10.);
#1262=VECTOR('',#4137,10.);
#1263=VECTOR('',#4140,10.);
#1264=VECTOR('',#4141,10.);
#1265=VECTOR('',#4144,10.);
#1266=VECTOR('',#4145,10.);
#1267=VECTOR('',#4148,10.);
#1268=VECTOR('',#4149,10.);
#1269=VECTOR('',#4150,10.);
#1270=VECTOR('',#4153,10.);
#1271=VECTOR('',#4154,10.);
#1272=VECTOR('',#4157,10.);
#1273=VECTOR('',#4158,10.);
#1274=VECTOR('',#4161,10.);
#1275=VECTOR('',#4164,10.);
#1276=VECTOR('',#4165,10.);
#1277=VECTOR('',#4166,10.);
#1278=VECTOR('',#4169,10.);
#1279=VECTOR('',#4170,10.);
#1280=VECTOR('',#4173,10.);
#1281=VECTOR('',#4174,10.);
#1282=VECTOR('',#4177,10.);
#1283=VECTOR('',#4178,10.);
#1284=VECTOR('',#4181,10.);
#1285=VECTOR('',#4182,10.);
#1286=VECTOR('',#4185,10.);
#1287=VECTOR('',#4186,10.);
#1288=VECTOR('',#4187,10.);
#1289=VECTOR('',#4190,10.);
#1290=VECTOR('',#4191,10.);
#1291=VECTOR('',#4194,10.);
#1292=VECTOR('',#4195,10.);
#1293=VECTOR('',#4198,10.);
#1294=VECTOR('',#4199,10.);
#1295=VECTOR('',#4200,10.);
#1296=VECTOR('',#4203,10.);
#1297=VECTOR('',#4204,10.);
#1298=VECTOR('',#4207,10.);
#1299=VECTOR('',#4208,10.);
#1300=VECTOR('',#4211,10.);
#1301=VECTOR('',#4214,10.);
#1302=VECTOR('',#4215,10.);
#1303=VECTOR('',#4218,10.);
#1304=VECTOR('',#4219,10.);
#1305=VECTOR('',#4220,10.);
#1306=VECTOR('',#4221,10.);
#1307=VECTOR('',#4224,10.);
#1308=VECTOR('',#4227,10.);
#1309=VECTOR('',#4232,10.);
#1310=VECTOR('',#4233,10.);
#1311=VECTOR('',#4234,10.);
#1312=VECTOR('',#4235,10.);
#1313=VECTOR('',#4238,10.);
#1314=VECTOR('',#4239,10.);
#1315=VECTOR('',#4240,10.);
#1316=VECTOR('',#4241,10.);
#1317=VECTOR('',#4244,10.);
#1318=VECTOR('',#4245,10.);
#1319=VECTOR('',#4250,10.);
#1320=VECTOR('',#4251,10.);
#1321=VECTOR('',#4252,10.);
#1322=VECTOR('',#4255,10.);
#1323=VECTOR('',#4256,10.);
#1324=VECTOR('',#4259,10.);
#1325=VECTOR('',#4260,10.);
#1326=VECTOR('',#4263,10.);
#1327=VECTOR('',#4266,10.);
#1328=VECTOR('',#4269,10.);
#1329=VECTOR('',#4272,10.);
#1330=VECTOR('',#4273,10.);
#1331=VECTOR('',#4274,10.);
#1332=VECTOR('',#4275,10.);
#1333=VECTOR('',#4278,10.);
#1334=VECTOR('',#4279,10.);
#1335=VECTOR('',#4282,10.);
#1336=VECTOR('',#4283,10.);
#1337=VECTOR('',#4286,10.);
#1338=VECTOR('',#4287,10.);
#1339=VECTOR('',#4290,10.);
#1340=VECTOR('',#4293,10.);
#1341=VECTOR('',#4294,10.);
#1342=VECTOR('',#4297,10.);
#1343=VECTOR('',#4298,10.);
#1344=VECTOR('',#4301,10.);
#1345=VECTOR('',#4302,10.);
#1346=VECTOR('',#4305,10.);
#1347=VECTOR('',#4306,10.);
#1348=VECTOR('',#4309,10.);
#1349=VECTOR('',#4310,10.);
#1350=VECTOR('',#4313,10.);
#1351=VECTOR('',#4314,10.);
#1352=VECTOR('',#4315,10.);
#1353=VECTOR('',#4318,10.);
#1354=VECTOR('',#4319,10.);
#1355=VECTOR('',#4322,10.);
#1356=VECTOR('',#4323,10.);
#1357=VECTOR('',#4326,10.);
#1358=VECTOR('',#4331,10.);
#1359=VECTOR('',#4332,10.);
#1360=VECTOR('',#4333,10.);
#1361=VECTOR('',#4336,10.);
#1362=VECTOR('',#4337,10.);
#1363=VECTOR('',#4340,10.);
#1364=VECTOR('',#4341,10.);
#1365=VECTOR('',#4344,10.);
#1366=VECTOR('',#4345,10.);
#1367=VECTOR('',#4348,10.);
#1368=VECTOR('',#4349,10.);
#1369=VECTOR('',#4352,10.);
#1370=VECTOR('',#4353,10.);
#1371=VECTOR('',#4356,10.);
#1372=VECTOR('',#4357,10.);
#1373=VECTOR('',#4360,10.);
#1374=VECTOR('',#4361,10.);
#1375=VECTOR('',#4364,10.);
#1376=VECTOR('',#4365,10.);
#1377=VECTOR('',#4368,10.);
#1378=VECTOR('',#4369,10.);
#1379=VECTOR('',#4372,10.);
#1380=VECTOR('',#4373,10.);
#1381=VECTOR('',#4376,10.);
#1382=VECTOR('',#4381,10.);
#1383=VECTOR('',#4382,10.);
#1384=VECTOR('',#4383,10.);
#1385=VECTOR('',#4386,10.);
#1386=VECTOR('',#4387,10.);
#1387=VECTOR('',#4390,10.);
#1388=VECTOR('',#4391,10.);
#1389=VECTOR('',#4394,10.);
#1390=VECTOR('',#4395,10.);
#1391=VECTOR('',#4398,10.);
#1392=VECTOR('',#4399,10.);
#1393=VECTOR('',#4402,10.);
#1394=VECTOR('',#4403,10.);
#1395=VECTOR('',#4406,10.);
#1396=VECTOR('',#4407,10.);
#1397=VECTOR('',#4410,10.);
#1398=VECTOR('',#4411,10.);
#1399=VECTOR('',#4414,10.);
#1400=VECTOR('',#4415,10.);
#1401=VECTOR('',#4418,10.);
#1402=VECTOR('',#4419,10.);
#1403=VECTOR('',#4422,10.);
#1404=VECTOR('',#4423,10.);
#1405=VECTOR('',#4426,10.);
#1406=VECTOR('',#4431,10.);
#1407=VECTOR('',#4432,10.);
#1408=VECTOR('',#4433,10.);
#1409=VECTOR('',#4436,10.);
#1410=VECTOR('',#4437,10.);
#1411=VECTOR('',#4440,10.);
#1412=VECTOR('',#4441,10.);
#1413=VECTOR('',#4444,10.);
#1414=VECTOR('',#4445,10.);
#1415=VECTOR('',#4448,10.);
#1416=VECTOR('',#4449,10.);
#1417=VECTOR('',#4452,10.);
#1418=VECTOR('',#4453,10.);
#1419=VECTOR('',#4456,10.);
#1420=VECTOR('',#4457,10.);
#1421=VECTOR('',#4460,10.);
#1422=VECTOR('',#4461,10.);
#1423=VECTOR('',#4464,10.);
#1424=VECTOR('',#4465,10.);
#1425=VECTOR('',#4468,10.);
#1426=VECTOR('',#4469,10.);
#1427=VECTOR('',#4472,10.);
#1428=VECTOR('',#4473,10.);
#1429=VECTOR('',#4476,10.);
#1430=VECTOR('',#4483,10.);
#1431=VECTOR('',#4496,10.);
#1432=VECTOR('',#4497,10.);
#1433=VECTOR('',#4498,10.);
#1434=VECTOR('',#4501,10.);
#1435=VECTOR('',#4502,10.);
#1436=VECTOR('',#4505,10.);
#1437=VECTOR('',#4506,10.);
#1438=VECTOR('',#4509,10.);
#1439=VECTOR('',#4512,10.);
#1440=VECTOR('',#4513,10.);
#1441=VECTOR('',#4514,10.);
#1442=VECTOR('',#4515,10.);
#1443=VECTOR('',#4518,10.);
#1444=VECTOR('',#4519,10.);
#1445=VECTOR('',#4522,10.);
#1446=VECTOR('',#4525,10.);
#1447=VECTOR('',#4530,1.75);
#1448=VECTOR('',#4533,1.75);
#1449=VECTOR('',#4536,1.75);
#1450=VECTOR('',#4539,1.75);
#1451=VERTEX_POINT('',#4546);
#1452=VERTEX_POINT('',#4547);
#1453=VERTEX_POINT('',#4549);
#1454=VERTEX_POINT('',#4551);
#1455=VERTEX_POINT('',#4555);
#1456=VERTEX_POINT('',#4556);
#1457=VERTEX_POINT('',#4558);
#1458=VERTEX_POINT('',#4560);
#1459=VERTEX_POINT('',#4567);
#1460=VERTEX_POINT('',#4568);
#1461=VERTEX_POINT('',#4570);
#1462=VERTEX_POINT('',#4572);
#1463=VERTEX_POINT('',#4578);
#1464=VERTEX_POINT('',#4580);
#1465=VERTEX_POINT('',#4584);
#1466=VERTEX_POINT('',#4588);
#1467=VERTEX_POINT('',#4590);
#1468=VERTEX_POINT('',#4592);
#1469=VERTEX_POINT('',#4594);
#1470=VERTEX_POINT('',#4597);
#1471=VERTEX_POINT('',#4598);
#1472=VERTEX_POINT('',#4600);
#1473=VERTEX_POINT('',#4602);
#1474=VERTEX_POINT('',#4606);
#1475=VERTEX_POINT('',#4607);
#1476=VERTEX_POINT('',#4612);
#1477=VERTEX_POINT('',#4613);
#1478=VERTEX_POINT('',#4638);
#1479=VERTEX_POINT('',#4639);
#1480=VERTEX_POINT('',#4644);
#1481=VERTEX_POINT('',#4645);
#1482=VERTEX_POINT('',#4650);
#1483=VERTEX_POINT('',#4651);
#1484=VERTEX_POINT('',#4656);
#1485=VERTEX_POINT('',#4657);
#1486=VERTEX_POINT('',#4682);
#1487=VERTEX_POINT('',#4683);
#1488=VERTEX_POINT('',#4688);
#1489=VERTEX_POINT('',#4689);
#1490=VERTEX_POINT('',#4694);
#1491=VERTEX_POINT('',#4695);
#1492=VERTEX_POINT('',#4700);
#1493=VERTEX_POINT('',#4701);
#1494=VERTEX_POINT('',#4726);
#1495=VERTEX_POINT('',#4727);
#1496=VERTEX_POINT('',#4732);
#1497=VERTEX_POINT('',#4733);
#1498=VERTEX_POINT('',#4738);
#1499=VERTEX_POINT('',#4739);
#1500=VERTEX_POINT('',#4744);
#1501=VERTEX_POINT('',#4745);
#1502=VERTEX_POINT('',#4773);
#1503=VERTEX_POINT('',#4775);
#1504=VERTEX_POINT('',#4778);
#1505=VERTEX_POINT('',#4779);
#1506=VERTEX_POINT('',#4781);
#1507=VERTEX_POINT('',#4783);
#1508=VERTEX_POINT('',#4787);
#1509=VERTEX_POINT('',#4791);
#1510=VERTEX_POINT('',#4795);
#1511=VERTEX_POINT('',#4799);
#1512=VERTEX_POINT('',#4803);
#1513=VERTEX_POINT('',#4807);
#1514=VERTEX_POINT('',#4811);
#1515=VERTEX_POINT('',#4815);
#1516=VERTEX_POINT('',#4817);
#1517=VERTEX_POINT('',#4819);
#1518=VERTEX_POINT('',#4821);
#1519=VERTEX_POINT('',#4823);
#1520=VERTEX_POINT('',#4824);
#1521=VERTEX_POINT('',#4826);
#1522=VERTEX_POINT('',#4828);
#1523=VERTEX_POINT('',#4830);
#1524=VERTEX_POINT('',#4832);
#1525=VERTEX_POINT('',#4834);
#1526=VERTEX_POINT('',#4836);
#1527=VERTEX_POINT('',#4838);
#1528=VERTEX_POINT('',#4840);
#1529=VERTEX_POINT('',#4842);
#1530=VERTEX_POINT('',#4844);
#1531=VERTEX_POINT('',#4847);
#1532=VERTEX_POINT('',#4848);
#1533=VERTEX_POINT('',#4850);
#1534=VERTEX_POINT('',#4852);
#1535=VERTEX_POINT('',#4854);
#1536=VERTEX_POINT('',#4856);
#1537=VERTEX_POINT('',#4858);
#1538=VERTEX_POINT('',#4860);
#1539=VERTEX_POINT('',#4862);
#1540=VERTEX_POINT('',#4864);
#1541=VERTEX_POINT('',#4866);
#1542=VERTEX_POINT('',#4868);
#1543=VERTEX_POINT('',#4871);
#1544=VERTEX_POINT('',#4872);
#1545=VERTEX_POINT('',#4874);
#1546=VERTEX_POINT('',#4876);
#1547=VERTEX_POINT('',#4878);
#1548=VERTEX_POINT('',#4880);
#1549=VERTEX_POINT('',#4882);
#1550=VERTEX_POINT('',#4884);
#1551=VERTEX_POINT('',#4886);
#1552=VERTEX_POINT('',#4888);
#1553=VERTEX_POINT('',#4890);
#1554=VERTEX_POINT('',#4892);
#1555=VERTEX_POINT('',#4895);
#1556=VERTEX_POINT('',#4896);
#1557=VERTEX_POINT('',#4913);
#1558=VERTEX_POINT('',#4915);
#1559=VERTEX_POINT('',#4917);
#1560=VERTEX_POINT('',#4919);
#1561=VERTEX_POINT('',#4936);
#1562=VERTEX_POINT('',#4938);
#1563=VERTEX_POINT('',#4940);
#1564=VERTEX_POINT('',#4942);
#1565=VERTEX_POINT('',#4945);
#1566=VERTEX_POINT('',#4946);
#1567=VERTEX_POINT('',#4948);
#1568=VERTEX_POINT('',#4950);
#1569=VERTEX_POINT('',#4952);
#1570=VERTEX_POINT('',#4954);
#1571=VERTEX_POINT('',#4987);
#1572=VERTEX_POINT('',#5013);
#1573=VERTEX_POINT('',#5014);
#1574=VERTEX_POINT('',#5016);
#1575=VERTEX_POINT('',#5018);
#1576=VERTEX_POINT('',#5021);
#1577=VERTEX_POINT('',#5022);
#1578=VERTEX_POINT('',#5024);
#1579=VERTEX_POINT('',#5065);
#1580=VERTEX_POINT('',#5083);
#1581=VERTEX_POINT('',#5109);
#1582=VERTEX_POINT('',#5110);
#1583=VERTEX_POINT('',#5142);
#1584=VERTEX_POINT('',#5144);
#1585=VERTEX_POINT('',#5152);
#1586=VERTEX_POINT('',#5179);
#1587=VERTEX_POINT('',#5180);
#1588=VERTEX_POINT('',#5197);
#1589=VERTEX_POINT('',#5199);
#1590=VERTEX_POINT('',#5201);
#1591=VERTEX_POINT('',#5203);
#1592=VERTEX_POINT('',#5220);
#1593=VERTEX_POINT('',#5222);
#1594=VERTEX_POINT('',#5224);
#1595=VERTEX_POINT('',#5226);
#1596=VERTEX_POINT('',#5243);
#1597=VERTEX_POINT('',#5245);
#1598=VERTEX_POINT('',#5247);
#1599=VERTEX_POINT('',#5249);
#1600=VERTEX_POINT('',#5251);
#1601=VERTEX_POINT('',#5266);
#1602=VERTEX_POINT('',#5267);
#1603=VERTEX_POINT('',#5284);
#1604=VERTEX_POINT('',#5286);
#1605=VERTEX_POINT('',#5288);
#1606=VERTEX_POINT('',#5290);
#1607=VERTEX_POINT('',#5307);
#1608=VERTEX_POINT('',#5309);
#1609=VERTEX_POINT('',#5311);
#1610=VERTEX_POINT('',#5313);
#1611=VERTEX_POINT('',#5317);
#1612=VERTEX_POINT('',#5319);
#1613=VERTEX_POINT('',#5321);
#1614=VERTEX_POINT('',#5325);
#1615=VERTEX_POINT('',#5327);
#1616=VERTEX_POINT('',#5329);
#1617=VERTEX_POINT('',#5331);
#1618=VERTEX_POINT('',#5333);
#1619=VERTEX_POINT('',#5335);
#1620=VERTEX_POINT('',#5337);
#1621=VERTEX_POINT('',#5340);
#1622=VERTEX_POINT('',#5342);
#1623=VERTEX_POINT('',#5344);
#1624=VERTEX_POINT('',#5345);
#1625=VERTEX_POINT('',#5347);
#1626=VERTEX_POINT('',#5349);
#1627=VERTEX_POINT('',#5352);
#1628=VERTEX_POINT('',#5355);
#1629=VERTEX_POINT('',#5359);
#1630=VERTEX_POINT('',#5361);
#1631=VERTEX_POINT('',#5365);
#1632=VERTEX_POINT('',#5369);
#1633=VERTEX_POINT('',#5371);
#1634=VERTEX_POINT('',#5375);
#1635=VERTEX_POINT('',#5379);
#1636=VERTEX_POINT('',#5381);
#1637=VERTEX_POINT('',#5385);
#1638=VERTEX_POINT('',#5389);
#1639=VERTEX_POINT('',#5391);
#1640=VERTEX_POINT('',#5395);
#1641=VERTEX_POINT('',#5397);
#1642=VERTEX_POINT('',#5405);
#1643=VERTEX_POINT('',#5407);
#1644=VERTEX_POINT('',#5428);
#1645=VERTEX_POINT('',#5430);
#1646=VERTEX_POINT('',#5432);
#1647=VERTEX_POINT('',#5436);
#1648=VERTEX_POINT('',#5438);
#1649=VERTEX_POINT('',#5442);
#1650=VERTEX_POINT('',#5446);
#1651=VERTEX_POINT('',#5488);
#1652=VERTEX_POINT('',#5490);
#1653=VERTEX_POINT('',#5509);
#1654=VERTEX_POINT('',#5513);
#1655=VERTEX_POINT('',#5517);
#1656=VERTEX_POINT('',#5521);
#1657=VERTEX_POINT('',#5525);
#1658=VERTEX_POINT('',#5560);
#1659=VERTEX_POINT('',#5579);
#1660=VERTEX_POINT('',#5583);
#1661=VERTEX_POINT('',#5621);
#1662=VERTEX_POINT('',#5623);
#1663=VERTEX_POINT('',#5667);
#1664=VERTEX_POINT('',#5683);
#1665=VERTEX_POINT('',#5687);
#1666=VERTEX_POINT('',#5691);
#1667=VERTEX_POINT('',#5695);
#1668=VERTEX_POINT('',#5699);
#1669=VERTEX_POINT('',#5734);
#1670=VERTEX_POINT('',#5753);
#1671=VERTEX_POINT('',#5757);
#1672=VERTEX_POINT('',#5761);
#1673=VERTEX_POINT('',#5796);
#1674=VERTEX_POINT('',#5815);
#1675=VERTEX_POINT('',#5819);
#1676=VERTEX_POINT('',#5887);
#1677=VERTEX_POINT('',#5889);
#1678=VERTEX_POINT('',#5923);
#1679=VERTEX_POINT('',#5976);
#1680=VERTEX_POINT('',#6017);
#1681=VERTEX_POINT('',#6079);
#1682=VERTEX_POINT('',#6108);
#1683=VERTEX_POINT('',#6109);
#1684=VERTEX_POINT('',#6111);
#1685=VERTEX_POINT('',#6113);
#1686=VERTEX_POINT('',#6193);
#1687=VERTEX_POINT('',#6195);
#1688=VERTEX_POINT('',#6230);
#1689=VERTEX_POINT('',#6249);
#1690=VERTEX_POINT('',#6374);
#1691=VERTEX_POINT('',#6376);
#1692=VERTEX_POINT('',#6380);
#1693=VERTEX_POINT('',#6384);
#1694=VERTEX_POINT('',#6440);
#1695=VERTEX_POINT('',#6536);
#1696=VERTEX_POINT('',#6571);
#1697=VERTEX_POINT('',#6608);
#1698=VERTEX_POINT('',#6610);
#1699=VERTEX_POINT('',#6675);
#1700=VERTEX_POINT('',#6709);
#1701=VERTEX_POINT('',#6713);
#1702=VERTEX_POINT('',#6717);
#1703=VERTEX_POINT('',#6755);
#1704=VERTEX_POINT('',#6757);
#1705=VERTEX_POINT('',#6776);
#1706=VERTEX_POINT('',#6780);
#1707=VERTEX_POINT('',#6784);
#1708=VERTEX_POINT('',#6788);
#1709=VERTEX_POINT('',#6792);
#1710=VERTEX_POINT('',#6827);
#1711=VERTEX_POINT('',#6846);
#1712=VERTEX_POINT('',#6850);
#1713=VERTEX_POINT('',#6857);
#1714=VERTEX_POINT('',#6859);
#1715=VERTEX_POINT('',#6863);
#1716=VERTEX_POINT('',#6867);
#1717=VERTEX_POINT('',#6871);
#1718=VERTEX_POINT('',#6875);
#1719=VERTEX_POINT('',#6879);
#1720=VERTEX_POINT('',#6883);
#1721=VERTEX_POINT('',#6887);
#1722=VERTEX_POINT('',#6891);
#1723=VERTEX_POINT('',#6895);
#1724=VERTEX_POINT('',#6899);
#1725=VERTEX_POINT('',#6906);
#1726=VERTEX_POINT('',#6908);
#1727=VERTEX_POINT('',#6912);
#1728=VERTEX_POINT('',#6916);
#1729=VERTEX_POINT('',#6920);
#1730=VERTEX_POINT('',#6924);
#1731=VERTEX_POINT('',#6928);
#1732=VERTEX_POINT('',#6932);
#1733=VERTEX_POINT('',#6936);
#1734=VERTEX_POINT('',#6940);
#1735=VERTEX_POINT('',#6944);
#1736=VERTEX_POINT('',#6948);
#1737=VERTEX_POINT('',#6955);
#1738=VERTEX_POINT('',#6957);
#1739=VERTEX_POINT('',#6961);
#1740=VERTEX_POINT('',#6965);
#1741=VERTEX_POINT('',#6969);
#1742=VERTEX_POINT('',#6973);
#1743=VERTEX_POINT('',#6977);
#1744=VERTEX_POINT('',#6981);
#1745=VERTEX_POINT('',#6985);
#1746=VERTEX_POINT('',#6989);
#1747=VERTEX_POINT('',#6993);
#1748=VERTEX_POINT('',#6997);
#1749=VERTEX_POINT('',#7012);
#1750=VERTEX_POINT('',#7014);
#1751=VERTEX_POINT('',#7018);
#1752=VERTEX_POINT('',#7022);
#1753=VERTEX_POINT('',#7028);
#1754=VERTEX_POINT('',#7029);
#1755=VERTEX_POINT('',#7031);
#1756=VERTEX_POINT('',#7033);
#1757=EDGE_CURVE('',#1451,#1452,#745,.T.);
#1758=EDGE_CURVE('',#1452,#1453,#737,.T.);
#1759=EDGE_CURVE('',#1453,#1454,#746,.T.);
#1760=EDGE_CURVE('',#1454,#1451,#738,.T.);
#1761=EDGE_CURVE('',#1455,#1456,#747,.T.);
#1762=EDGE_CURVE('',#1456,#1457,#739,.T.);
#1763=EDGE_CURVE('',#1457,#1458,#748,.T.);
#1764=EDGE_CURVE('',#1455,#1458,#740,.T.);
#1765=EDGE_CURVE('',#1452,#1457,#749,.T.);
#1766=EDGE_CURVE('',#1456,#1453,#750,.T.);
#1767=EDGE_CURVE('',#1459,#1460,#250,.F.);
#1768=EDGE_CURVE('',#1459,#1461,#751,.T.);
#1769=EDGE_CURVE('',#1462,#1461,#251,.F.);
#1770=EDGE_CURVE('',#1462,#1451,#752,.T.);
#1771=EDGE_CURVE('',#1454,#1455,#753,.T.);
#1772=EDGE_CURVE('',#1458,#1460,#754,.T.);
#1773=EDGE_CURVE('',#1458,#1463,#755,.T.);
#1774=EDGE_CURVE('',#1464,#1463,#756,.T.);
#1775=EDGE_CURVE('',#1464,#1460,#757,.T.);
#1776=EDGE_CURVE('',#1457,#1465,#758,.T.);
#1777=EDGE_CURVE('',#1463,#1465,#759,.T.);
#1778=EDGE_CURVE('',#1466,#1466,#252,.T.);
#1779=EDGE_CURVE('',#1467,#1467,#253,.T.);
#1780=EDGE_CURVE('',#1468,#1468,#254,.T.);
#1781=EDGE_CURVE('',#1469,#1469,#255,.T.);
#1782=EDGE_CURVE('',#1470,#1471,#256,.T.);
#1783=EDGE_CURVE('',#1471,#1472,#257,.T.);
#1784=EDGE_CURVE('',#1472,#1473,#258,.T.);
#1785=EDGE_CURVE('',#1473,#1470,#259,.T.);
#1786=EDGE_CURVE('',#1474,#1475,#260,.T.);
#1787=EDGE_CURVE('',#1475,#1473,#760,.T.);
#1788=EDGE_CURVE('',#1472,#1474,#761,.T.);
#1789=EDGE_CURVE('',#1476,#1477,#261,.T.);
#1790=EDGE_CURVE('',#1477,#1475,#262,.T.);
#1791=EDGE_CURVE('',#1474,#1476,#263,.T.);
#1792=EDGE_CURVE('',#1478,#1479,#264,.T.);
#1793=EDGE_CURVE('',#1479,#1477,#265,.T.);
#1794=EDGE_CURVE('',#1476,#1478,#266,.T.);
#1795=EDGE_CURVE('',#1480,#1481,#267,.T.);
#1796=EDGE_CURVE('',#1481,#1479,#268,.T.);
#1797=EDGE_CURVE('',#1478,#1480,#269,.T.);
#1798=EDGE_CURVE('',#1482,#1483,#270,.T.);
#1799=EDGE_CURVE('',#1483,#1481,#762,.T.);
#1800=EDGE_CURVE('',#1480,#1482,#763,.T.);
#1801=EDGE_CURVE('',#1484,#1485,#271,.T.);
#1802=EDGE_CURVE('',#1485,#1483,#272,.T.);
#1803=EDGE_CURVE('',#1482,#1484,#273,.T.);
#1804=EDGE_CURVE('',#1486,#1487,#274,.T.);
#1805=EDGE_CURVE('',#1487,#1485,#275,.T.);
#1806=EDGE_CURVE('',#1484,#1486,#276,.T.);
#1807=EDGE_CURVE('',#1488,#1489,#277,.T.);
#1808=EDGE_CURVE('',#1489,#1487,#278,.T.);
#1809=EDGE_CURVE('',#1486,#1488,#279,.T.);
#1810=EDGE_CURVE('',#1490,#1491,#280,.T.);
#1811=EDGE_CURVE('',#1491,#1489,#764,.T.);
#1812=EDGE_CURVE('',#1488,#1490,#765,.T.);
#1813=EDGE_CURVE('',#1492,#1493,#281,.T.);
#1814=EDGE_CURVE('',#1493,#1491,#282,.T.);
#1815=EDGE_CURVE('',#1490,#1492,#283,.T.);
#1816=EDGE_CURVE('',#1494,#1495,#284,.T.);
#1817=EDGE_CURVE('',#1495,#1493,#285,.T.);
#1818=EDGE_CURVE('',#1492,#1494,#286,.T.);
#1819=EDGE_CURVE('',#1496,#1497,#287,.T.);
#1820=EDGE_CURVE('',#1497,#1495,#288,.T.);
#1821=EDGE_CURVE('',#1494,#1496,#289,.T.);
#1822=EDGE_CURVE('',#1498,#1499,#290,.T.);
#1823=EDGE_CURVE('',#1499,#1497,#766,.T.);
#1824=EDGE_CURVE('',#1496,#1498,#767,.T.);
#1825=EDGE_CURVE('',#1500,#1501,#291,.T.);
#1826=EDGE_CURVE('',#1501,#1499,#292,.T.);
#1827=EDGE_CURVE('',#1498,#1500,#293,.T.);
#1828=EDGE_CURVE('',#1500,#1471,#294,.T.);
#1829=EDGE_CURVE('',#1470,#1501,#295,.T.);
#1830=EDGE_CURVE('',#1502,#1491,#768,.T.);
#1831=EDGE_CURVE('',#1503,#1502,#769,.T.);
#1832=EDGE_CURVE('',#1489,#1503,#770,.T.);
#1833=EDGE_CURVE('',#1504,#1505,#771,.T.);
#1834=EDGE_CURVE('',#1506,#1504,#772,.T.);
#1835=EDGE_CURVE('',#1507,#1506,#773,.T.);
#1836=EDGE_CURVE('',#1505,#1507,#774,.T.);
#1837=EDGE_CURVE('',#1493,#1508,#775,.T.);
#1838=EDGE_CURVE('',#1508,#1502,#296,.T.);
#1839=EDGE_CURVE('',#1509,#1495,#776,.T.);
#1840=EDGE_CURVE('',#1508,#1509,#297,.T.);
#1841=EDGE_CURVE('',#1497,#1510,#777,.T.);
#1842=EDGE_CURVE('',#1510,#1509,#298,.T.);
#1843=EDGE_CURVE('',#1511,#1499,#778,.T.);
#1844=EDGE_CURVE('',#1510,#1511,#779,.T.);
#1845=EDGE_CURVE('',#1501,#1512,#780,.T.);
#1846=EDGE_CURVE('',#1512,#1511,#299,.T.);
#1847=EDGE_CURVE('',#1513,#1470,#781,.T.);
#1848=EDGE_CURVE('',#1512,#1513,#300,.T.);
#1849=EDGE_CURVE('',#1473,#1514,#782,.T.);
#1850=EDGE_CURVE('',#1514,#1513,#301,.T.);
#1851=EDGE_CURVE('',#1515,#1515,#302,.T.);
#1852=EDGE_CURVE('',#1516,#1516,#303,.T.);
#1853=EDGE_CURVE('',#1517,#1517,#304,.T.);
#1854=EDGE_CURVE('',#1518,#1518,#305,.T.);
#1855=EDGE_CURVE('',#1519,#1520,#783,.T.);
#1856=EDGE_CURVE('',#1520,#1521,#784,.T.);
#1857=EDGE_CURVE('',#1521,#1522,#785,.T.);
#1858=EDGE_CURVE('',#1522,#1523,#786,.T.);
#1859=EDGE_CURVE('',#1523,#1524,#787,.T.);
#1860=EDGE_CURVE('',#1524,#1525,#788,.T.);
#1861=EDGE_CURVE('',#1525,#1526,#789,.T.);
#1862=EDGE_CURVE('',#1526,#1527,#790,.T.);
#1863=EDGE_CURVE('',#1527,#1528,#791,.T.);
#1864=EDGE_CURVE('',#1528,#1529,#792,.T.);
#1865=EDGE_CURVE('',#1529,#1530,#793,.T.);
#1866=EDGE_CURVE('',#1530,#1519,#794,.T.);
#1867=EDGE_CURVE('',#1531,#1532,#795,.T.);
#1868=EDGE_CURVE('',#1532,#1533,#796,.T.);
#1869=EDGE_CURVE('',#1533,#1534,#797,.T.);
#1870=EDGE_CURVE('',#1534,#1535,#798,.T.);
#1871=EDGE_CURVE('',#1535,#1536,#799,.T.);
#1872=EDGE_CURVE('',#1536,#1537,#800,.T.);
#1873=EDGE_CURVE('',#1537,#1538,#801,.T.);
#1874=EDGE_CURVE('',#1538,#1539,#802,.T.);
#1875=EDGE_CURVE('',#1539,#1540,#803,.T.);
#1876=EDGE_CURVE('',#1540,#1541,#804,.T.);
#1877=EDGE_CURVE('',#1541,#1542,#805,.T.);
#1878=EDGE_CURVE('',#1542,#1531,#806,.T.);
#1879=EDGE_CURVE('',#1543,#1544,#807,.T.);
#1880=EDGE_CURVE('',#1544,#1545,#808,.T.);
#1881=EDGE_CURVE('',#1545,#1546,#809,.T.);
#1882=EDGE_CURVE('',#1546,#1547,#810,.T.);
#1883=EDGE_CURVE('',#1547,#1548,#811,.T.);
#1884=EDGE_CURVE('',#1548,#1549,#812,.T.);
#1885=EDGE_CURVE('',#1549,#1550,#813,.T.);
#1886=EDGE_CURVE('',#1550,#1551,#814,.T.);
#1887=EDGE_CURVE('',#1551,#1552,#815,.T.);
#1888=EDGE_CURVE('',#1552,#1553,#816,.T.);
#1889=EDGE_CURVE('',#1553,#1554,#817,.T.);
#1890=EDGE_CURVE('',#1554,#1543,#818,.T.);
#1891=EDGE_CURVE('',#1555,#1556,#49,.T.);
#1892=EDGE_CURVE('',#1556,#1557,#819,.T.);
#1893=EDGE_CURVE('',#1557,#1558,#820,.T.);
#1894=EDGE_CURVE('',#1558,#1559,#821,.T.);
#1895=EDGE_CURVE('',#1559,#1560,#50,.T.);
#1896=EDGE_CURVE('',#1560,#1561,#822,.T.);
#1897=EDGE_CURVE('',#1561,#1562,#823,.T.);
#1898=EDGE_CURVE('',#1562,#1563,#824,.T.);
#1899=EDGE_CURVE('',#1563,#1564,#825,.T.);
#1900=EDGE_CURVE('',#1564,#1555,#826,.T.);
#1901=EDGE_CURVE('',#1565,#1566,#827,.T.);
#1902=EDGE_CURVE('',#1566,#1567,#828,.T.);
#1903=EDGE_CURVE('',#1567,#1568,#829,.T.);
#1904=EDGE_CURVE('',#1568,#1569,#830,.T.);
#1905=EDGE_CURVE('',#1569,#1570,#831,.T.);
#1906=EDGE_CURVE('',#1570,#1565,#51,.T.);
#1907=EDGE_CURVE('',#1571,#1571,#52,.T.);
#1908=EDGE_CURVE('',#1572,#1573,#832,.T.);
#1909=EDGE_CURVE('',#1573,#1574,#833,.T.);
#1910=EDGE_CURVE('',#1574,#1575,#834,.T.);
#1911=EDGE_CURVE('',#1575,#1572,#835,.T.);
#1912=EDGE_CURVE('',#1576,#1577,#836,.T.);
#1913=EDGE_CURVE('',#1577,#1578,#53,.T.);
#1914=EDGE_CURVE('',#1578,#1579,#837,.T.);
#1915=EDGE_CURVE('',#1579,#1576,#54,.T.);
#1916=EDGE_CURVE('',#1580,#1580,#55,.T.);
#1917=EDGE_CURVE('',#1581,#1582,#56,.T.);
#1918=EDGE_CURVE('',#1582,#1583,#838,.T.);
#1919=EDGE_CURVE('',#1583,#1584,#57,.T.);
#1920=EDGE_CURVE('',#1584,#1585,#58,.T.);
#1921=EDGE_CURVE('',#1585,#1581,#839,.T.);
#1922=EDGE_CURVE('',#1586,#1587,#59,.T.);
#1923=EDGE_CURVE('',#1587,#1588,#840,.T.);
#1924=EDGE_CURVE('',#1588,#1589,#841,.T.);
#1925=EDGE_CURVE('',#1589,#1590,#842,.T.);
#1926=EDGE_CURVE('',#1590,#1591,#60,.T.);
#1927=EDGE_CURVE('',#1591,#1592,#843,.T.);
#1928=EDGE_CURVE('',#1592,#1593,#844,.T.);
#1929=EDGE_CURVE('',#1593,#1594,#845,.T.);
#1930=EDGE_CURVE('',#1594,#1595,#61,.T.);
#1931=EDGE_CURVE('',#1595,#1596,#846,.T.);
#1932=EDGE_CURVE('',#1596,#1597,#847,.T.);
#1933=EDGE_CURVE('',#1597,#1598,#848,.T.);
#1934=EDGE_CURVE('',#1598,#1599,#849,.T.);
#1935=EDGE_CURVE('',#1599,#1600,#850,.T.);
#1936=EDGE_CURVE('',#1600,#1586,#62,.T.);
#1937=EDGE_CURVE('',#1601,#1602,#63,.T.);
#1938=EDGE_CURVE('',#1602,#1603,#851,.T.);
#1939=EDGE_CURVE('',#1603,#1604,#852,.T.);
#1940=EDGE_CURVE('',#1604,#1605,#853,.T.);
#1941=EDGE_CURVE('',#1605,#1606,#64,.T.);
#1942=EDGE_CURVE('',#1606,#1607,#854,.T.);
#1943=EDGE_CURVE('',#1607,#1608,#855,.T.);
#1944=EDGE_CURVE('',#1608,#1609,#856,.T.);
#1945=EDGE_CURVE('',#1609,#1610,#857,.T.);
#1946=EDGE_CURVE('',#1610,#1601,#858,.T.);
#1947=EDGE_CURVE('',#1611,#1611,#306,.T.);
#1948=EDGE_CURVE('',#1611,#1612,#859,.T.);
#1949=EDGE_CURVE('',#1612,#1613,#307,.T.);
#1950=EDGE_CURVE('',#1613,#1612,#308,.T.);
#1951=EDGE_CURVE('',#1514,#1614,#860,.T.);
#1952=EDGE_CURVE('',#1615,#1614,#309,.T.);
#1953=EDGE_CURVE('',#1615,#1616,#310,.T.);
#1954=EDGE_CURVE('',#1617,#1616,#311,.T.);
#1955=EDGE_CURVE('',#1617,#1618,#861,.T.);
#1956=EDGE_CURVE('',#1619,#1618,#312,.T.);
#1957=EDGE_CURVE('',#1619,#1620,#313,.T.);
#1958=EDGE_CURVE('',#1503,#1620,#314,.T.);
#1959=EDGE_CURVE('',#1621,#1621,#315,.T.);
#1960=EDGE_CURVE('',#1622,#1622,#316,.T.);
#1961=EDGE_CURVE('',#1623,#1624,#862,.T.);
#1962=EDGE_CURVE('',#1624,#1625,#863,.T.);
#1963=EDGE_CURVE('',#1625,#1626,#864,.T.);
#1964=EDGE_CURVE('',#1626,#1623,#865,.T.);
#1965=EDGE_CURVE('',#1627,#1627,#317,.T.);
#1966=EDGE_CURVE('',#1613,#1628,#866,.T.);
#1967=EDGE_CURVE('',#1628,#1628,#318,.T.);
#1968=EDGE_CURVE('',#1621,#1629,#867,.T.);
#1969=EDGE_CURVE('',#1629,#1630,#319,.T.);
#1970=EDGE_CURVE('',#1630,#1629,#320,.T.);
#1971=EDGE_CURVE('',#1630,#1631,#868,.T.);
#1972=EDGE_CURVE('',#1631,#1631,#321,.T.);
#1973=EDGE_CURVE('',#1627,#1632,#869,.T.);
#1974=EDGE_CURVE('',#1632,#1633,#322,.T.);
#1975=EDGE_CURVE('',#1633,#1632,#323,.T.);
#1976=EDGE_CURVE('',#1633,#1634,#870,.T.);
#1977=EDGE_CURVE('',#1634,#1634,#324,.T.);
#1978=EDGE_CURVE('',#1622,#1635,#871,.T.);
#1979=EDGE_CURVE('',#1635,#1636,#325,.T.);
#1980=EDGE_CURVE('',#1636,#1635,#326,.T.);
#1981=EDGE_CURVE('',#1636,#1637,#872,.T.);
#1982=EDGE_CURVE('',#1637,#1637,#327,.T.);
#1983=EDGE_CURVE('',#1506,#1638,#741,.T.);
#1984=EDGE_CURVE('',#1638,#1639,#873,.T.);
#1985=EDGE_CURVE('',#1507,#1639,#742,.T.);
#1986=EDGE_CURVE('',#1505,#1640,#743,.T.);
#1987=EDGE_CURVE('',#1640,#1641,#874,.T.);
#1988=EDGE_CURVE('',#1641,#1504,#744,.T.);
#1989=EDGE_CURVE('',#1639,#1640,#875,.T.);
#1990=EDGE_CURVE('',#1641,#1638,#876,.T.);
#1991=EDGE_CURVE('',#1641,#1642,#877,.T.);
#1992=EDGE_CURVE('',#1643,#1642,#878,.T.);
#1993=EDGE_CURVE('',#1638,#1643,#879,.F.);
#1994=EDGE_CURVE('',#1640,#1459,#880,.F.);
#1995=EDGE_CURVE('',#1464,#1642,#881,.F.);
#1996=EDGE_CURVE('',#1620,#1487,#882,.T.);
#1997=EDGE_CURVE('',#1485,#1619,#883,.T.);
#1998=EDGE_CURVE('',#1618,#1483,#884,.T.);
#1999=EDGE_CURVE('',#1481,#1617,#885,.T.);
#2000=EDGE_CURVE('',#1616,#1479,#886,.T.);
#2001=EDGE_CURVE('',#1477,#1615,#887,.T.);
#2002=EDGE_CURVE('',#1614,#1475,#888,.T.);
#2003=EDGE_CURVE('',#1465,#1644,#889,.T.);
#2004=EDGE_CURVE('',#1644,#1645,#890,.T.);
#2005=EDGE_CURVE('',#1645,#1646,#891,.T.);
#2006=EDGE_CURVE('',#1646,#1465,#892,.T.);
#2007=EDGE_CURVE('',#1647,#1645,#893,.T.);
#2008=EDGE_CURVE('',#1644,#1648,#894,.T.);
#2009=EDGE_CURVE('',#1648,#1647,#895,.T.);
#2010=EDGE_CURVE('',#1646,#1649,#896,.T.);
#2011=EDGE_CURVE('',#1649,#1463,#897,.T.);
#2012=EDGE_CURVE('',#1643,#1650,#898,.F.);
#2013=EDGE_CURVE('',#1649,#1647,#899,.T.);
#2014=EDGE_CURVE('',#1648,#1650,#900,.T.);
#2015=EDGE_CURVE('',#1462,#1650,#901,.T.);
#2016=EDGE_CURVE('',#1451,#1648,#902,.T.);
#2017=EDGE_CURVE('',#1452,#1644,#903,.T.);
#2018=EDGE_CURVE('',#1601,#1651,#904,.T.);
#2019=EDGE_CURVE('',#1651,#1652,#65,.T.);
#2020=EDGE_CURVE('',#1602,#1652,#905,.T.);
#2021=EDGE_CURVE('',#1610,#1653,#906,.T.);
#2022=EDGE_CURVE('',#1653,#1651,#907,.T.);
#2023=EDGE_CURVE('',#1609,#1654,#908,.T.);
#2024=EDGE_CURVE('',#1654,#1653,#909,.T.);
#2025=EDGE_CURVE('',#1608,#1655,#910,.T.);
#2026=EDGE_CURVE('',#1655,#1654,#911,.T.);
#2027=EDGE_CURVE('',#1607,#1656,#912,.T.);
#2028=EDGE_CURVE('',#1656,#1655,#913,.T.);
#2029=EDGE_CURVE('',#1606,#1657,#914,.T.);
#2030=EDGE_CURVE('',#1657,#1656,#915,.T.);
#2031=EDGE_CURVE('',#1605,#1658,#916,.T.);
#2032=EDGE_CURVE('',#1658,#1657,#66,.T.);
#2033=EDGE_CURVE('',#1604,#1659,#917,.T.);
#2034=EDGE_CURVE('',#1659,#1658,#918,.T.);
#2035=EDGE_CURVE('',#1603,#1660,#919,.T.);
#2036=EDGE_CURVE('',#1660,#1659,#920,.T.);
#2037=EDGE_CURVE('',#1652,#1660,#921,.T.);
#2038=EDGE_CURVE('',#1586,#1661,#922,.T.);
#2039=EDGE_CURVE('',#1661,#1662,#67,.T.);
#2040=EDGE_CURVE('',#1587,#1662,#923,.T.);
#2041=EDGE_CURVE('',#1600,#1663,#924,.T.);
#2042=EDGE_CURVE('',#1663,#1661,#68,.T.);
#2043=EDGE_CURVE('',#1599,#1664,#925,.T.);
#2044=EDGE_CURVE('',#1664,#1663,#926,.T.);
#2045=EDGE_CURVE('',#1598,#1665,#927,.T.);
#2046=EDGE_CURVE('',#1665,#1664,#928,.T.);
#2047=EDGE_CURVE('',#1597,#1666,#929,.T.);
#2048=EDGE_CURVE('',#1666,#1665,#930,.T.);
#2049=EDGE_CURVE('',#1596,#1667,#931,.T.);
#2050=EDGE_CURVE('',#1667,#1666,#932,.T.);
#2051=EDGE_CURVE('',#1595,#1668,#933,.T.);
#2052=EDGE_CURVE('',#1668,#1667,#934,.T.);
#2053=EDGE_CURVE('',#1594,#1669,#935,.T.);
#2054=EDGE_CURVE('',#1669,#1668,#69,.T.);
#2055=EDGE_CURVE('',#1593,#1670,#936,.T.);
#2056=EDGE_CURVE('',#1670,#1669,#937,.T.);
#2057=EDGE_CURVE('',#1592,#1671,#938,.T.);
#2058=EDGE_CURVE('',#1671,#1670,#939,.T.);
#2059=EDGE_CURVE('',#1591,#1672,#940,.T.);
#2060=EDGE_CURVE('',#1672,#1671,#941,.T.);
#2061=EDGE_CURVE('',#1590,#1673,#942,.T.);
#2062=EDGE_CURVE('',#1673,#1672,#70,.T.);
#2063=EDGE_CURVE('',#1589,#1674,#943,.T.);
#2064=EDGE_CURVE('',#1674,#1673,#944,.T.);
#2065=EDGE_CURVE('',#1588,#1675,#945,.T.);
#2066=EDGE_CURVE('',#1675,#1674,#946,.T.);
#2067=EDGE_CURVE('',#1662,#1675,#947,.T.);
#2068=EDGE_CURVE('',#1581,#1676,#948,.T.);
#2069=EDGE_CURVE('',#1676,#1677,#71,.T.);
#2070=EDGE_CURVE('',#1582,#1677,#949,.T.);
#2071=EDGE_CURVE('',#1585,#1678,#950,.T.);
#2072=EDGE_CURVE('',#1678,#1676,#951,.T.);
#2073=EDGE_CURVE('',#1584,#1679,#952,.T.);
#2074=EDGE_CURVE('',#1679,#1678,#72,.T.);
#2075=EDGE_CURVE('',#1583,#1680,#953,.T.);
#2076=EDGE_CURVE('',#1680,#1679,#73,.T.);
#2077=EDGE_CURVE('',#1677,#1680,#954,.T.);
#2078=EDGE_CURVE('',#1580,#1681,#955,.T.);
#2079=EDGE_CURVE('',#1681,#1681,#74,.T.);
#2080=EDGE_CURVE('',#1682,#1683,#956,.T.);
#2081=EDGE_CURVE('',#1682,#1684,#957,.T.);
#2082=EDGE_CURVE('',#1684,#1685,#958,.T.);
#2083=EDGE_CURVE('',#1683,#1685,#959,.T.);
#2084=EDGE_CURVE('',#1683,#1682,#75,.T.);
#2085=EDGE_CURVE('',#1685,#1684,#76,.T.);
#2086=EDGE_CURVE('',#1576,#1686,#960,.T.);
#2087=EDGE_CURVE('',#1686,#1687,#961,.T.);
#2088=EDGE_CURVE('',#1577,#1687,#962,.T.);
#2089=EDGE_CURVE('',#1579,#1688,#963,.T.);
#2090=EDGE_CURVE('',#1688,#1686,#77,.T.);
#2091=EDGE_CURVE('',#1578,#1689,#964,.T.);
#2092=EDGE_CURVE('',#1689,#1688,#965,.T.);
#2093=EDGE_CURVE('',#1687,#1689,#78,.T.);
#2094=EDGE_CURVE('',#1572,#1690,#966,.T.);
#2095=EDGE_CURVE('',#1690,#1691,#967,.T.);
#2096=EDGE_CURVE('',#1573,#1691,#968,.T.);
#2097=EDGE_CURVE('',#1575,#1692,#969,.T.);
#2098=EDGE_CURVE('',#1692,#1690,#970,.T.);
#2099=EDGE_CURVE('',#1574,#1693,#971,.T.);
#2100=EDGE_CURVE('',#1693,#1692,#972,.T.);
#2101=EDGE_CURVE('',#1691,#1693,#973,.T.);
#2102=EDGE_CURVE('',#1571,#1694,#974,.T.);
#2103=EDGE_CURVE('',#1694,#1694,#79,.T.);
#2104=EDGE_CURVE('',#1695,#1695,#80,.T.);
#2105=EDGE_CURVE('',#1695,#1696,#975,.T.);
#2106=EDGE_CURVE('',#1696,#1696,#81,.T.);
#2107=EDGE_CURVE('',#1565,#1697,#976,.T.);
#2108=EDGE_CURVE('',#1697,#1698,#977,.T.);
#2109=EDGE_CURVE('',#1566,#1698,#978,.T.);
#2110=EDGE_CURVE('',#1570,#1699,#979,.T.);
#2111=EDGE_CURVE('',#1699,#1697,#82,.T.);
#2112=EDGE_CURVE('',#1569,#1700,#980,.T.);
#2113=EDGE_CURVE('',#1700,#1699,#981,.T.);
#2114=EDGE_CURVE('',#1568,#1701,#982,.T.);
#2115=EDGE_CURVE('',#1701,#1700,#983,.T.);
#2116=EDGE_CURVE('',#1567,#1702,#984,.T.);
#2117=EDGE_CURVE('',#1702,#1701,#985,.T.);
#2118=EDGE_CURVE('',#1698,#1702,#986,.T.);
#2119=EDGE_CURVE('',#1555,#1703,#987,.T.);
#2120=EDGE_CURVE('',#1703,#1704,#83,.T.);
#2121=EDGE_CURVE('',#1556,#1704,#988,.T.);
#2122=EDGE_CURVE('',#1564,#1705,#989,.T.);
#2123=EDGE_CURVE('',#1705,#1703,#990,.T.);
#2124=EDGE_CURVE('',#1563,#1706,#991,.T.);
#2125=EDGE_CURVE('',#1706,#1705,#992,.T.);
#2126=EDGE_CURVE('',#1562,#1707,#993,.T.);
#2127=EDGE_CURVE('',#1707,#1706,#994,.T.);
#2128=EDGE_CURVE('',#1561,#1708,#995,.T.);
#2129=EDGE_CURVE('',#1708,#1707,#996,.T.);
#2130=EDGE_CURVE('',#1560,#1709,#997,.T.);
#2131=EDGE_CURVE('',#1709,#1708,#998,.T.);
#2132=EDGE_CURVE('',#1559,#1710,#999,.T.);
#2133=EDGE_CURVE('',#1710,#1709,#84,.T.);
#2134=EDGE_CURVE('',#1558,#1711,#1000,.T.);
#2135=EDGE_CURVE('',#1711,#1710,#1001,.T.);
#2136=EDGE_CURVE('',#1557,#1712,#1002,.T.);
#2137=EDGE_CURVE('',#1712,#1711,#1003,.T.);
#2138=EDGE_CURVE('',#1704,#1712,#1004,.T.);
#2139=EDGE_CURVE('',#1543,#1713,#1005,.T.);
#2140=EDGE_CURVE('',#1713,#1714,#1006,.T.);
#2141=EDGE_CURVE('',#1544,#1714,#1007,.T.);
#2142=EDGE_CURVE('',#1554,#1715,#1008,.T.);
#2143=EDGE_CURVE('',#1715,#1713,#1009,.T.);
#2144=EDGE_CURVE('',#1553,#1716,#1010,.T.);
#2145=EDGE_CURVE('',#1716,#1715,#1011,.T.);
#2146=EDGE_CURVE('',#1552,#1717,#1012,.T.);
#2147=EDGE_CURVE('',#1717,#1716,#1013,.T.);
#2148=EDGE_CURVE('',#1551,#1718,#1014,.T.);
#2149=EDGE_CURVE('',#1718,#1717,#1015,.T.);
#2150=EDGE_CURVE('',#1550,#1719,#1016,.T.);
#2151=EDGE_CURVE('',#1719,#1718,#1017,.T.);
#2152=EDGE_CURVE('',#1549,#1720,#1018,.T.);
#2153=EDGE_CURVE('',#1720,#1719,#1019,.T.);
#2154=EDGE_CURVE('',#1548,#1721,#1020,.T.);
#2155=EDGE_CURVE('',#1721,#1720,#1021,.T.);
#2156=EDGE_CURVE('',#1547,#1722,#1022,.T.);
#2157=EDGE_CURVE('',#1722,#1721,#1023,.T.);
#2158=EDGE_CURVE('',#1546,#1723,#1024,.T.);
#2159=EDGE_CURVE('',#1723,#1722,#1025,.T.);
#2160=EDGE_CURVE('',#1545,#1724,#1026,.T.);
#2161=EDGE_CURVE('',#1724,#1723,#1027,.T.);
#2162=EDGE_CURVE('',#1714,#1724,#1028,.T.);
#2163=EDGE_CURVE('',#1531,#1725,#1029,.T.);
#2164=EDGE_CURVE('',#1725,#1726,#1030,.T.);
#2165=EDGE_CURVE('',#1532,#1726,#1031,.T.);
#2166=EDGE_CURVE('',#1542,#1727,#1032,.T.);
#2167=EDGE_CURVE('',#1727,#1725,#1033,.T.);
#2168=EDGE_CURVE('',#1541,#1728,#1034,.T.);
#2169=EDGE_CURVE('',#1728,#1727,#1035,.T.);
#2170=EDGE_CURVE('',#1540,#1729,#1036,.T.);
#2171=EDGE_CURVE('',#1729,#1728,#1037,.T.);
#2172=EDGE_CURVE('',#1539,#1730,#1038,.T.);
#2173=EDGE_CURVE('',#1730,#1729,#1039,.T.);
#2174=EDGE_CURVE('',#1538,#1731,#1040,.T.);
#2175=EDGE_CURVE('',#1731,#1730,#1041,.T.);
#2176=EDGE_CURVE('',#1537,#1732,#1042,.T.);
#2177=EDGE_CURVE('',#1732,#1731,#1043,.T.);
#2178=EDGE_CURVE('',#1536,#1733,#1044,.T.);
#2179=EDGE_CURVE('',#1733,#1732,#1045,.T.);
#2180=EDGE_CURVE('',#1535,#1734,#1046,.T.);
#2181=EDGE_CURVE('',#1734,#1733,#1047,.T.);
#2182=EDGE_CURVE('',#1534,#1735,#1048,.T.);
#2183=EDGE_CURVE('',#1735,#1734,#1049,.T.);
#2184=EDGE_CURVE('',#1533,#1736,#1050,.T.);
#2185=EDGE_CURVE('',#1736,#1735,#1051,.T.);
#2186=EDGE_CURVE('',#1726,#1736,#1052,.T.);
#2187=EDGE_CURVE('',#1519,#1737,#1053,.T.);
#2188=EDGE_CURVE('',#1737,#1738,#1054,.T.);
#2189=EDGE_CURVE('',#1520,#1738,#1055,.T.);
#2190=EDGE_CURVE('',#1530,#1739,#1056,.T.);
#2191=EDGE_CURVE('',#1739,#1737,#1057,.T.);
#2192=EDGE_CURVE('',#1529,#1740,#1058,.T.);
#2193=EDGE_CURVE('',#1740,#1739,#1059,.T.);
#2194=EDGE_CURVE('',#1528,#1741,#1060,.T.);
#2195=EDGE_CURVE('',#1741,#1740,#1061,.T.);
#2196=EDGE_CURVE('',#1527,#1742,#1062,.T.);
#2197=EDGE_CURVE('',#1742,#1741,#1063,.T.);
#2198=EDGE_CURVE('',#1526,#1743,#1064,.T.);
#2199=EDGE_CURVE('',#1743,#1742,#1065,.T.);
#2200=EDGE_CURVE('',#1525,#1744,#1066,.T.);
#2201=EDGE_CURVE('',#1744,#1743,#1067,.T.);
#2202=EDGE_CURVE('',#1524,#1745,#1068,.T.);
#2203=EDGE_CURVE('',#1745,#1744,#1069,.T.);
#2204=EDGE_CURVE('',#1523,#1746,#1070,.T.);
#2205=EDGE_CURVE('',#1746,#1745,#1071,.T.);
#2206=EDGE_CURVE('',#1522,#1747,#1072,.T.);
#2207=EDGE_CURVE('',#1747,#1746,#1073,.T.);
#2208=EDGE_CURVE('',#1521,#1748,#1074,.T.);
#2209=EDGE_CURVE('',#1748,#1747,#1075,.T.);
#2210=EDGE_CURVE('',#1738,#1748,#1076,.T.);
#2211=EDGE_CURVE('',#1461,#1639,#1077,.T.);
#2212=EDGE_CURVE('',#1623,#1749,#1078,.T.);
#2213=EDGE_CURVE('',#1749,#1750,#1079,.T.);
#2214=EDGE_CURVE('',#1624,#1750,#1080,.T.);
#2215=EDGE_CURVE('',#1626,#1751,#1081,.T.);
#2216=EDGE_CURVE('',#1751,#1749,#1082,.T.);
#2217=EDGE_CURVE('',#1625,#1752,#1083,.T.);
#2218=EDGE_CURVE('',#1752,#1751,#1084,.T.);
#2219=EDGE_CURVE('',#1750,#1752,#1085,.T.);
#2220=EDGE_CURVE('',#1753,#1754,#1086,.T.);
#2221=EDGE_CURVE('',#1755,#1753,#1087,.T.);
#2222=EDGE_CURVE('',#1756,#1755,#1088,.T.);
#2223=EDGE_CURVE('',#1754,#1756,#1089,.T.);
#2224=EDGE_CURVE('',#1753,#1646,#1090,.T.);
#2225=EDGE_CURVE('',#1755,#1645,#1091,.T.);
#2226=EDGE_CURVE('',#1754,#1649,#1092,.T.);
#2227=EDGE_CURVE('',#1756,#1647,#1093,.T.);
#2228=EDGE_CURVE('',#1469,#1518,#1094,.T.);
#2229=EDGE_CURVE('',#1468,#1517,#1095,.T.);
#2230=EDGE_CURVE('',#1467,#1516,#1096,.T.);
#2231=EDGE_CURVE('',#1466,#1515,#1097,.T.);
#2232=ORIENTED_EDGE('',*,*,#1757,.T.);
#2233=ORIENTED_EDGE('',*,*,#1758,.T.);
#2234=ORIENTED_EDGE('',*,*,#1759,.T.);
#2235=ORIENTED_EDGE('',*,*,#1760,.T.);
#2236=ORIENTED_EDGE('',*,*,#1761,.T.);
#2237=ORIENTED_EDGE('',*,*,#1762,.T.);
#2238=ORIENTED_EDGE('',*,*,#1763,.T.);
#2239=ORIENTED_EDGE('',*,*,#1764,.F.);
#2240=ORIENTED_EDGE('',*,*,#1765,.T.);
#2241=ORIENTED_EDGE('',*,*,#1762,.F.);
#2242=ORIENTED_EDGE('',*,*,#1766,.T.);
#2243=ORIENTED_EDGE('',*,*,#1758,.F.);
#2244=ORIENTED_EDGE('',*,*,#1767,.F.);
#2245=ORIENTED_EDGE('',*,*,#1768,.T.);
#2246=ORIENTED_EDGE('',*,*,#1769,.F.);
#2247=ORIENTED_EDGE('',*,*,#1770,.T.);
#2248=ORIENTED_EDGE('',*,*,#1760,.F.);
#2249=ORIENTED_EDGE('',*,*,#1771,.T.);
#2250=ORIENTED_EDGE('',*,*,#1764,.T.);
#2251=ORIENTED_EDGE('',*,*,#1772,.T.);
#2252=ORIENTED_EDGE('',*,*,#1772,.F.);
#2253=ORIENTED_EDGE('',*,*,#1773,.T.);
#2254=ORIENTED_EDGE('',*,*,#1774,.F.);
#2255=ORIENTED_EDGE('',*,*,#1775,.T.);
#2256=ORIENTED_EDGE('',*,*,#1763,.F.);
#2257=ORIENTED_EDGE('',*,*,#1776,.T.);
#2258=ORIENTED_EDGE('',*,*,#1777,.F.);
#2259=ORIENTED_EDGE('',*,*,#1773,.F.);
#2260=ORIENTED_EDGE('',*,*,#1761,.F.);
#2261=ORIENTED_EDGE('',*,*,#1771,.F.);
#2262=ORIENTED_EDGE('',*,*,#1759,.F.);
#2263=ORIENTED_EDGE('',*,*,#1766,.F.);
#2264=ORIENTED_EDGE('',*,*,#1778,.T.);
#2265=ORIENTED_EDGE('',*,*,#1779,.T.);
#2266=ORIENTED_EDGE('',*,*,#1780,.T.);
#2267=ORIENTED_EDGE('',*,*,#1781,.T.);
#2268=ORIENTED_EDGE('',*,*,#1782,.T.);
#2269=ORIENTED_EDGE('',*,*,#1783,.T.);
#2270=ORIENTED_EDGE('',*,*,#1784,.T.);
#2271=ORIENTED_EDGE('',*,*,#1785,.T.);
#2272=ORIENTED_EDGE('',*,*,#1786,.T.);
#2273=ORIENTED_EDGE('',*,*,#1787,.T.);
#2274=ORIENTED_EDGE('',*,*,#1784,.F.);
#2275=ORIENTED_EDGE('',*,*,#1788,.T.);
#2276=ORIENTED_EDGE('',*,*,#1789,.T.);
#2277=ORIENTED_EDGE('',*,*,#1790,.T.);
#2278=ORIENTED_EDGE('',*,*,#1786,.F.);
#2279=ORIENTED_EDGE('',*,*,#1791,.T.);
#2280=ORIENTED_EDGE('',*,*,#1792,.T.);
#2281=ORIENTED_EDGE('',*,*,#1793,.T.);
#2282=ORIENTED_EDGE('',*,*,#1789,.F.);
#2283=ORIENTED_EDGE('',*,*,#1794,.T.);
#2284=ORIENTED_EDGE('',*,*,#1795,.T.);
#2285=ORIENTED_EDGE('',*,*,#1796,.T.);
#2286=ORIENTED_EDGE('',*,*,#1792,.F.);
#2287=ORIENTED_EDGE('',*,*,#1797,.T.);
#2288=ORIENTED_EDGE('',*,*,#1798,.T.);
#2289=ORIENTED_EDGE('',*,*,#1799,.T.);
#2290=ORIENTED_EDGE('',*,*,#1795,.F.);
#2291=ORIENTED_EDGE('',*,*,#1800,.T.);
#2292=ORIENTED_EDGE('',*,*,#1801,.T.);
#2293=ORIENTED_EDGE('',*,*,#1802,.T.);
#2294=ORIENTED_EDGE('',*,*,#1798,.F.);
#2295=ORIENTED_EDGE('',*,*,#1803,.T.);
#2296=ORIENTED_EDGE('',*,*,#1804,.T.);
#2297=ORIENTED_EDGE('',*,*,#1805,.T.);
#2298=ORIENTED_EDGE('',*,*,#1801,.F.);
#2299=ORIENTED_EDGE('',*,*,#1806,.T.);
#2300=ORIENTED_EDGE('',*,*,#1807,.T.);
#2301=ORIENTED_EDGE('',*,*,#1808,.T.);
#2302=ORIENTED_EDGE('',*,*,#1804,.F.);
#2303=ORIENTED_EDGE('',*,*,#1809,.T.);
#2304=ORIENTED_EDGE('',*,*,#1810,.T.);
#2305=ORIENTED_EDGE('',*,*,#1811,.T.);
#2306=ORIENTED_EDGE('',*,*,#1807,.F.);
#2307=ORIENTED_EDGE('',*,*,#1812,.T.);
#2308=ORIENTED_EDGE('',*,*,#1813,.T.);
#2309=ORIENTED_EDGE('',*,*,#1814,.T.);
#2310=ORIENTED_EDGE('',*,*,#1810,.F.);
#2311=ORIENTED_EDGE('',*,*,#1815,.T.);
#2312=ORIENTED_EDGE('',*,*,#1816,.T.);
#2313=ORIENTED_EDGE('',*,*,#1817,.T.);
#2314=ORIENTED_EDGE('',*,*,#1813,.F.);
#2315=ORIENTED_EDGE('',*,*,#1818,.T.);
#2316=ORIENTED_EDGE('',*,*,#1819,.T.);
#2317=ORIENTED_EDGE('',*,*,#1820,.T.);
#2318=ORIENTED_EDGE('',*,*,#1816,.F.);
#2319=ORIENTED_EDGE('',*,*,#1821,.T.);
#2320=ORIENTED_EDGE('',*,*,#1822,.T.);
#2321=ORIENTED_EDGE('',*,*,#1823,.T.);
#2322=ORIENTED_EDGE('',*,*,#1819,.F.);
#2323=ORIENTED_EDGE('',*,*,#1824,.T.);
#2324=ORIENTED_EDGE('',*,*,#1825,.T.);
#2325=ORIENTED_EDGE('',*,*,#1826,.T.);
#2326=ORIENTED_EDGE('',*,*,#1822,.F.);
#2327=ORIENTED_EDGE('',*,*,#1827,.T.);
#2328=ORIENTED_EDGE('',*,*,#1825,.F.);
#2329=ORIENTED_EDGE('',*,*,#1828,.T.);
#2330=ORIENTED_EDGE('',*,*,#1782,.F.);
#2331=ORIENTED_EDGE('',*,*,#1829,.T.);
#2332=ORIENTED_EDGE('',*,*,#1811,.F.);
#2333=ORIENTED_EDGE('',*,*,#1830,.F.);
#2334=ORIENTED_EDGE('',*,*,#1831,.F.);
#2335=ORIENTED_EDGE('',*,*,#1832,.F.);
#2336=ORIENTED_EDGE('',*,*,#1833,.F.);
#2337=ORIENTED_EDGE('',*,*,#1834,.F.);
#2338=ORIENTED_EDGE('',*,*,#1835,.F.);
#2339=ORIENTED_EDGE('',*,*,#1836,.F.);
#2340=ORIENTED_EDGE('',*,*,#1814,.F.);
#2341=ORIENTED_EDGE('',*,*,#1837,.T.);
#2342=ORIENTED_EDGE('',*,*,#1838,.T.);
#2343=ORIENTED_EDGE('',*,*,#1830,.T.);
#2344=ORIENTED_EDGE('',*,*,#1817,.F.);
#2345=ORIENTED_EDGE('',*,*,#1839,.F.);
#2346=ORIENTED_EDGE('',*,*,#1840,.F.);
#2347=ORIENTED_EDGE('',*,*,#1837,.F.);
#2348=ORIENTED_EDGE('',*,*,#1820,.F.);
#2349=ORIENTED_EDGE('',*,*,#1841,.T.);
#2350=ORIENTED_EDGE('',*,*,#1842,.T.);
#2351=ORIENTED_EDGE('',*,*,#1839,.T.);
#2352=ORIENTED_EDGE('',*,*,#1823,.F.);
#2353=ORIENTED_EDGE('',*,*,#1843,.F.);
#2354=ORIENTED_EDGE('',*,*,#1844,.F.);
#2355=ORIENTED_EDGE('',*,*,#1841,.F.);
#2356=ORIENTED_EDGE('',*,*,#1826,.F.);
#2357=ORIENTED_EDGE('',*,*,#1845,.T.);
#2358=ORIENTED_EDGE('',*,*,#1846,.T.);
#2359=ORIENTED_EDGE('',*,*,#1843,.T.);
#2360=ORIENTED_EDGE('',*,*,#1829,.F.);
#2361=ORIENTED_EDGE('',*,*,#1847,.F.);
#2362=ORIENTED_EDGE('',*,*,#1848,.F.);
#2363=ORIENTED_EDGE('',*,*,#1845,.F.);
#2364=ORIENTED_EDGE('',*,*,#1785,.F.);
#2365=ORIENTED_EDGE('',*,*,#1849,.T.);
#2366=ORIENTED_EDGE('',*,*,#1850,.T.);
#2367=ORIENTED_EDGE('',*,*,#1847,.T.);
#2368=ORIENTED_EDGE('',*,*,#1783,.F.);
#2369=ORIENTED_EDGE('',*,*,#1828,.F.);
#2370=ORIENTED_EDGE('',*,*,#1827,.F.);
#2371=ORIENTED_EDGE('',*,*,#1824,.F.);
#2372=ORIENTED_EDGE('',*,*,#1821,.F.);
#2373=ORIENTED_EDGE('',*,*,#1818,.F.);
#2374=ORIENTED_EDGE('',*,*,#1815,.F.);
#2375=ORIENTED_EDGE('',*,*,#1812,.F.);
#2376=ORIENTED_EDGE('',*,*,#1809,.F.);
#2377=ORIENTED_EDGE('',*,*,#1806,.F.);
#2378=ORIENTED_EDGE('',*,*,#1803,.F.);
#2379=ORIENTED_EDGE('',*,*,#1800,.F.);
#2380=ORIENTED_EDGE('',*,*,#1797,.F.);
#2381=ORIENTED_EDGE('',*,*,#1794,.F.);
#2382=ORIENTED_EDGE('',*,*,#1791,.F.);
#2383=ORIENTED_EDGE('',*,*,#1788,.F.);
#2384=ORIENTED_EDGE('',*,*,#1851,.T.);
#2385=ORIENTED_EDGE('',*,*,#1852,.T.);
#2386=ORIENTED_EDGE('',*,*,#1853,.T.);
#2387=ORIENTED_EDGE('',*,*,#1854,.T.);
#2388=ORIENTED_EDGE('',*,*,#1855,.T.);
#2389=ORIENTED_EDGE('',*,*,#1856,.T.);
#2390=ORIENTED_EDGE('',*,*,#1857,.T.);
#2391=ORIENTED_EDGE('',*,*,#1858,.T.);
#2392=ORIENTED_EDGE('',*,*,#1859,.T.);
#2393=ORIENTED_EDGE('',*,*,#1860,.T.);
#2394=ORIENTED_EDGE('',*,*,#1861,.T.);
#2395=ORIENTED_EDGE('',*,*,#1862,.T.);
#2396=ORIENTED_EDGE('',*,*,#1863,.T.);
#2397=ORIENTED_EDGE('',*,*,#1864,.T.);
#2398=ORIENTED_EDGE('',*,*,#1865,.T.);
#2399=ORIENTED_EDGE('',*,*,#1866,.T.);
#2400=ORIENTED_EDGE('',*,*,#1867,.T.);
#2401=ORIENTED_EDGE('',*,*,#1868,.T.);
#2402=ORIENTED_EDGE('',*,*,#1869,.T.);
#2403=ORIENTED_EDGE('',*,*,#1870,.T.);
#2404=ORIENTED_EDGE('',*,*,#1871,.T.);
#2405=ORIENTED_EDGE('',*,*,#1872,.T.);
#2406=ORIENTED_EDGE('',*,*,#1873,.T.);
#2407=ORIENTED_EDGE('',*,*,#1874,.T.);
#2408=ORIENTED_EDGE('',*,*,#1875,.T.);
#2409=ORIENTED_EDGE('',*,*,#1876,.T.);
#2410=ORIENTED_EDGE('',*,*,#1877,.T.);
#2411=ORIENTED_EDGE('',*,*,#1878,.T.);
#2412=ORIENTED_EDGE('',*,*,#1879,.T.);
#2413=ORIENTED_EDGE('',*,*,#1880,.T.);
#2414=ORIENTED_EDGE('',*,*,#1881,.T.);
#2415=ORIENTED_EDGE('',*,*,#1882,.T.);
#2416=ORIENTED_EDGE('',*,*,#1883,.T.);
#2417=ORIENTED_EDGE('',*,*,#1884,.T.);
#2418=ORIENTED_EDGE('',*,*,#1885,.T.);
#2419=ORIENTED_EDGE('',*,*,#1886,.T.);
#2420=ORIENTED_EDGE('',*,*,#1887,.T.);
#2421=ORIENTED_EDGE('',*,*,#1888,.T.);
#2422=ORIENTED_EDGE('',*,*,#1889,.T.);
#2423=ORIENTED_EDGE('',*,*,#1890,.T.);
#2424=ORIENTED_EDGE('',*,*,#1891,.T.);
#2425=ORIENTED_EDGE('',*,*,#1892,.T.);
#2426=ORIENTED_EDGE('',*,*,#1893,.T.);
#2427=ORIENTED_EDGE('',*,*,#1894,.T.);
#2428=ORIENTED_EDGE('',*,*,#1895,.T.);
#2429=ORIENTED_EDGE('',*,*,#1896,.T.);
#2430=ORIENTED_EDGE('',*,*,#1897,.T.);
#2431=ORIENTED_EDGE('',*,*,#1898,.T.);
#2432=ORIENTED_EDGE('',*,*,#1899,.T.);
#2433=ORIENTED_EDGE('',*,*,#1900,.T.);
#2434=ORIENTED_EDGE('',*,*,#1901,.T.);
#2435=ORIENTED_EDGE('',*,*,#1902,.T.);
#2436=ORIENTED_EDGE('',*,*,#1903,.T.);
#2437=ORIENTED_EDGE('',*,*,#1904,.T.);
#2438=ORIENTED_EDGE('',*,*,#1905,.T.);
#2439=ORIENTED_EDGE('',*,*,#1906,.T.);
#2440=ORIENTED_EDGE('',*,*,#1907,.T.);
#2441=ORIENTED_EDGE('',*,*,#1908,.T.);
#2442=ORIENTED_EDGE('',*,*,#1909,.T.);
#2443=ORIENTED_EDGE('',*,*,#1910,.T.);
#2444=ORIENTED_EDGE('',*,*,#1911,.T.);
#2445=ORIENTED_EDGE('',*,*,#1912,.T.);
#2446=ORIENTED_EDGE('',*,*,#1913,.T.);
#2447=ORIENTED_EDGE('',*,*,#1914,.T.);
#2448=ORIENTED_EDGE('',*,*,#1915,.T.);
#2449=ORIENTED_EDGE('',*,*,#1916,.T.);
#2450=ORIENTED_EDGE('',*,*,#1917,.T.);
#2451=ORIENTED_EDGE('',*,*,#1918,.T.);
#2452=ORIENTED_EDGE('',*,*,#1919,.T.);
#2453=ORIENTED_EDGE('',*,*,#1920,.T.);
#2454=ORIENTED_EDGE('',*,*,#1921,.T.);
#2455=ORIENTED_EDGE('',*,*,#1922,.T.);
#2456=ORIENTED_EDGE('',*,*,#1923,.T.);
#2457=ORIENTED_EDGE('',*,*,#1924,.T.);
#2458=ORIENTED_EDGE('',*,*,#1925,.T.);
#2459=ORIENTED_EDGE('',*,*,#1926,.T.);
#2460=ORIENTED_EDGE('',*,*,#1927,.T.);
#2461=ORIENTED_EDGE('',*,*,#1928,.T.);
#2462=ORIENTED_EDGE('',*,*,#1929,.T.);
#2463=ORIENTED_EDGE('',*,*,#1930,.T.);
#2464=ORIENTED_EDGE('',*,*,#1931,.T.);
#2465=ORIENTED_EDGE('',*,*,#1932,.T.);
#2466=ORIENTED_EDGE('',*,*,#1933,.T.);
#2467=ORIENTED_EDGE('',*,*,#1934,.T.);
#2468=ORIENTED_EDGE('',*,*,#1935,.T.);
#2469=ORIENTED_EDGE('',*,*,#1936,.T.);
#2470=ORIENTED_EDGE('',*,*,#1937,.T.);
#2471=ORIENTED_EDGE('',*,*,#1938,.T.);
#2472=ORIENTED_EDGE('',*,*,#1939,.T.);
#2473=ORIENTED_EDGE('',*,*,#1940,.T.);
#2474=ORIENTED_EDGE('',*,*,#1941,.T.);
#2475=ORIENTED_EDGE('',*,*,#1942,.T.);
#2476=ORIENTED_EDGE('',*,*,#1943,.T.);
#2477=ORIENTED_EDGE('',*,*,#1944,.T.);
#2478=ORIENTED_EDGE('',*,*,#1945,.T.);
#2479=ORIENTED_EDGE('',*,*,#1946,.T.);
#2480=ORIENTED_EDGE('',*,*,#1947,.T.);
#2481=ORIENTED_EDGE('',*,*,#1948,.T.);
#2482=ORIENTED_EDGE('',*,*,#1949,.T.);
#2483=ORIENTED_EDGE('',*,*,#1950,.T.);
#2484=ORIENTED_EDGE('',*,*,#1948,.F.);
#2485=ORIENTED_EDGE('',*,*,#1951,.T.);
#2486=ORIENTED_EDGE('',*,*,#1952,.F.);
#2487=ORIENTED_EDGE('',*,*,#1953,.T.);
#2488=ORIENTED_EDGE('',*,*,#1954,.F.);
#2489=ORIENTED_EDGE('',*,*,#1955,.T.);
#2490=ORIENTED_EDGE('',*,*,#1956,.F.);
#2491=ORIENTED_EDGE('',*,*,#1957,.T.);
#2492=ORIENTED_EDGE('',*,*,#1958,.F.);
#2493=ORIENTED_EDGE('',*,*,#1831,.T.);
#2494=ORIENTED_EDGE('',*,*,#1838,.F.);
#2495=ORIENTED_EDGE('',*,*,#1840,.T.);
#2496=ORIENTED_EDGE('',*,*,#1842,.F.);
#2497=ORIENTED_EDGE('',*,*,#1844,.T.);
#2498=ORIENTED_EDGE('',*,*,#1846,.F.);
#2499=ORIENTED_EDGE('',*,*,#1848,.T.);
#2500=ORIENTED_EDGE('',*,*,#1850,.F.);
#2501=ORIENTED_EDGE('',*,*,#1959,.F.);
#2502=ORIENTED_EDGE('',*,*,#1960,.F.);
#2503=ORIENTED_EDGE('',*,*,#1961,.T.);
#2504=ORIENTED_EDGE('',*,*,#1962,.T.);
#2505=ORIENTED_EDGE('',*,*,#1963,.T.);
#2506=ORIENTED_EDGE('',*,*,#1964,.T.);
#2507=ORIENTED_EDGE('',*,*,#1965,.F.);
#2508=ORIENTED_EDGE('',*,*,#1947,.F.);
#2509=ORIENTED_EDGE('',*,*,#1949,.F.);
#2510=ORIENTED_EDGE('',*,*,#1950,.F.);
#2511=ORIENTED_EDGE('',*,*,#1966,.T.);
#2512=ORIENTED_EDGE('',*,*,#1967,.T.);
#2513=ORIENTED_EDGE('',*,*,#1966,.F.);
#2514=ORIENTED_EDGE('',*,*,#1959,.T.);
#2515=ORIENTED_EDGE('',*,*,#1968,.T.);
#2516=ORIENTED_EDGE('',*,*,#1969,.T.);
#2517=ORIENTED_EDGE('',*,*,#1970,.T.);
#2518=ORIENTED_EDGE('',*,*,#1968,.F.);
#2519=ORIENTED_EDGE('',*,*,#1969,.F.);
#2520=ORIENTED_EDGE('',*,*,#1970,.F.);
#2521=ORIENTED_EDGE('',*,*,#1971,.T.);
#2522=ORIENTED_EDGE('',*,*,#1972,.T.);
#2523=ORIENTED_EDGE('',*,*,#1971,.F.);
#2524=ORIENTED_EDGE('',*,*,#1965,.T.);
#2525=ORIENTED_EDGE('',*,*,#1973,.T.);
#2526=ORIENTED_EDGE('',*,*,#1974,.T.);
#2527=ORIENTED_EDGE('',*,*,#1975,.T.);
#2528=ORIENTED_EDGE('',*,*,#1973,.F.);
#2529=ORIENTED_EDGE('',*,*,#1974,.F.);
#2530=ORIENTED_EDGE('',*,*,#1975,.F.);
#2531=ORIENTED_EDGE('',*,*,#1976,.T.);
#2532=ORIENTED_EDGE('',*,*,#1977,.T.);
#2533=ORIENTED_EDGE('',*,*,#1976,.F.);
#2534=ORIENTED_EDGE('',*,*,#1960,.T.);
#2535=ORIENTED_EDGE('',*,*,#1978,.T.);
#2536=ORIENTED_EDGE('',*,*,#1979,.T.);
#2537=ORIENTED_EDGE('',*,*,#1980,.T.);
#2538=ORIENTED_EDGE('',*,*,#1978,.F.);
#2539=ORIENTED_EDGE('',*,*,#1979,.F.);
#2540=ORIENTED_EDGE('',*,*,#1980,.F.);
#2541=ORIENTED_EDGE('',*,*,#1981,.T.);
#2542=ORIENTED_EDGE('',*,*,#1982,.T.);
#2543=ORIENTED_EDGE('',*,*,#1981,.F.);
#2544=ORIENTED_EDGE('',*,*,#1835,.T.);
#2545=ORIENTED_EDGE('',*,*,#1983,.T.);
#2546=ORIENTED_EDGE('',*,*,#1984,.T.);
#2547=ORIENTED_EDGE('',*,*,#1985,.F.);
#2548=ORIENTED_EDGE('',*,*,#1833,.T.);
#2549=ORIENTED_EDGE('',*,*,#1986,.T.);
#2550=ORIENTED_EDGE('',*,*,#1987,.T.);
#2551=ORIENTED_EDGE('',*,*,#1988,.T.);
#2552=ORIENTED_EDGE('',*,*,#1989,.T.);
#2553=ORIENTED_EDGE('',*,*,#1986,.F.);
#2554=ORIENTED_EDGE('',*,*,#1836,.T.);
#2555=ORIENTED_EDGE('',*,*,#1985,.T.);
#2556=ORIENTED_EDGE('',*,*,#1834,.T.);
#2557=ORIENTED_EDGE('',*,*,#1988,.F.);
#2558=ORIENTED_EDGE('',*,*,#1990,.T.);
#2559=ORIENTED_EDGE('',*,*,#1983,.F.);
#2560=ORIENTED_EDGE('',*,*,#1990,.F.);
#2561=ORIENTED_EDGE('',*,*,#1991,.T.);
#2562=ORIENTED_EDGE('',*,*,#1992,.F.);
#2563=ORIENTED_EDGE('',*,*,#1993,.F.);
#2564=ORIENTED_EDGE('',*,*,#1987,.F.);
#2565=ORIENTED_EDGE('',*,*,#1994,.T.);
#2566=ORIENTED_EDGE('',*,*,#1767,.T.);
#2567=ORIENTED_EDGE('',*,*,#1775,.F.);
#2568=ORIENTED_EDGE('',*,*,#1995,.T.);
#2569=ORIENTED_EDGE('',*,*,#1991,.F.);
#2570=ORIENTED_EDGE('',*,*,#1808,.F.);
#2571=ORIENTED_EDGE('',*,*,#1832,.T.);
#2572=ORIENTED_EDGE('',*,*,#1958,.T.);
#2573=ORIENTED_EDGE('',*,*,#1996,.T.);
#2574=ORIENTED_EDGE('',*,*,#1802,.F.);
#2575=ORIENTED_EDGE('',*,*,#1997,.T.);
#2576=ORIENTED_EDGE('',*,*,#1956,.T.);
#2577=ORIENTED_EDGE('',*,*,#1998,.T.);
#2578=ORIENTED_EDGE('',*,*,#1805,.F.);
#2579=ORIENTED_EDGE('',*,*,#1996,.F.);
#2580=ORIENTED_EDGE('',*,*,#1957,.F.);
#2581=ORIENTED_EDGE('',*,*,#1997,.F.);
#2582=ORIENTED_EDGE('',*,*,#1796,.F.);
#2583=ORIENTED_EDGE('',*,*,#1999,.T.);
#2584=ORIENTED_EDGE('',*,*,#1954,.T.);
#2585=ORIENTED_EDGE('',*,*,#2000,.T.);
#2586=ORIENTED_EDGE('',*,*,#1799,.F.);
#2587=ORIENTED_EDGE('',*,*,#1998,.F.);
#2588=ORIENTED_EDGE('',*,*,#1955,.F.);
#2589=ORIENTED_EDGE('',*,*,#1999,.F.);
#2590=ORIENTED_EDGE('',*,*,#1790,.F.);
#2591=ORIENTED_EDGE('',*,*,#2001,.T.);
#2592=ORIENTED_EDGE('',*,*,#1952,.T.);
#2593=ORIENTED_EDGE('',*,*,#2002,.T.);
#2594=ORIENTED_EDGE('',*,*,#1793,.F.);
#2595=ORIENTED_EDGE('',*,*,#2000,.F.);
#2596=ORIENTED_EDGE('',*,*,#1953,.F.);
#2597=ORIENTED_EDGE('',*,*,#2001,.F.);
#2598=ORIENTED_EDGE('',*,*,#2003,.T.);
#2599=ORIENTED_EDGE('',*,*,#2004,.T.);
#2600=ORIENTED_EDGE('',*,*,#2005,.T.);
#2601=ORIENTED_EDGE('',*,*,#2006,.T.);
#2602=ORIENTED_EDGE('',*,*,#2007,.T.);
#2603=ORIENTED_EDGE('',*,*,#2004,.F.);
#2604=ORIENTED_EDGE('',*,*,#2008,.T.);
#2605=ORIENTED_EDGE('',*,*,#2009,.T.);
#2606=ORIENTED_EDGE('',*,*,#1777,.T.);
#2607=ORIENTED_EDGE('',*,*,#2006,.F.);
#2608=ORIENTED_EDGE('',*,*,#2010,.T.);
#2609=ORIENTED_EDGE('',*,*,#2011,.T.);
#2610=ORIENTED_EDGE('',*,*,#2012,.F.);
#2611=ORIENTED_EDGE('',*,*,#1992,.T.);
#2612=ORIENTED_EDGE('',*,*,#1995,.F.);
#2613=ORIENTED_EDGE('',*,*,#1774,.T.);
#2614=ORIENTED_EDGE('',*,*,#2011,.F.);
#2615=ORIENTED_EDGE('',*,*,#2013,.T.);
#2616=ORIENTED_EDGE('',*,*,#2009,.F.);
#2617=ORIENTED_EDGE('',*,*,#2014,.T.);
#2618=ORIENTED_EDGE('',*,*,#1770,.F.);
#2619=ORIENTED_EDGE('',*,*,#2015,.T.);
#2620=ORIENTED_EDGE('',*,*,#2014,.F.);
#2621=ORIENTED_EDGE('',*,*,#2016,.F.);
#2622=ORIENTED_EDGE('',*,*,#1757,.F.);
#2623=ORIENTED_EDGE('',*,*,#2016,.T.);
#2624=ORIENTED_EDGE('',*,*,#2008,.F.);
#2625=ORIENTED_EDGE('',*,*,#2017,.F.);
#2626=ORIENTED_EDGE('',*,*,#1765,.F.);
#2627=ORIENTED_EDGE('',*,*,#2017,.T.);
#2628=ORIENTED_EDGE('',*,*,#2003,.F.);
#2629=ORIENTED_EDGE('',*,*,#1776,.F.);
#2630=ORIENTED_EDGE('',*,*,#1937,.F.);
#2631=ORIENTED_EDGE('',*,*,#2018,.T.);
#2632=ORIENTED_EDGE('',*,*,#2019,.T.);
#2633=ORIENTED_EDGE('',*,*,#2020,.F.);
#2634=ORIENTED_EDGE('',*,*,#1946,.F.);
#2635=ORIENTED_EDGE('',*,*,#2021,.T.);
#2636=ORIENTED_EDGE('',*,*,#2022,.T.);
#2637=ORIENTED_EDGE('',*,*,#2018,.F.);
#2638=ORIENTED_EDGE('',*,*,#1945,.F.);
#2639=ORIENTED_EDGE('',*,*,#2023,.T.);
#2640=ORIENTED_EDGE('',*,*,#2024,.T.);
#2641=ORIENTED_EDGE('',*,*,#2021,.F.);
#2642=ORIENTED_EDGE('',*,*,#1944,.F.);
#2643=ORIENTED_EDGE('',*,*,#2025,.T.);
#2644=ORIENTED_EDGE('',*,*,#2026,.T.);
#2645=ORIENTED_EDGE('',*,*,#2023,.F.);
#2646=ORIENTED_EDGE('',*,*,#1943,.F.);
#2647=ORIENTED_EDGE('',*,*,#2027,.T.);
#2648=ORIENTED_EDGE('',*,*,#2028,.T.);
#2649=ORIENTED_EDGE('',*,*,#2025,.F.);
#2650=ORIENTED_EDGE('',*,*,#1942,.F.);
#2651=ORIENTED_EDGE('',*,*,#2029,.T.);
#2652=ORIENTED_EDGE('',*,*,#2030,.T.);
#2653=ORIENTED_EDGE('',*,*,#2027,.F.);
#2654=ORIENTED_EDGE('',*,*,#1941,.F.);
#2655=ORIENTED_EDGE('',*,*,#2031,.T.);
#2656=ORIENTED_EDGE('',*,*,#2032,.T.);
#2657=ORIENTED_EDGE('',*,*,#2029,.F.);
#2658=ORIENTED_EDGE('',*,*,#1940,.F.);
#2659=ORIENTED_EDGE('',*,*,#2033,.T.);
#2660=ORIENTED_EDGE('',*,*,#2034,.T.);
#2661=ORIENTED_EDGE('',*,*,#2031,.F.);
#2662=ORIENTED_EDGE('',*,*,#1939,.F.);
#2663=ORIENTED_EDGE('',*,*,#2035,.T.);
#2664=ORIENTED_EDGE('',*,*,#2036,.T.);
#2665=ORIENTED_EDGE('',*,*,#2033,.F.);
#2666=ORIENTED_EDGE('',*,*,#1938,.F.);
#2667=ORIENTED_EDGE('',*,*,#2020,.T.);
#2668=ORIENTED_EDGE('',*,*,#2037,.T.);
#2669=ORIENTED_EDGE('',*,*,#2035,.F.);
#2670=ORIENTED_EDGE('',*,*,#2037,.F.);
#2671=ORIENTED_EDGE('',*,*,#2019,.F.);
#2672=ORIENTED_EDGE('',*,*,#2022,.F.);
#2673=ORIENTED_EDGE('',*,*,#2024,.F.);
#2674=ORIENTED_EDGE('',*,*,#2026,.F.);
#2675=ORIENTED_EDGE('',*,*,#2028,.F.);
#2676=ORIENTED_EDGE('',*,*,#2030,.F.);
#2677=ORIENTED_EDGE('',*,*,#2032,.F.);
#2678=ORIENTED_EDGE('',*,*,#2034,.F.);
#2679=ORIENTED_EDGE('',*,*,#2036,.F.);
#2680=ORIENTED_EDGE('',*,*,#1922,.F.);
#2681=ORIENTED_EDGE('',*,*,#2038,.T.);
#2682=ORIENTED_EDGE('',*,*,#2039,.T.);
#2683=ORIENTED_EDGE('',*,*,#2040,.F.);
#2684=ORIENTED_EDGE('',*,*,#1936,.F.);
#2685=ORIENTED_EDGE('',*,*,#2041,.T.);
#2686=ORIENTED_EDGE('',*,*,#2042,.T.);
#2687=ORIENTED_EDGE('',*,*,#2038,.F.);
#2688=ORIENTED_EDGE('',*,*,#1935,.F.);
#2689=ORIENTED_EDGE('',*,*,#2043,.T.);
#2690=ORIENTED_EDGE('',*,*,#2044,.T.);
#2691=ORIENTED_EDGE('',*,*,#2041,.F.);
#2692=ORIENTED_EDGE('',*,*,#1934,.F.);
#2693=ORIENTED_EDGE('',*,*,#2045,.T.);
#2694=ORIENTED_EDGE('',*,*,#2046,.T.);
#2695=ORIENTED_EDGE('',*,*,#2043,.F.);
#2696=ORIENTED_EDGE('',*,*,#1933,.F.);
#2697=ORIENTED_EDGE('',*,*,#2047,.T.);
#2698=ORIENTED_EDGE('',*,*,#2048,.T.);
#2699=ORIENTED_EDGE('',*,*,#2045,.F.);
#2700=ORIENTED_EDGE('',*,*,#1932,.F.);
#2701=ORIENTED_EDGE('',*,*,#2049,.T.);
#2702=ORIENTED_EDGE('',*,*,#2050,.T.);
#2703=ORIENTED_EDGE('',*,*,#2047,.F.);
#2704=ORIENTED_EDGE('',*,*,#1931,.F.);
#2705=ORIENTED_EDGE('',*,*,#2051,.T.);
#2706=ORIENTED_EDGE('',*,*,#2052,.T.);
#2707=ORIENTED_EDGE('',*,*,#2049,.F.);
#2708=ORIENTED_EDGE('',*,*,#1930,.F.);
#2709=ORIENTED_EDGE('',*,*,#2053,.T.);
#2710=ORIENTED_EDGE('',*,*,#2054,.T.);
#2711=ORIENTED_EDGE('',*,*,#2051,.F.);
#2712=ORIENTED_EDGE('',*,*,#1929,.F.);
#2713=ORIENTED_EDGE('',*,*,#2055,.T.);
#2714=ORIENTED_EDGE('',*,*,#2056,.T.);
#2715=ORIENTED_EDGE('',*,*,#2053,.F.);
#2716=ORIENTED_EDGE('',*,*,#1928,.F.);
#2717=ORIENTED_EDGE('',*,*,#2057,.T.);
#2718=ORIENTED_EDGE('',*,*,#2058,.T.);
#2719=ORIENTED_EDGE('',*,*,#2055,.F.);
#2720=ORIENTED_EDGE('',*,*,#1927,.F.);
#2721=ORIENTED_EDGE('',*,*,#2059,.T.);
#2722=ORIENTED_EDGE('',*,*,#2060,.T.);
#2723=ORIENTED_EDGE('',*,*,#2057,.F.);
#2724=ORIENTED_EDGE('',*,*,#1926,.F.);
#2725=ORIENTED_EDGE('',*,*,#2061,.T.);
#2726=ORIENTED_EDGE('',*,*,#2062,.T.);
#2727=ORIENTED_EDGE('',*,*,#2059,.F.);
#2728=ORIENTED_EDGE('',*,*,#1925,.F.);
#2729=ORIENTED_EDGE('',*,*,#2063,.T.);
#2730=ORIENTED_EDGE('',*,*,#2064,.T.);
#2731=ORIENTED_EDGE('',*,*,#2061,.F.);
#2732=ORIENTED_EDGE('',*,*,#1924,.F.);
#2733=ORIENTED_EDGE('',*,*,#2065,.T.);
#2734=ORIENTED_EDGE('',*,*,#2066,.T.);
#2735=ORIENTED_EDGE('',*,*,#2063,.F.);
#2736=ORIENTED_EDGE('',*,*,#1923,.F.);
#2737=ORIENTED_EDGE('',*,*,#2040,.T.);
#2738=ORIENTED_EDGE('',*,*,#2067,.T.);
#2739=ORIENTED_EDGE('',*,*,#2065,.F.);
#2740=ORIENTED_EDGE('',*,*,#2067,.F.);
#2741=ORIENTED_EDGE('',*,*,#2039,.F.);
#2742=ORIENTED_EDGE('',*,*,#2042,.F.);
#2743=ORIENTED_EDGE('',*,*,#2044,.F.);
#2744=ORIENTED_EDGE('',*,*,#2046,.F.);
#2745=ORIENTED_EDGE('',*,*,#2048,.F.);
#2746=ORIENTED_EDGE('',*,*,#2050,.F.);
#2747=ORIENTED_EDGE('',*,*,#2052,.F.);
#2748=ORIENTED_EDGE('',*,*,#2054,.F.);
#2749=ORIENTED_EDGE('',*,*,#2056,.F.);
#2750=ORIENTED_EDGE('',*,*,#2058,.F.);
#2751=ORIENTED_EDGE('',*,*,#2060,.F.);
#2752=ORIENTED_EDGE('',*,*,#2062,.F.);
#2753=ORIENTED_EDGE('',*,*,#2064,.F.);
#2754=ORIENTED_EDGE('',*,*,#2066,.F.);
#2755=ORIENTED_EDGE('',*,*,#1917,.F.);
#2756=ORIENTED_EDGE('',*,*,#2068,.T.);
#2757=ORIENTED_EDGE('',*,*,#2069,.T.);
#2758=ORIENTED_EDGE('',*,*,#2070,.F.);
#2759=ORIENTED_EDGE('',*,*,#1921,.F.);
#2760=ORIENTED_EDGE('',*,*,#2071,.T.);
#2761=ORIENTED_EDGE('',*,*,#2072,.T.);
#2762=ORIENTED_EDGE('',*,*,#2068,.F.);
#2763=ORIENTED_EDGE('',*,*,#1920,.F.);
#2764=ORIENTED_EDGE('',*,*,#2073,.T.);
#2765=ORIENTED_EDGE('',*,*,#2074,.T.);
#2766=ORIENTED_EDGE('',*,*,#2071,.F.);
#2767=ORIENTED_EDGE('',*,*,#1919,.F.);
#2768=ORIENTED_EDGE('',*,*,#2075,.T.);
#2769=ORIENTED_EDGE('',*,*,#2076,.T.);
#2770=ORIENTED_EDGE('',*,*,#2073,.F.);
#2771=ORIENTED_EDGE('',*,*,#1918,.F.);
#2772=ORIENTED_EDGE('',*,*,#2070,.T.);
#2773=ORIENTED_EDGE('',*,*,#2077,.T.);
#2774=ORIENTED_EDGE('',*,*,#2075,.F.);
#2775=ORIENTED_EDGE('',*,*,#2077,.F.);
#2776=ORIENTED_EDGE('',*,*,#2069,.F.);
#2777=ORIENTED_EDGE('',*,*,#2072,.F.);
#2778=ORIENTED_EDGE('',*,*,#2074,.F.);
#2779=ORIENTED_EDGE('',*,*,#2076,.F.);
#2780=ORIENTED_EDGE('',*,*,#1916,.F.);
#2781=ORIENTED_EDGE('',*,*,#2078,.T.);
#2782=ORIENTED_EDGE('',*,*,#2079,.T.);
#2783=ORIENTED_EDGE('',*,*,#2078,.F.);
#2784=ORIENTED_EDGE('',*,*,#2079,.F.);
#2785=ORIENTED_EDGE('',*,*,#2080,.F.);
#2786=ORIENTED_EDGE('',*,*,#2081,.T.);
#2787=ORIENTED_EDGE('',*,*,#2082,.T.);
#2788=ORIENTED_EDGE('',*,*,#2083,.F.);
#2789=ORIENTED_EDGE('',*,*,#2084,.F.);
#2790=ORIENTED_EDGE('',*,*,#2083,.T.);
#2791=ORIENTED_EDGE('',*,*,#2085,.T.);
#2792=ORIENTED_EDGE('',*,*,#2081,.F.);
#2793=ORIENTED_EDGE('',*,*,#1912,.F.);
#2794=ORIENTED_EDGE('',*,*,#2086,.T.);
#2795=ORIENTED_EDGE('',*,*,#2087,.T.);
#2796=ORIENTED_EDGE('',*,*,#2088,.F.);
#2797=ORIENTED_EDGE('',*,*,#1915,.F.);
#2798=ORIENTED_EDGE('',*,*,#2089,.T.);
#2799=ORIENTED_EDGE('',*,*,#2090,.T.);
#2800=ORIENTED_EDGE('',*,*,#2086,.F.);
#2801=ORIENTED_EDGE('',*,*,#1914,.F.);
#2802=ORIENTED_EDGE('',*,*,#2091,.T.);
#2803=ORIENTED_EDGE('',*,*,#2092,.T.);
#2804=ORIENTED_EDGE('',*,*,#2089,.F.);
#2805=ORIENTED_EDGE('',*,*,#1913,.F.);
#2806=ORIENTED_EDGE('',*,*,#2088,.T.);
#2807=ORIENTED_EDGE('',*,*,#2093,.T.);
#2808=ORIENTED_EDGE('',*,*,#2091,.F.);
#2809=ORIENTED_EDGE('',*,*,#2093,.F.);
#2810=ORIENTED_EDGE('',*,*,#2087,.F.);
#2811=ORIENTED_EDGE('',*,*,#2090,.F.);
#2812=ORIENTED_EDGE('',*,*,#2092,.F.);
#2813=ORIENTED_EDGE('',*,*,#2085,.F.);
#2814=ORIENTED_EDGE('',*,*,#2082,.F.);
#2815=ORIENTED_EDGE('',*,*,#1908,.F.);
#2816=ORIENTED_EDGE('',*,*,#2094,.T.);
#2817=ORIENTED_EDGE('',*,*,#2095,.T.);
#2818=ORIENTED_EDGE('',*,*,#2096,.F.);
#2819=ORIENTED_EDGE('',*,*,#1911,.F.);
#2820=ORIENTED_EDGE('',*,*,#2097,.T.);
#2821=ORIENTED_EDGE('',*,*,#2098,.T.);
#2822=ORIENTED_EDGE('',*,*,#2094,.F.);
#2823=ORIENTED_EDGE('',*,*,#1910,.F.);
#2824=ORIENTED_EDGE('',*,*,#2099,.T.);
#2825=ORIENTED_EDGE('',*,*,#2100,.T.);
#2826=ORIENTED_EDGE('',*,*,#2097,.F.);
#2827=ORIENTED_EDGE('',*,*,#1909,.F.);
#2828=ORIENTED_EDGE('',*,*,#2096,.T.);
#2829=ORIENTED_EDGE('',*,*,#2101,.T.);
#2830=ORIENTED_EDGE('',*,*,#2099,.F.);
#2831=ORIENTED_EDGE('',*,*,#2101,.F.);
#2832=ORIENTED_EDGE('',*,*,#2095,.F.);
#2833=ORIENTED_EDGE('',*,*,#2098,.F.);
#2834=ORIENTED_EDGE('',*,*,#2100,.F.);
#2835=ORIENTED_EDGE('',*,*,#1907,.F.);
#2836=ORIENTED_EDGE('',*,*,#2102,.T.);
#2837=ORIENTED_EDGE('',*,*,#2103,.T.);
#2838=ORIENTED_EDGE('',*,*,#2102,.F.);
#2839=ORIENTED_EDGE('',*,*,#2103,.F.);
#2840=ORIENTED_EDGE('',*,*,#2104,.F.);
#2841=ORIENTED_EDGE('',*,*,#2105,.T.);
#2842=ORIENTED_EDGE('',*,*,#2106,.T.);
#2843=ORIENTED_EDGE('',*,*,#2105,.F.);
#2844=ORIENTED_EDGE('',*,*,#1901,.F.);
#2845=ORIENTED_EDGE('',*,*,#2107,.T.);
#2846=ORIENTED_EDGE('',*,*,#2108,.T.);
#2847=ORIENTED_EDGE('',*,*,#2109,.F.);
#2848=ORIENTED_EDGE('',*,*,#1906,.F.);
#2849=ORIENTED_EDGE('',*,*,#2110,.T.);
#2850=ORIENTED_EDGE('',*,*,#2111,.T.);
#2851=ORIENTED_EDGE('',*,*,#2107,.F.);
#2852=ORIENTED_EDGE('',*,*,#1905,.F.);
#2853=ORIENTED_EDGE('',*,*,#2112,.T.);
#2854=ORIENTED_EDGE('',*,*,#2113,.T.);
#2855=ORIENTED_EDGE('',*,*,#2110,.F.);
#2856=ORIENTED_EDGE('',*,*,#1904,.F.);
#2857=ORIENTED_EDGE('',*,*,#2114,.T.);
#2858=ORIENTED_EDGE('',*,*,#2115,.T.);
#2859=ORIENTED_EDGE('',*,*,#2112,.F.);
#2860=ORIENTED_EDGE('',*,*,#1903,.F.);
#2861=ORIENTED_EDGE('',*,*,#2116,.T.);
#2862=ORIENTED_EDGE('',*,*,#2117,.T.);
#2863=ORIENTED_EDGE('',*,*,#2114,.F.);
#2864=ORIENTED_EDGE('',*,*,#1902,.F.);
#2865=ORIENTED_EDGE('',*,*,#2109,.T.);
#2866=ORIENTED_EDGE('',*,*,#2118,.T.);
#2867=ORIENTED_EDGE('',*,*,#2116,.F.);
#2868=ORIENTED_EDGE('',*,*,#2118,.F.);
#2869=ORIENTED_EDGE('',*,*,#2108,.F.);
#2870=ORIENTED_EDGE('',*,*,#2111,.F.);
#2871=ORIENTED_EDGE('',*,*,#2113,.F.);
#2872=ORIENTED_EDGE('',*,*,#2115,.F.);
#2873=ORIENTED_EDGE('',*,*,#2117,.F.);
#2874=ORIENTED_EDGE('',*,*,#2106,.F.);
#2875=ORIENTED_EDGE('',*,*,#1891,.F.);
#2876=ORIENTED_EDGE('',*,*,#2119,.T.);
#2877=ORIENTED_EDGE('',*,*,#2120,.T.);
#2878=ORIENTED_EDGE('',*,*,#2121,.F.);
#2879=ORIENTED_EDGE('',*,*,#1900,.F.);
#2880=ORIENTED_EDGE('',*,*,#2122,.T.);
#2881=ORIENTED_EDGE('',*,*,#2123,.T.);
#2882=ORIENTED_EDGE('',*,*,#2119,.F.);
#2883=ORIENTED_EDGE('',*,*,#1899,.F.);
#2884=ORIENTED_EDGE('',*,*,#2124,.T.);
#2885=ORIENTED_EDGE('',*,*,#2125,.T.);
#2886=ORIENTED_EDGE('',*,*,#2122,.F.);
#2887=ORIENTED_EDGE('',*,*,#1898,.F.);
#2888=ORIENTED_EDGE('',*,*,#2126,.T.);
#2889=ORIENTED_EDGE('',*,*,#2127,.T.);
#2890=ORIENTED_EDGE('',*,*,#2124,.F.);
#2891=ORIENTED_EDGE('',*,*,#1897,.F.);
#2892=ORIENTED_EDGE('',*,*,#2128,.T.);
#2893=ORIENTED_EDGE('',*,*,#2129,.T.);
#2894=ORIENTED_EDGE('',*,*,#2126,.F.);
#2895=ORIENTED_EDGE('',*,*,#1896,.F.);
#2896=ORIENTED_EDGE('',*,*,#2130,.T.);
#2897=ORIENTED_EDGE('',*,*,#2131,.T.);
#2898=ORIENTED_EDGE('',*,*,#2128,.F.);
#2899=ORIENTED_EDGE('',*,*,#1895,.F.);
#2900=ORIENTED_EDGE('',*,*,#2132,.T.);
#2901=ORIENTED_EDGE('',*,*,#2133,.T.);
#2902=ORIENTED_EDGE('',*,*,#2130,.F.);
#2903=ORIENTED_EDGE('',*,*,#1894,.F.);
#2904=ORIENTED_EDGE('',*,*,#2134,.T.);
#2905=ORIENTED_EDGE('',*,*,#2135,.T.);
#2906=ORIENTED_EDGE('',*,*,#2132,.F.);
#2907=ORIENTED_EDGE('',*,*,#1893,.F.);
#2908=ORIENTED_EDGE('',*,*,#2136,.T.);
#2909=ORIENTED_EDGE('',*,*,#2137,.T.);
#2910=ORIENTED_EDGE('',*,*,#2134,.F.);
#2911=ORIENTED_EDGE('',*,*,#1892,.F.);
#2912=ORIENTED_EDGE('',*,*,#2121,.T.);
#2913=ORIENTED_EDGE('',*,*,#2138,.T.);
#2914=ORIENTED_EDGE('',*,*,#2136,.F.);
#2915=ORIENTED_EDGE('',*,*,#2138,.F.);
#2916=ORIENTED_EDGE('',*,*,#2120,.F.);
#2917=ORIENTED_EDGE('',*,*,#2123,.F.);
#2918=ORIENTED_EDGE('',*,*,#2125,.F.);
#2919=ORIENTED_EDGE('',*,*,#2127,.F.);
#2920=ORIENTED_EDGE('',*,*,#2129,.F.);
#2921=ORIENTED_EDGE('',*,*,#2131,.F.);
#2922=ORIENTED_EDGE('',*,*,#2133,.F.);
#2923=ORIENTED_EDGE('',*,*,#2135,.F.);
#2924=ORIENTED_EDGE('',*,*,#2137,.F.);
#2925=ORIENTED_EDGE('',*,*,#1879,.F.);
#2926=ORIENTED_EDGE('',*,*,#2139,.T.);
#2927=ORIENTED_EDGE('',*,*,#2140,.T.);
#2928=ORIENTED_EDGE('',*,*,#2141,.F.);
#2929=ORIENTED_EDGE('',*,*,#1890,.F.);
#2930=ORIENTED_EDGE('',*,*,#2142,.T.);
#2931=ORIENTED_EDGE('',*,*,#2143,.T.);
#2932=ORIENTED_EDGE('',*,*,#2139,.F.);
#2933=ORIENTED_EDGE('',*,*,#1889,.F.);
#2934=ORIENTED_EDGE('',*,*,#2144,.T.);
#2935=ORIENTED_EDGE('',*,*,#2145,.T.);
#2936=ORIENTED_EDGE('',*,*,#2142,.F.);
#2937=ORIENTED_EDGE('',*,*,#1888,.F.);
#2938=ORIENTED_EDGE('',*,*,#2146,.T.);
#2939=ORIENTED_EDGE('',*,*,#2147,.T.);
#2940=ORIENTED_EDGE('',*,*,#2144,.F.);
#2941=ORIENTED_EDGE('',*,*,#1887,.F.);
#2942=ORIENTED_EDGE('',*,*,#2148,.T.);
#2943=ORIENTED_EDGE('',*,*,#2149,.T.);
#2944=ORIENTED_EDGE('',*,*,#2146,.F.);
#2945=ORIENTED_EDGE('',*,*,#1886,.F.);
#2946=ORIENTED_EDGE('',*,*,#2150,.T.);
#2947=ORIENTED_EDGE('',*,*,#2151,.T.);
#2948=ORIENTED_EDGE('',*,*,#2148,.F.);
#2949=ORIENTED_EDGE('',*,*,#1885,.F.);
#2950=ORIENTED_EDGE('',*,*,#2152,.T.);
#2951=ORIENTED_EDGE('',*,*,#2153,.T.);
#2952=ORIENTED_EDGE('',*,*,#2150,.F.);
#2953=ORIENTED_EDGE('',*,*,#1884,.F.);
#2954=ORIENTED_EDGE('',*,*,#2154,.T.);
#2955=ORIENTED_EDGE('',*,*,#2155,.T.);
#2956=ORIENTED_EDGE('',*,*,#2152,.F.);
#2957=ORIENTED_EDGE('',*,*,#1883,.F.);
#2958=ORIENTED_EDGE('',*,*,#2156,.T.);
#2959=ORIENTED_EDGE('',*,*,#2157,.T.);
#2960=ORIENTED_EDGE('',*,*,#2154,.F.);
#2961=ORIENTED_EDGE('',*,*,#1882,.F.);
#2962=ORIENTED_EDGE('',*,*,#2158,.T.);
#2963=ORIENTED_EDGE('',*,*,#2159,.T.);
#2964=ORIENTED_EDGE('',*,*,#2156,.F.);
#2965=ORIENTED_EDGE('',*,*,#1881,.F.);
#2966=ORIENTED_EDGE('',*,*,#2160,.T.);
#2967=ORIENTED_EDGE('',*,*,#2161,.T.);
#2968=ORIENTED_EDGE('',*,*,#2158,.F.);
#2969=ORIENTED_EDGE('',*,*,#1880,.F.);
#2970=ORIENTED_EDGE('',*,*,#2141,.T.);
#2971=ORIENTED_EDGE('',*,*,#2162,.T.);
#2972=ORIENTED_EDGE('',*,*,#2160,.F.);
#2973=ORIENTED_EDGE('',*,*,#2162,.F.);
#2974=ORIENTED_EDGE('',*,*,#2140,.F.);
#2975=ORIENTED_EDGE('',*,*,#2143,.F.);
#2976=ORIENTED_EDGE('',*,*,#2145,.F.);
#2977=ORIENTED_EDGE('',*,*,#2147,.F.);
#2978=ORIENTED_EDGE('',*,*,#2149,.F.);
#2979=ORIENTED_EDGE('',*,*,#2151,.F.);
#2980=ORIENTED_EDGE('',*,*,#2153,.F.);
#2981=ORIENTED_EDGE('',*,*,#2155,.F.);
#2982=ORIENTED_EDGE('',*,*,#2157,.F.);
#2983=ORIENTED_EDGE('',*,*,#2159,.F.);
#2984=ORIENTED_EDGE('',*,*,#2161,.F.);
#2985=ORIENTED_EDGE('',*,*,#1867,.F.);
#2986=ORIENTED_EDGE('',*,*,#2163,.T.);
#2987=ORIENTED_EDGE('',*,*,#2164,.T.);
#2988=ORIENTED_EDGE('',*,*,#2165,.F.);
#2989=ORIENTED_EDGE('',*,*,#1878,.F.);
#2990=ORIENTED_EDGE('',*,*,#2166,.T.);
#2991=ORIENTED_EDGE('',*,*,#2167,.T.);
#2992=ORIENTED_EDGE('',*,*,#2163,.F.);
#2993=ORIENTED_EDGE('',*,*,#1877,.F.);
#2994=ORIENTED_EDGE('',*,*,#2168,.T.);
#2995=ORIENTED_EDGE('',*,*,#2169,.T.);
#2996=ORIENTED_EDGE('',*,*,#2166,.F.);
#2997=ORIENTED_EDGE('',*,*,#1876,.F.);
#2998=ORIENTED_EDGE('',*,*,#2170,.T.);
#2999=ORIENTED_EDGE('',*,*,#2171,.T.);
#3000=ORIENTED_EDGE('',*,*,#2168,.F.);
#3001=ORIENTED_EDGE('',*,*,#1875,.F.);
#3002=ORIENTED_EDGE('',*,*,#2172,.T.);
#3003=ORIENTED_EDGE('',*,*,#2173,.T.);
#3004=ORIENTED_EDGE('',*,*,#2170,.F.);
#3005=ORIENTED_EDGE('',*,*,#1874,.F.);
#3006=ORIENTED_EDGE('',*,*,#2174,.T.);
#3007=ORIENTED_EDGE('',*,*,#2175,.T.);
#3008=ORIENTED_EDGE('',*,*,#2172,.F.);
#3009=ORIENTED_EDGE('',*,*,#1873,.F.);
#3010=ORIENTED_EDGE('',*,*,#2176,.T.);
#3011=ORIENTED_EDGE('',*,*,#2177,.T.);
#3012=ORIENTED_EDGE('',*,*,#2174,.F.);
#3013=ORIENTED_EDGE('',*,*,#1872,.F.);
#3014=ORIENTED_EDGE('',*,*,#2178,.T.);
#3015=ORIENTED_EDGE('',*,*,#2179,.T.);
#3016=ORIENTED_EDGE('',*,*,#2176,.F.);
#3017=ORIENTED_EDGE('',*,*,#1871,.F.);
#3018=ORIENTED_EDGE('',*,*,#2180,.T.);
#3019=ORIENTED_EDGE('',*,*,#2181,.T.);
#3020=ORIENTED_EDGE('',*,*,#2178,.F.);
#3021=ORIENTED_EDGE('',*,*,#1870,.F.);
#3022=ORIENTED_EDGE('',*,*,#2182,.T.);
#3023=ORIENTED_EDGE('',*,*,#2183,.T.);
#3024=ORIENTED_EDGE('',*,*,#2180,.F.);
#3025=ORIENTED_EDGE('',*,*,#1869,.F.);
#3026=ORIENTED_EDGE('',*,*,#2184,.T.);
#3027=ORIENTED_EDGE('',*,*,#2185,.T.);
#3028=ORIENTED_EDGE('',*,*,#2182,.F.);
#3029=ORIENTED_EDGE('',*,*,#1868,.F.);
#3030=ORIENTED_EDGE('',*,*,#2165,.T.);
#3031=ORIENTED_EDGE('',*,*,#2186,.T.);
#3032=ORIENTED_EDGE('',*,*,#2184,.F.);
#3033=ORIENTED_EDGE('',*,*,#2186,.F.);
#3034=ORIENTED_EDGE('',*,*,#2164,.F.);
#3035=ORIENTED_EDGE('',*,*,#2167,.F.);
#3036=ORIENTED_EDGE('',*,*,#2169,.F.);
#3037=ORIENTED_EDGE('',*,*,#2171,.F.);
#3038=ORIENTED_EDGE('',*,*,#2173,.F.);
#3039=ORIENTED_EDGE('',*,*,#2175,.F.);
#3040=ORIENTED_EDGE('',*,*,#2177,.F.);
#3041=ORIENTED_EDGE('',*,*,#2179,.F.);
#3042=ORIENTED_EDGE('',*,*,#2181,.F.);
#3043=ORIENTED_EDGE('',*,*,#2183,.F.);
#3044=ORIENTED_EDGE('',*,*,#2185,.F.);
#3045=ORIENTED_EDGE('',*,*,#1855,.F.);
#3046=ORIENTED_EDGE('',*,*,#2187,.T.);
#3047=ORIENTED_EDGE('',*,*,#2188,.T.);
#3048=ORIENTED_EDGE('',*,*,#2189,.F.);
#3049=ORIENTED_EDGE('',*,*,#1866,.F.);
#3050=ORIENTED_EDGE('',*,*,#2190,.T.);
#3051=ORIENTED_EDGE('',*,*,#2191,.T.);
#3052=ORIENTED_EDGE('',*,*,#2187,.F.);
#3053=ORIENTED_EDGE('',*,*,#1865,.F.);
#3054=ORIENTED_EDGE('',*,*,#2192,.T.);
#3055=ORIENTED_EDGE('',*,*,#2193,.T.);
#3056=ORIENTED_EDGE('',*,*,#2190,.F.);
#3057=ORIENTED_EDGE('',*,*,#1864,.F.);
#3058=ORIENTED_EDGE('',*,*,#2194,.T.);
#3059=ORIENTED_EDGE('',*,*,#2195,.T.);
#3060=ORIENTED_EDGE('',*,*,#2192,.F.);
#3061=ORIENTED_EDGE('',*,*,#1863,.F.);
#3062=ORIENTED_EDGE('',*,*,#2196,.T.);
#3063=ORIENTED_EDGE('',*,*,#2197,.T.);
#3064=ORIENTED_EDGE('',*,*,#2194,.F.);
#3065=ORIENTED_EDGE('',*,*,#1862,.F.);
#3066=ORIENTED_EDGE('',*,*,#2198,.T.);
#3067=ORIENTED_EDGE('',*,*,#2199,.T.);
#3068=ORIENTED_EDGE('',*,*,#2196,.F.);
#3069=ORIENTED_EDGE('',*,*,#1861,.F.);
#3070=ORIENTED_EDGE('',*,*,#2200,.T.);
#3071=ORIENTED_EDGE('',*,*,#2201,.T.);
#3072=ORIENTED_EDGE('',*,*,#2198,.F.);
#3073=ORIENTED_EDGE('',*,*,#1860,.F.);
#3074=ORIENTED_EDGE('',*,*,#2202,.T.);
#3075=ORIENTED_EDGE('',*,*,#2203,.T.);
#3076=ORIENTED_EDGE('',*,*,#2200,.F.);
#3077=ORIENTED_EDGE('',*,*,#1859,.F.);
#3078=ORIENTED_EDGE('',*,*,#2204,.T.);
#3079=ORIENTED_EDGE('',*,*,#2205,.T.);
#3080=ORIENTED_EDGE('',*,*,#2202,.F.);
#3081=ORIENTED_EDGE('',*,*,#1858,.F.);
#3082=ORIENTED_EDGE('',*,*,#2206,.T.);
#3083=ORIENTED_EDGE('',*,*,#2207,.T.);
#3084=ORIENTED_EDGE('',*,*,#2204,.F.);
#3085=ORIENTED_EDGE('',*,*,#1857,.F.);
#3086=ORIENTED_EDGE('',*,*,#2208,.T.);
#3087=ORIENTED_EDGE('',*,*,#2209,.T.);
#3088=ORIENTED_EDGE('',*,*,#2206,.F.);
#3089=ORIENTED_EDGE('',*,*,#1856,.F.);
#3090=ORIENTED_EDGE('',*,*,#2189,.T.);
#3091=ORIENTED_EDGE('',*,*,#2210,.T.);
#3092=ORIENTED_EDGE('',*,*,#2208,.F.);
#3093=ORIENTED_EDGE('',*,*,#2210,.F.);
#3094=ORIENTED_EDGE('',*,*,#2188,.F.);
#3095=ORIENTED_EDGE('',*,*,#2191,.F.);
#3096=ORIENTED_EDGE('',*,*,#2193,.F.);
#3097=ORIENTED_EDGE('',*,*,#2195,.F.);
#3098=ORIENTED_EDGE('',*,*,#2197,.F.);
#3099=ORIENTED_EDGE('',*,*,#2199,.F.);
#3100=ORIENTED_EDGE('',*,*,#2201,.F.);
#3101=ORIENTED_EDGE('',*,*,#2203,.F.);
#3102=ORIENTED_EDGE('',*,*,#2205,.F.);
#3103=ORIENTED_EDGE('',*,*,#2207,.F.);
#3104=ORIENTED_EDGE('',*,*,#2209,.F.);
#3105=ORIENTED_EDGE('',*,*,#2104,.T.);
#3106=ORIENTED_EDGE('',*,*,#1989,.F.);
#3107=ORIENTED_EDGE('',*,*,#2211,.F.);
#3108=ORIENTED_EDGE('',*,*,#1768,.F.);
#3109=ORIENTED_EDGE('',*,*,#1994,.F.);
#3110=ORIENTED_EDGE('',*,*,#1984,.F.);
#3111=ORIENTED_EDGE('',*,*,#1993,.T.);
#3112=ORIENTED_EDGE('',*,*,#2012,.T.);
#3113=ORIENTED_EDGE('',*,*,#2015,.F.);
#3114=ORIENTED_EDGE('',*,*,#1769,.T.);
#3115=ORIENTED_EDGE('',*,*,#2211,.T.);
#3116=ORIENTED_EDGE('',*,*,#1977,.F.);
#3117=ORIENTED_EDGE('',*,*,#1982,.F.);
#3118=ORIENTED_EDGE('',*,*,#1972,.F.);
#3119=ORIENTED_EDGE('',*,*,#1967,.F.);
#3120=ORIENTED_EDGE('',*,*,#1961,.F.);
#3121=ORIENTED_EDGE('',*,*,#2212,.T.);
#3122=ORIENTED_EDGE('',*,*,#2213,.T.);
#3123=ORIENTED_EDGE('',*,*,#2214,.F.);
#3124=ORIENTED_EDGE('',*,*,#1964,.F.);
#3125=ORIENTED_EDGE('',*,*,#2215,.T.);
#3126=ORIENTED_EDGE('',*,*,#2216,.T.);
#3127=ORIENTED_EDGE('',*,*,#2212,.F.);
#3128=ORIENTED_EDGE('',*,*,#1963,.F.);
#3129=ORIENTED_EDGE('',*,*,#2217,.T.);
#3130=ORIENTED_EDGE('',*,*,#2218,.T.);
#3131=ORIENTED_EDGE('',*,*,#2215,.F.);
#3132=ORIENTED_EDGE('',*,*,#1962,.F.);
#3133=ORIENTED_EDGE('',*,*,#2214,.T.);
#3134=ORIENTED_EDGE('',*,*,#2219,.T.);
#3135=ORIENTED_EDGE('',*,*,#2217,.F.);
#3136=ORIENTED_EDGE('',*,*,#2219,.F.);
#3137=ORIENTED_EDGE('',*,*,#2213,.F.);
#3138=ORIENTED_EDGE('',*,*,#2216,.F.);
#3139=ORIENTED_EDGE('',*,*,#2218,.F.);
#3140=ORIENTED_EDGE('',*,*,#2220,.F.);
#3141=ORIENTED_EDGE('',*,*,#2221,.F.);
#3142=ORIENTED_EDGE('',*,*,#2222,.F.);
#3143=ORIENTED_EDGE('',*,*,#2223,.F.);
#3144=ORIENTED_EDGE('',*,*,#2221,.T.);
#3145=ORIENTED_EDGE('',*,*,#2224,.T.);
#3146=ORIENTED_EDGE('',*,*,#2005,.F.);
#3147=ORIENTED_EDGE('',*,*,#2225,.F.);
#3148=ORIENTED_EDGE('',*,*,#2220,.T.);
#3149=ORIENTED_EDGE('',*,*,#2226,.T.);
#3150=ORIENTED_EDGE('',*,*,#2010,.F.);
#3151=ORIENTED_EDGE('',*,*,#2224,.F.);
#3152=ORIENTED_EDGE('',*,*,#2222,.T.);
#3153=ORIENTED_EDGE('',*,*,#2225,.T.);
#3154=ORIENTED_EDGE('',*,*,#2007,.F.);
#3155=ORIENTED_EDGE('',*,*,#2227,.F.);
#3156=ORIENTED_EDGE('',*,*,#2223,.T.);
#3157=ORIENTED_EDGE('',*,*,#2227,.T.);
#3158=ORIENTED_EDGE('',*,*,#2013,.F.);
#3159=ORIENTED_EDGE('',*,*,#2226,.F.);
#3160=ORIENTED_EDGE('',*,*,#1781,.F.);
#3161=ORIENTED_EDGE('',*,*,#2228,.T.);
#3162=ORIENTED_EDGE('',*,*,#1854,.F.);
#3163=ORIENTED_EDGE('',*,*,#2228,.F.);
#3164=ORIENTED_EDGE('',*,*,#1780,.F.);
#3165=ORIENTED_EDGE('',*,*,#2229,.T.);
#3166=ORIENTED_EDGE('',*,*,#1853,.F.);
#3167=ORIENTED_EDGE('',*,*,#2229,.F.);
#3168=ORIENTED_EDGE('',*,*,#1779,.F.);
#3169=ORIENTED_EDGE('',*,*,#2230,.T.);
#3170=ORIENTED_EDGE('',*,*,#1852,.F.);
#3171=ORIENTED_EDGE('',*,*,#2230,.F.);
#3172=ORIENTED_EDGE('',*,*,#1778,.F.);
#3173=ORIENTED_EDGE('',*,*,#2231,.T.);
#3174=ORIENTED_EDGE('',*,*,#1851,.F.);
#3175=ORIENTED_EDGE('',*,*,#2231,.F.);
#3176=ORIENTED_EDGE('',*,*,#2080,.T.);
#3177=ORIENTED_EDGE('',*,*,#2084,.T.);
#3178=ORIENTED_EDGE('',*,*,#1787,.F.);
#3179=ORIENTED_EDGE('',*,*,#2002,.F.);
#3180=ORIENTED_EDGE('',*,*,#1951,.F.);
#3181=ORIENTED_EDGE('',*,*,#1849,.F.);
#3182=CYLINDRICAL_SURFACE('',#3427,2.);
#3183=CYLINDRICAL_SURFACE('',#3430,2.);
#3184=CYLINDRICAL_SURFACE('',#3433,2.);
#3185=CYLINDRICAL_SURFACE('',#3434,2.);
#3186=CYLINDRICAL_SURFACE('',#3449,2.);
#3187=CYLINDRICAL_SURFACE('',#3462,2.);
#3188=CYLINDRICAL_SURFACE('',#3475,2.);
#3189=CYLINDRICAL_SURFACE('',#3488,2.);
#3190=CYLINDRICAL_SURFACE('',#3497,4.);
#3191=CYLINDRICAL_SURFACE('',#3499,4.);
#3192=CYLINDRICAL_SURFACE('',#3501,4.);
#3193=CYLINDRICAL_SURFACE('',#3504,4.);
#3194=CYLINDRICAL_SURFACE('',#3506,4.);
#3195=CYLINDRICAL_SURFACE('',#3508,4.);
#3196=CYLINDRICAL_SURFACE('',#3529,2.);
#3197=CYLINDRICAL_SURFACE('',#3534,2.);
#3198=CYLINDRICAL_SURFACE('',#3539,2.);
#3199=CYLINDRICAL_SURFACE('',#3544,2.);
#3200=CYLINDRICAL_SURFACE('',#3546,1.);
#3201=CYLINDRICAL_SURFACE('',#3549,1.);
#3202=CYLINDRICAL_SURFACE('',#3552,1.);
#3203=CYLINDRICAL_SURFACE('',#3553,1.);
#3204=CYLINDRICAL_SURFACE('',#3556,4.);
#3205=CYLINDRICAL_SURFACE('',#3557,4.);
#3206=CYLINDRICAL_SURFACE('',#3558,4.);
#3207=CYLINDRICAL_SURFACE('',#3559,4.);
#3208=CYLINDRICAL_SURFACE('',#3561,4.);
#3209=CYLINDRICAL_SURFACE('',#3562,4.);
#3210=CYLINDRICAL_SURFACE('',#3675,1.75);
#3211=CYLINDRICAL_SURFACE('',#3676,1.75);
#3212=CYLINDRICAL_SURFACE('',#3677,1.75);
#3213=CYLINDRICAL_SURFACE('',#3678,1.75);
#3214=ADVANCED_FACE('',(#328),#3182,.F.);
#3215=ADVANCED_FACE('',(#329),#3183,.F.);
#3216=ADVANCED_FACE('',(#330),#3184,.F.);
#3217=ADVANCED_FACE('',(#331),#3185,.F.);
#3218=ADVANCED_FACE('',(#332),#126,.T.);
#3219=ADVANCED_FACE('',(#333),#127,.T.);
#3220=ADVANCED_FACE('',(#334,#97,#98,#99,#100),#128,.T.);
#3221=ADVANCED_FACE('',(#335),#89,.T.);
#3222=ADVANCED_FACE('',(#336),#3186,.T.);
#3223=ADVANCED_FACE('',(#337),#90,.T.);
#3224=ADVANCED_FACE('',(#338),#85,.F.);
#3225=ADVANCED_FACE('',(#339),#91,.T.);
#3226=ADVANCED_FACE('',(#340),#3187,.T.);
#3227=ADVANCED_FACE('',(#341),#92,.T.);
#3228=ADVANCED_FACE('',(#342),#86,.F.);
#3229=ADVANCED_FACE('',(#343),#93,.T.);
#3230=ADVANCED_FACE('',(#344),#3188,.T.);
#3231=ADVANCED_FACE('',(#345),#94,.T.);
#3232=ADVANCED_FACE('',(#346),#87,.F.);
#3233=ADVANCED_FACE('',(#347),#95,.T.);
#3234=ADVANCED_FACE('',(#348),#3189,.T.);
#3235=ADVANCED_FACE('',(#349),#96,.T.);
#3236=ADVANCED_FACE('',(#350),#88,.F.);
#3237=ADVANCED_FACE('',(#351,#101),#129,.T.);
#3238=ADVANCED_FACE('',(#352),#3190,.F.);
#3239=ADVANCED_FACE('',(#353),#3191,.T.);
#3240=ADVANCED_FACE('',(#354),#3192,.F.);
#3241=ADVANCED_FACE('',(#355),#130,.T.);
#3242=ADVANCED_FACE('',(#356),#3193,.F.);
#3243=ADVANCED_FACE('',(#357),#3194,.T.);
#3244=ADVANCED_FACE('',(#358),#3195,.F.);
#3245=ADVANCED_FACE('',(#359,#102,#103,#104,#105,#106,#107,#108,#109,#110,
#111,#112,#113,#114,#115,#116,#117),#131,.F.);
#3246=ADVANCED_FACE('',(#360),#45,.F.);
#3247=ADVANCED_FACE('',(#361,#118,#119,#120,#121,#122),#132,.T.);
#3248=ADVANCED_FACE('',(#362),#3196,.F.);
#3249=ADVANCED_FACE('',(#363),#46,.F.);
#3250=ADVANCED_FACE('',(#364),#3197,.F.);
#3251=ADVANCED_FACE('',(#365),#47,.F.);
#3252=ADVANCED_FACE('',(#366),#3198,.F.);
#3253=ADVANCED_FACE('',(#367),#48,.F.);
#3254=ADVANCED_FACE('',(#368),#3199,.F.);
#3255=ADVANCED_FACE('',(#369),#3200,.T.);
#3256=ADVANCED_FACE('',(#370),#3201,.T.);
#3257=ADVANCED_FACE('',(#371),#3202,.T.);
#3258=ADVANCED_FACE('',(#372),#3203,.T.);
#3259=ADVANCED_FACE('',(#373),#133,.F.);
#3260=ADVANCED_FACE('',(#374),#134,.F.);
#3261=ADVANCED_FACE('',(#375),#3204,.F.);
#3262=ADVANCED_FACE('',(#376),#3205,.F.);
#3263=ADVANCED_FACE('',(#377),#3206,.T.);
#3264=ADVANCED_FACE('',(#378),#3207,.F.);
#3265=ADVANCED_FACE('',(#379),#135,.T.);
#3266=ADVANCED_FACE('',(#380),#3208,.F.);
#3267=ADVANCED_FACE('',(#381),#3209,.T.);
#3268=ADVANCED_FACE('',(#382),#136,.T.);
#3269=ADVANCED_FACE('',(#383),#137,.T.);
#3270=ADVANCED_FACE('',(#384),#138,.T.);
#3271=ADVANCED_FACE('',(#385),#139,.T.);
#3272=ADVANCED_FACE('',(#386),#140,.T.);
#3273=ADVANCED_FACE('',(#387),#141,.T.);
#3274=ADVANCED_FACE('',(#388),#142,.T.);
#3275=ADVANCED_FACE('',(#389),#27,.F.);
#3276=ADVANCED_FACE('',(#390),#143,.F.);
#3277=ADVANCED_FACE('',(#391),#144,.F.);
#3278=ADVANCED_FACE('',(#392),#145,.F.);
#3279=ADVANCED_FACE('',(#393),#146,.F.);
#3280=ADVANCED_FACE('',(#394),#147,.F.);
#3281=ADVANCED_FACE('',(#395),#28,.F.);
#3282=ADVANCED_FACE('',(#396),#148,.F.);
#3283=ADVANCED_FACE('',(#397),#149,.F.);
#3284=ADVANCED_FACE('',(#398),#150,.F.);
#3285=ADVANCED_FACE('',(#399),#151,.T.);
#3286=ADVANCED_FACE('',(#400),#29,.F.);
#3287=ADVANCED_FACE('',(#401),#30,.F.);
#3288=ADVANCED_FACE('',(#402),#152,.F.);
#3289=ADVANCED_FACE('',(#403),#153,.F.);
#3290=ADVANCED_FACE('',(#404),#154,.F.);
#3291=ADVANCED_FACE('',(#405),#155,.F.);
#3292=ADVANCED_FACE('',(#406),#156,.F.);
#3293=ADVANCED_FACE('',(#407),#31,.F.);
#3294=ADVANCED_FACE('',(#408),#157,.F.);
#3295=ADVANCED_FACE('',(#409),#158,.F.);
#3296=ADVANCED_FACE('',(#410),#159,.F.);
#3297=ADVANCED_FACE('',(#411),#32,.F.);
#3298=ADVANCED_FACE('',(#412),#160,.F.);
#3299=ADVANCED_FACE('',(#413),#161,.F.);
#3300=ADVANCED_FACE('',(#414),#162,.F.);
#3301=ADVANCED_FACE('',(#415),#163,.T.);
#3302=ADVANCED_FACE('',(#416),#33,.F.);
#3303=ADVANCED_FACE('',(#417),#164,.F.);
#3304=ADVANCED_FACE('',(#418),#34,.F.);
#3305=ADVANCED_FACE('',(#419),#35,.F.);
#3306=ADVANCED_FACE('',(#420),#165,.F.);
#3307=ADVANCED_FACE('',(#421),#166,.T.);
#3308=ADVANCED_FACE('',(#422),#36,.F.);
#3309=ADVANCED_FACE('',(#423),#167,.T.);
#3310=ADVANCED_FACE('',(#424),#168,.F.);
#3311=ADVANCED_FACE('',(#425),#37,.F.);
#3312=ADVANCED_FACE('',(#426),#169,.F.);
#3313=ADVANCED_FACE('',(#427),#38,.F.);
#3314=ADVANCED_FACE('',(#428),#170,.F.);
#3315=ADVANCED_FACE('',(#429),#39,.F.);
#3316=ADVANCED_FACE('',(#430,#123),#171,.T.);
#3317=ADVANCED_FACE('',(#431),#172,.F.);
#3318=ADVANCED_FACE('',(#432),#173,.F.);
#3319=ADVANCED_FACE('',(#433),#174,.F.);
#3320=ADVANCED_FACE('',(#434),#175,.F.);
#3321=ADVANCED_FACE('',(#435),#176,.F.);
#3322=ADVANCED_FACE('',(#436),#40,.F.);
#3323=ADVANCED_FACE('',(#437),#177,.T.);
#3324=ADVANCED_FACE('',(#438),#41,.F.);
#3325=ADVANCED_FACE('',(#439),#178,.F.);
#3326=ADVANCED_FACE('',(#440),#42,.F.);
#3327=ADVANCED_FACE('',(#441),#179,.F.);
#3328=ADVANCED_FACE('',(#442),#180,.F.);
#3329=ADVANCED_FACE('',(#443),#181,.F.);
#3330=ADVANCED_FACE('',(#444),#182,.F.);
#3331=ADVANCED_FACE('',(#445,#124),#183,.T.);
#3332=ADVANCED_FACE('',(#446),#43,.F.);
#3333=ADVANCED_FACE('',(#447),#184,.F.);
#3334=ADVANCED_FACE('',(#448),#185,.F.);
#3335=ADVANCED_FACE('',(#449),#186,.F.);
#3336=ADVANCED_FACE('',(#450),#187,.F.);
#3337=ADVANCED_FACE('',(#451),#188,.F.);
#3338=ADVANCED_FACE('',(#452),#44,.F.);
#3339=ADVANCED_FACE('',(#453),#189,.F.);
#3340=ADVANCED_FACE('',(#454),#190,.F.);
#3341=ADVANCED_FACE('',(#455),#191,.F.);
#3342=ADVANCED_FACE('',(#456),#192,.T.);
#3343=ADVANCED_FACE('',(#457),#193,.F.);
#3344=ADVANCED_FACE('',(#458),#194,.F.);
#3345=ADVANCED_FACE('',(#459),#195,.F.);
#3346=ADVANCED_FACE('',(#460),#196,.F.);
#3347=ADVANCED_FACE('',(#461),#197,.F.);
#3348=ADVANCED_FACE('',(#462),#198,.F.);
#3349=ADVANCED_FACE('',(#463),#199,.F.);
#3350=ADVANCED_FACE('',(#464),#200,.F.);
#3351=ADVANCED_FACE('',(#465),#201,.F.);
#3352=ADVANCED_FACE('',(#466),#202,.F.);
#3353=ADVANCED_FACE('',(#467),#203,.F.);
#3354=ADVANCED_FACE('',(#468),#204,.F.);
#3355=ADVANCED_FACE('',(#469),#205,.F.);
#3356=ADVANCED_FACE('',(#470),#206,.F.);
#3357=ADVANCED_FACE('',(#471),#207,.F.);
#3358=ADVANCED_FACE('',(#472),#208,.F.);
#3359=ADVANCED_FACE('',(#473),#209,.F.);
#3360=ADVANCED_FACE('',(#474),#210,.F.);
#3361=ADVANCED_FACE('',(#475),#211,.F.);
#3362=ADVANCED_FACE('',(#476),#212,.F.);
#3363=ADVANCED_FACE('',(#477),#213,.F.);
#3364=ADVANCED_FACE('',(#478),#214,.F.);
#3365=ADVANCED_FACE('',(#479),#215,.F.);
#3366=ADVANCED_FACE('',(#480),#216,.F.);
#3367=ADVANCED_FACE('',(#481),#217,.F.);
#3368=ADVANCED_FACE('',(#482),#218,.F.);
#3369=ADVANCED_FACE('',(#483),#219,.F.);
#3370=ADVANCED_FACE('',(#484),#220,.F.);
#3371=ADVANCED_FACE('',(#485),#221,.F.);
#3372=ADVANCED_FACE('',(#486),#222,.F.);
#3373=ADVANCED_FACE('',(#487),#223,.F.);
#3374=ADVANCED_FACE('',(#488),#224,.F.);
#3375=ADVANCED_FACE('',(#489),#225,.F.);
#3376=ADVANCED_FACE('',(#490),#226,.F.);
#3377=ADVANCED_FACE('',(#491),#227,.F.);
#3378=ADVANCED_FACE('',(#492),#228,.F.);
#3379=ADVANCED_FACE('',(#493),#229,.F.);
#3380=ADVANCED_FACE('',(#494),#230,.F.);
#3381=ADVANCED_FACE('',(#495),#231,.F.);
#3382=ADVANCED_FACE('',(#496),#232,.F.);
#3383=ADVANCED_FACE('',(#497),#233,.F.);
#3384=ADVANCED_FACE('',(#498),#234,.F.);
#3385=ADVANCED_FACE('',(#499),#235,.T.);
#3386=ADVANCED_FACE('',(#500),#236,.T.);
#3387=ADVANCED_FACE('',(#501),#237,.T.);
#3388=ADVANCED_FACE('',(#502),#238,.T.);
#3389=ADVANCED_FACE('',(#503),#239,.F.);
#3390=ADVANCED_FACE('',(#504),#240,.F.);
#3391=ADVANCED_FACE('',(#505),#241,.F.);
#3392=ADVANCED_FACE('',(#506),#242,.F.);
#3393=ADVANCED_FACE('',(#507,#125),#243,.F.);
#3394=ADVANCED_FACE('',(#508),#244,.T.);
#3395=ADVANCED_FACE('',(#509),#245,.T.);
#3396=ADVANCED_FACE('',(#510),#246,.T.);
#3397=ADVANCED_FACE('',(#511),#247,.T.);
#3398=ADVANCED_FACE('',(#512),#3210,.F.);
#3399=ADVANCED_FACE('',(#513),#3211,.F.);
#3400=ADVANCED_FACE('',(#514),#3212,.F.);
#3401=ADVANCED_FACE('',(#515),#3213,.F.);
#3402=ADVANCED_FACE('',(#516),#248,.F.);
#3403=ADVANCED_FACE('',(#517),#249,.T.);
#3404=CLOSED_SHELL('',(#3214,#3215,#3216,#3217,#3218,#3219,#3220,#3221,
#3222,#3223,#3224,#3225,#3226,#3227,#3228,#3229,#3230,#3231,#3232,#3233,
#3234,#3235,#3236,#3237,#3238,#3239,#3240,#3241,#3242,#3243,#3244,#3245,
#3246,#3247,#3248,#3249,#3250,#3251,#3252,#3253,#3254,#3255,#3256,#3257,
#3258,#3259,#3260,#3261,#3262,#3263,#3264,#3265,#3266,#3267,#3268,#3269,
#3270,#3271,#3272,#3273,#3274,#3275,#3276,#3277,#3278,#3279,#3280,#3281,
#3282,#3283,#3284,#3285,#3286,#3287,#3288,#3289,#3290,#3291,#3292,#3293,
#3294,#3295,#3296,#3297,#3298,#3299,#3300,#3301,#3302,#3303,#3304,#3305,
#3306,#3307,#3308,#3309,#3310,#3311,#3312,#3313,#3314,#3315,#3316,#3317,
#3318,#3319,#3320,#3321,#3322,#3323,#3324,#3325,#3326,#3327,#3328,#3329,
#3330,#3331,#3332,#3333,#3334,#3335,#3336,#3337,#3338,#3339,#3340,#3341,
#3342,#3343,#3344,#3345,#3346,#3347,#3348,#3349,#3350,#3351,#3352,#3353,
#3354,#3355,#3356,#3357,#3358,#3359,#3360,#3361,#3362,#3363,#3364,#3365,
#3366,#3367,#3368,#3369,#3370,#3371,#3372,#3373,#3374,#3375,#3376,#3377,
#3378,#3379,#3380,#3381,#3382,#3383,#3384,#3385,#3386,#3387,#3388,#3389,
#3390,#3391,#3392,#3393,#3394,#3395,#3396,#3397,#3398,#3399,#3400,#3401,
#3402,#3403));
#3405=DERIVED_UNIT_ELEMENT(#3408,1.);
#3406=DERIVED_UNIT_ELEMENT(#7059,-3.);
#3407=DIMENSIONAL_EXPONENTS(0.,1.,0.,0.,0.,0.,0.);
#3408=(
CONVERSION_BASED_UNIT('gram',#3410)
MASS_UNIT()
NAMED_UNIT(#3407)
);
#3409=(
MASS_UNIT()
NAMED_UNIT(*)
SI_UNIT(.KILO.,.GRAM.)
);
#3410=MASS_MEASURE_WITH_UNIT(MASS_MEASURE(0.001),#3409);
#3411=DERIVED_UNIT((#3405,#3406));
#3412=MEASURE_REPRESENTATION_ITEM('density measure',
POSITIVE_RATIO_MEASURE(0.93),#3411);
#3413=PROPERTY_DEFINITION_REPRESENTATION(#3418,#3415);
#3414=PROPERTY_DEFINITION_REPRESENTATION(#3419,#3416);
#3415=REPRESENTATION('material name',(#3417),#7056);
#3416=REPRESENTATION('density',(#3412),#7056);
#3417=DESCRIPTIVE_REPRESENTATION_ITEM('Gummi','Gummi');
#3418=PROPERTY_DEFINITION('material property','material name',#7066);
#3419=PROPERTY_DEFINITION('material property','density of part',#7066);
#3420=DATE_TIME_ROLE('creation_date');
#3421=APPLIED_DATE_AND_TIME_ASSIGNMENT(#3422,#3420,(#7066));
#3422=DATE_AND_TIME(#3423,#3424);
#3423=CALENDAR_DATE(2025,18,1);
#3424=LOCAL_TIME(0,0,0.,#3425);
#3425=COORDINATED_UNIVERSAL_TIME_OFFSET(0,0,.BEHIND.);
#3426=AXIS2_PLACEMENT_3D('',#4544,#3681,#3682);
#3427=AXIS2_PLACEMENT_3D('',#4545,#3683,#3684);
#3428=AXIS2_PLACEMENT_3D('',#4550,#3686,#3687);
#3429=AXIS2_PLACEMENT_3D('',#4553,#3689,#3690);
#3430=AXIS2_PLACEMENT_3D('',#4554,#3691,#3692);
#3431=AXIS2_PLACEMENT_3D('',#4559,#3694,#3695);
#3432=AXIS2_PLACEMENT_3D('',#4562,#3697,#3698);
#3433=AXIS2_PLACEMENT_3D('',#4563,#3699,#3700);
#3434=AXIS2_PLACEMENT_3D('',#4566,#3703,#3704);
#3435=AXIS2_PLACEMENT_3D('',#4569,#3705,#3706);
#3436=AXIS2_PLACEMENT_3D('',#4573,#3708,#3709);
#3437=AXIS2_PLACEMENT_3D('',#4577,#3713,#3714);
#3438=AXIS2_PLACEMENT_3D('',#4583,#3718,#3719);
#3439=AXIS2_PLACEMENT_3D('',#4587,#3722,#3723);
#3440=AXIS2_PLACEMENT_3D('',#4589,#3724,#3725);
#3441=AXIS2_PLACEMENT_3D('',#4591,#3726,#3727);
#3442=AXIS2_PLACEMENT_3D('',#4593,#3728,#3729);
#3443=AXIS2_PLACEMENT_3D('',#4595,#3730,#3731);
#3444=AXIS2_PLACEMENT_3D('',#4596,#3732,#3733);
#3445=AXIS2_PLACEMENT_3D('',#4599,#3734,#3735);
#3446=AXIS2_PLACEMENT_3D('',#4601,#3736,#3737);
#3447=AXIS2_PLACEMENT_3D('',#4603,#3738,#3739);
#3448=AXIS2_PLACEMENT_3D('',#4604,#3740,#3741);
#3449=AXIS2_PLACEMENT_3D('',#4605,#3742,#3743);
#3450=AXIS2_PLACEMENT_3D('',#4608,#3744,#3745);
#3451=AXIS2_PLACEMENT_3D('',#4611,#3748,#3749);
#3452=AXIS2_PLACEMENT_3D('',#4614,#3750,#3751);
#3453=AXIS2_PLACEMENT_3D('',#4615,#3752,#3753);
#3454=AXIS2_PLACEMENT_3D('',#4616,#3754,#3755);
#3455=AXIS2_PLACEMENT_3D('',#4640,#3756,#3757);
#3456=AXIS2_PLACEMENT_3D('',#4641,#3758,#3759);
#3457=AXIS2_PLACEMENT_3D('',#4642,#3760,#3761);
#3458=AXIS2_PLACEMENT_3D('',#4643,#3762,#3763);
#3459=AXIS2_PLACEMENT_3D('',#4646,#3764,#3765);
#3460=AXIS2_PLACEMENT_3D('',#4647,#3766,#3767);
#3461=AXIS2_PLACEMENT_3D('',#4648,#3768,#3769);
#3462=AXIS2_PLACEMENT_3D('',#4649,#3770,#3771);
#3463=AXIS2_PLACEMENT_3D('',#4652,#3772,#3773);
#3464=AXIS2_PLACEMENT_3D('',#4655,#3776,#3777);
#3465=AXIS2_PLACEMENT_3D('',#4658,#3778,#3779);
#3466=AXIS2_PLACEMENT_3D('',#4659,#3780,#3781);
#3467=AXIS2_PLACEMENT_3D('',#4660,#3782,#3783);
#3468=AXIS2_PLACEMENT_3D('',#4684,#3784,#3785);
#3469=AXIS2_PLACEMENT_3D('',#4685,#3786,#3787);
#3470=AXIS2_PLACEMENT_3D('',#4686,#3788,#3789);
#3471=AXIS2_PLACEMENT_3D('',#4687,#3790,#3791);
#3472=AXIS2_PLACEMENT_3D('',#4690,#3792,#3793);
#3473=AXIS2_PLACEMENT_3D('',#4691,#3794,#3795);
#3474=AXIS2_PLACEMENT_3D('',#4692,#3796,#3797);
#3475=AXIS2_PLACEMENT_3D('',#4693,#3798,#3799);
#3476=AXIS2_PLACEMENT_3D('',#4696,#3800,#3801);
#3477=AXIS2_PLACEMENT_3D('',#4699,#3804,#3805);
#3478=AXIS2_PLACEMENT_3D('',#4702,#3806,#3807);
#3479=AXIS2_PLACEMENT_3D('',#4703,#3808,#3809);
#3480=AXIS2_PLACEMENT_3D('',#4704,#3810,#3811);
#3481=AXIS2_PLACEMENT_3D('',#4728,#3812,#3813);
#3482=AXIS2_PLACEMENT_3D('',#4729,#3814,#3815);
#3483=AXIS2_PLACEMENT_3D('',#4730,#3816,#3817);
#3484=AXIS2_PLACEMENT_3D('',#4731,#3818,#3819);
#3485=AXIS2_PLACEMENT_3D('',#4734,#3820,#3821);
#3486=AXIS2_PLACEMENT_3D('',#4735,#3822,#3823);
#3487=AXIS2_PLACEMENT_3D('',#4736,#3824,#3825);
#3488=AXIS2_PLACEMENT_3D('',#4737,#3826,#3827);
#3489=AXIS2_PLACEMENT_3D('',#4740,#3828,#3829);
#3490=AXIS2_PLACEMENT_3D('',#4743,#3832,#3833);
#3491=AXIS2_PLACEMENT_3D('',#4746,#3834,#3835);
#3492=AXIS2_PLACEMENT_3D('',#4747,#3836,#3837);
#3493=AXIS2_PLACEMENT_3D('',#4748,#3838,#3839);
#3494=AXIS2_PLACEMENT_3D('',#4770,#3840,#3841);
#3495=AXIS2_PLACEMENT_3D('',#4771,#3842,#3843);
#3496=AXIS2_PLACEMENT_3D('',#4772,#3844,#3845);
#3497=AXIS2_PLACEMENT_3D('',#4786,#3853,#3854);
#3498=AXIS2_PLACEMENT_3D('',#4789,#3856,#3857);
#3499=AXIS2_PLACEMENT_3D('',#4790,#3858,#3859);
#3500=AXIS2_PLACEMENT_3D('',#4793,#3861,#3862);
#3501=AXIS2_PLACEMENT_3D('',#4794,#3863,#3864);
#3502=AXIS2_PLACEMENT_3D('',#4797,#3866,#3867);
#3503=AXIS2_PLACEMENT_3D('',#4798,#3868,#3869);
#3504=AXIS2_PLACEMENT_3D('',#4802,#3872,#3873);
#3505=AXIS2_PLACEMENT_3D('',#4805,#3875,#3876);
#3506=AXIS2_PLACEMENT_3D('',#4806,#3877,#3878);
#3507=AXIS2_PLACEMENT_3D('',#4809,#3880,#3881);
#3508=AXIS2_PLACEMENT_3D('',#4810,#3882,#3883);
#3509=AXIS2_PLACEMENT_3D('',#4813,#3885,#3886);
#3510=AXIS2_PLACEMENT_3D('',#4814,#3887,#3888);
#3511=AXIS2_PLACEMENT_3D('',#4816,#3889,#3890);
#3512=AXIS2_PLACEMENT_3D('',#4818,#3891,#3892);
#3513=AXIS2_PLACEMENT_3D('',#4820,#3893,#3894);
#3514=AXIS2_PLACEMENT_3D('',#4822,#3895,#3896);
#3515=AXIS2_PLACEMENT_3D('',#5316,#3973,#3974);
#3516=AXIS2_PLACEMENT_3D('',#5318,#3975,#3976);
#3517=AXIS2_PLACEMENT_3D('',#5322,#3978,#3979);
#3518=AXIS2_PLACEMENT_3D('',#5323,#3980,#3981);
#3519=AXIS2_PLACEMENT_3D('',#5324,#3982,#3983);
#3520=AXIS2_PLACEMENT_3D('',#5328,#3985,#3986);
#3521=AXIS2_PLACEMENT_3D('',#5330,#3987,#3988);
#3522=AXIS2_PLACEMENT_3D('',#5332,#3989,#3990);
#3523=AXIS2_PLACEMENT_3D('',#5336,#3992,#3993);
#3524=AXIS2_PLACEMENT_3D('',#5338,#3994,#3995);
#3525=AXIS2_PLACEMENT_3D('',#5339,#3996,#3997);
#3526=AXIS2_PLACEMENT_3D('',#5341,#3998,#3999);
#3527=AXIS2_PLACEMENT_3D('',#5343,#4000,#4001);
#3528=AXIS2_PLACEMENT_3D('',#5353,#4006,#4007);
#3529=AXIS2_PLACEMENT_3D('',#5354,#4008,#4009);
#3530=AXIS2_PLACEMENT_3D('',#5357,#4011,#4012);
#3531=AXIS2_PLACEMENT_3D('',#5358,#4013,#4014);
#3532=AXIS2_PLACEMENT_3D('',#5362,#4016,#4017);
#3533=AXIS2_PLACEMENT_3D('',#5363,#4018,#4019);
#3534=AXIS2_PLACEMENT_3D('',#5364,#4020,#4021);
#3535=AXIS2_PLACEMENT_3D('',#5367,#4023,#4024);
#3536=AXIS2_PLACEMENT_3D('',#5368,#4025,#4026);
#3537=AXIS2_PLACEMENT_3D('',#5372,#4028,#4029);
#3538=AXIS2_PLACEMENT_3D('',#5373,#4030,#4031);
#3539=AXIS2_PLACEMENT_3D('',#5374,#4032,#4033);
#3540=AXIS2_PLACEMENT_3D('',#5377,#4035,#4036);
#3541=AXIS2_PLACEMENT_3D('',#5378,#4037,#4038);
#3542=AXIS2_PLACEMENT_3D('',#5382,#4040,#4041);
#3543=AXIS2_PLACEMENT_3D('',#5383,#4042,#4043);
#3544=AXIS2_PLACEMENT_3D('',#5384,#4044,#4045);
#3545=AXIS2_PLACEMENT_3D('',#5387,#4047,#4048);
#3546=AXIS2_PLACEMENT_3D('',#5388,#4049,#4050);
#3547=AXIS2_PLACEMENT_3D('',#5390,#4051,#4052);
#3548=AXIS2_PLACEMENT_3D('',#5393,#4054,#4055);
#3549=AXIS2_PLACEMENT_3D('',#5394,#4056,#4057);
#3550=AXIS2_PLACEMENT_3D('',#5396,#4058,#4059);
#3551=AXIS2_PLACEMENT_3D('',#5399,#4061,#4062);
#3552=AXIS2_PLACEMENT_3D('',#5400,#4063,#4064);
#3553=AXIS2_PLACEMENT_3D('',#5402,#4066,#4067);
#3554=AXIS2_PLACEMENT_3D('',#5404,#4069,#4070);
#3555=AXIS2_PLACEMENT_3D('',#5410,#4074,#4075);
#3556=AXIS2_PLACEMENT_3D('',#5413,#4078,#4079);
#3557=AXIS2_PLACEMENT_3D('',#5415,#4081,#4082);
#3558=AXIS2_PLACEMENT_3D('',#5418,#4085,#4086);
#3559=AXIS2_PLACEMENT_3D('',#5419,#4087,#4088);
#3560=AXIS2_PLACEMENT_3D('',#5422,#4091,#4092);
#3561=AXIS2_PLACEMENT_3D('',#5423,#4093,#4094);
#3562=AXIS2_PLACEMENT_3D('',#5426,#4097,#4098);
#3563=AXIS2_PLACEMENT_3D('',#5427,#4099,#4100);
#3564=AXIS2_PLACEMENT_3D('',#5435,#4105,#4106);
#3565=AXIS2_PLACEMENT_3D('',#5441,#4110,#4111);
#3566=AXIS2_PLACEMENT_3D('',#5445,#4114,#4115);
#3567=AXIS2_PLACEMENT_3D('',#5450,#4119,#4120);
#3568=AXIS2_PLACEMENT_3D('',#5453,#4123,#4124);
#3569=AXIS2_PLACEMENT_3D('',#5455,#4126,#4127);
#3570=AXIS2_PLACEMENT_3D('',#5508,#4130,#4131);
#3571=AXIS2_PLACEMENT_3D('',#5512,#4134,#4135);
#3572=AXIS2_PLACEMENT_3D('',#5516,#4138,#4139);
#3573=AXIS2_PLACEMENT_3D('',#5520,#4142,#4143);
#3574=AXIS2_PLACEMENT_3D('',#5524,#4146,#4147);
#3575=AXIS2_PLACEMENT_3D('',#5578,#4151,#4152);
#3576=AXIS2_PLACEMENT_3D('',#5582,#4155,#4156);
#3577=AXIS2_PLACEMENT_3D('',#5586,#4159,#4160);
#3578=AXIS2_PLACEMENT_3D('',#5588,#4162,#4163);
#3579=AXIS2_PLACEMENT_3D('',#5682,#4167,#4168);
#3580=AXIS2_PLACEMENT_3D('',#5686,#4171,#4172);
#3581=AXIS2_PLACEMENT_3D('',#5690,#4175,#4176);
#3582=AXIS2_PLACEMENT_3D('',#5694,#4179,#4180);
#3583=AXIS2_PLACEMENT_3D('',#5698,#4183,#4184);
#3584=AXIS2_PLACEMENT_3D('',#5752,#4188,#4189);
#3585=AXIS2_PLACEMENT_3D('',#5756,#4192,#4193);
#3586=AXIS2_PLACEMENT_3D('',#5760,#4196,#4197);
#3587=AXIS2_PLACEMENT_3D('',#5814,#4201,#4202);
#3588=AXIS2_PLACEMENT_3D('',#5818,#4205,#4206);
#3589=AXIS2_PLACEMENT_3D('',#5822,#4209,#4210);
#3590=AXIS2_PLACEMENT_3D('',#5824,#4212,#4213);
#3591=AXIS2_PLACEMENT_3D('',#5922,#4216,#4217);
#3592=AXIS2_PLACEMENT_3D('',#6026,#4222,#4223);
#3593=AXIS2_PLACEMENT_3D('',#6028,#4225,#4226);
#3594=AXIS2_PLACEMENT_3D('',#6106,#4228,#4229);
#3595=AXIS2_PLACEMENT_3D('',#6107,#4230,#4231);
#3596=AXIS2_PLACEMENT_3D('',#6192,#4236,#4237);
#3597=AXIS2_PLACEMENT_3D('',#6248,#4242,#4243);
#3598=AXIS2_PLACEMENT_3D('',#6372,#4246,#4247);
#3599=AXIS2_PLACEMENT_3D('',#6373,#4248,#4249);
#3600=AXIS2_PLACEMENT_3D('',#6379,#4253,#4254);
#3601=AXIS2_PLACEMENT_3D('',#6383,#4257,#4258);
#3602=AXIS2_PLACEMENT_3D('',#6387,#4261,#4262);
#3603=AXIS2_PLACEMENT_3D('',#6389,#4264,#4265);
#3604=AXIS2_PLACEMENT_3D('',#6467,#4267,#4268);
#3605=AXIS2_PLACEMENT_3D('',#6607,#4270,#4271);
#3606=AXIS2_PLACEMENT_3D('',#6708,#4276,#4277);
#3607=AXIS2_PLACEMENT_3D('',#6712,#4280,#4281);
#3608=AXIS2_PLACEMENT_3D('',#6716,#4284,#4285);
#3609=AXIS2_PLACEMENT_3D('',#6720,#4288,#4289);
#3610=AXIS2_PLACEMENT_3D('',#6722,#4291,#4292);
#3611=AXIS2_PLACEMENT_3D('',#6775,#4295,#4296);
#3612=AXIS2_PLACEMENT_3D('',#6779,#4299,#4300);
#3613=AXIS2_PLACEMENT_3D('',#6783,#4303,#4304);
#3614=AXIS2_PLACEMENT_3D('',#6787,#4307,#4308);
#3615=AXIS2_PLACEMENT_3D('',#6791,#4311,#4312);
#3616=AXIS2_PLACEMENT_3D('',#6845,#4316,#4317);
#3617=AXIS2_PLACEMENT_3D('',#6849,#4320,#4321);
#3618=AXIS2_PLACEMENT_3D('',#6853,#4324,#4325);
#3619=AXIS2_PLACEMENT_3D('',#6855,#4327,#4328);
#3620=AXIS2_PLACEMENT_3D('',#6856,#4329,#4330);
#3621=AXIS2_PLACEMENT_3D('',#6862,#4334,#4335);
#3622=AXIS2_PLACEMENT_3D('',#6866,#4338,#4339);
#3623=AXIS2_PLACEMENT_3D('',#6870,#4342,#4343);
#3624=AXIS2_PLACEMENT_3D('',#6874,#4346,#4347);
#3625=AXIS2_PLACEMENT_3D('',#6878,#4350,#4351);
#3626=AXIS2_PLACEMENT_3D('',#6882,#4354,#4355);
#3627=AXIS2_PLACEMENT_3D('',#6886,#4358,#4359);
#3628=AXIS2_PLACEMENT_3D('',#6890,#4362,#4363);
#3629=AXIS2_PLACEMENT_3D('',#6894,#4366,#4367);
#3630=AXIS2_PLACEMENT_3D('',#6898,#4370,#4371);
#3631=AXIS2_PLACEMENT_3D('',#6902,#4374,#4375);
#3632=AXIS2_PLACEMENT_3D('',#6904,#4377,#4378);
#3633=AXIS2_PLACEMENT_3D('',#6905,#4379,#4380);
#3634=AXIS2_PLACEMENT_3D('',#6911,#4384,#4385);
#3635=AXIS2_PLACEMENT_3D('',#6915,#4388,#4389);
#3636=AXIS2_PLACEMENT_3D('',#6919,#4392,#4393);
#3637=AXIS2_PLACEMENT_3D('',#6923,#4396,#4397);
#3638=AXIS2_PLACEMENT_3D('',#6927,#4400,#4401);
#3639=AXIS2_PLACEMENT_3D('',#6931,#4404,#4405);
#3640=AXIS2_PLACEMENT_3D('',#6935,#4408,#4409);
#3641=AXIS2_PLACEMENT_3D('',#6939,#4412,#4413);
#3642=AXIS2_PLACEMENT_3D('',#6943,#4416,#4417);
#3643=AXIS2_PLACEMENT_3D('',#6947,#4420,#4421);
#3644=AXIS2_PLACEMENT_3D('',#6951,#4424,#4425);
#3645=AXIS2_PLACEMENT_3D('',#6953,#4427,#4428);
#3646=AXIS2_PLACEMENT_3D('',#6954,#4429,#4430);
#3647=AXIS2_PLACEMENT_3D('',#6960,#4434,#4435);
#3648=AXIS2_PLACEMENT_3D('',#6964,#4438,#4439);
#3649=AXIS2_PLACEMENT_3D('',#6968,#4442,#4443);
#3650=AXIS2_PLACEMENT_3D('',#6972,#4446,#4447);
#3651=AXIS2_PLACEMENT_3D('',#6976,#4450,#4451);
#3652=AXIS2_PLACEMENT_3D('',#6980,#4454,#4455);
#3653=AXIS2_PLACEMENT_3D('',#6984,#4458,#4459);
#3654=AXIS2_PLACEMENT_3D('',#6988,#4462,#4463);
#3655=AXIS2_PLACEMENT_3D('',#6992,#4466,#4467);
#3656=AXIS2_PLACEMENT_3D('',#6996,#4470,#4471);
#3657=AXIS2_PLACEMENT_3D('',#7000,#4474,#4475);
#3658=AXIS2_PLACEMENT_3D('',#7002,#4477,#4478);
#3659=AXIS2_PLACEMENT_3D('',#7003,#4479,#4480);
#3660=AXIS2_PLACEMENT_3D('',#7004,#4481,#4482);
#3661=AXIS2_PLACEMENT_3D('',#7006,#4484,#4485);
#3662=AXIS2_PLACEMENT_3D('',#7007,#4486,#4487);
#3663=AXIS2_PLACEMENT_3D('',#7008,#4488,#4489);
#3664=AXIS2_PLACEMENT_3D('',#7009,#4490,#4491);
#3665=AXIS2_PLACEMENT_3D('',#7010,#4492,#4493);
#3666=AXIS2_PLACEMENT_3D('',#7011,#4494,#4495);
#3667=AXIS2_PLACEMENT_3D('',#7017,#4499,#4500);
#3668=AXIS2_PLACEMENT_3D('',#7021,#4503,#4504);
#3669=AXIS2_PLACEMENT_3D('',#7025,#4507,#4508);
#3670=AXIS2_PLACEMENT_3D('',#7027,#4510,#4511);
#3671=AXIS2_PLACEMENT_3D('',#7036,#4516,#4517);
#3672=AXIS2_PLACEMENT_3D('',#7039,#4520,#4521);
#3673=AXIS2_PLACEMENT_3D('',#7041,#4523,#4524);
#3674=AXIS2_PLACEMENT_3D('',#7043,#4526,#4527);
#3675=AXIS2_PLACEMENT_3D('',#7044,#4528,#4529);
#3676=AXIS2_PLACEMENT_3D('',#7046,#4531,#4532);
#3677=AXIS2_PLACEMENT_3D('',#7048,#4534,#4535);
#3678=AXIS2_PLACEMENT_3D('',#7050,#4537,#4538);
#3679=AXIS2_PLACEMENT_3D('',#7052,#4540,#4541);
#3680=AXIS2_PLACEMENT_3D('',#7053,#4542,#4543);
#3681=DIRECTION('axis',(0.,0.,1.));
#3682=DIRECTION('refdir',(1.,0.,0.));
#3683=DIRECTION('center_axis',(1.,5.70320046896485E-16,0.));
#3684=DIRECTION('ref_axis',(0.,0.707106781186546,-0.707106781186549));
#3685=DIRECTION('',(-1.,-5.70320046896485E-16,0.));
#3686=DIRECTION('center_axis',(-0.707106781186548,-0.707106781186548,0.));
#3687=DIRECTION('ref_axis',(-0.707106781186547,0.707106781186547,0.));
#3688=DIRECTION('',(1.,5.70320046896485E-16,0.));
#3689=DIRECTION('center_axis',(0.707106781186548,-0.707106781186548,0.));
#3690=DIRECTION('ref_axis',(-0.707106781186547,-0.707106781186547,0.));
#3691=DIRECTION('center_axis',(-1.,5.70320046896485E-16,0.));
#3692=DIRECTION('ref_axis',(0.,-0.707106781186546,-0.707106781186549));
#3693=DIRECTION('',(-1.,5.70320046896485E-16,0.));
#3694=DIRECTION('center_axis',(-0.707106781186546,0.707106781186549,0.));
#3695=DIRECTION('ref_axis',(0.707106781186549,0.707106781186546,0.));
#3696=DIRECTION('',(1.,-5.70320046896485E-16,0.));
#3697=DIRECTION('center_axis',(-0.707106781186548,-0.707106781186548,3.14018491736755E-15));
#3698=DIRECTION('ref_axis',(-0.707106781186548,0.707106781186548,3.14018491736755E-15));
#3699=DIRECTION('center_axis',(-1.08947755615994E-16,1.,0.));
#3700=DIRECTION('ref_axis',(-0.707106781186548,0.,-0.707106781186547));
#3701=DIRECTION('',(1.08947755615994E-16,-1.,0.));
#3702=DIRECTION('',(-1.08947755615994E-16,1.,0.));
#3703=DIRECTION('center_axis',(1.08947755615994E-16,-1.,0.));
#3704=DIRECTION('ref_axis',(0.707106781186548,0.,-0.707106781186547));
#3705=DIRECTION('center_axis',(-1.4802973661668E-16,1.,0.));
#3706=DIRECTION('ref_axis',(0.707106781186548,0.,-0.707106781186547));
#3707=DIRECTION('',(-1.08947755615994E-16,1.,0.));
#3708=DIRECTION('center_axis',(1.4802973661668E-16,-1.,0.));
#3709=DIRECTION('ref_axis',(0.707106781186548,0.,-0.707106781186547));
#3710=DIRECTION('',(-1.08947755615994E-16,1.,0.));
#3711=DIRECTION('',(1.08947755615994E-16,-1.,0.));
#3712=DIRECTION('',(-1.08947755615994E-16,1.,0.));
#3713=DIRECTION('center_axis',(-1.,-1.08947755615994E-16,0.));
#3714=DIRECTION('ref_axis',(1.08947755615994E-16,-1.,0.));
#3715=DIRECTION('',(0.,0.,1.));
#3716=DIRECTION('',(1.08947755615994E-16,-1.,0.));
#3717=DIRECTION('',(0.,0.,-1.));
#3718=DIRECTION('center_axis',(5.70320046896485E-16,1.,0.));
#3719=DIRECTION('ref_axis',(-1.,5.70320046896485E-16,0.));
#3720=DIRECTION('',(0.,0.,1.));
#3721=DIRECTION('',(-1.,5.70320046896485E-16,0.));
#3722=DIRECTION('center_axis',(0.,0.,1.));
#3723=DIRECTION('ref_axis',(1.,0.,0.));
#3724=DIRECTION('center_axis',(0.,0.,-1.));
#3725=DIRECTION('ref_axis',(1.,0.,0.));
#3726=DIRECTION('center_axis',(0.,0.,-1.));
#3727=DIRECTION('ref_axis',(1.,0.,0.));
#3728=DIRECTION('center_axis',(0.,0.,-1.));
#3729=DIRECTION('ref_axis',(1.,0.,0.));
#3730=DIRECTION('center_axis',(0.,0.,-1.));
#3731=DIRECTION('ref_axis',(1.,0.,0.));
#3732=DIRECTION('center_axis',(0.,0.,-1.));
#3733=DIRECTION('ref_axis',(-1.,0.,0.));
#3734=DIRECTION('center_axis',(0.883330876568905,-0.46875000000001,0.));
#3735=DIRECTION('ref_axis',(-0.46875000000001,-0.883330876568905,0.));
#3736=DIRECTION('center_axis',(0.,0.,-1.));
#3737=DIRECTION('ref_axis',(0.856956825050135,0.515388203202201,0.));
#3738=DIRECTION('center_axis',(0.,1.,0.));
#3739=DIRECTION('ref_axis',(0.,0.,-1.));
#3740=DIRECTION('center_axis',(0.,0.,1.));
#3741=DIRECTION('ref_axis',(0.856956825050135,0.515388203202201,0.));
#3742=DIRECTION('center_axis',(-9.76902060400028E-16,1.,0.));
#3743=DIRECTION('ref_axis',(-0.707106781186546,0.,-0.707106781186549));
#3744=DIRECTION('center_axis',(4.44089209850063E-15,1.,0.));
#3745=DIRECTION('ref_axis',(0.,0.,-1.));
#3746=DIRECTION('',(-9.76902060400028E-16,1.,0.));
#3747=DIRECTION('',(9.76902060400028E-16,-1.,0.));
#3748=DIRECTION('center_axis',(0.,0.,-1.));
#3749=DIRECTION('ref_axis',(-1.,0.,0.));
#3750=DIRECTION('center_axis',(0.883330876568911,0.46875,0.));
#3751=DIRECTION('ref_axis',(0.,0.,-1.));
#3752=DIRECTION('center_axis',(0.,0.,1.));
#3753=DIRECTION('ref_axis',(0.856956825050131,-0.515388203202208,0.));
#3754=DIRECTION('center_axis',(0.,0.,-1.));
#3755=DIRECTION('ref_axis',(0.856956825050131,-0.515388203202207,0.));
#3756=DIRECTION('center_axis',(-0.468750000000002,-0.88333087656891,0.));
#3757=DIRECTION('ref_axis',(0.,0.,-1.));
#3758=DIRECTION('center_axis',(0.,0.,-1.));
#3759=DIRECTION('ref_axis',(-0.70710678118655,-0.707106781186545,0.));
#3760=DIRECTION('center_axis',(0.,0.,1.));
#3761=DIRECTION('ref_axis',(-0.70710678118655,-0.707106781186545,0.));
#3762=DIRECTION('center_axis',(0.,0.,-1.));
#3763=DIRECTION('ref_axis',(-1.,0.,0.));
#3764=DIRECTION('center_axis',(-1.,-1.11022302462517E-15,0.));
#3765=DIRECTION('ref_axis',(0.,0.,-1.));
#3766=DIRECTION('center_axis',(0.,0.,1.));
#3767=DIRECTION('ref_axis',(-0.515388203202205,0.856956825050132,0.));
#3768=DIRECTION('center_axis',(0.,0.,-1.));
#3769=DIRECTION('ref_axis',(-0.515388203202205,0.856956825050132,0.));
#3770=DIRECTION('center_axis',(-1.,-5.15184698201928E-16,0.));
#3771=DIRECTION('ref_axis',(0.,-0.707106781186546,-0.707106781186549));
#3772=DIRECTION('center_axis',(-1.,0.,0.));
#3773=DIRECTION('ref_axis',(0.,0.,-1.));
#3774=DIRECTION('',(-1.,-5.15184698201928E-16,0.));
#3775=DIRECTION('',(1.,5.15184698201928E-16,0.));
#3776=DIRECTION('center_axis',(0.,0.,-1.));
#3777=DIRECTION('ref_axis',(-1.,0.,0.));
#3778=DIRECTION('center_axis',(-0.468750000000004,0.883330876568908,0.));
#3779=DIRECTION('ref_axis',(0.,0.,-1.));
#3780=DIRECTION('center_axis',(0.,0.,1.));
#3781=DIRECTION('ref_axis',(0.515388203202204,0.856956825050133,0.));
#3782=DIRECTION('center_axis',(0.,0.,-1.));
#3783=DIRECTION('ref_axis',(0.515388203202204,0.856956825050133,0.));
#3784=DIRECTION('center_axis',(0.883330876568911,-0.46875,0.));
#3785=DIRECTION('ref_axis',(0.,0.,-1.));
#3786=DIRECTION('center_axis',(0.,0.,-1.));
#3787=DIRECTION('ref_axis',(0.70710678118655,-0.707106781186545,0.));
#3788=DIRECTION('center_axis',(0.,0.,1.));
#3789=DIRECTION('ref_axis',(0.70710678118655,-0.707106781186545,0.));
#3790=DIRECTION('center_axis',(0.,0.,-1.));
#3791=DIRECTION('ref_axis',(-1.,0.,0.));
#3792=DIRECTION('center_axis',(0.,-1.,0.));
#3793=DIRECTION('ref_axis',(0.,0.,-1.));
#3794=DIRECTION('center_axis',(0.,0.,1.));
#3795=DIRECTION('ref_axis',(-0.856956825050131,-0.515388203202208,0.));
#3796=DIRECTION('center_axis',(0.,0.,-1.));
#3797=DIRECTION('ref_axis',(-0.856956825050131,-0.515388203202207,0.));
#3798=DIRECTION('center_axis',(1.39557437200004E-16,-1.,0.));
#3799=DIRECTION('ref_axis',(0.707106781186548,0.,-0.707106781186547));
#3800=DIRECTION('center_axis',(-4.44089209850062E-15,-1.,0.));
#3801=DIRECTION('ref_axis',(0.,0.,-1.));
#3802=DIRECTION('',(1.39557437200004E-16,-1.,0.));
#3803=DIRECTION('',(-1.39557437200004E-16,1.,0.));
#3804=DIRECTION('center_axis',(0.,0.,-1.));
#3805=DIRECTION('ref_axis',(-1.,0.,0.));
#3806=DIRECTION('center_axis',(-0.883330876568912,-0.468749999999998,0.));
#3807=DIRECTION('ref_axis',(0.,0.,-1.));
#3808=DIRECTION('center_axis',(0.,0.,1.));
#3809=DIRECTION('ref_axis',(-0.856956825050131,0.515388203202208,0.));
#3810=DIRECTION('center_axis',(0.,0.,-1.));
#3811=DIRECTION('ref_axis',(-0.856956825050131,0.515388203202207,0.));
#3812=DIRECTION('center_axis',(0.468750000000004,0.883330876568908,0.));
#3813=DIRECTION('ref_axis',(0.,0.,-1.));
#3814=DIRECTION('center_axis',(0.,0.,-1.));
#3815=DIRECTION('ref_axis',(0.707106781186549,0.707106781186546,0.));
#3816=DIRECTION('center_axis',(0.,0.,1.));
#3817=DIRECTION('ref_axis',(0.707106781186549,0.707106781186546,0.));
#3818=DIRECTION('center_axis',(0.,0.,-1.));
#3819=DIRECTION('ref_axis',(-1.,0.,0.));
#3820=DIRECTION('center_axis',(1.,1.11022302462516E-15,0.));
#3821=DIRECTION('ref_axis',(0.,0.,-1.));
#3822=DIRECTION('center_axis',(0.,0.,1.));
#3823=DIRECTION('ref_axis',(0.515388203202205,-0.856956825050132,0.));
#3824=DIRECTION('center_axis',(0.,0.,-1.));
#3825=DIRECTION('ref_axis',(0.515388203202205,-0.856956825050132,0.));
#3826=DIRECTION('center_axis',(1.,5.15184698201927E-16,0.));
#3827=DIRECTION('ref_axis',(0.,0.707106781186546,-0.707106781186549));
#3828=DIRECTION('center_axis',(1.,0.,0.));
#3829=DIRECTION('ref_axis',(0.,0.,-1.));
#3830=DIRECTION('',(1.,5.15184698201927E-16,0.));
#3831=DIRECTION('',(-1.,-5.15184698201927E-16,0.));
#3832=DIRECTION('center_axis',(0.,0.,-1.));
#3833=DIRECTION('ref_axis',(-1.,0.,0.));
#3834=DIRECTION('center_axis',(0.468749999999997,-0.883330876568913,0.));
#3835=DIRECTION('ref_axis',(0.,0.,-1.));
#3836=DIRECTION('center_axis',(0.,0.,1.));
#3837=DIRECTION('ref_axis',(-0.515388203202208,-0.85695682505013,0.));
#3838=DIRECTION('center_axis',(0.,0.,-1.));
#3839=DIRECTION('ref_axis',(-0.515388203202208,-0.85695682505013,0.));
#3840=DIRECTION('center_axis',(0.,0.,1.));
#3841=DIRECTION('ref_axis',(-0.707106781186542,0.707106781186553,0.));
#3842=DIRECTION('center_axis',(0.,0.,-1.));
#3843=DIRECTION('ref_axis',(-0.707106781186542,0.707106781186553,0.));
#3844=DIRECTION('center_axis',(1.,1.39557437200004E-16,0.));
#3845=DIRECTION('ref_axis',(-1.39557437200004E-16,1.,0.));
#3846=DIRECTION('',(0.,0.,-1.));
#3847=DIRECTION('',(-1.39557437200004E-16,1.,0.));
#3848=DIRECTION('',(0.,0.,1.));
#3849=DIRECTION('',(0.,0.,-1.));
#3850=DIRECTION('',(1.39557437200004E-16,-1.,-2.8260222445004E-16));
#3851=DIRECTION('',(0.,0.,1.));
#3852=DIRECTION('',(-1.39557437200004E-16,1.,1.61486985400023E-16));
#3853=DIRECTION('center_axis',(0.,0.,1.));
#3854=DIRECTION('ref_axis',(-0.85695682505013,0.515388203202208,0.));
#3855=DIRECTION('',(0.,0.,1.));
#3856=DIRECTION('center_axis',(0.,0.,1.));
#3857=DIRECTION('ref_axis',(-0.85695682505013,0.515388203202208,0.));
#3858=DIRECTION('center_axis',(0.,0.,1.));
#3859=DIRECTION('ref_axis',(0.707106781186549,0.707106781186546,0.));
#3860=DIRECTION('',(0.,0.,-1.));
#3861=DIRECTION('center_axis',(0.,0.,1.));
#3862=DIRECTION('ref_axis',(-0.0625000000000249,-0.998044963916956,0.));
#3863=DIRECTION('center_axis',(0.,0.,1.));
#3864=DIRECTION('ref_axis',(0.515388203202205,-0.856956825050132,0.));
#3865=DIRECTION('',(0.,0.,1.));
#3866=DIRECTION('center_axis',(0.,0.,1.));
#3867=DIRECTION('ref_axis',(0.515388203202205,-0.856956825050132,0.));
#3868=DIRECTION('center_axis',(-5.15184698201927E-16,1.,0.));
#3869=DIRECTION('ref_axis',(-1.,-5.15184698201927E-16,0.));
#3870=DIRECTION('',(0.,0.,-1.));
#3871=DIRECTION('',(-1.,-5.15184698201927E-16,0.));
#3872=DIRECTION('center_axis',(0.,0.,1.));
#3873=DIRECTION('ref_axis',(-0.515388203202209,-0.85695682505013,0.));
#3874=DIRECTION('',(0.,0.,1.));
#3875=DIRECTION('center_axis',(0.,0.,1.));
#3876=DIRECTION('ref_axis',(-0.515388203202209,-0.85695682505013,0.));
#3877=DIRECTION('center_axis',(0.,0.,1.));
#3878=DIRECTION('ref_axis',(-0.707106781186542,0.707106781186554,0.));
#3879=DIRECTION('',(0.,0.,-1.));
#3880=DIRECTION('center_axis',(0.,0.,1.));
#3881=DIRECTION('ref_axis',(0.998044963916957,-0.0625000000000009,0.));
#3882=DIRECTION('center_axis',(0.,0.,-1.));
#3883=DIRECTION('ref_axis',(0.856956825050134,0.515388203202201,0.));
#3884=DIRECTION('',(0.,0.,1.));
#3885=DIRECTION('center_axis',(0.,0.,1.));
#3886=DIRECTION('ref_axis',(0.856956825050134,0.515388203202201,0.));
#3887=DIRECTION('center_axis',(0.,0.,1.));
#3888=DIRECTION('ref_axis',(1.,0.,0.));
#3889=DIRECTION('center_axis',(0.,0.,1.));
#3890=DIRECTION('ref_axis',(1.,0.,0.));
#3891=DIRECTION('center_axis',(0.,0.,1.));
#3892=DIRECTION('ref_axis',(1.,0.,0.));
#3893=DIRECTION('center_axis',(0.,0.,1.));
#3894=DIRECTION('ref_axis',(1.,0.,0.));
#3895=DIRECTION('center_axis',(0.,0.,1.));
#3896=DIRECTION('ref_axis',(1.,0.,0.));
#3897=DIRECTION('',(0.833419070638298,0.552641522776199,0.));
#3898=DIRECTION('',(0.,1.,0.));
#3899=DIRECTION('',(-0.813932682272334,-0.580959197129164,0.));
#3900=DIRECTION('',(-0.817646246635439,0.575720952687132,0.));
#3901=DIRECTION('',(-6.99101887282109E-15,-1.,0.));
#3902=DIRECTION('',(0.834219174646241,-0.551433013749217,0.));
#3903=DIRECTION('',(-0.839949759336659,-0.542664170357956,0.));
#3904=DIRECTION('',(7.37148248494737E-15,-1.,0.));
#3905=DIRECTION('',(0.820968103225313,0.570974056754448,0.));
#3906=DIRECTION('',(0.82177965443465,-0.569805404991272,0.));
#3907=DIRECTION('',(0.,1.,0.));
#3908=DIRECTION('',(-0.839225358585735,0.543783778267285,0.));
#3909=DIRECTION('',(3.51820754963399E-15,1.,0.));
#3910=DIRECTION('',(-0.839225358585736,0.543783778267284,0.));
#3911=DIRECTION('',(0.833419070638297,0.5526415227762,0.));
#3912=DIRECTION('',(-7.32167517086006E-15,1.,0.));
#3913=DIRECTION('',(-0.813932682272333,-0.580959197129167,0.));
#3914=DIRECTION('',(-0.817646246635437,0.575720952687135,0.));
#3915=DIRECTION('',(-6.99101887282119E-15,-1.,0.));
#3916=DIRECTION('',(0.834219174646242,-0.551433013749215,0.));
#3917=DIRECTION('',(-0.839949759336658,-0.542664170357958,0.));
#3918=DIRECTION('',(-1.10572237274211E-14,-1.,0.));
#3919=DIRECTION('',(0.820968103225315,0.570974056754445,0.));
#3920=DIRECTION('',(0.821779654434651,-0.56980540499127,0.));
#3921=DIRECTION('',(0.821779654434646,-0.569805404991277,0.));
#3922=DIRECTION('',(3.51820754963401E-15,1.,0.));
#3923=DIRECTION('',(-0.839225358585738,0.543783778267281,0.));
#3924=DIRECTION('',(0.833419070638289,0.552641522776212,0.));
#3925=DIRECTION('',(1.46433503417198E-14,1.,0.));
#3926=DIRECTION('',(-0.813932682272332,-0.580959197129167,0.));
#3927=DIRECTION('',(-0.817646246635443,0.575720952687127,0.));
#3928=DIRECTION('',(6.99101887282124E-15,-1.,0.));
#3929=DIRECTION('',(0.83421917464624,-0.551433013749218,0.));
#3930=DIRECTION('',(-0.839949759336658,-0.542664170357958,0.));
#3931=DIRECTION('',(7.37148248494764E-15,-1.,0.));
#3932=DIRECTION('',(0.820968103225312,0.57097405675445,0.));
#3933=DIRECTION('',(1.,-7.0824047404397E-15,0.));
#3934=DIRECTION('',(0.,1.,0.));
#3935=DIRECTION('',(-1.,2.34716518112768E-14,0.));
#3936=DIRECTION('',(1.,-1.56477678741843E-14,0.));
#3937=DIRECTION('',(-1.6543632447133E-14,1.,0.));
#3938=DIRECTION('',(-1.,-2.99753229678361E-15,0.));
#3939=DIRECTION('',(0.,-1.,0.));
#3940=DIRECTION('',(1.,-7.62372941332126E-15,0.));
#3941=DIRECTION('',(-1.,2.35675417354093E-14,0.));
#3942=DIRECTION('',(-2.50063367373983E-14,-1.,0.));
#3943=DIRECTION('',(1.,4.48698933866366E-15,0.));
#3944=DIRECTION('',(1.66708911582662E-14,1.,0.));
#3945=DIRECTION('',(-1.,1.16010855722381E-13,0.));
#3946=DIRECTION('',(0.,-1.,0.));
#3947=DIRECTION('',(1.,1.4987661483918E-15,0.));
#3948=DIRECTION('',(0.,1.,0.));
#3949=DIRECTION('',(-1.,2.9975322967836E-15,0.));
#3950=DIRECTION('',(0.707106781186557,-0.707106781186538,0.));
#3951=DIRECTION('',(0.00246304671599541,0.999996966695837,0.));
#3952=DIRECTION('',(0.707106781186545,-0.70710678118655,0.));
#3953=DIRECTION('',(0.711278393172698,0.702910412076578,0.));
#3954=DIRECTION('',(1.,0.,0.));
#3955=DIRECTION('',(2.0679540558917E-14,1.,0.));
#3956=DIRECTION('',(-1.,3.80213307118341E-15,0.));
#3957=DIRECTION('',(1.,1.14063992135503E-14,0.));
#3958=DIRECTION('',(8.27181622356721E-15,1.,0.));
#3959=DIRECTION('',(-1.,0.,0.));
#3960=DIRECTION('',(1.,1.52085322847335E-14,0.));
#3961=DIRECTION('',(-8.27181622356714E-15,1.,0.));
#3962=DIRECTION('',(-1.,2.24349466933183E-15,0.));
#3963=DIRECTION('',(0.,-1.,0.));
#3964=DIRECTION('',(1.,-2.5837940943401E-14,0.));
#3965=DIRECTION('',(1.,0.,0.));
#3966=DIRECTION('',(0.,1.,0.));
#3967=DIRECTION('',(-1.,1.17358259056384E-14,0.));
#3968=DIRECTION('',(1.,0.,0.));
#3969=DIRECTION('',(-4.13590811178343E-15,1.,0.));
#3970=DIRECTION('',(-1.,1.49876614839181E-15,0.));
#3971=DIRECTION('',(-1.65436324471336E-14,-1.,0.));
#3972=DIRECTION('',(1.,3.81186470666061E-15,0.));
#3973=DIRECTION('center_axis',(0.,0.,1.));
#3974=DIRECTION('ref_axis',(-1.,0.,0.));
#3975=DIRECTION('center_axis',(0.,0.,1.));
#3976=DIRECTION('ref_axis',(-1.,0.,0.));
#3977=DIRECTION('',(-0.707106781186548,-8.65956056235493E-17,-0.707106781186548));
#3978=DIRECTION('center_axis',(0.,0.,-1.));
#3979=DIRECTION('ref_axis',(-1.,0.,0.));
#3980=DIRECTION('center_axis',(0.,0.,-1.));
#3981=DIRECTION('ref_axis',(-1.,0.,0.));
#3982=DIRECTION('center_axis',(0.,0.,1.));
#3983=DIRECTION('ref_axis',(1.,0.,0.));
#3984=DIRECTION('',(9.76902060400028E-16,-1.,0.));
#3985=DIRECTION('center_axis',(0.,0.,1.));
#3986=DIRECTION('ref_axis',(0.856956825050131,-0.515388203202207,0.));
#3987=DIRECTION('center_axis',(0.,0.,1.));
#3988=DIRECTION('ref_axis',(0.0624999999999986,0.998044963916957,0.));
#3989=DIRECTION('center_axis',(0.,0.,1.));
#3990=DIRECTION('ref_axis',(-0.515388203202204,0.856956825050133,0.));
#3991=DIRECTION('',(1.,5.15184698201928E-16,0.));
#3992=DIRECTION('center_axis',(0.,0.,1.));
#3993=DIRECTION('ref_axis',(0.515388203202205,0.856956825050132,0.));
#3994=DIRECTION('center_axis',(0.,0.,1.));
#3995=DIRECTION('ref_axis',(-0.998044963916958,0.062499999999986,0.));
#3996=DIRECTION('center_axis',(0.,0.,1.));
#3997=DIRECTION('ref_axis',(-0.85695682505013,-0.515388203202208,0.));
#3998=DIRECTION('center_axis',(0.,0.,1.));
#3999=DIRECTION('ref_axis',(-1.,0.,0.));
#4000=DIRECTION('center_axis',(0.,0.,1.));
#4001=DIRECTION('ref_axis',(-1.,0.,0.));
#4002=DIRECTION('',(7.26318370773296E-17,-1.,0.));
#4003=DIRECTION('',(-1.,3.80213364597656E-16,0.));
#4004=DIRECTION('',(-1.08947755615994E-16,1.,0.));
#4005=DIRECTION('',(1.,5.70320046896484E-16,0.));
#4006=DIRECTION('center_axis',(0.,0.,1.));
#4007=DIRECTION('ref_axis',(-1.,0.,0.));
#4008=DIRECTION('center_axis',(0.,0.,-1.));
#4009=DIRECTION('ref_axis',(1.,0.,0.));
#4010=DIRECTION('',(0.,0.,-1.));
#4011=DIRECTION('center_axis',(0.,0.,-1.));
#4012=DIRECTION('ref_axis',(1.,0.,0.));
#4013=DIRECTION('center_axis',(0.,0.,1.));
#4014=DIRECTION('ref_axis',(-1.,0.,0.));
#4015=DIRECTION('',(-0.707106781186548,-8.65956056235493E-17,-0.707106781186548));
#4016=DIRECTION('center_axis',(0.,0.,-1.));
#4017=DIRECTION('ref_axis',(-1.,0.,0.));
#4018=DIRECTION('center_axis',(0.,0.,-1.));
#4019=DIRECTION('ref_axis',(-1.,0.,0.));
#4020=DIRECTION('center_axis',(0.,0.,-1.));
#4021=DIRECTION('ref_axis',(1.,0.,0.));
#4022=DIRECTION('',(0.,0.,-1.));
#4023=DIRECTION('center_axis',(0.,0.,-1.));
#4024=DIRECTION('ref_axis',(1.,0.,0.));
#4025=DIRECTION('center_axis',(0.,0.,1.));
#4026=DIRECTION('ref_axis',(-1.,0.,0.));
#4027=DIRECTION('',(-0.707106781186548,-8.65956056235493E-17,-0.707106781186548));
#4028=DIRECTION('center_axis',(0.,0.,-1.));
#4029=DIRECTION('ref_axis',(-1.,0.,0.));
#4030=DIRECTION('center_axis',(0.,0.,-1.));
#4031=DIRECTION('ref_axis',(-1.,0.,0.));
#4032=DIRECTION('center_axis',(0.,0.,-1.));
#4033=DIRECTION('ref_axis',(1.,0.,0.));
#4034=DIRECTION('',(0.,0.,-1.));
#4035=DIRECTION('center_axis',(0.,0.,-1.));
#4036=DIRECTION('ref_axis',(1.,0.,0.));
#4037=DIRECTION('center_axis',(0.,0.,1.));
#4038=DIRECTION('ref_axis',(-1.,0.,0.));
#4039=DIRECTION('',(-0.707106781186548,-8.65956056235493E-17,-0.707106781186548));
#4040=DIRECTION('center_axis',(0.,0.,-1.));
#4041=DIRECTION('ref_axis',(-1.,0.,0.));
#4042=DIRECTION('center_axis',(0.,0.,-1.));
#4043=DIRECTION('ref_axis',(-1.,0.,0.));
#4044=DIRECTION('center_axis',(0.,0.,-1.));
#4045=DIRECTION('ref_axis',(1.,0.,0.));
#4046=DIRECTION('',(0.,0.,-1.));
#4047=DIRECTION('center_axis',(0.,0.,-1.));
#4048=DIRECTION('ref_axis',(1.,0.,0.));
#4049=DIRECTION('center_axis',(0.,0.,-1.));
#4050=DIRECTION('ref_axis',(0.707106781186544,-0.707106781186551,0.));
#4051=DIRECTION('center_axis',(-3.14018491736755E-15,0.707106781186545,
-0.70710678118655));
#4052=DIRECTION('ref_axis',(-3.14018491736757E-15,0.70710678118655,0.707106781186545));
#4053=DIRECTION('',(0.,0.,-1.));
#4054=DIRECTION('center_axis',(-3.04205413869981E-15,-0.707106781186544,
-0.707106781186551));
#4055=DIRECTION('ref_axis',(-3.23941815911806E-15,0.707106781186551,-0.707106781186544));
#4056=DIRECTION('center_axis',(0.,0.,1.));
#4057=DIRECTION('ref_axis',(0.707106781186546,0.707106781186549,0.));
#4058=DIRECTION('center_axis',(0.,-0.707106781186547,0.707106781186548));
#4059=DIRECTION('ref_axis',(0.,-0.707106781186548,-0.707106781186547));
#4060=DIRECTION('',(0.,0.,1.));
#4061=DIRECTION('center_axis',(0.,-0.707106781186547,-0.707106781186548));
#4062=DIRECTION('ref_axis',(0.,0.707106781186548,-0.707106781186547));
#4063=DIRECTION('center_axis',(1.39557437200004E-16,-1.,-1.61486985400023E-16));
#4064=DIRECTION('ref_axis',(0.707106781186549,0.,0.707106781186546));
#4065=DIRECTION('',(1.39557437200004E-16,-1.,-1.61486985400023E-16));
#4066=DIRECTION('center_axis',(-1.39557437200004E-16,1.,2.8260222445004E-16));
#4067=DIRECTION('ref_axis',(0.707106781186546,0.,-0.707106781186549));
#4068=DIRECTION('',(-1.39557437200004E-16,1.,2.8260222445004E-16));
#4069=DIRECTION('center_axis',(4.18335328526273E-32,-2.8260222445004E-16,
1.));
#4070=DIRECTION('ref_axis',(-1.39557437200004E-16,1.,2.8260222445004E-16));
#4071=DIRECTION('',(-1.,-1.4802973661668E-16,0.));
#4072=DIRECTION('',(3.91549980066034E-16,-1.,-2.8260222445004E-16));
#4073=DIRECTION('',(1.,1.4802973661668E-16,0.));
#4074=DIRECTION('center_axis',(1.4802973661668E-16,-1.,0.));
#4075=DIRECTION('ref_axis',(0.,0.,1.));
#4076=DIRECTION('',(1.,1.4802973661668E-16,0.));
#4077=DIRECTION('',(0.707106781186548,1.04672830578913E-16,-0.707106781186548));
#4078=DIRECTION('center_axis',(0.,0.,1.));
#4079=DIRECTION('ref_axis',(-0.85695682505013,-0.515388203202208,0.));
#4080=DIRECTION('',(0.,0.,-1.));
#4081=DIRECTION('center_axis',(0.,0.,1.));
#4082=DIRECTION('ref_axis',(0.515388203202205,0.856956825050132,0.));
#4083=DIRECTION('',(0.,0.,1.));
#4084=DIRECTION('',(0.,0.,-1.));
#4085=DIRECTION('center_axis',(0.,0.,1.));
#4086=DIRECTION('ref_axis',(0.707106781186549,-0.707106781186546,0.));
#4087=DIRECTION('center_axis',(0.,0.,1.));
#4088=DIRECTION('ref_axis',(-0.515388203202204,0.856956825050133,0.));
#4089=DIRECTION('',(0.,0.,1.));
#4090=DIRECTION('',(0.,0.,-1.));
#4091=DIRECTION('center_axis',(5.15184698201928E-16,-1.,0.));
#4092=DIRECTION('ref_axis',(1.,5.15184698201928E-16,0.));
#4093=DIRECTION('center_axis',(0.,0.,1.));
#4094=DIRECTION('ref_axis',(0.856956825050131,-0.515388203202207,0.));
#4095=DIRECTION('',(0.,0.,1.));
#4096=DIRECTION('',(0.,0.,-1.));
#4097=DIRECTION('center_axis',(0.,0.,1.));
#4098=DIRECTION('ref_axis',(-0.70710678118655,-0.707106781186545,0.));
#4099=DIRECTION('center_axis',(0.707106781186548,7.70376967911245E-17,-0.707106781186547));
#4100=DIRECTION('ref_axis',(-0.707106781186547,0.,-0.707106781186548));
#4101=DIRECTION('',(-1.08947755615994E-16,1.,0.));
#4102=DIRECTION('',(0.577350269189625,-0.577350269189626,0.577350269189626));
#4103=DIRECTION('',(1.51456438538624E-16,-1.,0.));
#4104=DIRECTION('',(-0.577350269189624,-0.577350269189628,-0.577350269189625));
#4105=DIRECTION('center_axis',(4.03277172607134E-16,-0.707106781186548,
-0.707106781186548));
#4106=DIRECTION('ref_axis',(-1.,0.,-5.70320046896485E-16));
#4107=DIRECTION('',(-1.,-4.25780642234E-16,0.));
#4108=DIRECTION('',(1.,5.70320046896485E-16,0.));
#4109=DIRECTION('',(-0.577350269189626,-0.577350269189626,0.577350269189626));
#4110=DIRECTION('center_axis',(4.03277172607133E-16,0.707106781186546,-0.707106781186549));
#4111=DIRECTION('ref_axis',(-1.,0.,-5.70320046896483E-16));
#4112=DIRECTION('',(1.,-6.38670963351001E-16,0.));
#4113=DIRECTION('',(0.577350269189625,-0.577350269189627,-0.577350269189625));
#4114=DIRECTION('center_axis',(-0.707106781186548,-7.70376967911244E-17,
-0.707106781186548));
#4115=DIRECTION('ref_axis',(-0.707106781186548,0.,0.707106781186548));
#4116=DIRECTION('',(-0.707106781186548,-1.04672830578913E-16,0.707106781186548));
#4117=DIRECTION('',(-1.51456438538624E-16,1.,0.));
#4118=DIRECTION('',(1.08947755615994E-16,-1.,0.));
#4119=DIRECTION('center_axis',(-1.,-1.08947755615994E-16,0.));
#4120=DIRECTION('ref_axis',(1.08947755615994E-16,-1.,0.));
#4121=DIRECTION('',(0.,0.,1.));
#4122=DIRECTION('',(0.,0.,1.));
#4123=DIRECTION('center_axis',(5.70320046896485E-16,-1.,0.));
#4124=DIRECTION('ref_axis',(1.,5.70320046896485E-16,0.));
#4125=DIRECTION('',(0.,0.,1.));
#4126=DIRECTION('center_axis',(1.,1.08947755615994E-16,0.));
#4127=DIRECTION('ref_axis',(-1.08947755615994E-16,1.,0.));
#4128=DIRECTION('',(0.,0.,1.));
#4129=DIRECTION('',(0.,0.,1.));
#4130=DIRECTION('center_axis',(3.81186470666061E-15,-1.,0.));
#4131=DIRECTION('ref_axis',(1.,3.81186470666061E-15,0.));
#4132=DIRECTION('',(0.,0.,1.));
#4133=DIRECTION('',(1.,3.81186470666061E-15,0.));
#4134=DIRECTION('center_axis',(-1.,1.65436324471336E-14,0.));
#4135=DIRECTION('ref_axis',(-1.65436324471336E-14,-1.,0.));
#4136=DIRECTION('',(0.,0.,1.));
#4137=DIRECTION('',(-1.65436324471336E-14,-1.,0.));
#4138=DIRECTION('center_axis',(1.4987661483918E-15,1.,0.));
#4139=DIRECTION('ref_axis',(-1.,1.49876614839181E-15,0.));
#4140=DIRECTION('',(0.,0.,1.));
#4141=DIRECTION('',(-1.,1.49876614839181E-15,0.));
#4142=DIRECTION('center_axis',(1.,4.13590811178343E-15,0.));
#4143=DIRECTION('ref_axis',(-4.13590811178343E-15,1.,0.));
#4144=DIRECTION('',(0.,0.,1.));
#4145=DIRECTION('',(-4.13590811178343E-15,1.,0.));
#4146=DIRECTION('center_axis',(0.,-1.,0.));
#4147=DIRECTION('ref_axis',(1.,0.,0.));
#4148=DIRECTION('',(0.,0.,1.));
#4149=DIRECTION('',(1.,0.,0.));
#4150=DIRECTION('',(0.,0.,1.));
#4151=DIRECTION('center_axis',(1.17358259056384E-14,1.,0.));
#4152=DIRECTION('ref_axis',(-1.,1.17358259056384E-14,0.));
#4153=DIRECTION('',(0.,0.,1.));
#4154=DIRECTION('',(-1.,1.17358259056384E-14,0.));
#4155=DIRECTION('center_axis',(1.,0.,0.));
#4156=DIRECTION('ref_axis',(0.,1.,0.));
#4157=DIRECTION('',(0.,0.,1.));
#4158=DIRECTION('',(0.,1.,0.));
#4159=DIRECTION('center_axis',(0.,-1.,0.));
#4160=DIRECTION('ref_axis',(1.,0.,0.));
#4161=DIRECTION('',(1.,0.,0.));
#4162=DIRECTION('center_axis',(0.,0.,-1.));
#4163=DIRECTION('ref_axis',(-1.,0.,0.));
#4164=DIRECTION('',(0.,0.,1.));
#4165=DIRECTION('',(0.,0.,1.));
#4166=DIRECTION('',(0.,0.,1.));
#4167=DIRECTION('center_axis',(-2.5837940943401E-14,-1.,0.));
#4168=DIRECTION('ref_axis',(1.,-2.5837940943401E-14,0.));
#4169=DIRECTION('',(0.,0.,1.));
#4170=DIRECTION('',(1.,-2.5837940943401E-14,0.));
#4171=DIRECTION('center_axis',(-1.,0.,0.));
#4172=DIRECTION('ref_axis',(0.,-1.,0.));
#4173=DIRECTION('',(0.,0.,1.));
#4174=DIRECTION('',(0.,-1.,0.));
#4175=DIRECTION('center_axis',(2.24349466933183E-15,1.,0.));
#4176=DIRECTION('ref_axis',(-1.,2.24349466933183E-15,0.));
#4177=DIRECTION('',(0.,0.,1.));
#4178=DIRECTION('',(-1.,2.24349466933183E-15,0.));
#4179=DIRECTION('center_axis',(1.,8.27181622356714E-15,0.));
#4180=DIRECTION('ref_axis',(-8.27181622356714E-15,1.,0.));
#4181=DIRECTION('',(0.,0.,1.));
#4182=DIRECTION('',(-8.27181622356714E-15,1.,0.));
#4183=DIRECTION('center_axis',(1.52085322847335E-14,-1.,0.));
#4184=DIRECTION('ref_axis',(1.,1.52085322847335E-14,0.));
#4185=DIRECTION('',(0.,0.,1.));
#4186=DIRECTION('',(1.,1.52085322847335E-14,0.));
#4187=DIRECTION('',(0.,0.,1.));
#4188=DIRECTION('center_axis',(0.,1.,0.));
#4189=DIRECTION('ref_axis',(-1.,0.,0.));
#4190=DIRECTION('',(0.,0.,1.));
#4191=DIRECTION('',(-1.,0.,0.));
#4192=DIRECTION('center_axis',(1.,-8.27181622356721E-15,0.));
#4193=DIRECTION('ref_axis',(8.27181622356721E-15,1.,0.));
#4194=DIRECTION('',(0.,0.,1.));
#4195=DIRECTION('',(8.27181622356721E-15,1.,0.));
#4196=DIRECTION('center_axis',(1.14063992135503E-14,-1.,0.));
#4197=DIRECTION('ref_axis',(1.,1.14063992135503E-14,0.));
#4198=DIRECTION('',(0.,0.,1.));
#4199=DIRECTION('',(1.,1.14063992135503E-14,0.));
#4200=DIRECTION('',(0.,0.,1.));
#4201=DIRECTION('center_axis',(3.80213307118341E-15,1.,0.));
#4202=DIRECTION('ref_axis',(-1.,3.80213307118341E-15,0.));
#4203=DIRECTION('',(0.,0.,1.));
#4204=DIRECTION('',(-1.,3.80213307118341E-15,0.));
#4205=DIRECTION('center_axis',(1.,-2.0679540558917E-14,0.));
#4206=DIRECTION('ref_axis',(2.0679540558917E-14,1.,0.));
#4207=DIRECTION('',(0.,0.,1.));
#4208=DIRECTION('',(2.0679540558917E-14,1.,0.));
#4209=DIRECTION('center_axis',(0.,-1.,0.));
#4210=DIRECTION('ref_axis',(1.,0.,0.));
#4211=DIRECTION('',(1.,0.,0.));
#4212=DIRECTION('center_axis',(0.,0.,-1.));
#4213=DIRECTION('ref_axis',(-1.,0.,0.));
#4214=DIRECTION('',(0.,0.,1.));
#4215=DIRECTION('',(0.,0.,1.));
#4216=DIRECTION('center_axis',(0.702910412076578,-0.711278393172698,0.));
#4217=DIRECTION('ref_axis',(0.711278393172698,0.702910412076578,0.));
#4218=DIRECTION('',(0.,0.,1.));
#4219=DIRECTION('',(0.711278393172698,0.702910412076578,0.));
#4220=DIRECTION('',(0.,0.,1.));
#4221=DIRECTION('',(0.,0.,1.));
#4222=DIRECTION('center_axis',(-0.70710678118655,-0.707106781186545,0.));
#4223=DIRECTION('ref_axis',(0.707106781186545,-0.70710678118655,0.));
#4224=DIRECTION('',(0.707106781186545,-0.70710678118655,0.));
#4225=DIRECTION('center_axis',(0.,0.,-1.));
#4226=DIRECTION('ref_axis',(-1.,0.,0.));
#4227=DIRECTION('',(0.,0.,1.));
#4228=DIRECTION('center_axis',(0.,0.,-1.));
#4229=DIRECTION('ref_axis',(-1.,0.,0.));
#4230=DIRECTION('center_axis',(-0.999995799228318,0.00289853854849057,0.));
#4231=DIRECTION('ref_axis',(-0.00289853854849057,-0.999995799228318,0.));
#4232=DIRECTION('',(-0.00289853854849057,-0.999995799228318,0.));
#4233=DIRECTION('',(0.,0.,1.));
#4234=DIRECTION('',(-0.00289853854849057,-0.999995799228318,0.));
#4235=DIRECTION('',(0.,0.,1.));
#4236=DIRECTION('center_axis',(-0.707106781186538,-0.707106781186557,0.));
#4237=DIRECTION('ref_axis',(0.707106781186557,-0.707106781186538,0.));
#4238=DIRECTION('',(0.,0.,1.));
#4239=DIRECTION('',(0.707106781186557,-0.707106781186538,0.));
#4240=DIRECTION('',(0.,0.,1.));
#4241=DIRECTION('',(0.,0.,1.));
#4242=DIRECTION('center_axis',(0.999996966695837,-0.00246304671599541,0.));
#4243=DIRECTION('ref_axis',(0.00246304671599541,0.999996966695837,0.));
#4244=DIRECTION('',(0.,0.,1.));
#4245=DIRECTION('',(0.00246304671599541,0.999996966695837,0.));
#4246=DIRECTION('center_axis',(0.,0.,-1.));
#4247=DIRECTION('ref_axis',(-1.,0.,0.));
#4248=DIRECTION('center_axis',(-1.,0.,0.));
#4249=DIRECTION('ref_axis',(0.,-1.,0.));
#4250=DIRECTION('',(0.,0.,1.));
#4251=DIRECTION('',(0.,-1.,0.));
#4252=DIRECTION('',(0.,0.,1.));
#4253=DIRECTION('center_axis',(2.9975322967836E-15,1.,0.));
#4254=DIRECTION('ref_axis',(-1.,2.9975322967836E-15,0.));
#4255=DIRECTION('',(0.,0.,1.));
#4256=DIRECTION('',(-1.,2.9975322967836E-15,0.));
#4257=DIRECTION('center_axis',(1.,0.,0.));
#4258=DIRECTION('ref_axis',(0.,1.,0.));
#4259=DIRECTION('',(0.,0.,1.));
#4260=DIRECTION('',(0.,1.,0.));
#4261=DIRECTION('center_axis',(1.4987661483918E-15,-1.,0.));
#4262=DIRECTION('ref_axis',(1.,1.4987661483918E-15,0.));
#4263=DIRECTION('',(1.,1.4987661483918E-15,0.));
#4264=DIRECTION('center_axis',(0.,0.,1.));
#4265=DIRECTION('ref_axis',(1.,0.,0.));
#4266=DIRECTION('',(0.,0.,1.));
#4267=DIRECTION('center_axis',(0.,0.,-1.));
#4268=DIRECTION('ref_axis',(-1.,0.,0.));
#4269=DIRECTION('',(0.,0.,1.));
#4270=DIRECTION('center_axis',(2.35675417354093E-14,1.,0.));
#4271=DIRECTION('ref_axis',(-1.,2.35675417354093E-14,0.));
#4272=DIRECTION('',(0.,0.,1.));
#4273=DIRECTION('',(-1.,2.35675417354093E-14,0.));
#4274=DIRECTION('',(0.,0.,1.));
#4275=DIRECTION('',(0.,0.,1.));
#4276=DIRECTION('center_axis',(1.16010855722381E-13,1.,0.));
#4277=DIRECTION('ref_axis',(-1.,1.16010855722381E-13,0.));
#4278=DIRECTION('',(0.,0.,1.));
#4279=DIRECTION('',(-1.,1.16010855722381E-13,0.));
#4280=DIRECTION('center_axis',(1.,-1.66708911582662E-14,0.));
#4281=DIRECTION('ref_axis',(1.66708911582662E-14,1.,0.));
#4282=DIRECTION('',(0.,0.,1.));
#4283=DIRECTION('',(1.66708911582662E-14,1.,0.));
#4284=DIRECTION('center_axis',(4.48698933866366E-15,-1.,0.));
#4285=DIRECTION('ref_axis',(1.,4.48698933866366E-15,0.));
#4286=DIRECTION('',(0.,0.,1.));
#4287=DIRECTION('',(1.,4.48698933866366E-15,0.));
#4288=DIRECTION('center_axis',(-1.,2.50063367373983E-14,0.));
#4289=DIRECTION('ref_axis',(-2.50063367373983E-14,-1.,0.));
#4290=DIRECTION('',(-2.50063367373983E-14,-1.,0.));
#4291=DIRECTION('center_axis',(0.,0.,-1.));
#4292=DIRECTION('ref_axis',(-1.,0.,0.));
#4293=DIRECTION('',(0.,0.,1.));
#4294=DIRECTION('',(0.,0.,1.));
#4295=DIRECTION('center_axis',(-7.62372941332126E-15,-1.,0.));
#4296=DIRECTION('ref_axis',(1.,-7.62372941332126E-15,0.));
#4297=DIRECTION('',(0.,0.,1.));
#4298=DIRECTION('',(1.,-7.62372941332126E-15,0.));
#4299=DIRECTION('center_axis',(-1.,0.,0.));
#4300=DIRECTION('ref_axis',(0.,-1.,0.));
#4301=DIRECTION('',(0.,0.,1.));
#4302=DIRECTION('',(0.,-1.,0.));
#4303=DIRECTION('center_axis',(-2.99753229678361E-15,1.,0.));
#4304=DIRECTION('ref_axis',(-1.,-2.99753229678361E-15,0.));
#4305=DIRECTION('',(0.,0.,1.));
#4306=DIRECTION('',(-1.,-2.99753229678361E-15,0.));
#4307=DIRECTION('center_axis',(1.,1.6543632447133E-14,0.));
#4308=DIRECTION('ref_axis',(-1.6543632447133E-14,1.,0.));
#4309=DIRECTION('',(0.,0.,1.));
#4310=DIRECTION('',(-1.6543632447133E-14,1.,0.));
#4311=DIRECTION('center_axis',(-1.56477678741843E-14,-1.,0.));
#4312=DIRECTION('ref_axis',(1.,-1.56477678741843E-14,0.));
#4313=DIRECTION('',(0.,0.,1.));
#4314=DIRECTION('',(1.,-1.56477678741843E-14,0.));
#4315=DIRECTION('',(0.,0.,1.));
#4316=DIRECTION('center_axis',(2.34716518112768E-14,1.,0.));
#4317=DIRECTION('ref_axis',(-1.,2.34716518112768E-14,0.));
#4318=DIRECTION('',(0.,0.,1.));
#4319=DIRECTION('',(-1.,2.34716518112768E-14,0.));
#4320=DIRECTION('center_axis',(1.,0.,0.));
#4321=DIRECTION('ref_axis',(0.,1.,0.));
#4322=DIRECTION('',(0.,0.,1.));
#4323=DIRECTION('',(0.,1.,0.));
#4324=DIRECTION('center_axis',(-7.0824047404397E-15,-1.,0.));
#4325=DIRECTION('ref_axis',(1.,-7.0824047404397E-15,0.));
#4326=DIRECTION('',(1.,-7.0824047404397E-15,0.));
#4327=DIRECTION('center_axis',(0.,0.,-1.));
#4328=DIRECTION('ref_axis',(-1.,0.,0.));
#4329=DIRECTION('center_axis',(-0.569805404991277,-0.821779654434646,0.));
#4330=DIRECTION('ref_axis',(0.821779654434646,-0.569805404991277,0.));
#4331=DIRECTION('',(0.,0.,1.));
#4332=DIRECTION('',(0.821779654434646,-0.569805404991277,0.));
#4333=DIRECTION('',(0.,0.,1.));
#4334=DIRECTION('center_axis',(0.57097405675445,-0.820968103225312,0.));
#4335=DIRECTION('ref_axis',(0.820968103225312,0.57097405675445,0.));
#4336=DIRECTION('',(0.,0.,1.));
#4337=DIRECTION('',(0.820968103225312,0.57097405675445,0.));
#4338=DIRECTION('center_axis',(-1.,-7.37148248494764E-15,0.));
#4339=DIRECTION('ref_axis',(7.37148248494764E-15,-1.,0.));
#4340=DIRECTION('',(0.,0.,1.));
#4341=DIRECTION('',(7.37148248494764E-15,-1.,0.));
#4342=DIRECTION('center_axis',(-0.542664170357958,0.839949759336658,0.));
#4343=DIRECTION('ref_axis',(-0.839949759336658,-0.542664170357958,0.));
#4344=DIRECTION('',(0.,0.,1.));
#4345=DIRECTION('',(-0.839949759336658,-0.542664170357958,0.));
#4346=DIRECTION('center_axis',(-0.551433013749218,-0.83421917464624,0.));
#4347=DIRECTION('ref_axis',(0.83421917464624,-0.551433013749218,0.));
#4348=DIRECTION('',(0.,0.,1.));
#4349=DIRECTION('',(0.83421917464624,-0.551433013749218,0.));
#4350=DIRECTION('center_axis',(-1.,-6.99101887282124E-15,0.));
#4351=DIRECTION('ref_axis',(6.99101887282124E-15,-1.,0.));
#4352=DIRECTION('',(0.,0.,1.));
#4353=DIRECTION('',(6.99101887282124E-15,-1.,0.));
#4354=DIRECTION('center_axis',(0.575720952687127,0.817646246635443,0.));
#4355=DIRECTION('ref_axis',(-0.817646246635443,0.575720952687127,0.));
#4356=DIRECTION('',(0.,0.,1.));
#4357=DIRECTION('',(-0.817646246635443,0.575720952687127,0.));
#4358=DIRECTION('center_axis',(-0.580959197129167,0.813932682272332,0.));
#4359=DIRECTION('ref_axis',(-0.813932682272332,-0.580959197129167,0.));
#4360=DIRECTION('',(0.,0.,1.));
#4361=DIRECTION('',(-0.813932682272332,-0.580959197129167,0.));
#4362=DIRECTION('center_axis',(1.,-1.46433503417198E-14,0.));
#4363=DIRECTION('ref_axis',(1.46433503417198E-14,1.,0.));
#4364=DIRECTION('',(0.,0.,1.));
#4365=DIRECTION('',(1.46433503417198E-14,1.,0.));
#4366=DIRECTION('center_axis',(0.552641522776212,-0.833419070638289,0.));
#4367=DIRECTION('ref_axis',(0.833419070638289,0.552641522776212,0.));
#4368=DIRECTION('',(0.,0.,1.));
#4369=DIRECTION('',(0.833419070638289,0.552641522776212,0.));
#4370=DIRECTION('center_axis',(0.543783778267281,0.839225358585738,0.));
#4371=DIRECTION('ref_axis',(-0.839225358585738,0.543783778267281,0.));
#4372=DIRECTION('',(0.,0.,1.));
#4373=DIRECTION('',(-0.839225358585738,0.543783778267281,0.));
#4374=DIRECTION('center_axis',(1.,-3.51820754963401E-15,0.));
#4375=DIRECTION('ref_axis',(3.51820754963401E-15,1.,0.));
#4376=DIRECTION('',(3.51820754963401E-15,1.,0.));
#4377=DIRECTION('center_axis',(0.,0.,1.));
#4378=DIRECTION('ref_axis',(1.,0.,0.));
#4379=DIRECTION('center_axis',(1.,-3.51820754963399E-15,0.));
#4380=DIRECTION('ref_axis',(3.51820754963399E-15,1.,0.));
#4381=DIRECTION('',(0.,0.,1.));
#4382=DIRECTION('',(3.51820754963399E-15,1.,0.));
#4383=DIRECTION('',(0.,0.,1.));
#4384=DIRECTION('center_axis',(-0.56980540499127,-0.821779654434651,0.));
#4385=DIRECTION('ref_axis',(0.821779654434651,-0.56980540499127,0.));
#4386=DIRECTION('',(0.,0.,1.));
#4387=DIRECTION('',(0.821779654434651,-0.56980540499127,0.));
#4388=DIRECTION('center_axis',(0.570974056754446,-0.820968103225315,0.));
#4389=DIRECTION('ref_axis',(0.820968103225315,0.570974056754445,0.));
#4390=DIRECTION('',(0.,0.,1.));
#4391=DIRECTION('',(0.820968103225315,0.570974056754445,0.));
#4392=DIRECTION('center_axis',(-1.,1.10572237274211E-14,0.));
#4393=DIRECTION('ref_axis',(-1.10572237274211E-14,-1.,0.));
#4394=DIRECTION('',(0.,0.,1.));
#4395=DIRECTION('',(-1.10572237274211E-14,-1.,0.));
#4396=DIRECTION('center_axis',(-0.542664170357958,0.839949759336658,0.));
#4397=DIRECTION('ref_axis',(-0.839949759336658,-0.542664170357958,0.));
#4398=DIRECTION('',(0.,0.,1.));
#4399=DIRECTION('',(-0.839949759336658,-0.542664170357958,0.));
#4400=DIRECTION('center_axis',(-0.551433013749215,-0.834219174646242,0.));
#4401=DIRECTION('ref_axis',(0.834219174646242,-0.551433013749215,0.));
#4402=DIRECTION('',(0.,0.,1.));
#4403=DIRECTION('',(0.834219174646242,-0.551433013749215,0.));
#4404=DIRECTION('center_axis',(-1.,6.99101887282119E-15,0.));
#4405=DIRECTION('ref_axis',(-6.99101887282119E-15,-1.,0.));
#4406=DIRECTION('',(0.,0.,1.));
#4407=DIRECTION('',(-6.99101887282119E-15,-1.,0.));
#4408=DIRECTION('center_axis',(0.575720952687135,0.817646246635437,0.));
#4409=DIRECTION('ref_axis',(-0.817646246635437,0.575720952687135,0.));
#4410=DIRECTION('',(0.,0.,1.));
#4411=DIRECTION('',(-0.817646246635437,0.575720952687135,0.));
#4412=DIRECTION('center_axis',(-0.580959197129167,0.813932682272333,0.));
#4413=DIRECTION('ref_axis',(-0.813932682272333,-0.580959197129167,0.));
#4414=DIRECTION('',(0.,0.,1.));
#4415=DIRECTION('',(-0.813932682272333,-0.580959197129167,0.));
#4416=DIRECTION('center_axis',(1.,7.32167517086006E-15,0.));
#4417=DIRECTION('ref_axis',(-7.32167517086006E-15,1.,0.));
#4418=DIRECTION('',(0.,0.,1.));
#4419=DIRECTION('',(-7.32167517086006E-15,1.,0.));
#4420=DIRECTION('center_axis',(0.5526415227762,-0.833419070638297,0.));
#4421=DIRECTION('ref_axis',(0.833419070638297,0.5526415227762,0.));
#4422=DIRECTION('',(0.,0.,1.));
#4423=DIRECTION('',(0.833419070638297,0.5526415227762,0.));
#4424=DIRECTION('center_axis',(0.543783778267284,0.839225358585736,0.));
#4425=DIRECTION('ref_axis',(-0.839225358585736,0.543783778267284,0.));
#4426=DIRECTION('',(-0.839225358585736,0.543783778267284,0.));
#4427=DIRECTION('center_axis',(0.,0.,1.));
#4428=DIRECTION('ref_axis',(1.,0.,0.));
#4429=DIRECTION('center_axis',(0.552641522776199,-0.833419070638298,0.));
#4430=DIRECTION('ref_axis',(0.833419070638298,0.552641522776199,0.));
#4431=DIRECTION('',(0.,0.,1.));
#4432=DIRECTION('',(0.833419070638298,0.552641522776199,0.));
#4433=DIRECTION('',(0.,0.,1.));
#4434=DIRECTION('center_axis',(0.543783778267285,0.839225358585735,0.));
#4435=DIRECTION('ref_axis',(-0.839225358585735,0.543783778267285,0.));
#4436=DIRECTION('',(0.,0.,1.));
#4437=DIRECTION('',(-0.839225358585735,0.543783778267285,0.));
#4438=DIRECTION('center_axis',(1.,0.,0.));
#4439=DIRECTION('ref_axis',(0.,1.,0.));
#4440=DIRECTION('',(0.,0.,1.));
#4441=DIRECTION('',(0.,1.,0.));
#4442=DIRECTION('center_axis',(-0.569805404991272,-0.82177965443465,0.));
#4443=DIRECTION('ref_axis',(0.82177965443465,-0.569805404991272,0.));
#4444=DIRECTION('',(0.,0.,1.));
#4445=DIRECTION('',(0.82177965443465,-0.569805404991272,0.));
#4446=DIRECTION('center_axis',(0.570974056754448,-0.820968103225313,0.));
#4447=DIRECTION('ref_axis',(0.820968103225313,0.570974056754448,0.));
#4448=DIRECTION('',(0.,0.,1.));
#4449=DIRECTION('',(0.820968103225313,0.570974056754448,0.));
#4450=DIRECTION('center_axis',(-1.,-7.37148248494737E-15,0.));
#4451=DIRECTION('ref_axis',(7.37148248494737E-15,-1.,0.));
#4452=DIRECTION('',(0.,0.,1.));
#4453=DIRECTION('',(7.37148248494737E-15,-1.,0.));
#4454=DIRECTION('center_axis',(-0.542664170357956,0.839949759336659,0.));
#4455=DIRECTION('ref_axis',(-0.839949759336659,-0.542664170357956,0.));
#4456=DIRECTION('',(0.,0.,1.));
#4457=DIRECTION('',(-0.839949759336659,-0.542664170357956,0.));
#4458=DIRECTION('center_axis',(-0.551433013749217,-0.834219174646241,0.));
#4459=DIRECTION('ref_axis',(0.834219174646241,-0.551433013749217,0.));
#4460=DIRECTION('',(0.,0.,1.));
#4461=DIRECTION('',(0.834219174646241,-0.551433013749217,0.));
#4462=DIRECTION('center_axis',(-1.,6.99101887282109E-15,0.));
#4463=DIRECTION('ref_axis',(-6.99101887282109E-15,-1.,0.));
#4464=DIRECTION('',(0.,0.,1.));
#4465=DIRECTION('',(-6.99101887282109E-15,-1.,0.));
#4466=DIRECTION('center_axis',(0.575720952687132,0.817646246635439,0.));
#4467=DIRECTION('ref_axis',(-0.817646246635439,0.575720952687132,0.));
#4468=DIRECTION('',(0.,0.,1.));
#4469=DIRECTION('',(-0.817646246635439,0.575720952687132,0.));
#4470=DIRECTION('center_axis',(-0.580959197129164,0.813932682272334,0.));
#4471=DIRECTION('ref_axis',(-0.813932682272334,-0.580959197129164,0.));
#4472=DIRECTION('',(0.,0.,1.));
#4473=DIRECTION('',(-0.813932682272334,-0.580959197129164,0.));
#4474=DIRECTION('center_axis',(1.,0.,0.));
#4475=DIRECTION('ref_axis',(0.,1.,0.));
#4476=DIRECTION('',(0.,1.,0.));
#4477=DIRECTION('center_axis',(0.,0.,1.));
#4478=DIRECTION('ref_axis',(1.,0.,0.));
#4479=DIRECTION('center_axis',(0.,0.,1.));
#4480=DIRECTION('ref_axis',(1.,0.,0.));
#4481=DIRECTION('center_axis',(-2.3904875915787E-32,1.61486985400023E-16,
-1.));
#4482=DIRECTION('ref_axis',(1.39557437200004E-16,-1.,-1.61486985400023E-16));
#4483=DIRECTION('',(1.,1.4802973661668E-16,0.));
#4484=DIRECTION('center_axis',(-1.4802973661668E-16,1.,0.));
#4485=DIRECTION('ref_axis',(0.,0.,-1.));
#4486=DIRECTION('center_axis',(0.,0.,1.));
#4487=DIRECTION('ref_axis',(1.,0.,0.));
#4488=DIRECTION('center_axis',(0.,0.,1.));
#4489=DIRECTION('ref_axis',(1.,0.,0.));
#4490=DIRECTION('center_axis',(0.,0.,1.));
#4491=DIRECTION('ref_axis',(1.,0.,0.));
#4492=DIRECTION('center_axis',(0.,0.,1.));
#4493=DIRECTION('ref_axis',(1.,0.,0.));
#4494=DIRECTION('center_axis',(1.,7.26318370773296E-17,0.));
#4495=DIRECTION('ref_axis',(7.26318370773296E-17,-1.,0.));
#4496=DIRECTION('',(0.,0.,-1.));
#4497=DIRECTION('',(7.26318370773296E-17,-1.,0.));
#4498=DIRECTION('',(0.,0.,-1.));
#4499=DIRECTION('center_axis',(-5.70320046896484E-16,1.,0.));
#4500=DIRECTION('ref_axis',(1.,5.70320046896484E-16,0.));
#4501=DIRECTION('',(0.,0.,-1.));
#4502=DIRECTION('',(1.,5.70320046896484E-16,0.));
#4503=DIRECTION('center_axis',(-1.,-1.08947755615994E-16,0.));
#4504=DIRECTION('ref_axis',(-1.08947755615994E-16,1.,0.));
#4505=DIRECTION('',(0.,0.,-1.));
#4506=DIRECTION('',(-1.08947755615994E-16,1.,0.));
#4507=DIRECTION('center_axis',(-3.80213364597656E-16,-1.,0.));
#4508=DIRECTION('ref_axis',(-1.,3.80213364597656E-16,0.));
#4509=DIRECTION('',(-1.,3.80213364597656E-16,0.));
#4510=DIRECTION('center_axis',(0.,0.,-1.));
#4511=DIRECTION('ref_axis',(-1.,0.,0.));
#4512=DIRECTION('',(1.,-6.38670963351001E-16,0.));
#4513=DIRECTION('',(1.51456438538624E-16,-1.,0.));
#4514=DIRECTION('',(-1.,-4.25780642234E-16,0.));
#4515=DIRECTION('',(-1.51456438538624E-16,1.,0.));
#4516=DIRECTION('center_axis',(1.,1.51456438538624E-16,0.));
#4517=DIRECTION('ref_axis',(1.51456438538624E-16,-1.,0.));
#4518=DIRECTION('',(0.,0.,-1.));
#4519=DIRECTION('',(0.,0.,-1.));
#4520=DIRECTION('center_axis',(6.38670963351001E-16,1.,0.));
#4521=DIRECTION('ref_axis',(1.,-6.38670963351001E-16,0.));
#4522=DIRECTION('',(0.,0.,-1.));
#4523=DIRECTION('center_axis',(4.25780642234E-16,-1.,0.));
#4524=DIRECTION('ref_axis',(-1.,-4.25780642234E-16,0.));
#4525=DIRECTION('',(0.,0.,-1.));
#4526=DIRECTION('center_axis',(-1.,-1.51456438538624E-16,0.));
#4527=DIRECTION('ref_axis',(-1.51456438538624E-16,1.,0.));
#4528=DIRECTION('center_axis',(0.,0.,-1.));
#4529=DIRECTION('ref_axis',(1.,0.,0.));
#4530=DIRECTION('',(0.,0.,-1.));
#4531=DIRECTION('center_axis',(0.,0.,-1.));
#4532=DIRECTION('ref_axis',(1.,0.,0.));
#4533=DIRECTION('',(0.,0.,-1.));
#4534=DIRECTION('center_axis',(0.,0.,-1.));
#4535=DIRECTION('ref_axis',(1.,0.,0.));
#4536=DIRECTION('',(0.,0.,-1.));
#4537=DIRECTION('center_axis',(0.,0.,-1.));
#4538=DIRECTION('ref_axis',(1.,0.,0.));
#4539=DIRECTION('',(0.,0.,-1.));
#4540=DIRECTION('center_axis',(0.,0.,1.));
#4541=DIRECTION('ref_axis',(1.,0.,0.));
#4542=DIRECTION('center_axis',(-1.,-9.76902060400028E-16,0.));
#4543=DIRECTION('ref_axis',(9.76902060400028E-16,-1.,0.));
#4544=CARTESIAN_POINT('',(0.,0.,0.));
#4545=CARTESIAN_POINT('Origin',(-11.68,59.1425,2.));
#4546=CARTESIAN_POINT('',(23.36,61.1425,2.));
#4547=CARTESIAN_POINT('',(-23.36,61.1425,2.));
#4548=CARTESIAN_POINT('',(-11.68,61.1425,2.));
#4549=CARTESIAN_POINT('',(-21.36,59.1425,0.));
#4550=CARTESIAN_POINT('Origin',(-21.36,59.1425,2.));
#4551=CARTESIAN_POINT('',(21.36,59.1425,0.));
#4552=CARTESIAN_POINT('',(-11.68,59.1425,0.));
#4553=CARTESIAN_POINT('Origin',(21.36,59.1425,2.));
#4554=CARTESIAN_POINT('Origin',(11.68,-59.1425,2.));
#4555=CARTESIAN_POINT('',(21.36,-59.1425,0.));
#4556=CARTESIAN_POINT('',(-21.36,-59.1425,0.));
#4557=CARTESIAN_POINT('',(11.68,-59.1425,0.));
#4558=CARTESIAN_POINT('',(-23.36,-61.1425,2.));
#4559=CARTESIAN_POINT('Origin',(-21.36,-59.1425,2.));
#4560=CARTESIAN_POINT('',(23.36,-61.1425,2.));
#4561=CARTESIAN_POINT('',(11.68,-61.1425,2.));
#4562=CARTESIAN_POINT('Origin',(21.36,-59.1425,2.));
#4563=CARTESIAN_POINT('Origin',(-21.36,-30.57125,2.));
#4564=CARTESIAN_POINT('',(-23.36,-30.57125,2.));
#4565=CARTESIAN_POINT('',(-21.36,-30.57125,0.));
#4566=CARTESIAN_POINT('Origin',(21.36,30.57125,2.));
#4567=CARTESIAN_POINT('',(23.3216064844917,-4.96749999999998,1.61));
#4568=CARTESIAN_POINT('',(23.36,-4.96749999999998,2.));
#4569=CARTESIAN_POINT('Origin',(21.36,-4.96749999999998,2.));
#4570=CARTESIAN_POINT('',(23.3216064844917,22.5325,1.61000000000001));
#4571=CARTESIAN_POINT('',(23.3216064844917,30.57125,1.61000000000001));
#4572=CARTESIAN_POINT('',(23.36,22.5325,2.));
#4573=CARTESIAN_POINT('Origin',(21.36,22.5325,2.));
#4574=CARTESIAN_POINT('',(23.36,30.57125,2.));
#4575=CARTESIAN_POINT('',(21.36,30.57125,0.));
#4576=CARTESIAN_POINT('',(23.36,30.57125,2.));
#4577=CARTESIAN_POINT('Origin',(23.36,61.1425,0.));
#4578=CARTESIAN_POINT('',(23.36,-61.1425,12.35));
#4579=CARTESIAN_POINT('',(23.36,-61.1425,0.));
#4580=CARTESIAN_POINT('',(23.36,-4.96749999999998,12.35));
#4581=CARTESIAN_POINT('',(23.36,30.57125,12.35));
#4582=CARTESIAN_POINT('',(23.36,-4.96749999999998,0.805));
#4583=CARTESIAN_POINT('Origin',(23.36,-61.1425,0.));
#4584=CARTESIAN_POINT('',(-23.36,-61.1425,12.35));
#4585=CARTESIAN_POINT('',(-23.36,-61.1425,0.));
#4586=CARTESIAN_POINT('',(11.68,-61.1425,12.35));
#4587=CARTESIAN_POINT('Origin',(2.88657986402541E-14,0.,0.));
#4588=CARTESIAN_POINT('',(13.25,-45.,0.));
#4589=CARTESIAN_POINT('Origin',(15.,-45.,0.));
#4590=CARTESIAN_POINT('',(13.25,45.,0.));
#4591=CARTESIAN_POINT('Origin',(15.,45.,0.));
#4592=CARTESIAN_POINT('',(-16.75,-45.,0.));
#4593=CARTESIAN_POINT('Origin',(-15.,-45.,0.));
#4594=CARTESIAN_POINT('',(-16.75,45.,0.));
#4595=CARTESIAN_POINT('Origin',(-15.,45.,0.));
#4596=CARTESIAN_POINT('Origin',(-29.8600000000001,56.8258529874488,-0.5));
#4597=CARTESIAN_POINT('',(-27.9850000000001,60.3591764937244,-0.5));
#4598=CARTESIAN_POINT('',(-27.0475000000001,62.1258382468622,-2.5));
#4599=CARTESIAN_POINT('Origin',(-27.0475000000001,62.1258382468622,-0.5));
#4600=CARTESIAN_POINT('',(-23.8600000000001,56.8258529874488,-2.5));
#4601=CARTESIAN_POINT('Origin',(-29.8600000000001,56.8258529874488,-2.5));
#4602=CARTESIAN_POINT('',(-25.8600000000001,56.8258529874488,-0.5));
#4603=CARTESIAN_POINT('Origin',(-23.8600000000001,56.8258529874488,-0.5));
#4604=CARTESIAN_POINT('Origin',(-29.8600000000001,56.8258529874488,-0.5));
#4605=CARTESIAN_POINT('Origin',(-23.8600000000001,29.9501600721661,-0.5));
#4606=CARTESIAN_POINT('',(-23.86,-56.8258529874487,-2.5));
#4607=CARTESIAN_POINT('',(-25.86,-56.8258529874487,-0.5));
#4608=CARTESIAN_POINT('Origin',(-23.86,-56.8258529874487,-0.5));
#4609=CARTESIAN_POINT('',(-25.8600000000001,29.9501600721661,-0.5));
#4610=CARTESIAN_POINT('',(-23.8600000000001,29.9501600721661,-2.5));
#4611=CARTESIAN_POINT('Origin',(-29.86,-56.8258529874487,-0.5));
#4612=CARTESIAN_POINT('',(-27.0475,-62.1258382468622,-2.5));
#4613=CARTESIAN_POINT('',(-27.985,-60.3591764937243,-0.5));
#4614=CARTESIAN_POINT('Origin',(-27.0475,-62.1258382468622,-0.5));
#4615=CARTESIAN_POINT('Origin',(-29.86,-56.8258529874487,-0.5));
#4616=CARTESIAN_POINT('Origin',(-29.86,-56.8258529874487,-2.5));
#4617=CARTESIAN_POINT('Ctrl Pts',(-22.5766764937244,-65.7675,-0.5));
#4618=CARTESIAN_POINT('Ctrl Pts',(-23.9231211159081,-68.3047930311786,-0.5));
#4619=CARTESIAN_POINT('Ctrl Pts',(-26.7576366995499,-67.8397226571852,-0.5));
#4620=CARTESIAN_POINT('Ctrl Pts',(-29.5921522831918,-67.3746522831917,-0.5));
#4621=CARTESIAN_POINT('Ctrl Pts',(-30.0572226571852,-64.5401366995499,-0.5));
#4622=CARTESIAN_POINT('Ctrl Pts',(-30.5222930311787,-61.705621115908,-0.5));
#4623=CARTESIAN_POINT('Ctrl Pts',(-27.985,-60.3591764937243,-0.5));
#4624=CARTESIAN_POINT('Ctrl Pts',(-22.5766764937244,-65.7675,-2.5));
#4625=CARTESIAN_POINT('Ctrl Pts',(-23.9231211159081,-68.3047930311786,-2.5));
#4626=CARTESIAN_POINT('Ctrl Pts',(-26.7576366995499,-67.8397226571852,-2.5));
#4627=CARTESIAN_POINT('Ctrl Pts',(-29.5921522831918,-67.3746522831917,-2.5));
#4628=CARTESIAN_POINT('Ctrl Pts',(-30.0572226571852,-64.5401366995499,-2.5));
#4629=CARTESIAN_POINT('Ctrl Pts',(-30.5222930311787,-61.705621115908,-2.5));
#4630=CARTESIAN_POINT('Ctrl Pts',(-27.985,-60.3591764937243,-2.5));
#4631=CARTESIAN_POINT('Ctrl Pts',(-24.3433382468622,-64.83,-2.5));
#4632=CARTESIAN_POINT('Ctrl Pts',(-25.016560557954,-66.0986465155893,-2.5));
#4633=CARTESIAN_POINT('Ctrl Pts',(-26.433818349775,-65.8661113285926,-2.5));
#4634=CARTESIAN_POINT('Ctrl Pts',(-27.8510761415959,-65.6335761415959,-2.5));
#4635=CARTESIAN_POINT('Ctrl Pts',(-28.0836113285926,-64.2163183497749,-2.5));
#4636=CARTESIAN_POINT('Ctrl Pts',(-28.3161465155893,-62.799060557954,-2.5));
#4637=CARTESIAN_POINT('Ctrl Pts',(-27.0475,-62.1258382468622,-2.5));
#4638=CARTESIAN_POINT('',(-24.3433382468622,-64.83,-2.5));
#4639=CARTESIAN_POINT('',(-22.5766764937244,-65.7675,-0.5));
#4640=CARTESIAN_POINT('Origin',(-24.3433382468622,-64.83,-0.5));
#4641=CARTESIAN_POINT('Origin',(-26.11,-63.8925,-0.5));
#4642=CARTESIAN_POINT('Origin',(-26.11,-63.8925,-2.5));
#4643=CARTESIAN_POINT('Origin',(-19.0433529874488,-67.6425,-0.5));
#4644=CARTESIAN_POINT('',(-19.0433529874488,-61.6425,-2.5));
#4645=CARTESIAN_POINT('',(-19.0433529874488,-63.6425,-0.5));
#4646=CARTESIAN_POINT('Origin',(-19.0433529874488,-61.6425,-0.5));
#4647=CARTESIAN_POINT('Origin',(-19.0433529874488,-67.6425,-0.5));
#4648=CARTESIAN_POINT('Origin',(-19.0433529874488,-67.6425,-2.5));
#4649=CARTESIAN_POINT('Origin',(-11.0589100721661,-61.6425,-0.5));
#4650=CARTESIAN_POINT('',(19.0433529874488,-61.6425,-2.5));
#4651=CARTESIAN_POINT('',(19.0433529874488,-63.6425,-0.5));
#4652=CARTESIAN_POINT('Origin',(19.0433529874488,-61.6425,-0.5));
#4653=CARTESIAN_POINT('',(-11.0589100721661,-63.6425,-0.5));
#4654=CARTESIAN_POINT('',(-11.0589100721661,-61.6425,-2.5));
#4655=CARTESIAN_POINT('Origin',(19.0433529874488,-67.6425,-0.5));
#4656=CARTESIAN_POINT('',(24.3433382468623,-64.83,-2.5));
#4657=CARTESIAN_POINT('',(22.5766764937245,-65.7675,-0.5));
#4658=CARTESIAN_POINT('Origin',(24.3433382468623,-64.83,-0.5));
#4659=CARTESIAN_POINT('Origin',(19.0433529874488,-67.6425,-0.5));
#4660=CARTESIAN_POINT('Origin',(19.0433529874488,-67.6425,-2.5));
#4661=CARTESIAN_POINT('Ctrl Pts',(27.9850000000001,-60.3591764937243,-0.5));
#4662=CARTESIAN_POINT('Ctrl Pts',(30.5222930311787,-61.705621115908,-0.5));
#4663=CARTESIAN_POINT('Ctrl Pts',(30.0572226571853,-64.5401366995498,-0.5));
#4664=CARTESIAN_POINT('Ctrl Pts',(29.5921522831918,-67.3746522831917,-0.5));
#4665=CARTESIAN_POINT('Ctrl Pts',(26.75763669955,-67.8397226571852,-0.5));
#4666=CARTESIAN_POINT('Ctrl Pts',(23.9231211159081,-68.3047930311786,-0.5));
#4667=CARTESIAN_POINT('Ctrl Pts',(22.5766764937245,-65.7675,-0.5));
#4668=CARTESIAN_POINT('Ctrl Pts',(27.9850000000001,-60.3591764937243,-2.5));
#4669=CARTESIAN_POINT('Ctrl Pts',(30.5222930311787,-61.705621115908,-2.5));
#4670=CARTESIAN_POINT('Ctrl Pts',(30.0572226571853,-64.5401366995498,-2.5));
#4671=CARTESIAN_POINT('Ctrl Pts',(29.5921522831918,-67.3746522831917,-2.5));
#4672=CARTESIAN_POINT('Ctrl Pts',(26.75763669955,-67.8397226571852,-2.5));
#4673=CARTESIAN_POINT('Ctrl Pts',(23.9231211159081,-68.3047930311786,-2.5));
#4674=CARTESIAN_POINT('Ctrl Pts',(22.5766764937245,-65.7675,-2.5));
#4675=CARTESIAN_POINT('Ctrl Pts',(27.0475000000001,-62.1258382468621,-2.5));
#4676=CARTESIAN_POINT('Ctrl Pts',(28.3161465155894,-62.799060557954,-2.5));
#4677=CARTESIAN_POINT('Ctrl Pts',(28.0836113285927,-64.2163183497749,-2.5));
#4678=CARTESIAN_POINT('Ctrl Pts',(27.851076141596,-65.6335761415958,-2.5));
#4679=CARTESIAN_POINT('Ctrl Pts',(26.433818349775,-65.8661113285926,-2.5));
#4680=CARTESIAN_POINT('Ctrl Pts',(25.0165605579541,-66.0986465155893,-2.5));
#4681=CARTESIAN_POINT('Ctrl Pts',(24.3433382468623,-64.83,-2.5));
#4682=CARTESIAN_POINT('',(27.0475000000001,-62.1258382468621,-2.5));
#4683=CARTESIAN_POINT('',(27.9850000000001,-60.3591764937243,-0.5));
#4684=CARTESIAN_POINT('Origin',(27.0475000000001,-62.1258382468621,-0.5));
#4685=CARTESIAN_POINT('Origin',(26.1100000000001,-63.8925,-0.5));
#4686=CARTESIAN_POINT('Origin',(26.1100000000001,-63.8925,-2.5));
#4687=CARTESIAN_POINT('Origin',(29.8600000000001,-56.8258529874487,-0.5));
#4688=CARTESIAN_POINT('',(23.8600000000001,-56.8258529874487,-2.5));
#4689=CARTESIAN_POINT('',(25.8600000000001,-56.8258529874487,-0.5));
#4690=CARTESIAN_POINT('Origin',(23.8600000000001,-56.8258529874487,-0.5));
#4691=CARTESIAN_POINT('Origin',(29.8600000000001,-56.8258529874487,-0.5));
#4692=CARTESIAN_POINT('Origin',(29.8600000000001,-56.8258529874487,-2.5));
#4693=CARTESIAN_POINT('Origin',(23.8600000000001,-29.9501600721661,-0.5));
#4694=CARTESIAN_POINT('',(23.8600000000001,56.8258529874487,-2.5));
#4695=CARTESIAN_POINT('',(25.8600000000001,56.8258529874487,-0.5));
#4696=CARTESIAN_POINT('Origin',(23.8600000000001,56.8258529874487,-0.5));
#4697=CARTESIAN_POINT('',(25.8600000000001,-29.9501600721661,-0.5));
#4698=CARTESIAN_POINT('',(23.8600000000001,-29.9501600721661,-2.5));
#4699=CARTESIAN_POINT('Origin',(29.8600000000001,56.8258529874487,-0.5));
#4700=CARTESIAN_POINT('',(27.0475000000001,62.1258382468621,-2.5));
#4701=CARTESIAN_POINT('',(27.9850000000001,60.3591764937243,-0.5));
#4702=CARTESIAN_POINT('Origin',(27.0475000000001,62.1258382468621,-0.5));
#4703=CARTESIAN_POINT('Origin',(29.8600000000001,56.8258529874487,-0.5));
#4704=CARTESIAN_POINT('Origin',(29.8600000000001,56.8258529874487,-2.5));
#4705=CARTESIAN_POINT('Ctrl Pts',(22.5766764937244,65.7675,-0.5));
#4706=CARTESIAN_POINT('Ctrl Pts',(23.9231211159081,68.3047930311786,-0.5));
#4707=CARTESIAN_POINT('Ctrl Pts',(26.75763669955,67.8397226571851,-0.5));
#4708=CARTESIAN_POINT('Ctrl Pts',(29.5921522831918,67.3746522831917,-0.5));
#4709=CARTESIAN_POINT('Ctrl Pts',(30.0572226571853,64.5401366995498,-0.5));
#4710=CARTESIAN_POINT('Ctrl Pts',(30.5222930311787,61.705621115908,-0.5));
#4711=CARTESIAN_POINT('Ctrl Pts',(27.9850000000001,60.3591764937243,-0.5));
#4712=CARTESIAN_POINT('Ctrl Pts',(22.5766764937244,65.7675,-2.50000000000001));
#4713=CARTESIAN_POINT('Ctrl Pts',(23.9231211159081,68.3047930311786,-2.50000000000001));
#4714=CARTESIAN_POINT('Ctrl Pts',(26.75763669955,67.8397226571851,-2.50000000000001));
#4715=CARTESIAN_POINT('Ctrl Pts',(29.5921522831918,67.3746522831917,-2.50000000000001));
#4716=CARTESIAN_POINT('Ctrl Pts',(30.0572226571853,64.5401366995498,-2.50000000000001));
#4717=CARTESIAN_POINT('Ctrl Pts',(30.5222930311787,61.705621115908,-2.50000000000001));
#4718=CARTESIAN_POINT('Ctrl Pts',(27.9850000000001,60.3591764937243,-2.50000000000001));
#4719=CARTESIAN_POINT('Ctrl Pts',(24.3433382468623,64.83,-2.5));
#4720=CARTESIAN_POINT('Ctrl Pts',(25.0165605579541,66.0986465155893,-2.5));
#4721=CARTESIAN_POINT('Ctrl Pts',(26.433818349775,65.8661113285925,-2.5));
#4722=CARTESIAN_POINT('Ctrl Pts',(27.8510761415959,65.6335761415958,-2.5));
#4723=CARTESIAN_POINT('Ctrl Pts',(28.0836113285927,64.2163183497749,-2.5));
#4724=CARTESIAN_POINT('Ctrl Pts',(28.3161465155894,62.799060557954,-2.5));
#4725=CARTESIAN_POINT('Ctrl Pts',(27.0475000000001,62.1258382468621,-2.5));
#4726=CARTESIAN_POINT('',(24.3433382468623,64.83,-2.5));
#4727=CARTESIAN_POINT('',(22.5766764937244,65.7675,-0.5));
#4728=CARTESIAN_POINT('Origin',(24.3433382468623,64.83,-0.5));
#4729=CARTESIAN_POINT('Origin',(26.1100000000001,63.8925,-0.5));
#4730=CARTESIAN_POINT('Origin',(26.1100000000001,63.8925,-2.5));
#4731=CARTESIAN_POINT('Origin',(19.0433529874488,67.6425,-0.5));
#4732=CARTESIAN_POINT('',(19.0433529874488,61.6425,-2.5));
#4733=CARTESIAN_POINT('',(19.0433529874488,63.6425,-0.5));
#4734=CARTESIAN_POINT('Origin',(19.0433529874488,61.6425,-0.5));
#4735=CARTESIAN_POINT('Origin',(19.0433529874488,67.6425,-0.5));
#4736=CARTESIAN_POINT('Origin',(19.0433529874488,67.6425,-2.5));
#4737=CARTESIAN_POINT('Origin',(11.0589100721661,61.6425,-0.5));
#4738=CARTESIAN_POINT('',(-19.0433529874487,61.6425,-2.5));
#4739=CARTESIAN_POINT('',(-19.0433529874487,63.6425,-0.5));
#4740=CARTESIAN_POINT('Origin',(-19.0433529874487,61.6425,-0.5));
#4741=CARTESIAN_POINT('',(11.0589100721661,63.6425,-0.5));
#4742=CARTESIAN_POINT('',(11.0589100721661,61.6425,-2.5));
#4743=CARTESIAN_POINT('Origin',(-19.0433529874487,67.6425,-0.5));
#4744=CARTESIAN_POINT('',(-24.3433382468622,64.83,-2.5));
#4745=CARTESIAN_POINT('',(-22.5766764937244,65.7675,-0.5));
#4746=CARTESIAN_POINT('Origin',(-24.3433382468622,64.83,-0.5));
#4747=CARTESIAN_POINT('Origin',(-19.0433529874487,67.6425,-0.5));
#4748=CARTESIAN_POINT('Origin',(-19.0433529874487,67.6425,-2.5));
#4749=CARTESIAN_POINT('Ctrl Pts',(-27.9850000000001,60.3591764937244,-0.5));
#4750=CARTESIAN_POINT('Ctrl Pts',(-30.5222930311787,61.7056211159081,-0.5));
#4751=CARTESIAN_POINT('Ctrl Pts',(-30.0572226571852,64.5401366995499,-0.5));
#4752=CARTESIAN_POINT('Ctrl Pts',(-29.5921522831918,67.3746522831918,-0.5));
#4753=CARTESIAN_POINT('Ctrl Pts',(-26.7576366995499,67.8397226571852,-0.5));
#4754=CARTESIAN_POINT('Ctrl Pts',(-23.923121115908,68.3047930311786,-0.5));
#4755=CARTESIAN_POINT('Ctrl Pts',(-22.5766764937244,65.7675,-0.5));
#4756=CARTESIAN_POINT('Ctrl Pts',(-27.9850000000001,60.3591764937244,-2.5));
#4757=CARTESIAN_POINT('Ctrl Pts',(-30.5222930311787,61.7056211159081,-2.5));
#4758=CARTESIAN_POINT('Ctrl Pts',(-30.0572226571852,64.5401366995499,-2.5));
#4759=CARTESIAN_POINT('Ctrl Pts',(-29.5921522831918,67.3746522831918,-2.5));
#4760=CARTESIAN_POINT('Ctrl Pts',(-26.7576366995499,67.8397226571852,-2.5));
#4761=CARTESIAN_POINT('Ctrl Pts',(-23.923121115908,68.3047930311786,-2.5));
#4762=CARTESIAN_POINT('Ctrl Pts',(-22.5766764937244,65.7675,-2.5));
#4763=CARTESIAN_POINT('Ctrl Pts',(-27.0475000000001,62.1258382468622,-2.5));
#4764=CARTESIAN_POINT('Ctrl Pts',(-28.3161465155894,62.799060557954,-2.5));
#4765=CARTESIAN_POINT('Ctrl Pts',(-28.0836113285926,64.216318349775,-2.5));
#4766=CARTESIAN_POINT('Ctrl Pts',(-27.8510761415959,65.6335761415959,-2.5));
#4767=CARTESIAN_POINT('Ctrl Pts',(-26.433818349775,65.8661113285926,-2.5));
#4768=CARTESIAN_POINT('Ctrl Pts',(-25.016560557954,66.0986465155893,-2.5));
#4769=CARTESIAN_POINT('Ctrl Pts',(-24.3433382468622,64.83,-2.5));
#4770=CARTESIAN_POINT('Origin',(-26.11,63.8925,-2.5));
#4771=CARTESIAN_POINT('Origin',(-26.11,63.8925,-0.5));
#4772=CARTESIAN_POINT('Origin',(25.8600000000001,-59.9003201443322,0.));
#4773=CARTESIAN_POINT('',(25.8600000000001,56.8258529874487,19.2));
#4774=CARTESIAN_POINT('',(25.8600000000001,56.8258529874487,0.));
#4775=CARTESIAN_POINT('',(25.8600000000001,-56.8258529874487,19.2));
#4776=CARTESIAN_POINT('',(25.8600000000001,-63.6425,19.2));
#4777=CARTESIAN_POINT('',(25.8600000000001,-56.8258529874487,0.));
#4778=CARTESIAN_POINT('',(25.8600000000001,-5.96749999999998,13.46));
#4779=CARTESIAN_POINT('',(25.8600000000001,-5.96749999999998,0.61));
#4780=CARTESIAN_POINT('',(25.8600000000001,-5.96749999999998,0.805));
#4781=CARTESIAN_POINT('',(25.8600000000001,23.5325,13.46));
#4782=CARTESIAN_POINT('',(25.8600000000001,-32.4339100721661,13.46));
#4783=CARTESIAN_POINT('',(25.8600000000001,23.5325,0.610000000000005));
#4784=CARTESIAN_POINT('',(25.8600000000001,23.5325,6.23));
#4785=CARTESIAN_POINT('',(25.8600000000001,-18.6839100721661,0.609999999999998));
#4786=CARTESIAN_POINT('Origin',(29.8600000000001,56.8258529874487,0.));
#4787=CARTESIAN_POINT('',(27.9850000000001,60.3591764937243,19.2));
#4788=CARTESIAN_POINT('',(27.9850000000001,60.3591764937243,0.));
#4789=CARTESIAN_POINT('Origin',(29.8600000000001,56.8258529874487,19.2));
#4790=CARTESIAN_POINT('Origin',(26.1100000000001,63.8925,0.));
#4791=CARTESIAN_POINT('',(22.5766764937244,65.7675,19.2));
#4792=CARTESIAN_POINT('',(22.5766764937244,65.7675,0.));
#4793=CARTESIAN_POINT('Origin',(26.1100000000001,63.8925,19.2));
#4794=CARTESIAN_POINT('Origin',(19.0433529874488,67.6425,0.));
#4795=CARTESIAN_POINT('',(19.0433529874488,63.6425,19.2));
#4796=CARTESIAN_POINT('',(19.0433529874488,63.6425,0.));
#4797=CARTESIAN_POINT('Origin',(19.0433529874488,67.6425,19.2));
#4798=CARTESIAN_POINT('Origin',(22.1178201443321,63.6425,0.));
#4799=CARTESIAN_POINT('',(-19.0433529874487,63.6425,19.2));
#4800=CARTESIAN_POINT('',(-19.0433529874487,63.6425,0.));
#4801=CARTESIAN_POINT('',(25.8600000000001,63.6425,19.2));
#4802=CARTESIAN_POINT('Origin',(-19.0433529874487,67.6425,0.));
#4803=CARTESIAN_POINT('',(-22.5766764937244,65.7675,19.2));
#4804=CARTESIAN_POINT('',(-22.5766764937244,65.7675,0.));
#4805=CARTESIAN_POINT('Origin',(-19.0433529874487,67.6425,19.2));
#4806=CARTESIAN_POINT('Origin',(-26.11,63.8925,0.));
#4807=CARTESIAN_POINT('',(-27.9850000000001,60.3591764937244,19.2));
#4808=CARTESIAN_POINT('',(-27.9850000000001,60.3591764937244,0.));
#4809=CARTESIAN_POINT('Origin',(-26.11,63.8925,19.2));
#4810=CARTESIAN_POINT('Origin',(-29.8600000000001,56.8258529874488,0.));
#4811=CARTESIAN_POINT('',(-25.8600000000001,56.8258529874488,19.2));
#4812=CARTESIAN_POINT('',(-25.8600000000001,56.8258529874488,0.));
#4813=CARTESIAN_POINT('Origin',(-29.8600000000001,56.8258529874488,19.2));
#4814=CARTESIAN_POINT('Origin',(2.88657986402541E-14,0.,-2.5));
#4815=CARTESIAN_POINT('',(13.25,-45.,-2.5));
#4816=CARTESIAN_POINT('Origin',(15.,-45.,-2.5));
#4817=CARTESIAN_POINT('',(13.25,45.,-2.5));
#4818=CARTESIAN_POINT('Origin',(15.,45.,-2.5));
#4819=CARTESIAN_POINT('',(-16.75,-45.,-2.5));
#4820=CARTESIAN_POINT('Origin',(-15.,-45.,-2.5));
#4821=CARTESIAN_POINT('',(-16.75,45.,-2.5));
#4822=CARTESIAN_POINT('Origin',(-15.,45.,-2.5));
#4823=CARTESIAN_POINT('',(3.29336390969671,44.5286244063897,-2.5));
#4824=CARTESIAN_POINT('',(5.84409912910433,46.2200210224675,-2.5));
#4825=CARTESIAN_POINT('',(-8.1049416349805,36.9703897136626,-2.5));
#4826=CARTESIAN_POINT('',(5.84409912910433,48.6461827927548,-2.5));
#4827=CARTESIAN_POINT('',(5.84409912910433,23.1100105112337,-2.5));
#4828=CARTESIAN_POINT('',(1.79651681593075,45.7571475909607,-2.5));
#4829=CARTESIAN_POINT('',(-7.59317680282729,39.0550836674269,-2.5));
#4830=CARTESIAN_POINT('',(-2.07371259419831,48.4822529434111,-2.5));
#4831=CARTESIAN_POINT('',(11.9657603577283,38.5967813517923,-2.5));
#4832=CARTESIAN_POINT('',(-2.07371259419832,45.9413402785832,-2.5));
#4833=CARTESIAN_POINT('',(-2.07371259419848,24.2411264717056,-2.5));
#4834=CARTESIAN_POINT('',(0.246491284249037,44.40764618944,-2.5));
#4835=CARTESIAN_POINT('',(9.21473377939471,38.4794858960385,-2.5));
#4836=CARTESIAN_POINT('',(-2.07371259419832,42.908638065724,-2.5));
#4837=CARTESIAN_POINT('',(-9.96119923822957,37.8127899530071,-2.5));
#4838=CARTESIAN_POINT('',(-2.07371259419831,40.498869280371,-2.5));
#4839=CARTESIAN_POINT('',(-2.07371259419817,21.454319032862,-2.5));
#4840=CARTESIAN_POINT('',(1.77295375612625,43.1741823435666,-2.5));
#4841=CARTESIAN_POINT('',(-10.8668358687526,34.3833512134817,-2.5));
#4842=CARTESIAN_POINT('',(5.84409912910433,40.3513324159616,-2.5));
#4843=CARTESIAN_POINT('',(11.2825489362925,36.5804212256116,-2.5));
#4844=CARTESIAN_POINT('',(5.84409912910433,42.8758520958552,-2.5));
#4845=CARTESIAN_POINT('',(5.84409912910433,20.1756662079808,-2.5));
#4846=CARTESIAN_POINT('',(13.5694524907906,37.8701384380279,-2.5));
#4847=CARTESIAN_POINT('',(5.84409912910432,13.6799459277351,-2.5));
#4848=CARTESIAN_POINT('',(5.84409912910433,16.2044656076287,-2.5));
#4849=CARTESIAN_POINT('',(5.84409912910429,6.83997296386755,-2.5));
#4850=CARTESIAN_POINT('',(3.2933639096967,17.8572379181632,-2.5));
#4851=CARTESIAN_POINT('',(7.48361371120554,15.1421270773897,-2.5));
#4852=CARTESIAN_POINT('',(5.84409912910433,19.548634534241,-2.5));
#4853=CARTESIAN_POINT('',(-1.9627615784804,14.3718926746661,-2.5));
#4854=CARTESIAN_POINT('',(5.84409912910432,21.9747963045283,-2.5));
#4855=CARTESIAN_POINT('',(5.84409912910441,9.77431726712054,-2.5));
#4856=CARTESIAN_POINT('',(1.79651681593074,19.0857611027342,-2.5));
#4857=CARTESIAN_POINT('',(-1.28723852332193,16.8846748642096,-2.5));
#4858=CARTESIAN_POINT('',(-2.07371259419831,21.8108664551846,-2.5));
#4859=CARTESIAN_POINT('',(5.68816844826767,16.345571938392,-2.5));
#4860=CARTESIAN_POINT('',(-2.07371259419832,19.2699537903567,-2.5));
#4861=CARTESIAN_POINT('',(-2.07371259419838,10.9054332275923,-2.5));
#4862=CARTESIAN_POINT('',(0.246491284249073,17.7362597012135,-2.5));
#4863=CARTESIAN_POINT('',(3.080101601325,15.8631952543328,-2.5));
#4864=CARTESIAN_POINT('',(-2.07371259419831,16.2372515774975,-2.5));
#4865=CARTESIAN_POINT('',(-3.88264837521771,15.0685571122321,-2.5));
#4866=CARTESIAN_POINT('',(-2.07371259419833,13.8274827921445,-2.5));
#4867=CARTESIAN_POINT('',(-2.0737125941984,8.11862578874874,-2.5));
#4868=CARTESIAN_POINT('',(1.77295375612622,16.5027958553401,-2.5));
#4869=CARTESIAN_POINT('',(-4.61570981220126,12.059552396165,-2.5));
#4870=CARTESIAN_POINT('',(5.03805071336029,14.2388436097318,-2.5));
#4871=CARTESIAN_POINT('',(1.77295375612625,-24.5780243902011,-2.5));
#4872=CARTESIAN_POINT('',(5.84409912910437,-27.4008743178061,-2.5));
#4873=CARTESIAN_POINT('',(-4.58008852859917,-20.1729532589803,-2.5));
#4874=CARTESIAN_POINT('',(5.84409912910438,-24.8763546379126,-2.5));
#4875=CARTESIAN_POINT('',(5.84409912910442,-13.7004371589031,-2.5));
#4876=CARTESIAN_POINT('',(3.29336390969677,-23.2235823273781,-2.5));
#4877=CARTESIAN_POINT('',(-1.89014903104403,-19.8648775137348,-2.5));
#4878=CARTESIAN_POINT('',(5.84409912910432,-21.5321857113003,-2.5));
#4879=CARTESIAN_POINT('',(7.49778127437119,-20.4356264278077,-2.5));
#4880=CARTESIAN_POINT('',(5.84409912910435,-19.1060239410129,-2.5));
#4881=CARTESIAN_POINT('',(5.84409912910447,-10.7660928556502,-2.5));
#4882=CARTESIAN_POINT('',(1.79651681593076,-21.9950591428071,-2.5));
#4883=CARTESIAN_POINT('',(8.42553426613138,-17.2634778468306,-2.5));
#4884=CARTESIAN_POINT('',(-2.07371259419832,-19.2699537903567,-2.5));
#4885=CARTESIAN_POINT('',(-3.98094361387629,-17.9270345705085,-2.5));
#4886=CARTESIAN_POINT('',(-2.07371259419831,-21.8108664551846,-2.5));
#4887=CARTESIAN_POINT('',(-2.07371259419839,-9.63497689517834,-2.5));
#4888=CARTESIAN_POINT('',(0.246491284249073,-23.3445605443278,-2.5));
#4889=CARTESIAN_POINT('',(-6.36881557030544,-18.9717305896222,-2.5));
#4890=CARTESIAN_POINT('',(-2.07371259419831,-24.8435686680438,-2.5));
#4891=CARTESIAN_POINT('',(5.47988909417854,-19.9634327457778,-2.5));
#4892=CARTESIAN_POINT('',(-2.07371259419829,-27.2533374533967,-2.5));
#4893=CARTESIAN_POINT('',(-2.0737125941984,-12.4217843340219,-2.5));
#4894=CARTESIAN_POINT('',(5.012638004466,-22.324860533273,-2.5));
#4895=CARTESIAN_POINT('',(-1.34796087007068,-43.3184647395298,-2.5));
#4896=CARTESIAN_POINT('',(0.827845739185919,-48.6461827927548,-2.5));
#4897=CARTESIAN_POINT('Ctrl Pts',(-1.34795944015591,-43.3184662091328,-2.5));
#4898=CARTESIAN_POINT('Ctrl Pts',(-1.54119720228205,-43.5064853636131,-2.5));
#4899=CARTESIAN_POINT('Ctrl Pts',(-1.70661432393581,-43.7223251585659,-2.5));
#4900=CARTESIAN_POINT('Ctrl Pts',(-1.84421080511704,-43.965985593991,-2.5));
#4901=CARTESIAN_POINT('Ctrl Pts',(-2.10649856406702,-44.4304535004649,-2.5));
#4902=CARTESIAN_POINT('Ctrl Pts',(-2.23764244354202,-44.9632255108322,-2.5));
#4903=CARTESIAN_POINT('Ctrl Pts',(-2.23764244354208,-45.5643016250925,-2.5));
#4904=CARTESIAN_POINT('Ctrl Pts',(-2.23764244354214,-46.1653777393529,-2.5));
#4905=CARTESIAN_POINT('Ctrl Pts',(-2.10649856406707,-46.6981497497201,-2.5));
#4906=CARTESIAN_POINT('Ctrl Pts',(-1.8442108051171,-47.162617656194,-2.5));
#4907=CARTESIAN_POINT('Ctrl Pts',(-1.58192304616713,-47.6270855626679,-2.5));
#4908=CARTESIAN_POINT('Ctrl Pts',(-1.2212773776108,-47.9904633953797,-2.5));
#4909=CARTESIAN_POINT('Ctrl Pts',(-0.762273799448367,-48.2527511543298,
-2.5));
#4910=CARTESIAN_POINT('Ctrl Pts',(-0.303270221285903,-48.5150389132799,
-2.5));
#4911=CARTESIAN_POINT('Ctrl Pts',(0.226769624925529,-48.6461827927548,-2.5));
#4912=CARTESIAN_POINT('Ctrl Pts',(0.82784573918592,-48.6461827927548,-2.5));
#4913=CARTESIAN_POINT('',(5.84409912910435,-48.6461827927548,-2.5));
#4914=CARTESIAN_POINT('',(0.413922869592802,-48.6461827927548,-2.5));
#4915=CARTESIAN_POINT('',(5.84409912910435,-46.4987017663519,-2.5));
#4916=CARTESIAN_POINT('',(5.84409912910435,-24.3230913963774,-2.5));
#4917=CARTESIAN_POINT('',(1.30324230228278,-46.4987017663518,-2.5));
#4918=CARTESIAN_POINT('',(2.92204956455164,-46.4987017663518,-2.5));
#4919=CARTESIAN_POINT('',(1.30324230228271,-43.3184626890833,-2.5));
#4920=CARTESIAN_POINT('Ctrl Pts',(1.30324230228278,-46.4987017663518,-2.5));
#4921=CARTESIAN_POINT('Ctrl Pts',(0.833310067497397,-46.4987017663519,-2.5));
#4922=CARTESIAN_POINT('Ctrl Pts',(0.450807085695315,-46.3511649019424,-2.5));
#4923=CARTESIAN_POINT('Ctrl Pts',(0.15573335687658,-46.0560911731237,-2.5));
#4924=CARTESIAN_POINT('Ctrl Pts',(-0.139340371942138,-45.761017444305,-2.5));
#4925=CARTESIAN_POINT('Ctrl Pts',(-0.286877236351524,-45.378514462503,-2.5));
#4926=CARTESIAN_POINT('Ctrl Pts',(-0.28687723635155,-44.9085822277176,-2.5));
#4927=CARTESIAN_POINT('Ctrl Pts',(-0.286877236351568,-44.6025798422759,
-2.5));
#4928=CARTESIAN_POINT('Ctrl Pts',(-0.221305296614078,-44.329363426703,-2.5));
#4929=CARTESIAN_POINT('Ctrl Pts',(-0.0901614171390186,-44.0889329809989,
-2.5));
#4930=CARTESIAN_POINT('Ctrl Pts',(0.0409824623360322,-43.8485025352948,
-2.5));
#4931=CARTESIAN_POINT('Ctrl Pts',(0.226769624925511,-43.6599832085495,-2.5));
#4932=CARTESIAN_POINT('Ctrl Pts',(0.46720007062965,-43.523375000763,-2.5));
#4933=CARTESIAN_POINT('Ctrl Pts',(0.707630516333788,-43.3867667929765,-2.5));
#4934=CARTESIAN_POINT('Ctrl Pts',(0.986311260218171,-43.3184626890833,-2.5));
#4935=CARTESIAN_POINT('Ctrl Pts',(1.30324230228271,-43.3184626890833,-2.5));
#4936=CARTESIAN_POINT('',(5.84409912910434,-43.3184626890834,-2.5));
#4937=CARTESIAN_POINT('',(0.651621151141031,-43.3184626890833,-2.5));
#4938=CARTESIAN_POINT('',(5.84409912910431,-41.1709816626803,-2.5));
#4939=CARTESIAN_POINT('',(5.84409912910399,-21.6592313445416,-2.5));
#4940=CARTESIAN_POINT('',(-6.00802897844805,-41.1709816626803,-2.5));
#4941=CARTESIAN_POINT('',(2.92204956455223,-41.1709816626803,-2.5));
#4942=CARTESIAN_POINT('',(-6.00802897844805,-43.3184626890833,-2.5));
#4943=CARTESIAN_POINT('',(-6.00802897844805,-20.5854908313401,-2.5));
#4944=CARTESIAN_POINT('',(-3.00401448922417,-43.3184626890833,-2.5));
#4945=CARTESIAN_POINT('',(-1.31999868820752,-15.8929924151342,-2.5));
#4946=CARTESIAN_POINT('',(-2.07371259419827,-15.8929988938756,-2.5));
#4947=CARTESIAN_POINT('',(-0.659999344103932,-15.8929988938756,-2.5));
#4948=CARTESIAN_POINT('',(-2.07371259419832,-18.0240869353442,-2.5));
#4949=CARTESIAN_POINT('',(-2.07371259419807,-7.94649944693775,-2.5));
#4950=CARTESIAN_POINT('',(5.8440991291043,-18.0240869353442,-2.5));
#4951=CARTESIAN_POINT('',(-1.03685629709911,-18.0240869353442,-2.5));
#4952=CARTESIAN_POINT('',(5.84409912910433,-15.8929988938756,-2.5));
#4953=CARTESIAN_POINT('',(5.84409912910445,-9.01204346767214,-2.5));
#4954=CARTESIAN_POINT('',(5.07851518717445,-15.892992730487,-2.5));
#4955=CARTESIAN_POINT('',(2.92204956455126,-15.8929988938753,-2.5));
#4956=CARTESIAN_POINT('Ctrl Pts',(5.0785109472344,-15.8929882572249,-2.5));
#4957=CARTESIAN_POINT('Ctrl Pts',(5.3078853513754,-15.6755747569844,-2.5));
#4958=CARTESIAN_POINT('Ctrl Pts',(5.50024163641691,-15.4187548718961,-2.5));
#4959=CARTESIAN_POINT('Ctrl Pts',(5.65557980235903,-15.12252860196,-2.5));
#4960=CARTESIAN_POINT('Ctrl Pts',(5.89054591975174,-14.6744536804205,-2.5));
#4961=CARTESIAN_POINT('Ctrl Pts',(6.00802897844808,-14.1662711474548,-2.5));
#4962=CARTESIAN_POINT('Ctrl Pts',(6.00802897844808,-13.5979810030632,-2.5));
#4963=CARTESIAN_POINT('Ctrl Pts',(6.00802897844808,-12.8766896659508,-2.5));
#4964=CARTESIAN_POINT('Ctrl Pts',(5.82770614416994,-12.2264345968872,-2.5));
#4965=CARTESIAN_POINT('Ctrl Pts',(5.46706047561371,-11.6472157958727,-2.5));
#4966=CARTESIAN_POINT('Ctrl Pts',(5.10641480705747,-11.0679969948581,-2.5));
#4967=CARTESIAN_POINT('Ctrl Pts',(4.61462525902629,-10.614457745007,-2.5));
#4968=CARTESIAN_POINT('Ctrl Pts',(3.99169183152006,-10.2865980463196,-2.5));
#4969=CARTESIAN_POINT('Ctrl Pts',(3.36875840401382,-9.95873834763214,-2.5));
#4970=CARTESIAN_POINT('Ctrl Pts',(2.66932438014724,-9.79480849828844,-2.5));
#4971=CARTESIAN_POINT('Ctrl Pts',(1.89338975992021,-9.79480849828846,-2.5));
#4972=CARTESIAN_POINT('Ctrl Pts',(1.10652648307026,-9.79480849828848,-2.5));
#4973=CARTESIAN_POINT('Ctrl Pts',(0.40162813089216,-9.95873834763218,-2.5));
#4974=CARTESIAN_POINT('Ctrl Pts',(-0.221305296614034,-10.2865980463196,
-2.5));
#4975=CARTESIAN_POINT('Ctrl Pts',(-0.844238724120254,-10.6144577450071,
-2.5));
#4976=CARTESIAN_POINT('Ctrl Pts',(-1.33602827215147,-11.0679969948581,-2.5));
#4977=CARTESIAN_POINT('Ctrl Pts',(-1.69667394070771,-11.6472157958727,-2.5));
#4978=CARTESIAN_POINT('Ctrl Pts',(-2.05731960926394,-12.2264345968873,-2.5));
#4979=CARTESIAN_POINT('Ctrl Pts',(-2.23764244354208,-12.8766896659508,-2.5));
#4980=CARTESIAN_POINT('Ctrl Pts',(-2.23764244354208,-13.5979810030632,-2.5));
#4981=CARTESIAN_POINT('Ctrl Pts',(-2.23764244354208,-14.1662711474548,-2.5));
#4982=CARTESIAN_POINT('Ctrl Pts',(-2.12289154900143,-14.6744536804204,-2.5));
#4983=CARTESIAN_POINT('Ctrl Pts',(-1.8933897599202,-15.12252860196,-2.5));
#4984=CARTESIAN_POINT('Ctrl Pts',(-1.74166423864722,-15.4187546196834,-2.5));
#4985=CARTESIAN_POINT('Ctrl Pts',(-1.5505323996291,-15.6755743196618,-2.5));
#4986=CARTESIAN_POINT('Ctrl Pts',(-1.31999424286583,-15.8929877018949,-2.5));
#4987=CARTESIAN_POINT('',(6.00802897844808,24.5157089693563,-2.5));
#4988=CARTESIAN_POINT('Ctrl Pts',(6.00802897844808,24.5157089693563,-2.5));
#4989=CARTESIAN_POINT('Ctrl Pts',(6.00802897844806,24.9091406077813,-2.5));
#4990=CARTESIAN_POINT('Ctrl Pts',(5.87688509897308,25.2315359781573,-2.5));
#4991=CARTESIAN_POINT('Ctrl Pts',(5.61459734002309,25.4828950804844,-2.5));
#4992=CARTESIAN_POINT('Ctrl Pts',(5.35230958107309,25.7342541828115,-2.5));
#4993=CARTESIAN_POINT('Ctrl Pts',(5.02991421069707,25.859933733975,-2.5));
#4994=CARTESIAN_POINT('Ctrl Pts',(4.64741122889501,25.859933733975,-2.5));
#4995=CARTESIAN_POINT('Ctrl Pts',(4.26490824709296,25.859933733975,-2.5));
#4996=CARTESIAN_POINT('Ctrl Pts',(3.94251287671696,25.7342541828115,-2.5));
#4997=CARTESIAN_POINT('Ctrl Pts',(3.68022511776695,25.4828950804844,-2.5));
#4998=CARTESIAN_POINT('Ctrl Pts',(3.41793735881696,25.2315359781573,-2.5));
#4999=CARTESIAN_POINT('Ctrl Pts',(3.28679347934195,24.9091406077813,-2.5));
#5000=CARTESIAN_POINT('Ctrl Pts',(3.28679347934194,24.5157089693563,-2.5));
#5001=CARTESIAN_POINT('Ctrl Pts',(3.28679347934192,24.1332059875543,-2.5));
#5002=CARTESIAN_POINT('Ctrl Pts',(3.41793735881693,23.8162749454897,-2.5));
#5003=CARTESIAN_POINT('Ctrl Pts',(3.68022511776695,23.5649158431626,-2.5));
#5004=CARTESIAN_POINT('Ctrl Pts',(3.94251287671695,23.3135567408356,-2.5));
#5005=CARTESIAN_POINT('Ctrl Pts',(4.26490824709297,23.187877189672,-2.5));
#5006=CARTESIAN_POINT('Ctrl Pts',(4.64741122889504,23.187877189672,-2.5));
#5007=CARTESIAN_POINT('Ctrl Pts',(5.02991421069708,23.187877189672,-2.5));
#5008=CARTESIAN_POINT('Ctrl Pts',(5.3523095810731,23.3135567408356,-2.5));
#5009=CARTESIAN_POINT('Ctrl Pts',(5.61459734002306,23.5649158431626,-2.5));
#5010=CARTESIAN_POINT('Ctrl Pts',(5.87688509897305,23.8162749454897,-2.5));
#5011=CARTESIAN_POINT('Ctrl Pts',(6.0080289784481,24.1332059875543,-2.5));
#5012=CARTESIAN_POINT('Ctrl Pts',(6.00802897844808,24.5157089693563,-2.5));
#5013=CARTESIAN_POINT('',(-6.00802897844808,39.2530024253586,-2.5));
#5014=CARTESIAN_POINT('',(-6.00802897844808,37.1055213989556,-2.5));
#5015=CARTESIAN_POINT('',(-6.00802897844808,19.6265012126793,-2.5));
#5016=CARTESIAN_POINT('',(5.84409912910433,37.1055213989556,-2.5));
#5017=CARTESIAN_POINT('',(-3.00401448922405,37.1055213989556,-2.5));
#5018=CARTESIAN_POINT('',(5.84409912910433,39.2530024253585,-2.5));
#5019=CARTESIAN_POINT('',(5.84409912910433,18.5527606994778,-2.5));
#5020=CARTESIAN_POINT('',(2.92204956455224,39.2530024253586,-2.5));
#5021=CARTESIAN_POINT('',(3.38515138894823,7.0735729991824,-2.5));
#5022=CARTESIAN_POINT('',(4.64741122889504,5.81131315923562,-2.5));
#5023=CARTESIAN_POINT('',(4.30725679150675,6.1514675966239,-2.5));
#5024=CARTESIAN_POINT('',(2.63107408196703,5.36870256600748,-2.5));
#5025=CARTESIAN_POINT('Ctrl Pts',(4.64741122889504,5.81131315923562,-2.5));
#5026=CARTESIAN_POINT('Ctrl Pts',(5.09548615043456,6.19381614103764,-2.5));
#5027=CARTESIAN_POINT('Ctrl Pts',(5.43427450574492,6.66101621166732,-2.5));
#5028=CARTESIAN_POINT('Ctrl Pts',(5.66377629482619,7.21291337112458,-2.5));
#5029=CARTESIAN_POINT('Ctrl Pts',(5.89327808390746,7.76481053058183,-2.5));
#5030=CARTESIAN_POINT('Ctrl Pts',(6.00802897844805,8.36315448068648,-2.5));
#5031=CARTESIAN_POINT('Ctrl Pts',(6.00802897844804,9.00794522143851,-2.5));
#5032=CARTESIAN_POINT('Ctrl Pts',(6.00802897844802,9.83852312478015,-2.5));
#5033=CARTESIAN_POINT('Ctrl Pts',(5.83043830832569,10.576207446827,-2.5));
#5034=CARTESIAN_POINT('Ctrl Pts',(5.47525696808088,11.220998187579,-2.5));
#5035=CARTESIAN_POINT('Ctrl Pts',(5.12007562783604,11.865788928331,-2.5));
#5036=CARTESIAN_POINT('Ctrl Pts',(4.63101824396066,12.3767036254524,-2.5));
#5037=CARTESIAN_POINT('Ctrl Pts',(4.00808481645445,12.753742278943,-2.5));
#5038=CARTESIAN_POINT('Ctrl Pts',(3.38515138894823,13.1307809324336,-2.5));
#5039=CARTESIAN_POINT('Ctrl Pts',(2.67478870845868,13.3193002591789,-2.5));
#5040=CARTESIAN_POINT('Ctrl Pts',(1.87699677498583,13.3193002591789,-2.5));
#5041=CARTESIAN_POINT('Ctrl Pts',(1.09013349813588,13.3193002591789,-2.5));
#5042=CARTESIAN_POINT('Ctrl Pts',(0.387967310113497,13.1362452607451,-2.5));
#5043=CARTESIAN_POINT('Ctrl Pts',(-0.229501789081246,12.7701352638774,-2.5));
#5044=CARTESIAN_POINT('Ctrl Pts',(-0.846970888276011,12.4040252670097,-2.5));
#5045=CARTESIAN_POINT('Ctrl Pts',(-1.33876043630719,11.9040392265113,-2.5));
#5046=CARTESIAN_POINT('Ctrl Pts',(-1.70487043317491,11.2701771423821,-2.5));
#5047=CARTESIAN_POINT('Ctrl Pts',(-2.07098043004262,10.636315058253,-2.5));
#5048=CARTESIAN_POINT('Ctrl Pts',(-2.25403542847642,9.93141670607491,-2.5));
#5049=CARTESIAN_POINT('Ctrl Pts',(-2.25403542847641,9.15548208584786,-2.5));
#5050=CARTESIAN_POINT('Ctrl Pts',(-2.2540354284764,8.39047612224375,-2.5));
#5051=CARTESIAN_POINT('Ctrl Pts',(-2.08190908666549,7.71563157577873,-2.5));
#5052=CARTESIAN_POINT('Ctrl Pts',(-1.73765640304364,7.13094844645269,-2.5));
#5053=CARTESIAN_POINT('Ctrl Pts',(-1.39340371942179,6.54626531712666,-2.5));
#5054=CARTESIAN_POINT('Ctrl Pts',(-0.923471484636389,6.08726173896423,-2.5));
#5055=CARTESIAN_POINT('Ctrl Pts',(-0.327859698687485,5.75393771196524,-2.5));
#5056=CARTESIAN_POINT('Ctrl Pts',(0.267752087261406,5.42061368496625,-2.5));
#5057=CARTESIAN_POINT('Ctrl Pts',(0.942596633726476,5.25395167146689,-2.5));
#5058=CARTESIAN_POINT('Ctrl Pts',(1.6966739407077,5.25395167146691,-2.5));
#5059=CARTESIAN_POINT('Ctrl Pts',(1.83874647680562,5.25395167146691,-2.5));
#5060=CARTESIAN_POINT('Ctrl Pts',(1.98355117705924,5.26214816393404,-2.5));
#5061=CARTESIAN_POINT('Ctrl Pts',(2.13108804146862,5.27854114886843,-2.5));
#5062=CARTESIAN_POINT('Ctrl Pts',(2.27862490587799,5.29493413380282,-2.5));
#5063=CARTESIAN_POINT('Ctrl Pts',(2.44528691937743,5.32498793951582,-2.5));
#5064=CARTESIAN_POINT('Ctrl Pts',(2.63107408196703,5.36870256600748,-2.5));
#5065=CARTESIAN_POINT('',(2.64532725537649,11.1554909702571,-2.5));
#5066=CARTESIAN_POINT('',(2.62445443857423,2.68112734852692,-2.5));
#5067=CARTESIAN_POINT('Ctrl Pts',(2.64532725537649,11.1554909702571,-2.5));
#5068=CARTESIAN_POINT('Ctrl Pts',(2.80622243943289,11.1123167838238,-2.5));
#5069=CARTESIAN_POINT('Ctrl Pts',(2.95720473850626,11.054919762415,-2.5));
#5070=CARTESIAN_POINT('Ctrl Pts',(3.0982741525967,10.9832999060306,-2.5));
#5071=CARTESIAN_POINT('Ctrl Pts',(3.45345549284143,10.8029770717525,-2.5));
#5072=CARTESIAN_POINT('Ctrl Pts',(3.72667190841434,10.5434214769582,-2.5));
#5073=CARTESIAN_POINT('Ctrl Pts',(3.91792339931539,10.2046331216478,-2.5));
#5074=CARTESIAN_POINT('Ctrl Pts',(4.10917489021642,9.86584476633746,-2.5));
#5075=CARTESIAN_POINT('Ctrl Pts',(4.20480063566694,9.47241312791245,-2.5));
#5076=CARTESIAN_POINT('Ctrl Pts',(4.20480063566692,9.0243382063729,-2.5));
#5077=CARTESIAN_POINT('Ctrl Pts',(4.2048006356669,8.61997791132501,-2.5));
#5078=CARTESIAN_POINT('Ctrl Pts',(4.1364965317737,8.2538679144573,-2.5));
#5079=CARTESIAN_POINT('Ctrl Pts',(3.99988832398726,7.92600821576981,-2.5));
#5080=CARTESIAN_POINT('Ctrl Pts',(3.8632801162008,7.59814851708231,-2.5));
#5081=CARTESIAN_POINT('Ctrl Pts',(3.65836780452113,7.31400344488653,-2.5));
#5082=CARTESIAN_POINT('Ctrl Pts',(3.38515138894823,7.0735729991824,-2.5));
#5083=CARTESIAN_POINT('',(6.00802897844809,-29.9745729525029,-2.5));
#5084=CARTESIAN_POINT('Ctrl Pts',(6.00802897844809,-29.9745729525029,-2.5));
#5085=CARTESIAN_POINT('Ctrl Pts',(6.00802897844805,-29.5811413140779,-2.5));
#5086=CARTESIAN_POINT('Ctrl Pts',(5.8768850989731,-29.2587459437018,-2.5));
#5087=CARTESIAN_POINT('Ctrl Pts',(5.61459734002309,-29.0073868413748,-2.5));
#5088=CARTESIAN_POINT('Ctrl Pts',(5.35230958107308,-28.7560277390477,-2.5));
#5089=CARTESIAN_POINT('Ctrl Pts',(5.02991421069709,-28.6303481878842,-2.5));
#5090=CARTESIAN_POINT('Ctrl Pts',(4.64741122889506,-28.6303481878842,-2.5));
#5091=CARTESIAN_POINT('Ctrl Pts',(4.264908247093,-28.6303481878843,-2.5));
#5092=CARTESIAN_POINT('Ctrl Pts',(3.94251287671695,-28.7560277390477,-2.5));
#5093=CARTESIAN_POINT('Ctrl Pts',(3.68022511776696,-29.0073868413748,-2.5));
#5094=CARTESIAN_POINT('Ctrl Pts',(3.41793735881697,-29.2587459437018,-2.5));
#5095=CARTESIAN_POINT('Ctrl Pts',(3.28679347934197,-29.581141314078,-2.5));
#5096=CARTESIAN_POINT('Ctrl Pts',(3.28679347934199,-29.9745729525028,-2.5));
#5097=CARTESIAN_POINT('Ctrl Pts',(3.28679347934201,-30.3570759343049,-2.5));
#5098=CARTESIAN_POINT('Ctrl Pts',(3.41793735881695,-30.6740069763694,-2.5));
#5099=CARTESIAN_POINT('Ctrl Pts',(3.68022511776696,-30.9253660786966,-2.5));
#5100=CARTESIAN_POINT('Ctrl Pts',(3.94251287671694,-31.1767251810237,-2.5));
#5101=CARTESIAN_POINT('Ctrl Pts',(4.26490824709302,-31.3024047321872,-2.5));
#5102=CARTESIAN_POINT('Ctrl Pts',(4.64741122889505,-31.3024047321871,-2.5));
#5103=CARTESIAN_POINT('Ctrl Pts',(5.02991421069708,-31.3024047321871,-2.5));
#5104=CARTESIAN_POINT('Ctrl Pts',(5.35230958107311,-31.1767251810235,-2.5));
#5105=CARTESIAN_POINT('Ctrl Pts',(5.61459734002312,-30.9253660786965,-2.5));
#5106=CARTESIAN_POINT('Ctrl Pts',(5.87688509897313,-30.6740069763695,-2.5));
#5107=CARTESIAN_POINT('Ctrl Pts',(6.00802897844813,-30.3570759343049,-2.5));
#5108=CARTESIAN_POINT('Ctrl Pts',(6.00802897844809,-29.9745729525029,-2.5));
#5109=CARTESIAN_POINT('',(0.46720007062965,-38.5481040731804,-2.5));
#5110=CARTESIAN_POINT('',(3.27040049440766,-38.5644970581148,-2.5));
#5111=CARTESIAN_POINT('Ctrl Pts',(0.46720007062965,-38.5481040731804,-2.5));
#5112=CARTESIAN_POINT('Ctrl Pts',(0.237698281548404,-38.3404595973451,-2.5));
#5113=CARTESIAN_POINT('Ctrl Pts',(0.0628397755817467,-38.0918326591737,
-2.5));
#5114=CARTESIAN_POINT('Ctrl Pts',(-0.0573754472703047,-37.8022232586665,
-2.5));
#5115=CARTESIAN_POINT('Ctrl Pts',(-0.177590670122383,-37.5126138581591,
-2.5));
#5116=CARTESIAN_POINT('Ctrl Pts',(-0.237698281548386,-37.1929506519389,
-2.5));
#5117=CARTESIAN_POINT('Ctrl Pts',(-0.237698281548431,-36.8432336400056,
-2.5));
#5118=CARTESIAN_POINT('Ctrl Pts',(-0.23769828154848,-36.4498020015806,-2.5));
#5119=CARTESIAN_POINT('Ctrl Pts',(-0.147536864409359,-36.0973528254914,
-2.5));
#5120=CARTESIAN_POINT('Ctrl Pts',(0.0327859698687583,-35.7858861117385,
-2.5));
#5121=CARTESIAN_POINT('Ctrl Pts',(0.213108804146951,-35.4744193979854,-2.5));
#5122=CARTESIAN_POINT('Ctrl Pts',(0.4590035781625,-35.2285246239697,-2.5));
#5123=CARTESIAN_POINT('Ctrl Pts',(0.770470291915588,-35.0482017896917,-2.5));
#5124=CARTESIAN_POINT('Ctrl Pts',(1.08193700566875,-34.8678789554136,-2.5));
#5125=CARTESIAN_POINT('Ctrl Pts',(1.45077916669213,-34.7777175382746,-2.5));
#5126=CARTESIAN_POINT('Ctrl Pts',(1.87699677498585,-34.7777175382745,-2.5));
#5127=CARTESIAN_POINT('Ctrl Pts',(2.29228572665662,-34.7777175382744,-2.5));
#5128=CARTESIAN_POINT('Ctrl Pts',(2.66112788768003,-34.8678789554134,-2.5));
#5129=CARTESIAN_POINT('Ctrl Pts',(2.98352325805607,-35.0482017896916,-2.5));
#5130=CARTESIAN_POINT('Ctrl Pts',(3.30591862843204,-35.2285246239698,-2.5));
#5131=CARTESIAN_POINT('Ctrl Pts',(3.55727773075917,-35.4744193979853,-2.5));
#5132=CARTESIAN_POINT('Ctrl Pts',(3.73760056503726,-35.7858861117384,-2.5));
#5133=CARTESIAN_POINT('Ctrl Pts',(3.91792339931532,-36.0973528254915,-2.5));
#5134=CARTESIAN_POINT('Ctrl Pts',(4.00808481645446,-36.4498020015805,-2.5));
#5135=CARTESIAN_POINT('Ctrl Pts',(4.00808481645446,-36.8432336400056,-2.5));
#5136=CARTESIAN_POINT('Ctrl Pts',(4.00808481645446,-37.2038793085618,-2.5));
#5137=CARTESIAN_POINT('Ctrl Pts',(3.94524504087272,-37.5290068430936,-2.5));
#5138=CARTESIAN_POINT('Ctrl Pts',(3.81956548970916,-37.8186162436009,-2.5));
#5139=CARTESIAN_POINT('Ctrl Pts',(3.6938859385456,-38.1082256441081,-2.5));
#5140=CARTESIAN_POINT('Ctrl Pts',(3.51083094011179,-38.3568525822795,-2.5));
#5141=CARTESIAN_POINT('Ctrl Pts',(3.27040049440766,-38.5644970581148,-2.5));
#5142=CARTESIAN_POINT('',(4.66380421382943,-39.9579007775366,-2.5));
#5143=CARTESIAN_POINT('',(-7.18832389372295,-28.1057726699842,-2.5));
#5144=CARTESIAN_POINT('',(6.00802897844809,-36.8432336400056,-2.5));
#5145=CARTESIAN_POINT('Ctrl Pts',(4.66380421382943,-39.9579007775366,-2.5));
#5146=CARTESIAN_POINT('Ctrl Pts',(5.10095047874606,-39.5535404824887,-2.5));
#5147=CARTESIAN_POINT('Ctrl Pts',(5.43427450574496,-39.0890725760148,-2.5));
#5148=CARTESIAN_POINT('Ctrl Pts',(5.66377629482621,-38.5644970581149,-2.5));
#5149=CARTESIAN_POINT('Ctrl Pts',(5.89327808390746,-38.0399215402149,-2.5));
#5150=CARTESIAN_POINT('Ctrl Pts',(6.00802897844809,-37.4661670675117,-2.5));
#5151=CARTESIAN_POINT('Ctrl Pts',(6.00802897844809,-36.8432336400056,-2.5));
#5152=CARTESIAN_POINT('',(-0.926203648792123,-39.9251148076679,-2.5));
#5153=CARTESIAN_POINT('Ctrl Pts',(6.00802897844809,-36.8432336400056,-2.5));
#5154=CARTESIAN_POINT('Ctrl Pts',(6.00802897844808,-36.0345130499098,-2.5));
#5155=CARTESIAN_POINT('Ctrl Pts',(5.82770614416997,-35.3077573844858,-2.5));
#5156=CARTESIAN_POINT('Ctrl Pts',(5.46706047561371,-34.6629666437338,-2.5));
#5157=CARTESIAN_POINT('Ctrl Pts',(5.10641480705744,-34.0181759029818,-2.5));
#5158=CARTESIAN_POINT('Ctrl Pts',(4.61462525902625,-33.5099933700162,-2.5));
#5159=CARTESIAN_POINT('Ctrl Pts',(3.99169183152006,-33.1384190448371,-2.5));
#5160=CARTESIAN_POINT('Ctrl Pts',(3.36875840401382,-32.766844719658,-2.5));
#5161=CARTESIAN_POINT('Ctrl Pts',(2.66932438014725,-32.5810575570684,-2.5));
#5162=CARTESIAN_POINT('Ctrl Pts',(1.89338975992022,-32.5810575570684,-2.5));
#5163=CARTESIAN_POINT('Ctrl Pts',(1.10652648307025,-32.5810575570683,-2.5));
#5164=CARTESIAN_POINT('Ctrl Pts',(0.401628130892204,-32.7668447196579,-2.5));
#5165=CARTESIAN_POINT('Ctrl Pts',(-0.221305296614007,-33.1384190448371,
-2.5));
#5166=CARTESIAN_POINT('Ctrl Pts',(-0.844238724120219,-33.5099933700162,
-2.5));
#5167=CARTESIAN_POINT('Ctrl Pts',(-1.33876043630721,-34.0209080671375,-2.5));
#5168=CARTESIAN_POINT('Ctrl Pts',(-1.70487043317491,-34.671163136201,-2.5));
#5169=CARTESIAN_POINT('Ctrl Pts',(-2.0709804300426,-35.3214182052645,-2.5));
#5170=CARTESIAN_POINT('Ctrl Pts',(-2.25403542847645,-36.0454417065327,-2.5));
#5171=CARTESIAN_POINT('Ctrl Pts',(-2.25403542847642,-36.8432336400056,-2.5));
#5172=CARTESIAN_POINT('Ctrl Pts',(-2.25403542847639,-37.4661670675118,-2.5));
#5173=CARTESIAN_POINT('Ctrl Pts',(-2.13928453393582,-38.0399215402149,-2.5));
#5174=CARTESIAN_POINT('Ctrl Pts',(-1.90978274485455,-38.5644970581149,-2.5));
#5175=CARTESIAN_POINT('Ctrl Pts',(-1.68028095577332,-39.0890725760148,-2.5));
#5176=CARTESIAN_POINT('Ctrl Pts',(-1.35242125708586,-39.5426118258658,-2.5));
#5177=CARTESIAN_POINT('Ctrl Pts',(-0.926203648792123,-39.9251148076679,
-2.5));
#5178=CARTESIAN_POINT('',(9.28866719671141,-29.8304189132875,-2.5));
#5179=CARTESIAN_POINT('',(-1.04313619785888,-2.85712685490487,-2.5));
#5180=CARTESIAN_POINT('',(0.827845739185902,-8.54894164327604,-2.5));
#5181=CARTESIAN_POINT('Ctrl Pts',(-1.04313618983527,-2.85712686506474,-2.5));
#5182=CARTESIAN_POINT('Ctrl Pts',(-1.37849750748234,-3.12197345146537,-2.5));
#5183=CARTESIAN_POINT('Ctrl Pts',(-1.64825450919569,-3.44551846349135,-2.5));
#5184=CARTESIAN_POINT('Ctrl Pts',(-1.85240729758429,-3.82776198217629,-2.5));
#5185=CARTESIAN_POINT('Ctrl Pts',(-2.10923072822288,-4.30862287358457,-2.5));
#5186=CARTESIAN_POINT('Ctrl Pts',(-2.23764244354208,-4.84412704810751,-2.5));
#5187=CARTESIAN_POINT('Ctrl Pts',(-2.23764244354205,-5.43427450574496,-2.5));
#5188=CARTESIAN_POINT('Ctrl Pts',(-2.23764244354201,-6.02442196338243,-2.5));
#5189=CARTESIAN_POINT('Ctrl Pts',(-2.11469505653427,-6.55446180959382,-2.5));
#5190=CARTESIAN_POINT('Ctrl Pts',(-1.86880028251863,-7.0243940443792,-2.5));
#5191=CARTESIAN_POINT('Ctrl Pts',(-1.62290550850299,-7.49432627916456,-2.5));
#5192=CARTESIAN_POINT('Ctrl Pts',(-1.27045633241402,-7.86590060434376,-2.5));
#5193=CARTESIAN_POINT('Ctrl Pts',(-0.811452754251532,-8.13911701991666,
-2.5));
#5194=CARTESIAN_POINT('Ctrl Pts',(-0.352449176089067,-8.41233343548954,
-2.5));
#5195=CARTESIAN_POINT('Ctrl Pts',(0.193983655056753,-8.54894164327602,-2.5));
#5196=CARTESIAN_POINT('Ctrl Pts',(0.827845739185902,-8.54894164327604,-2.5));
#5197=CARTESIAN_POINT('',(5.84409912910429,-8.54894164327604,-2.5));
#5198=CARTESIAN_POINT('',(0.413922869592965,-8.54894164327604,-2.5));
#5199=CARTESIAN_POINT('',(5.84409912910433,-6.401460616873,-2.5));
#5200=CARTESIAN_POINT('',(5.84409912910438,-4.27447082163808,-2.5));
#5201=CARTESIAN_POINT('',(1.17209842280775,-6.40146061687298,-2.5));
#5202=CARTESIAN_POINT('',(2.92204956455217,-6.40146061687299,-2.5));
#5203=CARTESIAN_POINT('',(1.17209842280775,-3.3851513889482,-2.5));
#5204=CARTESIAN_POINT('Ctrl Pts',(1.17209842280775,-6.40146061687298,-2.5));
#5205=CARTESIAN_POINT('Ctrl Pts',(0.713094844645257,-6.40146061687304,-2.5));
#5206=CARTESIAN_POINT('Ctrl Pts',(0.355181340244748,-6.25665591661937,-2.5));
#5207=CARTESIAN_POINT('Ctrl Pts',(0.0983579096062481,-5.9670465161121,-2.5));
#5208=CARTESIAN_POINT('Ctrl Pts',(-0.158465521032274,-5.67743711560481,
-2.5));
#5209=CARTESIAN_POINT('Ctrl Pts',(-0.286877236351568,-5.31952361120432,
-2.5));
#5210=CARTESIAN_POINT('Ctrl Pts',(-0.286877236351541,-4.89330600291066,
-2.5));
#5211=CARTESIAN_POINT('Ctrl Pts',(-0.286877236351524,-4.62008958733774,
-2.5));
#5212=CARTESIAN_POINT('Ctrl Pts',(-0.229501789081232,-4.36599832085492,
-2.5));
#5213=CARTESIAN_POINT('Ctrl Pts',(-0.114750894540627,-4.13103220346223,
-2.5));
#5214=CARTESIAN_POINT('Ctrl Pts',(-1.77635683940025E-14,-3.89606608606952,
-2.5));
#5215=CARTESIAN_POINT('Ctrl Pts',(0.166662013499455,-3.7130110876357,-2.5));
#5216=CARTESIAN_POINT('Ctrl Pts',(0.385235145957799,-3.58186720816068,-2.5));
#5217=CARTESIAN_POINT('Ctrl Pts',(0.603808278416098,-3.45072332868568,-2.5));
#5218=CARTESIAN_POINT('Ctrl Pts',(0.866096037366093,-3.38515138894818,-2.5));
#5219=CARTESIAN_POINT('Ctrl Pts',(1.17209842280775,-3.3851513889482,-2.5));
#5220=CARTESIAN_POINT('',(5.8440991291043,-3.38515138894815,-2.5));
#5221=CARTESIAN_POINT('',(0.586049211403908,-3.38515138894821,-2.5));
#5222=CARTESIAN_POINT('',(5.84409912910432,-1.23767036254522,-2.5));
#5223=CARTESIAN_POINT('',(5.84409912910431,-1.6925756944741,-2.5));
#5224=CARTESIAN_POINT('',(1.17209842280774,-1.23767036254522,-2.5));
#5225=CARTESIAN_POINT('',(2.92204956455217,-1.23767036254522,-2.5));
#5226=CARTESIAN_POINT('',(1.17209842280771,1.77863886537956,-2.5));
#5227=CARTESIAN_POINT('Ctrl Pts',(1.17209842280774,-1.23767036254522,-2.5));
#5228=CARTESIAN_POINT('Ctrl Pts',(0.713094844645239,-1.23767036254526,-2.5));
#5229=CARTESIAN_POINT('Ctrl Pts',(0.355181340244766,-1.09286566229157,-2.5));
#5230=CARTESIAN_POINT('Ctrl Pts',(0.0983579096062481,-0.803256261784302,
-2.5));
#5231=CARTESIAN_POINT('Ctrl Pts',(-0.158465521032278,-0.513646861277026,
-2.5));
#5232=CARTESIAN_POINT('Ctrl Pts',(-0.286877236351577,-0.155733356876553,
-2.5));
#5233=CARTESIAN_POINT('Ctrl Pts',(-0.286877236351559,0.27048425141718,-2.5));
#5234=CARTESIAN_POINT('Ctrl Pts',(-0.286877236351546,0.554629323612996,
-2.5));
#5235=CARTESIAN_POINT('Ctrl Pts',(-0.229501789081286,0.811452754251549,
-2.5));
#5236=CARTESIAN_POINT('Ctrl Pts',(-0.114750894540636,1.04095454333278,-2.5));
#5237=CARTESIAN_POINT('Ctrl Pts',(8.88178419700125E-15,1.270456332414,-2.5));
#5238=CARTESIAN_POINT('Ctrl Pts',(0.16666201349949,1.45077916669203,-2.5));
#5239=CARTESIAN_POINT('Ctrl Pts',(0.385235145957799,1.58192304616708,-2.5));
#5240=CARTESIAN_POINT('Ctrl Pts',(0.60380827841608,1.71306692564212,-2.5));
#5241=CARTESIAN_POINT('Ctrl Pts',(0.866096037366093,1.77863886537956,-2.5));
#5242=CARTESIAN_POINT('Ctrl Pts',(1.17209842280771,1.77863886537956,-2.5));
#5243=CARTESIAN_POINT('',(5.84409912910433,1.77863886537963,-2.5));
#5244=CARTESIAN_POINT('',(0.586049211403857,1.77863886537955,-2.5));
#5245=CARTESIAN_POINT('',(5.84409912910432,3.92611989178258,-2.5));
#5246=CARTESIAN_POINT('',(5.84409912910434,0.889319432689841,-2.5));
#5247=CARTESIAN_POINT('',(-2.07371259419831,3.9261198917826,-2.5));
#5248=CARTESIAN_POINT('',(2.92204956455218,3.92611989178259,-2.5));
#5249=CARTESIAN_POINT('',(-2.07371259419831,1.77863886537958,-2.5));
#5250=CARTESIAN_POINT('',(-2.07371259419831,1.9630599458913,-2.5));
#5251=CARTESIAN_POINT('',(-1.38621729677999,1.77863716665878,-2.5));
#5252=CARTESIAN_POINT('',(-1.03685629709912,1.77863886537955,-2.5));
#5253=CARTESIAN_POINT('Ctrl Pts',(-1.38621609185995,1.77863596920303,-2.5));
#5254=CARTESIAN_POINT('Ctrl Pts',(-1.57612608224548,1.58754220139302,-2.5));
#5255=CARTESIAN_POINT('Ctrl Pts',(-1.73698747913173,1.36897003432685,-2.5));
#5256=CARTESIAN_POINT('Ctrl Pts',(-1.86880028251866,1.12291946800463,-2.5));
#5257=CARTESIAN_POINT('Ctrl Pts',(-2.11469505653431,0.663915889842182,-2.5));
#5258=CARTESIAN_POINT('Ctrl Pts',(-2.23764244354205,0.144804700253651,-2.5));
#5259=CARTESIAN_POINT('Ctrl Pts',(-2.23764244354206,-0.434414100760883,
-2.5));
#5260=CARTESIAN_POINT('Ctrl Pts',(-2.23764244354208,-0.980846931906711,
-2.5));
#5261=CARTESIAN_POINT('Ctrl Pts',(-2.11469505653423,-1.47810080824939,-2.5));
#5262=CARTESIAN_POINT('Ctrl Pts',(-1.86880028251864,-1.92617572978889,-2.5));
#5263=CARTESIAN_POINT('Ctrl Pts',(-1.66268643146291,-2.30176096949045,-2.5));
#5264=CARTESIAN_POINT('Ctrl Pts',(-1.38746510178411,-2.61207803493688,-2.5));
#5265=CARTESIAN_POINT('Ctrl Pts',(-1.04313619087218,-2.85712684508755,-2.5));
#5266=CARTESIAN_POINT('',(-1.3479608700707,33.0564520697187,-2.5));
#5267=CARTESIAN_POINT('',(0.827845739185857,27.7287340164936,-2.5));
#5268=CARTESIAN_POINT('Ctrl Pts',(-1.34795944015592,33.0564506001157,-2.5));
#5269=CARTESIAN_POINT('Ctrl Pts',(-1.54119720228208,32.8684314456354,-2.5));
#5270=CARTESIAN_POINT('Ctrl Pts',(-1.70661432393578,32.6525916506826,-2.5));
#5271=CARTESIAN_POINT('Ctrl Pts',(-1.84421080511706,32.4089312152574,-2.5));
#5272=CARTESIAN_POINT('Ctrl Pts',(-2.10649856406702,31.9444633087835,-2.5));
#5273=CARTESIAN_POINT('Ctrl Pts',(-2.23764244354205,31.4116912984163,-2.5));
#5274=CARTESIAN_POINT('Ctrl Pts',(-2.23764244354206,30.8106151841559,-2.5));
#5275=CARTESIAN_POINT('Ctrl Pts',(-2.23764244354208,30.2095390698955,-2.5));
#5276=CARTESIAN_POINT('Ctrl Pts',(-2.1064985640671,29.6767670595284,-2.5));
#5277=CARTESIAN_POINT('Ctrl Pts',(-1.84421080511708,29.2122991530545,-2.5));
#5278=CARTESIAN_POINT('Ctrl Pts',(-1.58192304616707,28.7478312465806,-2.5));
#5279=CARTESIAN_POINT('Ctrl Pts',(-1.22127737761087,28.3844534138686,-2.5));
#5280=CARTESIAN_POINT('Ctrl Pts',(-0.762273799448421,28.1221656549186,-2.5));
#5281=CARTESIAN_POINT('Ctrl Pts',(-0.303270221285965,27.8598778959686,-2.5));
#5282=CARTESIAN_POINT('Ctrl Pts',(0.226769624925511,27.7287340164936,-2.5));
#5283=CARTESIAN_POINT('Ctrl Pts',(0.827845739185857,27.7287340164936,-2.5));
#5284=CARTESIAN_POINT('',(5.84409912910432,27.7287340164936,-2.5));
#5285=CARTESIAN_POINT('',(0.413922869592943,27.7287340164936,-2.5));
#5286=CARTESIAN_POINT('',(5.84409912910432,29.8762150428966,-2.5));
#5287=CARTESIAN_POINT('',(5.84409912910432,13.8643670082468,-2.5));
#5288=CARTESIAN_POINT('',(1.30324230228275,29.8762150428966,-2.5));
#5289=CARTESIAN_POINT('',(2.92204956455235,29.8762150428966,-2.5));
#5290=CARTESIAN_POINT('',(1.30324230228275,33.0564541201652,-2.5));
#5291=CARTESIAN_POINT('Ctrl Pts',(1.30324230228275,29.8762150428966,-2.5));
#5292=CARTESIAN_POINT('Ctrl Pts',(0.833310067497335,29.8762150428966,-2.5));
#5293=CARTESIAN_POINT('Ctrl Pts',(0.450807085695271,30.0237519073059,-2.5));
#5294=CARTESIAN_POINT('Ctrl Pts',(0.155733356876562,30.3188256361247,-2.5));
#5295=CARTESIAN_POINT('Ctrl Pts',(-0.139340371942152,30.6138993649435,-2.5));
#5296=CARTESIAN_POINT('Ctrl Pts',(-0.286877236351541,30.9964023467455,-2.5));
#5297=CARTESIAN_POINT('Ctrl Pts',(-0.286877236351524,31.4663345815309,-2.5));
#5298=CARTESIAN_POINT('Ctrl Pts',(-0.28687723635151,31.7723369669726,-2.5));
#5299=CARTESIAN_POINT('Ctrl Pts',(-0.221305296614034,32.0455533825455,-2.5));
#5300=CARTESIAN_POINT('Ctrl Pts',(-0.090161417139063,32.2859838282496,-2.5));
#5301=CARTESIAN_POINT('Ctrl Pts',(0.0409824623359256,32.5264142739537,-2.5));
#5302=CARTESIAN_POINT('Ctrl Pts',(0.226769624925511,32.7149336006991,-2.5));
#5303=CARTESIAN_POINT('Ctrl Pts',(0.46720007062965,32.8515418084855,-2.5));
#5304=CARTESIAN_POINT('Ctrl Pts',(0.707630516333801,32.988150016272,-2.5));
#5305=CARTESIAN_POINT('Ctrl Pts',(0.986311260218153,33.0564541201652,-2.5));
#5306=CARTESIAN_POINT('Ctrl Pts',(1.30324230228275,33.0564541201652,-2.5));
#5307=CARTESIAN_POINT('',(5.84409912910433,33.0564541201652,-2.5));
#5308=CARTESIAN_POINT('',(0.651621151141387,33.0564541201652,-2.5));
#5309=CARTESIAN_POINT('',(5.84409912910432,35.2039351465682,-2.5));
#5310=CARTESIAN_POINT('',(5.84409912910439,16.5282270600826,-2.5));
#5311=CARTESIAN_POINT('',(-6.00802897844805,35.2039351465682,-2.5));
#5312=CARTESIAN_POINT('',(2.9220495645522,35.2039351465682,-2.5));
#5313=CARTESIAN_POINT('',(-6.00802897844808,33.0564541201652,-2.5));
#5314=CARTESIAN_POINT('',(-6.00802897844834,17.6019675732842,-2.5));
#5315=CARTESIAN_POINT('',(-3.00401448922409,33.0564541201652,-2.5));
#5316=CARTESIAN_POINT('Origin',(-26.11,63.8925,18.7));
#5317=CARTESIAN_POINT('',(-23.11,63.8925,19.2));
#5318=CARTESIAN_POINT('Origin',(-26.11,63.8925,19.2));
#5319=CARTESIAN_POINT('',(-24.11,63.8925,18.2));
#5320=CARTESIAN_POINT('',(-23.61,63.8925,18.7));
#5321=CARTESIAN_POINT('',(-28.11,63.8925,18.2));
#5322=CARTESIAN_POINT('Origin',(-26.11,63.8925,18.2));
#5323=CARTESIAN_POINT('Origin',(-26.11,63.8925,18.2));
#5324=CARTESIAN_POINT('Origin',(2.88657986402541E-14,0.,19.2));
#5325=CARTESIAN_POINT('',(-25.86,-56.8258529874487,19.2));
#5326=CARTESIAN_POINT('',(-25.8600000000001,63.6425,19.2));
#5327=CARTESIAN_POINT('',(-27.985,-60.3591764937243,19.2));
#5328=CARTESIAN_POINT('Origin',(-29.86,-56.8258529874487,19.2));
#5329=CARTESIAN_POINT('',(-22.5766764937244,-65.7675,19.2));
#5330=CARTESIAN_POINT('Origin',(-26.11,-63.8925,19.2));
#5331=CARTESIAN_POINT('',(-19.0433529874488,-63.6425,19.2));
#5332=CARTESIAN_POINT('Origin',(-19.0433529874488,-67.6425,19.2));
#5333=CARTESIAN_POINT('',(19.0433529874488,-63.6425,19.2));
#5334=CARTESIAN_POINT('',(-25.86,-63.6425,19.2));
#5335=CARTESIAN_POINT('',(22.5766764937245,-65.7675,19.2));
#5336=CARTESIAN_POINT('Origin',(19.0433529874488,-67.6425,19.2));
#5337=CARTESIAN_POINT('',(27.9850000000001,-60.3591764937243,19.2));
#5338=CARTESIAN_POINT('Origin',(26.1100000000001,-63.8925,19.2));
#5339=CARTESIAN_POINT('Origin',(29.8600000000001,-56.8258529874487,19.2));
#5340=CARTESIAN_POINT('',(-23.11,-63.8925,19.2));
#5341=CARTESIAN_POINT('Origin',(-26.11,-63.8925,19.2));
#5342=CARTESIAN_POINT('',(29.1100000000001,63.8925,19.2));
#5343=CARTESIAN_POINT('Origin',(26.1100000000001,63.8925,19.2));
#5344=CARTESIAN_POINT('',(23.36,61.1425,19.2));
#5345=CARTESIAN_POINT('',(23.36,-61.1425,19.2));
#5346=CARTESIAN_POINT('',(23.36,30.57125,19.2));
#5347=CARTESIAN_POINT('',(-23.36,-61.1425,19.2));
#5348=CARTESIAN_POINT('',(11.68,-61.1425,19.2));
#5349=CARTESIAN_POINT('',(-23.36,61.1425,19.2));
#5350=CARTESIAN_POINT('',(-23.36,-30.57125,19.2));
#5351=CARTESIAN_POINT('',(-11.68,61.1425,19.2));
#5352=CARTESIAN_POINT('',(29.1100000000001,-63.8925,19.2));
#5353=CARTESIAN_POINT('Origin',(26.1100000000001,-63.8925,19.2));
#5354=CARTESIAN_POINT('Origin',(-26.11,63.8925,19.2));
#5355=CARTESIAN_POINT('',(-28.11,63.8925,9.2));
#5356=CARTESIAN_POINT('',(-28.11,63.8925,19.2));
#5357=CARTESIAN_POINT('Origin',(-26.11,63.8925,9.2));
#5358=CARTESIAN_POINT('Origin',(-26.11,-63.8925,18.7));
#5359=CARTESIAN_POINT('',(-24.11,-63.8925,18.2));
#5360=CARTESIAN_POINT('',(-23.61,-63.8925,18.7));
#5361=CARTESIAN_POINT('',(-28.11,-63.8925,18.2));
#5362=CARTESIAN_POINT('Origin',(-26.11,-63.8925,18.2));
#5363=CARTESIAN_POINT('Origin',(-26.11,-63.8925,18.2));
#5364=CARTESIAN_POINT('Origin',(-26.11,-63.8925,19.2));
#5365=CARTESIAN_POINT('',(-28.11,-63.8925,9.2));
#5366=CARTESIAN_POINT('',(-28.11,-63.8925,19.2));
#5367=CARTESIAN_POINT('Origin',(-26.11,-63.8925,9.2));
#5368=CARTESIAN_POINT('Origin',(26.1100000000001,-63.8925,18.7));
#5369=CARTESIAN_POINT('',(28.1100000000001,-63.8925,18.2));
#5370=CARTESIAN_POINT('',(28.6100000000001,-63.8925,18.7));
#5371=CARTESIAN_POINT('',(24.1100000000001,-63.8925,18.2));
#5372=CARTESIAN_POINT('Origin',(26.1100000000001,-63.8925,18.2));
#5373=CARTESIAN_POINT('Origin',(26.1100000000001,-63.8925,18.2));
#5374=CARTESIAN_POINT('Origin',(26.1100000000001,-63.8925,19.2));
#5375=CARTESIAN_POINT('',(24.1100000000001,-63.8925,9.2));
#5376=CARTESIAN_POINT('',(24.1100000000001,-63.8925,19.2));
#5377=CARTESIAN_POINT('Origin',(26.1100000000001,-63.8925,9.2));
#5378=CARTESIAN_POINT('Origin',(26.1100000000001,63.8925,18.7));
#5379=CARTESIAN_POINT('',(28.1100000000001,63.8925,18.2));
#5380=CARTESIAN_POINT('',(28.6100000000001,63.8925,18.7));
#5381=CARTESIAN_POINT('',(24.1100000000001,63.8925,18.2));
#5382=CARTESIAN_POINT('Origin',(26.1100000000001,63.8925,18.2));
#5383=CARTESIAN_POINT('Origin',(26.1100000000001,63.8925,18.2));
#5384=CARTESIAN_POINT('Origin',(26.1100000000001,63.8925,19.2));
#5385=CARTESIAN_POINT('',(24.1100000000001,63.8925,9.2));
#5386=CARTESIAN_POINT('',(24.1100000000001,63.8925,19.2));
#5387=CARTESIAN_POINT('Origin',(26.1100000000001,63.8925,9.2));
#5388=CARTESIAN_POINT('Origin',(24.8600000000001,23.5325,6.23));
#5389=CARTESIAN_POINT('',(24.8600000000001,22.5325,12.46));
#5390=CARTESIAN_POINT('Origin',(24.8600000000001,23.5325,13.46));
#5391=CARTESIAN_POINT('',(24.8600000000001,22.5325,1.61));
#5392=CARTESIAN_POINT('',(24.8600000000001,22.5325,6.23));
#5393=CARTESIAN_POINT('Origin',(24.8600000000001,23.5325,0.610000000000005));
#5394=CARTESIAN_POINT('Origin',(24.8600000000001,-5.96749999999998,0.805));
#5395=CARTESIAN_POINT('',(24.8600000000001,-4.96749999999998,1.61));
#5396=CARTESIAN_POINT('Origin',(24.8600000000001,-5.96749999999998,0.61));
#5397=CARTESIAN_POINT('',(24.8600000000001,-4.96749999999998,12.46));
#5398=CARTESIAN_POINT('',(24.8600000000001,-4.96749999999998,0.805));
#5399=CARTESIAN_POINT('Origin',(24.8600000000001,-5.96749999999998,13.46));
#5400=CARTESIAN_POINT('Origin',(24.8600000000001,-18.6839100721661,0.609999999999998));
#5401=CARTESIAN_POINT('',(24.8600000000001,-18.6839100721661,1.61));
#5402=CARTESIAN_POINT('Origin',(24.8600000000001,-32.4339100721661,13.46));
#5403=CARTESIAN_POINT('',(24.8600000000001,-32.4339100721661,12.46));
#5404=CARTESIAN_POINT('Origin',(25.8600000000001,-4.96749999999998,12.46));
#5405=CARTESIAN_POINT('',(23.25,-4.96749999999998,12.46));
#5406=CARTESIAN_POINT('',(25.8600000000001,-4.96749999999998,12.46));
#5407=CARTESIAN_POINT('',(23.25,22.5325,12.46));
#5408=CARTESIAN_POINT('',(23.25,12.801875,12.46));
#5409=CARTESIAN_POINT('',(25.8600000000001,22.5325,12.46));
#5410=CARTESIAN_POINT('Origin',(25.8600000000001,-4.96749999999998,1.61));
#5411=CARTESIAN_POINT('',(25.8600000000001,-4.96749999999998,1.61));
#5412=CARTESIAN_POINT('',(26.045,-4.96749999999998,9.66499999999997));
#5413=CARTESIAN_POINT('Origin',(29.8600000000001,-56.8258529874487,0.));
#5414=CARTESIAN_POINT('',(27.9850000000001,-60.3591764937243,0.));
#5415=CARTESIAN_POINT('Origin',(19.0433529874488,-67.6425,0.));
#5416=CARTESIAN_POINT('',(22.5766764937245,-65.7675,0.));
#5417=CARTESIAN_POINT('',(19.0433529874488,-63.6425,0.));
#5418=CARTESIAN_POINT('Origin',(26.1100000000001,-63.8925,0.));
#5419=CARTESIAN_POINT('Origin',(-19.0433529874488,-67.6425,0.));
#5420=CARTESIAN_POINT('',(-19.0433529874488,-63.6425,0.));
#5421=CARTESIAN_POINT('',(-22.5766764937244,-65.7675,0.));
#5422=CARTESIAN_POINT('Origin',(-22.1178201443322,-63.6425,0.));
#5423=CARTESIAN_POINT('Origin',(-29.86,-56.8258529874487,0.));
#5424=CARTESIAN_POINT('',(-27.985,-60.3591764937243,0.));
#5425=CARTESIAN_POINT('',(-25.86,-56.8258529874487,0.));
#5426=CARTESIAN_POINT('Origin',(-26.11,-63.8925,0.));
#5427=CARTESIAN_POINT('Origin',(-22.11,-30.57125,13.6));
#5428=CARTESIAN_POINT('',(-23.36,61.1425,12.35));
#5429=CARTESIAN_POINT('',(-23.36,-30.57125,12.35));
#5430=CARTESIAN_POINT('',(-20.86,58.6425,14.85));
#5431=CARTESIAN_POINT('',(-23.36,61.1425,12.35));
#5432=CARTESIAN_POINT('',(-20.86,-58.6425,14.85));
#5433=CARTESIAN_POINT('',(-20.86,-58.6425,14.85));
#5434=CARTESIAN_POINT('',(-20.86,-58.6425,14.85));
#5435=CARTESIAN_POINT('Origin',(-11.68,59.8925,13.6));
#5436=CARTESIAN_POINT('',(20.86,58.6425,14.85));
#5437=CARTESIAN_POINT('',(-20.8600000000001,58.6425,14.85));
#5438=CARTESIAN_POINT('',(23.36,61.1425,12.35));
#5439=CARTESIAN_POINT('',(-11.68,61.1425,12.35));
#5440=CARTESIAN_POINT('',(23.36,61.1425,12.35));
#5441=CARTESIAN_POINT('Origin',(11.68,-59.8925,13.6));
#5442=CARTESIAN_POINT('',(20.86,-58.6425,14.85));
#5443=CARTESIAN_POINT('',(20.86,-58.6425,14.85));
#5444=CARTESIAN_POINT('',(20.86,-58.6425,14.85));
#5445=CARTESIAN_POINT('Origin',(22.11,30.57125,13.6));
#5446=CARTESIAN_POINT('',(23.36,22.5325,12.35));
#5447=CARTESIAN_POINT('',(23.3325,22.5325,12.3775));
#5448=CARTESIAN_POINT('',(20.86,58.6425,14.85));
#5449=CARTESIAN_POINT('',(23.36,30.57125,12.35));
#5450=CARTESIAN_POINT('Origin',(23.36,61.1425,0.));
#5451=CARTESIAN_POINT('',(23.36,22.5325,6.23));
#5452=CARTESIAN_POINT('',(23.36,61.1425,0.));
#5453=CARTESIAN_POINT('Origin',(-23.36,61.1425,0.));
#5454=CARTESIAN_POINT('',(-23.36,61.1425,0.));
#5455=CARTESIAN_POINT('Origin',(-23.36,-61.1425,0.));
#5456=CARTESIAN_POINT('Ctrl Pts',(-1.3479594401306,33.0564506001404,-2.5));
#5457=CARTESIAN_POINT('Ctrl Pts',(-1.3479594401306,33.0564506001404,-2.49));
#5458=CARTESIAN_POINT('Ctrl Pts',(-1.54119841299469,32.8684302676242,-2.5));
#5459=CARTESIAN_POINT('Ctrl Pts',(-1.54119841299469,32.8684302676242,-2.49));
#5460=CARTESIAN_POINT('Ctrl Pts',(-1.70661346525222,32.6525931712681,-2.5));
#5461=CARTESIAN_POINT('Ctrl Pts',(-1.70661346525222,32.6525931712681,-2.49));
#5462=CARTESIAN_POINT('Ctrl Pts',(-1.84421080511706,32.4089312152574,-2.5));
#5463=CARTESIAN_POINT('Ctrl Pts',(-1.84421080511706,32.4089312152574,-2.49));
#5464=CARTESIAN_POINT('Ctrl Pts',(-2.10649856406702,31.9444633087835,-2.5));
#5465=CARTESIAN_POINT('Ctrl Pts',(-2.10649856406702,31.9444633087835,-2.49));
#5466=CARTESIAN_POINT('Ctrl Pts',(-2.23764244354205,31.4116912984163,-2.5));
#5467=CARTESIAN_POINT('Ctrl Pts',(-2.23764244354205,31.4116912984163,-2.49));
#5468=CARTESIAN_POINT('Ctrl Pts',(-2.23764244354206,30.8106151841559,-2.5));
#5469=CARTESIAN_POINT('Ctrl Pts',(-2.23764244354206,30.8106151841559,-2.49));
#5470=CARTESIAN_POINT('Ctrl Pts',(-2.23764244354208,30.2095390698955,-2.5));
#5471=CARTESIAN_POINT('Ctrl Pts',(-2.23764244354208,30.2095390698955,-2.49));
#5472=CARTESIAN_POINT('Ctrl Pts',(-2.1064985640671,29.6767670595284,-2.5));
#5473=CARTESIAN_POINT('Ctrl Pts',(-2.1064985640671,29.6767670595284,-2.49));
#5474=CARTESIAN_POINT('Ctrl Pts',(-1.84421080511708,29.2122991530545,-2.5));
#5475=CARTESIAN_POINT('Ctrl Pts',(-1.84421080511708,29.2122991530545,-2.49));
#5476=CARTESIAN_POINT('Ctrl Pts',(-1.58192304616707,28.7478312465806,-2.5));
#5477=CARTESIAN_POINT('Ctrl Pts',(-1.58192304616707,28.7478312465806,-2.49));
#5478=CARTESIAN_POINT('Ctrl Pts',(-1.22127737761087,28.3844534138686,-2.5));
#5479=CARTESIAN_POINT('Ctrl Pts',(-1.22127737761087,28.3844534138686,-2.49));
#5480=CARTESIAN_POINT('Ctrl Pts',(-0.762273799448421,28.1221656549186,-2.5));
#5481=CARTESIAN_POINT('Ctrl Pts',(-0.762273799448421,28.1221656549186,-2.49));
#5482=CARTESIAN_POINT('Ctrl Pts',(-0.303270221285965,27.8598778959686,-2.5));
#5483=CARTESIAN_POINT('Ctrl Pts',(-0.303270221285965,27.8598778959686,-2.49));
#5484=CARTESIAN_POINT('Ctrl Pts',(0.226769624925511,27.7287340164936,-2.5));
#5485=CARTESIAN_POINT('Ctrl Pts',(0.226769624925511,27.7287340164936,-2.49));
#5486=CARTESIAN_POINT('Ctrl Pts',(0.827845739185857,27.7287340164936,-2.5));
#5487=CARTESIAN_POINT('Ctrl Pts',(0.827845739185857,27.7287340164936,-2.49));
#5488=CARTESIAN_POINT('',(-1.3479608700707,33.0564520697187,-2.49));
#5489=CARTESIAN_POINT('',(-1.3479608700707,33.0564520697187,-2.5));
#5490=CARTESIAN_POINT('',(0.827845739185857,27.7287340164936,-2.49));
#5491=CARTESIAN_POINT('Ctrl Pts',(-1.3479594401306,33.0564506001404,-2.49));
#5492=CARTESIAN_POINT('Ctrl Pts',(-1.54119720226763,32.8684314456542,-2.49));
#5493=CARTESIAN_POINT('Ctrl Pts',(-1.70661432392977,32.6525916506933,-2.49));
#5494=CARTESIAN_POINT('Ctrl Pts',(-1.84421080511706,32.4089312152574,-2.49));
#5495=CARTESIAN_POINT('Ctrl Pts',(-2.10649856406702,31.9444633087835,-2.49));
#5496=CARTESIAN_POINT('Ctrl Pts',(-2.23764244354205,31.4116912984163,-2.49));
#5497=CARTESIAN_POINT('Ctrl Pts',(-2.23764244354206,30.8106151841559,-2.49));
#5498=CARTESIAN_POINT('Ctrl Pts',(-2.23764244354208,30.2095390698955,-2.49));
#5499=CARTESIAN_POINT('Ctrl Pts',(-2.1064985640671,29.6767670595284,-2.49));
#5500=CARTESIAN_POINT('Ctrl Pts',(-1.84421080511708,29.2122991530545,-2.49));
#5501=CARTESIAN_POINT('Ctrl Pts',(-1.58192304616707,28.7478312465806,-2.49));
#5502=CARTESIAN_POINT('Ctrl Pts',(-1.22127737761087,28.3844534138686,-2.49));
#5503=CARTESIAN_POINT('Ctrl Pts',(-0.762273799448421,28.1221656549186,-2.49));
#5504=CARTESIAN_POINT('Ctrl Pts',(-0.303270221285965,27.8598778959686,-2.49));
#5505=CARTESIAN_POINT('Ctrl Pts',(0.226769624925511,27.7287340164936,-2.49));
#5506=CARTESIAN_POINT('Ctrl Pts',(0.827845739185857,27.7287340164936,-2.49));
#5507=CARTESIAN_POINT('',(0.827845739185857,27.7287340164936,-2.5));
#5508=CARTESIAN_POINT('Origin',(-6.00802897844808,33.0564541201652,-2.5));
#5509=CARTESIAN_POINT('',(-6.00802897844808,33.0564541201652,-2.49));
#5510=CARTESIAN_POINT('',(-6.00802897844808,33.0564541201652,-2.5));
#5511=CARTESIAN_POINT('',(-1.34795582239835,33.0564541201652,-2.49));
#5512=CARTESIAN_POINT('Origin',(-6.00802897844805,35.2039351465682,-2.5));
#5513=CARTESIAN_POINT('',(-6.00802897844805,35.2039351465682,-2.49));
#5514=CARTESIAN_POINT('',(-6.00802897844805,35.2039351465682,-2.5));
#5515=CARTESIAN_POINT('',(-6.00802897844808,33.0564541201652,-2.49));
#5516=CARTESIAN_POINT('Origin',(5.84409912910432,35.2039351465682,-2.5));
#5517=CARTESIAN_POINT('',(5.84409912910432,35.2039351465682,-2.49));
#5518=CARTESIAN_POINT('',(5.84409912910432,35.2039351465682,-2.5));
#5519=CARTESIAN_POINT('',(-6.00802897844805,35.2039351465682,-2.49));
#5520=CARTESIAN_POINT('Origin',(5.84409912910433,33.0564541201652,-2.5));
#5521=CARTESIAN_POINT('',(5.84409912910433,33.0564541201652,-2.49));
#5522=CARTESIAN_POINT('',(5.84409912910433,33.0564541201652,-2.5));
#5523=CARTESIAN_POINT('',(5.84409912910432,35.2039351465682,-2.49));
#5524=CARTESIAN_POINT('Origin',(1.30324230228275,33.0564541201652,-2.5));
#5525=CARTESIAN_POINT('',(1.30324230228275,33.0564541201652,-2.49));
#5526=CARTESIAN_POINT('',(1.30324230228275,33.0564541201652,-2.5));
#5527=CARTESIAN_POINT('',(5.84409912910433,33.0564541201652,-2.49));
#5528=CARTESIAN_POINT('Ctrl Pts',(1.30324230228275,29.8762150428966,-2.5));
#5529=CARTESIAN_POINT('Ctrl Pts',(1.30324230228275,29.8762150428966,-2.49));
#5530=CARTESIAN_POINT('Ctrl Pts',(0.833310067497335,29.8762150428966,-2.5));
#5531=CARTESIAN_POINT('Ctrl Pts',(0.833310067497335,29.8762150428966,-2.49));
#5532=CARTESIAN_POINT('Ctrl Pts',(0.450807085695271,30.0237519073059,-2.5));
#5533=CARTESIAN_POINT('Ctrl Pts',(0.450807085695271,30.0237519073059,-2.49));
#5534=CARTESIAN_POINT('Ctrl Pts',(0.155733356876562,30.3188256361247,-2.5));
#5535=CARTESIAN_POINT('Ctrl Pts',(0.155733356876562,30.3188256361247,-2.49));
#5536=CARTESIAN_POINT('Ctrl Pts',(-0.139340371942152,30.6138993649435,-2.5));
#5537=CARTESIAN_POINT('Ctrl Pts',(-0.139340371942152,30.6138993649435,-2.49));
#5538=CARTESIAN_POINT('Ctrl Pts',(-0.286877236351541,30.9964023467455,-2.5));
#5539=CARTESIAN_POINT('Ctrl Pts',(-0.286877236351541,30.9964023467455,-2.49));
#5540=CARTESIAN_POINT('Ctrl Pts',(-0.286877236351524,31.4663345815309,-2.5));
#5541=CARTESIAN_POINT('Ctrl Pts',(-0.286877236351524,31.4663345815309,-2.49));
#5542=CARTESIAN_POINT('Ctrl Pts',(-0.28687723635151,31.7723369669726,-2.5));
#5543=CARTESIAN_POINT('Ctrl Pts',(-0.28687723635151,31.7723369669726,-2.49));
#5544=CARTESIAN_POINT('Ctrl Pts',(-0.221305296614034,32.0455533825455,-2.5));
#5545=CARTESIAN_POINT('Ctrl Pts',(-0.221305296614034,32.0455533825455,-2.49));
#5546=CARTESIAN_POINT('Ctrl Pts',(-0.090161417139063,32.2859838282496,-2.5));
#5547=CARTESIAN_POINT('Ctrl Pts',(-0.090161417139063,32.2859838282496,-2.49));
#5548=CARTESIAN_POINT('Ctrl Pts',(0.0409824623359256,32.5264142739537,-2.5));
#5549=CARTESIAN_POINT('Ctrl Pts',(0.0409824623359256,32.5264142739537,-2.49));
#5550=CARTESIAN_POINT('Ctrl Pts',(0.226769624925511,32.7149336006991,-2.5));
#5551=CARTESIAN_POINT('Ctrl Pts',(0.226769624925511,32.7149336006991,-2.49));
#5552=CARTESIAN_POINT('Ctrl Pts',(0.46720007062965,32.8515418084855,-2.5));
#5553=CARTESIAN_POINT('Ctrl Pts',(0.46720007062965,32.8515418084855,-2.49));
#5554=CARTESIAN_POINT('Ctrl Pts',(0.707630516333801,32.988150016272,-2.5));
#5555=CARTESIAN_POINT('Ctrl Pts',(0.707630516333801,32.988150016272,-2.49));
#5556=CARTESIAN_POINT('Ctrl Pts',(0.986311260218153,33.0564541201652,-2.5));
#5557=CARTESIAN_POINT('Ctrl Pts',(0.986311260218153,33.0564541201652,-2.49));
#5558=CARTESIAN_POINT('Ctrl Pts',(1.30324230228275,33.0564541201652,-2.5));
#5559=CARTESIAN_POINT('Ctrl Pts',(1.30324230228275,33.0564541201652,-2.49));
#5560=CARTESIAN_POINT('',(1.30324230228275,29.8762150428966,-2.49));
#5561=CARTESIAN_POINT('',(1.30324230228275,29.8762150428966,-2.5));
#5562=CARTESIAN_POINT('Ctrl Pts',(1.30324230228275,29.8762150428966,-2.49));
#5563=CARTESIAN_POINT('Ctrl Pts',(0.833310067497335,29.8762150428966,-2.49));
#5564=CARTESIAN_POINT('Ctrl Pts',(0.450807085695271,30.0237519073059,-2.49));
#5565=CARTESIAN_POINT('Ctrl Pts',(0.155733356876562,30.3188256361247,-2.49));
#5566=CARTESIAN_POINT('Ctrl Pts',(-0.139340371942152,30.6138993649435,-2.49));
#5567=CARTESIAN_POINT('Ctrl Pts',(-0.286877236351541,30.9964023467455,-2.49));
#5568=CARTESIAN_POINT('Ctrl Pts',(-0.286877236351524,31.4663345815309,-2.49));
#5569=CARTESIAN_POINT('Ctrl Pts',(-0.28687723635151,31.7723369669726,-2.49));
#5570=CARTESIAN_POINT('Ctrl Pts',(-0.221305296614034,32.0455533825455,-2.49));
#5571=CARTESIAN_POINT('Ctrl Pts',(-0.090161417139063,32.2859838282496,-2.49));
#5572=CARTESIAN_POINT('Ctrl Pts',(0.0409824623359256,32.5264142739537,-2.49));
#5573=CARTESIAN_POINT('Ctrl Pts',(0.226769624925511,32.7149336006991,-2.49));
#5574=CARTESIAN_POINT('Ctrl Pts',(0.46720007062965,32.8515418084855,-2.49));
#5575=CARTESIAN_POINT('Ctrl Pts',(0.707630516333801,32.988150016272,-2.49));
#5576=CARTESIAN_POINT('Ctrl Pts',(0.986311260218153,33.0564541201652,-2.49));
#5577=CARTESIAN_POINT('Ctrl Pts',(1.30324230228275,33.0564541201652,-2.49));
#5578=CARTESIAN_POINT('Origin',(5.84409912910432,29.8762150428966,-2.5));
#5579=CARTESIAN_POINT('',(5.84409912910432,29.8762150428966,-2.49));
#5580=CARTESIAN_POINT('',(5.84409912910432,29.8762150428966,-2.5));
#5581=CARTESIAN_POINT('',(1.30324230228275,29.8762150428966,-2.49));
#5582=CARTESIAN_POINT('Origin',(5.84409912910432,27.7287340164936,-2.5));
#5583=CARTESIAN_POINT('',(5.84409912910432,27.7287340164936,-2.49));
#5584=CARTESIAN_POINT('',(5.84409912910432,27.7287340164936,-2.5));
#5585=CARTESIAN_POINT('',(5.84409912910432,29.8762150428966,-2.49));
#5586=CARTESIAN_POINT('Origin',(0.827845739185857,27.7287340164936,-2.5));
#5587=CARTESIAN_POINT('',(5.84409912910432,27.7287340164936,-2.49));
#5588=CARTESIAN_POINT('Origin',(-0.0819649246718779,31.4663345815309,-2.49));
#5589=CARTESIAN_POINT('Ctrl Pts',(-1.04313618889672,-2.85712686432353,-2.5));
#5590=CARTESIAN_POINT('Ctrl Pts',(-1.04313618889672,-2.85712686432353,-2.49));
#5591=CARTESIAN_POINT('Ctrl Pts',(-1.37849751121743,-3.12197345420893,-2.5));
#5592=CARTESIAN_POINT('Ctrl Pts',(-1.37849751121743,-3.12197345420893,-2.49));
#5593=CARTESIAN_POINT('Ctrl Pts',(-1.64825450659547,-3.44551845862284,-2.5));
#5594=CARTESIAN_POINT('Ctrl Pts',(-1.64825450659547,-3.44551845862284,-2.49));
#5595=CARTESIAN_POINT('Ctrl Pts',(-1.85240729758429,-3.82776198217629,-2.5));
#5596=CARTESIAN_POINT('Ctrl Pts',(-1.85240729758429,-3.82776198217629,-2.49));
#5597=CARTESIAN_POINT('Ctrl Pts',(-2.10923072822288,-4.30862287358457,-2.5));
#5598=CARTESIAN_POINT('Ctrl Pts',(-2.10923072822288,-4.30862287358457,-2.49));
#5599=CARTESIAN_POINT('Ctrl Pts',(-2.23764244354208,-4.84412704810751,-2.5));
#5600=CARTESIAN_POINT('Ctrl Pts',(-2.23764244354208,-4.84412704810751,-2.49));
#5601=CARTESIAN_POINT('Ctrl Pts',(-2.23764244354205,-5.43427450574496,-2.5));
#5602=CARTESIAN_POINT('Ctrl Pts',(-2.23764244354205,-5.43427450574496,-2.49));
#5603=CARTESIAN_POINT('Ctrl Pts',(-2.23764244354201,-6.02442196338243,-2.5));
#5604=CARTESIAN_POINT('Ctrl Pts',(-2.23764244354201,-6.02442196338243,-2.49));
#5605=CARTESIAN_POINT('Ctrl Pts',(-2.11469505653427,-6.55446180959382,-2.5));
#5606=CARTESIAN_POINT('Ctrl Pts',(-2.11469505653427,-6.55446180959382,-2.49));
#5607=CARTESIAN_POINT('Ctrl Pts',(-1.86880028251863,-7.0243940443792,-2.5));
#5608=CARTESIAN_POINT('Ctrl Pts',(-1.86880028251863,-7.0243940443792,-2.49));
#5609=CARTESIAN_POINT('Ctrl Pts',(-1.62290550850299,-7.49432627916456,-2.5));
#5610=CARTESIAN_POINT('Ctrl Pts',(-1.62290550850299,-7.49432627916456,-2.49));
#5611=CARTESIAN_POINT('Ctrl Pts',(-1.27045633241402,-7.86590060434376,-2.5));
#5612=CARTESIAN_POINT('Ctrl Pts',(-1.27045633241402,-7.86590060434376,-2.49));
#5613=CARTESIAN_POINT('Ctrl Pts',(-0.811452754251532,-8.13911701991666,
-2.5));
#5614=CARTESIAN_POINT('Ctrl Pts',(-0.811452754251532,-8.13911701991666,
-2.49));
#5615=CARTESIAN_POINT('Ctrl Pts',(-0.352449176089067,-8.41233343548954,
-2.5));
#5616=CARTESIAN_POINT('Ctrl Pts',(-0.352449176089067,-8.41233343548954,
-2.49));
#5617=CARTESIAN_POINT('Ctrl Pts',(0.193983655056753,-8.54894164327602,-2.5));
#5618=CARTESIAN_POINT('Ctrl Pts',(0.193983655056753,-8.54894164327602,-2.49));
#5619=CARTESIAN_POINT('Ctrl Pts',(0.827845739185902,-8.54894164327604,-2.5));
#5620=CARTESIAN_POINT('Ctrl Pts',(0.827845739185902,-8.54894164327604,-2.49));
#5621=CARTESIAN_POINT('',(-1.04313619785888,-2.85712685490487,-2.49));
#5622=CARTESIAN_POINT('',(-1.04313619785888,-2.85712685490487,-2.5));
#5623=CARTESIAN_POINT('',(0.827845739185902,-8.54894164327604,-2.49));
#5624=CARTESIAN_POINT('Ctrl Pts',(-1.04313618889672,-2.85712686432353,-2.49));
#5625=CARTESIAN_POINT('Ctrl Pts',(-1.37849750697904,-3.12197345086172,-2.49));
#5626=CARTESIAN_POINT('Ctrl Pts',(-1.64825450900524,-3.44551846313477,-2.49));
#5627=CARTESIAN_POINT('Ctrl Pts',(-1.85240729758429,-3.82776198217629,-2.49));
#5628=CARTESIAN_POINT('Ctrl Pts',(-2.10923072822288,-4.30862287358457,-2.49));
#5629=CARTESIAN_POINT('Ctrl Pts',(-2.23764244354208,-4.84412704810751,-2.49));
#5630=CARTESIAN_POINT('Ctrl Pts',(-2.23764244354205,-5.43427450574496,-2.49));
#5631=CARTESIAN_POINT('Ctrl Pts',(-2.23764244354201,-6.02442196338243,-2.49));
#5632=CARTESIAN_POINT('Ctrl Pts',(-2.11469505653427,-6.55446180959382,-2.49));
#5633=CARTESIAN_POINT('Ctrl Pts',(-1.86880028251863,-7.0243940443792,-2.49));
#5634=CARTESIAN_POINT('Ctrl Pts',(-1.62290550850299,-7.49432627916456,-2.49));
#5635=CARTESIAN_POINT('Ctrl Pts',(-1.27045633241402,-7.86590060434376,-2.49));
#5636=CARTESIAN_POINT('Ctrl Pts',(-0.811452754251532,-8.13911701991666,
-2.49));
#5637=CARTESIAN_POINT('Ctrl Pts',(-0.352449176089067,-8.41233343548954,
-2.49));
#5638=CARTESIAN_POINT('Ctrl Pts',(0.193983655056753,-8.54894164327602,-2.49));
#5639=CARTESIAN_POINT('Ctrl Pts',(0.827845739185902,-8.54894164327604,-2.49));
#5640=CARTESIAN_POINT('',(0.827845739185902,-8.54894164327604,-2.5));
#5641=CARTESIAN_POINT('Ctrl Pts',(-1.38621609181954,1.77863596924369,-2.5));
#5642=CARTESIAN_POINT('Ctrl Pts',(-1.38621609181954,1.77863596924369,-2.49));
#5643=CARTESIAN_POINT('Ctrl Pts',(-1.57612704864515,1.58754122897748,-2.5));
#5644=CARTESIAN_POINT('Ctrl Pts',(-1.57612704864515,1.58754122897748,-2.49));
#5645=CARTESIAN_POINT('Ctrl Pts',(-1.7369868132223,1.36897127735779,-2.5));
#5646=CARTESIAN_POINT('Ctrl Pts',(-1.7369868132223,1.36897127735779,-2.49));
#5647=CARTESIAN_POINT('Ctrl Pts',(-1.86880028251866,1.12291946800463,-2.5));
#5648=CARTESIAN_POINT('Ctrl Pts',(-1.86880028251866,1.12291946800463,-2.49));
#5649=CARTESIAN_POINT('Ctrl Pts',(-2.11469505653431,0.663915889842182,-2.5));
#5650=CARTESIAN_POINT('Ctrl Pts',(-2.11469505653431,0.663915889842182,-2.49));
#5651=CARTESIAN_POINT('Ctrl Pts',(-2.23764244354205,0.144804700253651,-2.5));
#5652=CARTESIAN_POINT('Ctrl Pts',(-2.23764244354205,0.144804700253651,-2.49));
#5653=CARTESIAN_POINT('Ctrl Pts',(-2.23764244354206,-0.434414100760883,
-2.5));
#5654=CARTESIAN_POINT('Ctrl Pts',(-2.23764244354206,-0.434414100760883,
-2.49));
#5655=CARTESIAN_POINT('Ctrl Pts',(-2.23764244354208,-0.980846931906711,
-2.5));
#5656=CARTESIAN_POINT('Ctrl Pts',(-2.23764244354208,-0.980846931906711,
-2.49));
#5657=CARTESIAN_POINT('Ctrl Pts',(-2.11469505653423,-1.47810080824939,-2.5));
#5658=CARTESIAN_POINT('Ctrl Pts',(-2.11469505653423,-1.47810080824939,-2.49));
#5659=CARTESIAN_POINT('Ctrl Pts',(-1.86880028251864,-1.92617572978889,-2.5));
#5660=CARTESIAN_POINT('Ctrl Pts',(-1.86880028251864,-1.92617572978889,-2.49));
#5661=CARTESIAN_POINT('Ctrl Pts',(-1.66268642869918,-2.30176097452658,-2.5));
#5662=CARTESIAN_POINT('Ctrl Pts',(-1.66268642869918,-2.30176097452658,-2.49));
#5663=CARTESIAN_POINT('Ctrl Pts',(-1.38746510680448,-2.61207803136403,-2.5));
#5664=CARTESIAN_POINT('Ctrl Pts',(-1.38746510680448,-2.61207803136403,-2.49));
#5665=CARTESIAN_POINT('Ctrl Pts',(-1.04313619087218,-2.85712684508755,-2.5));
#5666=CARTESIAN_POINT('Ctrl Pts',(-1.04313619087218,-2.85712684508755,-2.49));
#5667=CARTESIAN_POINT('',(-1.38621729677999,1.77863716665878,-2.49));
#5668=CARTESIAN_POINT('',(-1.38621729677999,1.77863716665878,-2.5));
#5669=CARTESIAN_POINT('Ctrl Pts',(-1.38621609181954,1.77863596924369,-2.49));
#5670=CARTESIAN_POINT('Ctrl Pts',(-1.57612608222266,1.58754220142403,-2.49));
#5671=CARTESIAN_POINT('Ctrl Pts',(-1.73698747912238,1.3689700343443,-2.49));
#5672=CARTESIAN_POINT('Ctrl Pts',(-1.86880028251866,1.12291946800463,-2.49));
#5673=CARTESIAN_POINT('Ctrl Pts',(-2.11469505653431,0.663915889842182,-2.49));
#5674=CARTESIAN_POINT('Ctrl Pts',(-2.23764244354205,0.144804700253651,-2.49));
#5675=CARTESIAN_POINT('Ctrl Pts',(-2.23764244354206,-0.434414100760883,
-2.49));
#5676=CARTESIAN_POINT('Ctrl Pts',(-2.23764244354208,-0.980846931906711,
-2.49));
#5677=CARTESIAN_POINT('Ctrl Pts',(-2.11469505653423,-1.47810080824939,-2.49));
#5678=CARTESIAN_POINT('Ctrl Pts',(-1.86880028251864,-1.92617572978889,-2.49));
#5679=CARTESIAN_POINT('Ctrl Pts',(-1.66268643146291,-2.30176096949045,-2.49));
#5680=CARTESIAN_POINT('Ctrl Pts',(-1.38746510178411,-2.61207803493688,-2.49));
#5681=CARTESIAN_POINT('Ctrl Pts',(-1.04313619087218,-2.85712684508755,-2.49));
#5682=CARTESIAN_POINT('Origin',(-2.07371259419831,1.77863886537958,-2.5));
#5683=CARTESIAN_POINT('',(-2.07371259419831,1.77863886537958,-2.49));
#5684=CARTESIAN_POINT('',(-2.07371259419831,1.77863886537958,-2.5));
#5685=CARTESIAN_POINT('',(-1.38621321362018,1.77863886537956,-2.49));
#5686=CARTESIAN_POINT('Origin',(-2.07371259419831,3.9261198917826,-2.5));
#5687=CARTESIAN_POINT('',(-2.07371259419831,3.9261198917826,-2.49));
#5688=CARTESIAN_POINT('',(-2.07371259419831,3.9261198917826,-2.5));
#5689=CARTESIAN_POINT('',(-2.07371259419831,1.77863886537958,-2.49));
#5690=CARTESIAN_POINT('Origin',(5.84409912910432,3.92611989178258,-2.5));
#5691=CARTESIAN_POINT('',(5.84409912910432,3.92611989178258,-2.49));
#5692=CARTESIAN_POINT('',(5.84409912910432,3.92611989178258,-2.5));
#5693=CARTESIAN_POINT('',(-2.07371259419831,3.9261198917826,-2.49));
#5694=CARTESIAN_POINT('Origin',(5.84409912910433,1.77863886537963,-2.5));
#5695=CARTESIAN_POINT('',(5.84409912910433,1.77863886537963,-2.49));
#5696=CARTESIAN_POINT('',(5.84409912910433,1.77863886537963,-2.5));
#5697=CARTESIAN_POINT('',(5.84409912910432,3.92611989178258,-2.49));
#5698=CARTESIAN_POINT('Origin',(1.17209842280771,1.77863886537956,-2.5));
#5699=CARTESIAN_POINT('',(1.17209842280771,1.77863886537956,-2.49));
#5700=CARTESIAN_POINT('',(1.17209842280771,1.77863886537956,-2.5));
#5701=CARTESIAN_POINT('',(5.84409912910433,1.77863886537963,-2.49));
#5702=CARTESIAN_POINT('Ctrl Pts',(1.17209842280774,-1.23767036254522,-2.5));
#5703=CARTESIAN_POINT('Ctrl Pts',(1.17209842280774,-1.23767036254522,-2.49));
#5704=CARTESIAN_POINT('Ctrl Pts',(0.713094844645239,-1.23767036254526,-2.5));
#5705=CARTESIAN_POINT('Ctrl Pts',(0.713094844645239,-1.23767036254526,-2.49));
#5706=CARTESIAN_POINT('Ctrl Pts',(0.355181340244766,-1.09286566229157,-2.5));
#5707=CARTESIAN_POINT('Ctrl Pts',(0.355181340244766,-1.09286566229157,-2.49));
#5708=CARTESIAN_POINT('Ctrl Pts',(0.0983579096062481,-0.803256261784302,
-2.5));
#5709=CARTESIAN_POINT('Ctrl Pts',(0.0983579096062481,-0.803256261784302,
-2.49));
#5710=CARTESIAN_POINT('Ctrl Pts',(-0.158465521032278,-0.513646861277026,
-2.5));
#5711=CARTESIAN_POINT('Ctrl Pts',(-0.158465521032278,-0.513646861277026,
-2.49));
#5712=CARTESIAN_POINT('Ctrl Pts',(-0.286877236351577,-0.155733356876553,
-2.5));
#5713=CARTESIAN_POINT('Ctrl Pts',(-0.286877236351577,-0.155733356876553,
-2.49));
#5714=CARTESIAN_POINT('Ctrl Pts',(-0.286877236351559,0.27048425141718,-2.5));
#5715=CARTESIAN_POINT('Ctrl Pts',(-0.286877236351559,0.27048425141718,-2.49));
#5716=CARTESIAN_POINT('Ctrl Pts',(-0.286877236351546,0.554629323612996,
-2.5));
#5717=CARTESIAN_POINT('Ctrl Pts',(-0.286877236351546,0.554629323612996,
-2.49));
#5718=CARTESIAN_POINT('Ctrl Pts',(-0.229501789081286,0.811452754251549,
-2.5));
#5719=CARTESIAN_POINT('Ctrl Pts',(-0.229501789081286,0.811452754251549,
-2.49));
#5720=CARTESIAN_POINT('Ctrl Pts',(-0.114750894540636,1.04095454333278,-2.5));
#5721=CARTESIAN_POINT('Ctrl Pts',(-0.114750894540636,1.04095454333278,-2.49));
#5722=CARTESIAN_POINT('Ctrl Pts',(8.88178419700125E-15,1.270456332414,-2.5));
#5723=CARTESIAN_POINT('Ctrl Pts',(8.88178419700125E-15,1.270456332414,-2.49));
#5724=CARTESIAN_POINT('Ctrl Pts',(0.16666201349949,1.45077916669203,-2.5));
#5725=CARTESIAN_POINT('Ctrl Pts',(0.16666201349949,1.45077916669203,-2.49));
#5726=CARTESIAN_POINT('Ctrl Pts',(0.385235145957799,1.58192304616708,-2.5));
#5727=CARTESIAN_POINT('Ctrl Pts',(0.385235145957799,1.58192304616708,-2.49));
#5728=CARTESIAN_POINT('Ctrl Pts',(0.60380827841608,1.71306692564212,-2.5));
#5729=CARTESIAN_POINT('Ctrl Pts',(0.60380827841608,1.71306692564212,-2.49));
#5730=CARTESIAN_POINT('Ctrl Pts',(0.866096037366093,1.77863886537956,-2.5));
#5731=CARTESIAN_POINT('Ctrl Pts',(0.866096037366093,1.77863886537956,-2.49));
#5732=CARTESIAN_POINT('Ctrl Pts',(1.17209842280771,1.77863886537956,-2.5));
#5733=CARTESIAN_POINT('Ctrl Pts',(1.17209842280771,1.77863886537956,-2.49));
#5734=CARTESIAN_POINT('',(1.17209842280774,-1.23767036254522,-2.49));
#5735=CARTESIAN_POINT('',(1.17209842280774,-1.23767036254522,-2.5));
#5736=CARTESIAN_POINT('Ctrl Pts',(1.17209842280774,-1.23767036254522,-2.49));
#5737=CARTESIAN_POINT('Ctrl Pts',(0.713094844645239,-1.23767036254526,-2.49));
#5738=CARTESIAN_POINT('Ctrl Pts',(0.355181340244766,-1.09286566229157,-2.49));
#5739=CARTESIAN_POINT('Ctrl Pts',(0.0983579096062481,-0.803256261784302,
-2.49));
#5740=CARTESIAN_POINT('Ctrl Pts',(-0.158465521032278,-0.513646861277026,
-2.49));
#5741=CARTESIAN_POINT('Ctrl Pts',(-0.286877236351577,-0.155733356876553,
-2.49));
#5742=CARTESIAN_POINT('Ctrl Pts',(-0.286877236351559,0.27048425141718,-2.49));
#5743=CARTESIAN_POINT('Ctrl Pts',(-0.286877236351546,0.554629323612996,
-2.49));
#5744=CARTESIAN_POINT('Ctrl Pts',(-0.229501789081286,0.811452754251549,
-2.49));
#5745=CARTESIAN_POINT('Ctrl Pts',(-0.114750894540636,1.04095454333278,-2.49));
#5746=CARTESIAN_POINT('Ctrl Pts',(8.88178419700125E-15,1.270456332414,-2.49));
#5747=CARTESIAN_POINT('Ctrl Pts',(0.16666201349949,1.45077916669203,-2.49));
#5748=CARTESIAN_POINT('Ctrl Pts',(0.385235145957799,1.58192304616708,-2.49));
#5749=CARTESIAN_POINT('Ctrl Pts',(0.60380827841608,1.71306692564212,-2.49));
#5750=CARTESIAN_POINT('Ctrl Pts',(0.866096037366093,1.77863886537956,-2.49));
#5751=CARTESIAN_POINT('Ctrl Pts',(1.17209842280771,1.77863886537956,-2.49));
#5752=CARTESIAN_POINT('Origin',(5.84409912910432,-1.23767036254522,-2.5));
#5753=CARTESIAN_POINT('',(5.84409912910432,-1.23767036254522,-2.49));
#5754=CARTESIAN_POINT('',(5.84409912910432,-1.23767036254522,-2.5));
#5755=CARTESIAN_POINT('',(1.17209842280774,-1.23767036254522,-2.49));
#5756=CARTESIAN_POINT('Origin',(5.8440991291043,-3.38515138894815,-2.5));
#5757=CARTESIAN_POINT('',(5.8440991291043,-3.38515138894815,-2.49));
#5758=CARTESIAN_POINT('',(5.8440991291043,-3.38515138894815,-2.5));
#5759=CARTESIAN_POINT('',(5.84409912910432,-1.23767036254522,-2.49));
#5760=CARTESIAN_POINT('Origin',(1.17209842280775,-3.3851513889482,-2.5));
#5761=CARTESIAN_POINT('',(1.17209842280775,-3.3851513889482,-2.49));
#5762=CARTESIAN_POINT('',(1.17209842280775,-3.3851513889482,-2.5));
#5763=CARTESIAN_POINT('',(5.8440991291043,-3.38515138894815,-2.49));
#5764=CARTESIAN_POINT('Ctrl Pts',(1.17209842280775,-6.40146061687298,-2.5));
#5765=CARTESIAN_POINT('Ctrl Pts',(1.17209842280775,-6.40146061687298,-2.49));
#5766=CARTESIAN_POINT('Ctrl Pts',(0.713094844645257,-6.40146061687304,-2.5));
#5767=CARTESIAN_POINT('Ctrl Pts',(0.713094844645257,-6.40146061687304,-2.49));
#5768=CARTESIAN_POINT('Ctrl Pts',(0.355181340244748,-6.25665591661937,-2.5));
#5769=CARTESIAN_POINT('Ctrl Pts',(0.355181340244748,-6.25665591661937,-2.49));
#5770=CARTESIAN_POINT('Ctrl Pts',(0.0983579096062481,-5.9670465161121,-2.5));
#5771=CARTESIAN_POINT('Ctrl Pts',(0.0983579096062481,-5.9670465161121,-2.49));
#5772=CARTESIAN_POINT('Ctrl Pts',(-0.158465521032274,-5.67743711560481,
-2.5));
#5773=CARTESIAN_POINT('Ctrl Pts',(-0.158465521032274,-5.67743711560481,
-2.49));
#5774=CARTESIAN_POINT('Ctrl Pts',(-0.286877236351568,-5.31952361120432,
-2.5));
#5775=CARTESIAN_POINT('Ctrl Pts',(-0.286877236351568,-5.31952361120432,
-2.49));
#5776=CARTESIAN_POINT('Ctrl Pts',(-0.286877236351541,-4.89330600291066,
-2.5));
#5777=CARTESIAN_POINT('Ctrl Pts',(-0.286877236351541,-4.89330600291066,
-2.49));
#5778=CARTESIAN_POINT('Ctrl Pts',(-0.286877236351524,-4.62008958733774,
-2.5));
#5779=CARTESIAN_POINT('Ctrl Pts',(-0.286877236351524,-4.62008958733774,
-2.49));
#5780=CARTESIAN_POINT('Ctrl Pts',(-0.229501789081232,-4.36599832085492,
-2.5));
#5781=CARTESIAN_POINT('Ctrl Pts',(-0.229501789081232,-4.36599832085492,
-2.49));
#5782=CARTESIAN_POINT('Ctrl Pts',(-0.114750894540627,-4.13103220346223,
-2.5));
#5783=CARTESIAN_POINT('Ctrl Pts',(-0.114750894540627,-4.13103220346223,
-2.49));
#5784=CARTESIAN_POINT('Ctrl Pts',(-1.77635683940025E-14,-3.89606608606952,
-2.5));
#5785=CARTESIAN_POINT('Ctrl Pts',(-1.77635683940025E-14,-3.89606608606952,
-2.49));
#5786=CARTESIAN_POINT('Ctrl Pts',(0.166662013499455,-3.7130110876357,-2.5));
#5787=CARTESIAN_POINT('Ctrl Pts',(0.166662013499455,-3.7130110876357,-2.49));
#5788=CARTESIAN_POINT('Ctrl Pts',(0.385235145957799,-3.58186720816068,-2.5));
#5789=CARTESIAN_POINT('Ctrl Pts',(0.385235145957799,-3.58186720816068,-2.49));
#5790=CARTESIAN_POINT('Ctrl Pts',(0.603808278416098,-3.45072332868568,-2.5));
#5791=CARTESIAN_POINT('Ctrl Pts',(0.603808278416098,-3.45072332868568,-2.49));
#5792=CARTESIAN_POINT('Ctrl Pts',(0.866096037366093,-3.38515138894818,-2.5));
#5793=CARTESIAN_POINT('Ctrl Pts',(0.866096037366093,-3.38515138894818,-2.49));
#5794=CARTESIAN_POINT('Ctrl Pts',(1.17209842280775,-3.3851513889482,-2.5));
#5795=CARTESIAN_POINT('Ctrl Pts',(1.17209842280775,-3.3851513889482,-2.49));
#5796=CARTESIAN_POINT('',(1.17209842280775,-6.40146061687298,-2.49));
#5797=CARTESIAN_POINT('',(1.17209842280775,-6.40146061687298,-2.5));
#5798=CARTESIAN_POINT('Ctrl Pts',(1.17209842280775,-6.40146061687298,-2.49));
#5799=CARTESIAN_POINT('Ctrl Pts',(0.713094844645257,-6.40146061687304,-2.49));
#5800=CARTESIAN_POINT('Ctrl Pts',(0.355181340244748,-6.25665591661937,-2.49));
#5801=CARTESIAN_POINT('Ctrl Pts',(0.0983579096062481,-5.9670465161121,-2.49));
#5802=CARTESIAN_POINT('Ctrl Pts',(-0.158465521032274,-5.67743711560481,
-2.49));
#5803=CARTESIAN_POINT('Ctrl Pts',(-0.286877236351568,-5.31952361120432,
-2.49));
#5804=CARTESIAN_POINT('Ctrl Pts',(-0.286877236351541,-4.89330600291066,
-2.49));
#5805=CARTESIAN_POINT('Ctrl Pts',(-0.286877236351524,-4.62008958733774,
-2.49));
#5806=CARTESIAN_POINT('Ctrl Pts',(-0.229501789081232,-4.36599832085492,
-2.49));
#5807=CARTESIAN_POINT('Ctrl Pts',(-0.114750894540627,-4.13103220346223,
-2.49));
#5808=CARTESIAN_POINT('Ctrl Pts',(-1.77635683940025E-14,-3.89606608606952,
-2.49));
#5809=CARTESIAN_POINT('Ctrl Pts',(0.166662013499455,-3.7130110876357,-2.49));
#5810=CARTESIAN_POINT('Ctrl Pts',(0.385235145957799,-3.58186720816068,-2.49));
#5811=CARTESIAN_POINT('Ctrl Pts',(0.603808278416098,-3.45072332868568,-2.49));
#5812=CARTESIAN_POINT('Ctrl Pts',(0.866096037366093,-3.38515138894818,-2.49));
#5813=CARTESIAN_POINT('Ctrl Pts',(1.17209842280775,-3.3851513889482,-2.49));
#5814=CARTESIAN_POINT('Origin',(5.84409912910433,-6.401460616873,-2.5));
#5815=CARTESIAN_POINT('',(5.84409912910433,-6.401460616873,-2.49));
#5816=CARTESIAN_POINT('',(5.84409912910433,-6.401460616873,-2.5));
#5817=CARTESIAN_POINT('',(1.17209842280775,-6.40146061687298,-2.49));
#5818=CARTESIAN_POINT('Origin',(5.84409912910429,-8.54894164327604,-2.5));
#5819=CARTESIAN_POINT('',(5.84409912910429,-8.54894164327604,-2.49));
#5820=CARTESIAN_POINT('',(5.84409912910429,-8.54894164327604,-2.5));
#5821=CARTESIAN_POINT('',(5.84409912910433,-6.401460616873,-2.49));
#5822=CARTESIAN_POINT('Origin',(0.827845739185902,-8.54894164327604,-2.5));
#5823=CARTESIAN_POINT('',(5.84409912910429,-8.54894164327604,-2.49));
#5824=CARTESIAN_POINT('Origin',(1.80322834278113,-2.31141087574672,-2.49));
#5825=CARTESIAN_POINT('Ctrl Pts',(0.46720007062965,-38.5481040731804,-2.5));
#5826=CARTESIAN_POINT('Ctrl Pts',(0.46720007062965,-38.5481040731804,-2.49));
#5827=CARTESIAN_POINT('Ctrl Pts',(0.237698281548404,-38.3404595973451,-2.5));
#5828=CARTESIAN_POINT('Ctrl Pts',(0.237698281548404,-38.3404595973451,-2.49));
#5829=CARTESIAN_POINT('Ctrl Pts',(0.0628397755817467,-38.0918326591737,
-2.5));
#5830=CARTESIAN_POINT('Ctrl Pts',(0.0628397755817467,-38.0918326591737,
-2.49));
#5831=CARTESIAN_POINT('Ctrl Pts',(-0.0573754472703047,-37.8022232586665,
-2.5));
#5832=CARTESIAN_POINT('Ctrl Pts',(-0.0573754472703047,-37.8022232586665,
-2.49));
#5833=CARTESIAN_POINT('Ctrl Pts',(-0.177590670122383,-37.5126138581591,
-2.5));
#5834=CARTESIAN_POINT('Ctrl Pts',(-0.177590670122383,-37.5126138581591,
-2.49));
#5835=CARTESIAN_POINT('Ctrl Pts',(-0.237698281548386,-37.1929506519389,
-2.5));
#5836=CARTESIAN_POINT('Ctrl Pts',(-0.237698281548386,-37.1929506519389,
-2.49));
#5837=CARTESIAN_POINT('Ctrl Pts',(-0.237698281548431,-36.8432336400056,
-2.5));
#5838=CARTESIAN_POINT('Ctrl Pts',(-0.237698281548431,-36.8432336400056,
-2.49));
#5839=CARTESIAN_POINT('Ctrl Pts',(-0.23769828154848,-36.4498020015806,-2.5));
#5840=CARTESIAN_POINT('Ctrl Pts',(-0.23769828154848,-36.4498020015806,-2.49));
#5841=CARTESIAN_POINT('Ctrl Pts',(-0.147536864409359,-36.0973528254914,
-2.5));
#5842=CARTESIAN_POINT('Ctrl Pts',(-0.147536864409359,-36.0973528254914,
-2.49));
#5843=CARTESIAN_POINT('Ctrl Pts',(0.0327859698687583,-35.7858861117385,
-2.5));
#5844=CARTESIAN_POINT('Ctrl Pts',(0.0327859698687583,-35.7858861117385,
-2.49));
#5845=CARTESIAN_POINT('Ctrl Pts',(0.213108804146951,-35.4744193979854,-2.5));
#5846=CARTESIAN_POINT('Ctrl Pts',(0.213108804146951,-35.4744193979854,-2.49));
#5847=CARTESIAN_POINT('Ctrl Pts',(0.4590035781625,-35.2285246239697,-2.5));
#5848=CARTESIAN_POINT('Ctrl Pts',(0.4590035781625,-35.2285246239697,-2.49));
#5849=CARTESIAN_POINT('Ctrl Pts',(0.770470291915588,-35.0482017896917,-2.5));
#5850=CARTESIAN_POINT('Ctrl Pts',(0.770470291915588,-35.0482017896917,-2.49));
#5851=CARTESIAN_POINT('Ctrl Pts',(1.08193700566875,-34.8678789554136,-2.5));
#5852=CARTESIAN_POINT('Ctrl Pts',(1.08193700566875,-34.8678789554136,-2.49));
#5853=CARTESIAN_POINT('Ctrl Pts',(1.45077916669213,-34.7777175382746,-2.5));
#5854=CARTESIAN_POINT('Ctrl Pts',(1.45077916669213,-34.7777175382746,-2.49));
#5855=CARTESIAN_POINT('Ctrl Pts',(1.87699677498585,-34.7777175382745,-2.5));
#5856=CARTESIAN_POINT('Ctrl Pts',(1.87699677498585,-34.7777175382745,-2.49));
#5857=CARTESIAN_POINT('Ctrl Pts',(2.29228572665662,-34.7777175382744,-2.5));
#5858=CARTESIAN_POINT('Ctrl Pts',(2.29228572665662,-34.7777175382744,-2.49));
#5859=CARTESIAN_POINT('Ctrl Pts',(2.66112788768003,-34.8678789554134,-2.5));
#5860=CARTESIAN_POINT('Ctrl Pts',(2.66112788768003,-34.8678789554134,-2.49));
#5861=CARTESIAN_POINT('Ctrl Pts',(2.98352325805607,-35.0482017896916,-2.5));
#5862=CARTESIAN_POINT('Ctrl Pts',(2.98352325805607,-35.0482017896916,-2.49));
#5863=CARTESIAN_POINT('Ctrl Pts',(3.30591862843204,-35.2285246239698,-2.5));
#5864=CARTESIAN_POINT('Ctrl Pts',(3.30591862843204,-35.2285246239698,-2.49));
#5865=CARTESIAN_POINT('Ctrl Pts',(3.55727773075917,-35.4744193979853,-2.5));
#5866=CARTESIAN_POINT('Ctrl Pts',(3.55727773075917,-35.4744193979853,-2.49));
#5867=CARTESIAN_POINT('Ctrl Pts',(3.73760056503726,-35.7858861117384,-2.5));
#5868=CARTESIAN_POINT('Ctrl Pts',(3.73760056503726,-35.7858861117384,-2.49));
#5869=CARTESIAN_POINT('Ctrl Pts',(3.91792339931532,-36.0973528254915,-2.5));
#5870=CARTESIAN_POINT('Ctrl Pts',(3.91792339931532,-36.0973528254915,-2.49));
#5871=CARTESIAN_POINT('Ctrl Pts',(4.00808481645446,-36.4498020015805,-2.5));
#5872=CARTESIAN_POINT('Ctrl Pts',(4.00808481645446,-36.4498020015805,-2.49));
#5873=CARTESIAN_POINT('Ctrl Pts',(4.00808481645446,-36.8432336400056,-2.5));
#5874=CARTESIAN_POINT('Ctrl Pts',(4.00808481645446,-36.8432336400056,-2.49));
#5875=CARTESIAN_POINT('Ctrl Pts',(4.00808481645446,-37.2038793085618,-2.5));
#5876=CARTESIAN_POINT('Ctrl Pts',(4.00808481645446,-37.2038793085618,-2.49));
#5877=CARTESIAN_POINT('Ctrl Pts',(3.94524504087272,-37.5290068430936,-2.5));
#5878=CARTESIAN_POINT('Ctrl Pts',(3.94524504087272,-37.5290068430936,-2.49));
#5879=CARTESIAN_POINT('Ctrl Pts',(3.81956548970916,-37.8186162436009,-2.5));
#5880=CARTESIAN_POINT('Ctrl Pts',(3.81956548970916,-37.8186162436009,-2.49));
#5881=CARTESIAN_POINT('Ctrl Pts',(3.6938859385456,-38.1082256441081,-2.5));
#5882=CARTESIAN_POINT('Ctrl Pts',(3.6938859385456,-38.1082256441081,-2.49));
#5883=CARTESIAN_POINT('Ctrl Pts',(3.51083094011179,-38.3568525822795,-2.5));
#5884=CARTESIAN_POINT('Ctrl Pts',(3.51083094011179,-38.3568525822795,-2.49));
#5885=CARTESIAN_POINT('Ctrl Pts',(3.27040049440766,-38.5644970581148,-2.5));
#5886=CARTESIAN_POINT('Ctrl Pts',(3.27040049440766,-38.5644970581148,-2.49));
#5887=CARTESIAN_POINT('',(0.46720007062965,-38.5481040731804,-2.49));
#5888=CARTESIAN_POINT('',(0.46720007062965,-38.5481040731804,-2.5));
#5889=CARTESIAN_POINT('',(3.27040049440766,-38.5644970581148,-2.49));
#5890=CARTESIAN_POINT('Ctrl Pts',(0.46720007062965,-38.5481040731804,-2.49));
#5891=CARTESIAN_POINT('Ctrl Pts',(0.237698281548404,-38.3404595973451,-2.49));
#5892=CARTESIAN_POINT('Ctrl Pts',(0.0628397755817467,-38.0918326591737,
-2.49));
#5893=CARTESIAN_POINT('Ctrl Pts',(-0.0573754472703047,-37.8022232586665,
-2.49));
#5894=CARTESIAN_POINT('Ctrl Pts',(-0.177590670122383,-37.5126138581591,
-2.49));
#5895=CARTESIAN_POINT('Ctrl Pts',(-0.237698281548386,-37.1929506519389,
-2.49));
#5896=CARTESIAN_POINT('Ctrl Pts',(-0.237698281548431,-36.8432336400056,
-2.49));
#5897=CARTESIAN_POINT('Ctrl Pts',(-0.23769828154848,-36.4498020015806,-2.49));
#5898=CARTESIAN_POINT('Ctrl Pts',(-0.147536864409359,-36.0973528254914,
-2.49));
#5899=CARTESIAN_POINT('Ctrl Pts',(0.0327859698687583,-35.7858861117385,
-2.49));
#5900=CARTESIAN_POINT('Ctrl Pts',(0.213108804146951,-35.4744193979854,-2.49));
#5901=CARTESIAN_POINT('Ctrl Pts',(0.4590035781625,-35.2285246239697,-2.49));
#5902=CARTESIAN_POINT('Ctrl Pts',(0.770470291915588,-35.0482017896917,-2.49));
#5903=CARTESIAN_POINT('Ctrl Pts',(1.08193700566875,-34.8678789554136,-2.49));
#5904=CARTESIAN_POINT('Ctrl Pts',(1.45077916669213,-34.7777175382746,-2.49));
#5905=CARTESIAN_POINT('Ctrl Pts',(1.87699677498585,-34.7777175382745,-2.49));
#5906=CARTESIAN_POINT('Ctrl Pts',(2.29228572665662,-34.7777175382744,-2.49));
#5907=CARTESIAN_POINT('Ctrl Pts',(2.66112788768003,-34.8678789554134,-2.49));
#5908=CARTESIAN_POINT('Ctrl Pts',(2.98352325805607,-35.0482017896916,-2.49));
#5909=CARTESIAN_POINT('Ctrl Pts',(3.30591862843204,-35.2285246239698,-2.49));
#5910=CARTESIAN_POINT('Ctrl Pts',(3.55727773075917,-35.4744193979853,-2.49));
#5911=CARTESIAN_POINT('Ctrl Pts',(3.73760056503726,-35.7858861117384,-2.49));
#5912=CARTESIAN_POINT('Ctrl Pts',(3.91792339931532,-36.0973528254915,-2.49));
#5913=CARTESIAN_POINT('Ctrl Pts',(4.00808481645446,-36.4498020015805,-2.49));
#5914=CARTESIAN_POINT('Ctrl Pts',(4.00808481645446,-36.8432336400056,-2.49));
#5915=CARTESIAN_POINT('Ctrl Pts',(4.00808481645446,-37.2038793085618,-2.49));
#5916=CARTESIAN_POINT('Ctrl Pts',(3.94524504087272,-37.5290068430936,-2.49));
#5917=CARTESIAN_POINT('Ctrl Pts',(3.81956548970916,-37.8186162436009,-2.49));
#5918=CARTESIAN_POINT('Ctrl Pts',(3.6938859385456,-38.1082256441081,-2.49));
#5919=CARTESIAN_POINT('Ctrl Pts',(3.51083094011179,-38.3568525822795,-2.49));
#5920=CARTESIAN_POINT('Ctrl Pts',(3.27040049440766,-38.5644970581148,-2.49));
#5921=CARTESIAN_POINT('',(3.27040049440766,-38.5644970581148,-2.5));
#5922=CARTESIAN_POINT('Origin',(-0.926203648792123,-39.9251148076679,-2.5));
#5923=CARTESIAN_POINT('',(-0.926203648792123,-39.9251148076679,-2.49));
#5924=CARTESIAN_POINT('',(-0.926203648792123,-39.9251148076679,-2.5));
#5925=CARTESIAN_POINT('',(0.46720007062965,-38.5481040731804,-2.49));
#5926=CARTESIAN_POINT('Ctrl Pts',(6.00802897844809,-36.8432336400056,-2.5));
#5927=CARTESIAN_POINT('Ctrl Pts',(6.00802897844809,-36.8432336400056,-2.49));
#5928=CARTESIAN_POINT('Ctrl Pts',(6.00802897844808,-36.0345130499098,-2.5));
#5929=CARTESIAN_POINT('Ctrl Pts',(6.00802897844808,-36.0345130499098,-2.49));
#5930=CARTESIAN_POINT('Ctrl Pts',(5.82770614416997,-35.3077573844858,-2.5));
#5931=CARTESIAN_POINT('Ctrl Pts',(5.82770614416997,-35.3077573844858,-2.49));
#5932=CARTESIAN_POINT('Ctrl Pts',(5.46706047561371,-34.6629666437338,-2.5));
#5933=CARTESIAN_POINT('Ctrl Pts',(5.46706047561371,-34.6629666437338,-2.49));
#5934=CARTESIAN_POINT('Ctrl Pts',(5.10641480705744,-34.0181759029818,-2.5));
#5935=CARTESIAN_POINT('Ctrl Pts',(5.10641480705744,-34.0181759029818,-2.49));
#5936=CARTESIAN_POINT('Ctrl Pts',(4.61462525902625,-33.5099933700162,-2.5));
#5937=CARTESIAN_POINT('Ctrl Pts',(4.61462525902625,-33.5099933700162,-2.49));
#5938=CARTESIAN_POINT('Ctrl Pts',(3.99169183152006,-33.1384190448371,-2.5));
#5939=CARTESIAN_POINT('Ctrl Pts',(3.99169183152006,-33.1384190448371,-2.49));
#5940=CARTESIAN_POINT('Ctrl Pts',(3.36875840401382,-32.766844719658,-2.5));
#5941=CARTESIAN_POINT('Ctrl Pts',(3.36875840401382,-32.766844719658,-2.49));
#5942=CARTESIAN_POINT('Ctrl Pts',(2.66932438014725,-32.5810575570684,-2.5));
#5943=CARTESIAN_POINT('Ctrl Pts',(2.66932438014725,-32.5810575570684,-2.49));
#5944=CARTESIAN_POINT('Ctrl Pts',(1.89338975992022,-32.5810575570684,-2.5));
#5945=CARTESIAN_POINT('Ctrl Pts',(1.89338975992022,-32.5810575570684,-2.49));
#5946=CARTESIAN_POINT('Ctrl Pts',(1.10652648307025,-32.5810575570683,-2.5));
#5947=CARTESIAN_POINT('Ctrl Pts',(1.10652648307025,-32.5810575570683,-2.49));
#5948=CARTESIAN_POINT('Ctrl Pts',(0.401628130892204,-32.7668447196579,-2.5));
#5949=CARTESIAN_POINT('Ctrl Pts',(0.401628130892204,-32.7668447196579,-2.49));
#5950=CARTESIAN_POINT('Ctrl Pts',(-0.221305296614007,-33.1384190448371,
-2.5));
#5951=CARTESIAN_POINT('Ctrl Pts',(-0.221305296614007,-33.1384190448371,
-2.49));
#5952=CARTESIAN_POINT('Ctrl Pts',(-0.844238724120219,-33.5099933700162,
-2.5));
#5953=CARTESIAN_POINT('Ctrl Pts',(-0.844238724120219,-33.5099933700162,
-2.49));
#5954=CARTESIAN_POINT('Ctrl Pts',(-1.33876043630721,-34.0209080671375,-2.5));
#5955=CARTESIAN_POINT('Ctrl Pts',(-1.33876043630721,-34.0209080671375,-2.49));
#5956=CARTESIAN_POINT('Ctrl Pts',(-1.70487043317491,-34.671163136201,-2.5));
#5957=CARTESIAN_POINT('Ctrl Pts',(-1.70487043317491,-34.671163136201,-2.49));
#5958=CARTESIAN_POINT('Ctrl Pts',(-2.0709804300426,-35.3214182052645,-2.5));
#5959=CARTESIAN_POINT('Ctrl Pts',(-2.0709804300426,-35.3214182052645,-2.49));
#5960=CARTESIAN_POINT('Ctrl Pts',(-2.25403542847645,-36.0454417065327,-2.5));
#5961=CARTESIAN_POINT('Ctrl Pts',(-2.25403542847645,-36.0454417065327,-2.49));
#5962=CARTESIAN_POINT('Ctrl Pts',(-2.25403542847642,-36.8432336400056,-2.5));
#5963=CARTESIAN_POINT('Ctrl Pts',(-2.25403542847642,-36.8432336400056,-2.49));
#5964=CARTESIAN_POINT('Ctrl Pts',(-2.25403542847639,-37.4661670675118,-2.5));
#5965=CARTESIAN_POINT('Ctrl Pts',(-2.25403542847639,-37.4661670675118,-2.49));
#5966=CARTESIAN_POINT('Ctrl Pts',(-2.13928453393582,-38.0399215402149,-2.5));
#5967=CARTESIAN_POINT('Ctrl Pts',(-2.13928453393582,-38.0399215402149,-2.49));
#5968=CARTESIAN_POINT('Ctrl Pts',(-1.90978274485455,-38.5644970581149,-2.5));
#5969=CARTESIAN_POINT('Ctrl Pts',(-1.90978274485455,-38.5644970581149,-2.49));
#5970=CARTESIAN_POINT('Ctrl Pts',(-1.68028095577332,-39.0890725760148,-2.5));
#5971=CARTESIAN_POINT('Ctrl Pts',(-1.68028095577332,-39.0890725760148,-2.49));
#5972=CARTESIAN_POINT('Ctrl Pts',(-1.35242125708586,-39.5426118258658,-2.5));
#5973=CARTESIAN_POINT('Ctrl Pts',(-1.35242125708586,-39.5426118258658,-2.49));
#5974=CARTESIAN_POINT('Ctrl Pts',(-0.926203648792123,-39.9251148076679,
-2.5));
#5975=CARTESIAN_POINT('Ctrl Pts',(-0.926203648792123,-39.9251148076679,
-2.49));
#5976=CARTESIAN_POINT('',(6.00802897844809,-36.8432336400056,-2.49));
#5977=CARTESIAN_POINT('',(6.00802897844809,-36.8432336400056,-2.5));
#5978=CARTESIAN_POINT('Ctrl Pts',(6.00802897844809,-36.8432336400056,-2.49));
#5979=CARTESIAN_POINT('Ctrl Pts',(6.00802897844808,-36.0345130499098,-2.49));
#5980=CARTESIAN_POINT('Ctrl Pts',(5.82770614416997,-35.3077573844858,-2.49));
#5981=CARTESIAN_POINT('Ctrl Pts',(5.46706047561371,-34.6629666437338,-2.49));
#5982=CARTESIAN_POINT('Ctrl Pts',(5.10641480705744,-34.0181759029818,-2.49));
#5983=CARTESIAN_POINT('Ctrl Pts',(4.61462525902625,-33.5099933700162,-2.49));
#5984=CARTESIAN_POINT('Ctrl Pts',(3.99169183152006,-33.1384190448371,-2.49));
#5985=CARTESIAN_POINT('Ctrl Pts',(3.36875840401382,-32.766844719658,-2.49));
#5986=CARTESIAN_POINT('Ctrl Pts',(2.66932438014725,-32.5810575570684,-2.49));
#5987=CARTESIAN_POINT('Ctrl Pts',(1.89338975992022,-32.5810575570684,-2.49));
#5988=CARTESIAN_POINT('Ctrl Pts',(1.10652648307025,-32.5810575570683,-2.49));
#5989=CARTESIAN_POINT('Ctrl Pts',(0.401628130892204,-32.7668447196579,-2.49));
#5990=CARTESIAN_POINT('Ctrl Pts',(-0.221305296614007,-33.1384190448371,
-2.49));
#5991=CARTESIAN_POINT('Ctrl Pts',(-0.844238724120219,-33.5099933700162,
-2.49));
#5992=CARTESIAN_POINT('Ctrl Pts',(-1.33876043630721,-34.0209080671375,-2.49));
#5993=CARTESIAN_POINT('Ctrl Pts',(-1.70487043317491,-34.671163136201,-2.49));
#5994=CARTESIAN_POINT('Ctrl Pts',(-2.0709804300426,-35.3214182052645,-2.49));
#5995=CARTESIAN_POINT('Ctrl Pts',(-2.25403542847645,-36.0454417065327,-2.49));
#5996=CARTESIAN_POINT('Ctrl Pts',(-2.25403542847642,-36.8432336400056,-2.49));
#5997=CARTESIAN_POINT('Ctrl Pts',(-2.25403542847639,-37.4661670675118,-2.49));
#5998=CARTESIAN_POINT('Ctrl Pts',(-2.13928453393582,-38.0399215402149,-2.49));
#5999=CARTESIAN_POINT('Ctrl Pts',(-1.90978274485455,-38.5644970581149,-2.49));
#6000=CARTESIAN_POINT('Ctrl Pts',(-1.68028095577332,-39.0890725760148,-2.49));
#6001=CARTESIAN_POINT('Ctrl Pts',(-1.35242125708586,-39.5426118258658,-2.49));
#6002=CARTESIAN_POINT('Ctrl Pts',(-0.926203648792123,-39.9251148076679,
-2.49));
#6003=CARTESIAN_POINT('Ctrl Pts',(4.66380421382943,-39.9579007775366,-2.5));
#6004=CARTESIAN_POINT('Ctrl Pts',(4.66380421382943,-39.9579007775366,-2.49));
#6005=CARTESIAN_POINT('Ctrl Pts',(5.10095047874606,-39.5535404824887,-2.5));
#6006=CARTESIAN_POINT('Ctrl Pts',(5.10095047874606,-39.5535404824887,-2.49));
#6007=CARTESIAN_POINT('Ctrl Pts',(5.43427450574496,-39.0890725760148,-2.5));
#6008=CARTESIAN_POINT('Ctrl Pts',(5.43427450574496,-39.0890725760148,-2.49));
#6009=CARTESIAN_POINT('Ctrl Pts',(5.66377629482621,-38.5644970581149,-2.5));
#6010=CARTESIAN_POINT('Ctrl Pts',(5.66377629482621,-38.5644970581149,-2.49));
#6011=CARTESIAN_POINT('Ctrl Pts',(5.89327808390746,-38.0399215402149,-2.5));
#6012=CARTESIAN_POINT('Ctrl Pts',(5.89327808390746,-38.0399215402149,-2.49));
#6013=CARTESIAN_POINT('Ctrl Pts',(6.00802897844809,-37.4661670675117,-2.5));
#6014=CARTESIAN_POINT('Ctrl Pts',(6.00802897844809,-37.4661670675117,-2.49));
#6015=CARTESIAN_POINT('Ctrl Pts',(6.00802897844809,-36.8432336400056,-2.5));
#6016=CARTESIAN_POINT('Ctrl Pts',(6.00802897844809,-36.8432336400056,-2.49));
#6017=CARTESIAN_POINT('',(4.66380421382943,-39.9579007775366,-2.49));
#6018=CARTESIAN_POINT('',(4.66380421382943,-39.9579007775366,-2.5));
#6019=CARTESIAN_POINT('Ctrl Pts',(4.66380421382943,-39.9579007775366,-2.49));
#6020=CARTESIAN_POINT('Ctrl Pts',(5.10095047874606,-39.5535404824887,-2.49));
#6021=CARTESIAN_POINT('Ctrl Pts',(5.43427450574496,-39.0890725760148,-2.49));
#6022=CARTESIAN_POINT('Ctrl Pts',(5.66377629482621,-38.5644970581149,-2.49));
#6023=CARTESIAN_POINT('Ctrl Pts',(5.89327808390746,-38.0399215402149,-2.49));
#6024=CARTESIAN_POINT('Ctrl Pts',(6.00802897844809,-37.4661670675117,-2.49));
#6025=CARTESIAN_POINT('Ctrl Pts',(6.00802897844809,-36.8432336400056,-2.49));
#6026=CARTESIAN_POINT('Origin',(3.27040049440766,-38.5644970581148,-2.5));
#6027=CARTESIAN_POINT('',(4.66380421382943,-39.9579007775366,-2.49));
#6028=CARTESIAN_POINT('Origin',(1.87699677498582,-36.2694791673025,-2.49));
#6029=CARTESIAN_POINT('Ctrl Pts',(6.00802897844809,-29.9745729525029,-2.5));
#6030=CARTESIAN_POINT('Ctrl Pts',(6.00802897844809,-29.9745729525029,-2.49));
#6031=CARTESIAN_POINT('Ctrl Pts',(6.00802897844805,-29.5811413140779,-2.5));
#6032=CARTESIAN_POINT('Ctrl Pts',(6.00802897844805,-29.5811413140779,-2.49));
#6033=CARTESIAN_POINT('Ctrl Pts',(5.8768850989731,-29.2587459437018,-2.5));
#6034=CARTESIAN_POINT('Ctrl Pts',(5.8768850989731,-29.2587459437018,-2.49));
#6035=CARTESIAN_POINT('Ctrl Pts',(5.61459734002309,-29.0073868413748,-2.5));
#6036=CARTESIAN_POINT('Ctrl Pts',(5.61459734002309,-29.0073868413748,-2.49));
#6037=CARTESIAN_POINT('Ctrl Pts',(5.35230958107308,-28.7560277390477,-2.5));
#6038=CARTESIAN_POINT('Ctrl Pts',(5.35230958107308,-28.7560277390477,-2.49));
#6039=CARTESIAN_POINT('Ctrl Pts',(5.02991421069709,-28.6303481878842,-2.5));
#6040=CARTESIAN_POINT('Ctrl Pts',(5.02991421069709,-28.6303481878842,-2.49));
#6041=CARTESIAN_POINT('Ctrl Pts',(4.64741122889506,-28.6303481878842,-2.5));
#6042=CARTESIAN_POINT('Ctrl Pts',(4.64741122889506,-28.6303481878842,-2.49));
#6043=CARTESIAN_POINT('Ctrl Pts',(4.264908247093,-28.6303481878843,-2.5));
#6044=CARTESIAN_POINT('Ctrl Pts',(4.264908247093,-28.6303481878843,-2.49));
#6045=CARTESIAN_POINT('Ctrl Pts',(3.94251287671695,-28.7560277390477,-2.5));
#6046=CARTESIAN_POINT('Ctrl Pts',(3.94251287671695,-28.7560277390477,-2.49));
#6047=CARTESIAN_POINT('Ctrl Pts',(3.68022511776696,-29.0073868413748,-2.5));
#6048=CARTESIAN_POINT('Ctrl Pts',(3.68022511776696,-29.0073868413748,-2.49));
#6049=CARTESIAN_POINT('Ctrl Pts',(3.41793735881697,-29.2587459437018,-2.5));
#6050=CARTESIAN_POINT('Ctrl Pts',(3.41793735881697,-29.2587459437018,-2.49));
#6051=CARTESIAN_POINT('Ctrl Pts',(3.28679347934197,-29.581141314078,-2.5));
#6052=CARTESIAN_POINT('Ctrl Pts',(3.28679347934197,-29.581141314078,-2.49));
#6053=CARTESIAN_POINT('Ctrl Pts',(3.28679347934199,-29.9745729525028,-2.5));
#6054=CARTESIAN_POINT('Ctrl Pts',(3.28679347934199,-29.9745729525028,-2.49));
#6055=CARTESIAN_POINT('Ctrl Pts',(3.28679347934201,-30.3570759343049,-2.5));
#6056=CARTESIAN_POINT('Ctrl Pts',(3.28679347934201,-30.3570759343049,-2.49));
#6057=CARTESIAN_POINT('Ctrl Pts',(3.41793735881695,-30.6740069763694,-2.5));
#6058=CARTESIAN_POINT('Ctrl Pts',(3.41793735881695,-30.6740069763694,-2.49));
#6059=CARTESIAN_POINT('Ctrl Pts',(3.68022511776696,-30.9253660786966,-2.5));
#6060=CARTESIAN_POINT('Ctrl Pts',(3.68022511776696,-30.9253660786966,-2.49));
#6061=CARTESIAN_POINT('Ctrl Pts',(3.94251287671694,-31.1767251810237,-2.5));
#6062=CARTESIAN_POINT('Ctrl Pts',(3.94251287671694,-31.1767251810237,-2.49));
#6063=CARTESIAN_POINT('Ctrl Pts',(4.26490824709302,-31.3024047321872,-2.5));
#6064=CARTESIAN_POINT('Ctrl Pts',(4.26490824709302,-31.3024047321872,-2.49));
#6065=CARTESIAN_POINT('Ctrl Pts',(4.64741122889505,-31.3024047321871,-2.5));
#6066=CARTESIAN_POINT('Ctrl Pts',(4.64741122889505,-31.3024047321871,-2.49));
#6067=CARTESIAN_POINT('Ctrl Pts',(5.02991421069708,-31.3024047321871,-2.5));
#6068=CARTESIAN_POINT('Ctrl Pts',(5.02991421069708,-31.3024047321871,-2.49));
#6069=CARTESIAN_POINT('Ctrl Pts',(5.35230958107311,-31.1767251810235,-2.5));
#6070=CARTESIAN_POINT('Ctrl Pts',(5.35230958107311,-31.1767251810235,-2.49));
#6071=CARTESIAN_POINT('Ctrl Pts',(5.61459734002312,-30.9253660786965,-2.5));
#6072=CARTESIAN_POINT('Ctrl Pts',(5.61459734002312,-30.9253660786965,-2.49));
#6073=CARTESIAN_POINT('Ctrl Pts',(5.87688509897313,-30.6740069763695,-2.5));
#6074=CARTESIAN_POINT('Ctrl Pts',(5.87688509897313,-30.6740069763695,-2.49));
#6075=CARTESIAN_POINT('Ctrl Pts',(6.00802897844813,-30.3570759343049,-2.5));
#6076=CARTESIAN_POINT('Ctrl Pts',(6.00802897844813,-30.3570759343049,-2.49));
#6077=CARTESIAN_POINT('Ctrl Pts',(6.00802897844809,-29.9745729525029,-2.5));
#6078=CARTESIAN_POINT('Ctrl Pts',(6.00802897844809,-29.9745729525029,-2.49));
#6079=CARTESIAN_POINT('',(6.00802897844809,-29.9745729525029,-2.49));
#6080=CARTESIAN_POINT('',(6.00802897844809,-29.9745729525029,-2.5));
#6081=CARTESIAN_POINT('Ctrl Pts',(6.00802897844809,-29.9745729525029,-2.49));
#6082=CARTESIAN_POINT('Ctrl Pts',(6.00802897844805,-29.5811413140779,-2.49));
#6083=CARTESIAN_POINT('Ctrl Pts',(5.8768850989731,-29.2587459437018,-2.49));
#6084=CARTESIAN_POINT('Ctrl Pts',(5.61459734002309,-29.0073868413748,-2.49));
#6085=CARTESIAN_POINT('Ctrl Pts',(5.35230958107308,-28.7560277390477,-2.49));
#6086=CARTESIAN_POINT('Ctrl Pts',(5.02991421069709,-28.6303481878842,-2.49));
#6087=CARTESIAN_POINT('Ctrl Pts',(4.64741122889506,-28.6303481878842,-2.49));
#6088=CARTESIAN_POINT('Ctrl Pts',(4.264908247093,-28.6303481878843,-2.49));
#6089=CARTESIAN_POINT('Ctrl Pts',(3.94251287671695,-28.7560277390477,-2.49));
#6090=CARTESIAN_POINT('Ctrl Pts',(3.68022511776696,-29.0073868413748,-2.49));
#6091=CARTESIAN_POINT('Ctrl Pts',(3.41793735881697,-29.2587459437018,-2.49));
#6092=CARTESIAN_POINT('Ctrl Pts',(3.28679347934197,-29.581141314078,-2.49));
#6093=CARTESIAN_POINT('Ctrl Pts',(3.28679347934199,-29.9745729525028,-2.49));
#6094=CARTESIAN_POINT('Ctrl Pts',(3.28679347934201,-30.3570759343049,-2.49));
#6095=CARTESIAN_POINT('Ctrl Pts',(3.41793735881695,-30.6740069763694,-2.49));
#6096=CARTESIAN_POINT('Ctrl Pts',(3.68022511776696,-30.9253660786966,-2.49));
#6097=CARTESIAN_POINT('Ctrl Pts',(3.94251287671694,-31.1767251810237,-2.49));
#6098=CARTESIAN_POINT('Ctrl Pts',(4.26490824709302,-31.3024047321872,-2.49));
#6099=CARTESIAN_POINT('Ctrl Pts',(4.64741122889505,-31.3024047321871,-2.49));
#6100=CARTESIAN_POINT('Ctrl Pts',(5.02991421069708,-31.3024047321871,-2.49));
#6101=CARTESIAN_POINT('Ctrl Pts',(5.35230958107311,-31.1767251810235,-2.49));
#6102=CARTESIAN_POINT('Ctrl Pts',(5.61459734002312,-30.9253660786965,-2.49));
#6103=CARTESIAN_POINT('Ctrl Pts',(5.87688509897313,-30.6740069763695,-2.49));
#6104=CARTESIAN_POINT('Ctrl Pts',(6.00802897844813,-30.3570759343049,-2.49));
#6105=CARTESIAN_POINT('Ctrl Pts',(6.00802897844809,-29.9745729525029,-2.49));
#6106=CARTESIAN_POINT('Origin',(4.64741122889505,-29.9663764600357,-2.49));
#6107=CARTESIAN_POINT('Origin',(1.03843493851744,11.1549907880827,-2.5));
#6108=CARTESIAN_POINT('',(1.03843493851744,11.1549907880827,-2.5));
#6109=CARTESIAN_POINT('',(1.02732539760209,7.32219917228958,-2.5));
#6110=CARTESIAN_POINT('',(1.02226405880699,5.5760372879847,-2.5));
#6111=CARTESIAN_POINT('',(1.03843493851744,11.1549907880827,-2.49));
#6112=CARTESIAN_POINT('',(1.03843493851744,11.1549907880827,-2.5));
#6113=CARTESIAN_POINT('',(1.02732539760209,7.32219917228958,-2.49));
#6114=CARTESIAN_POINT('',(1.02732539760209,7.32219917228958,-2.49));
#6115=CARTESIAN_POINT('',(1.02732539760209,7.32219917228958,-2.5));
#6116=CARTESIAN_POINT('Ctrl Pts',(1.02732539760209,7.32219917228958,-2.5));
#6117=CARTESIAN_POINT('Ctrl Pts',(1.02732539760209,7.32219917228958,-2.49));
#6118=CARTESIAN_POINT('Ctrl Pts',(0.839278190549821,7.36409878740183,-2.5));
#6119=CARTESIAN_POINT('Ctrl Pts',(0.839278190549821,7.36409878740183,-2.49));
#6120=CARTESIAN_POINT('Ctrl Pts',(0.668962733160066,7.42056376830828,-2.5));
#6121=CARTESIAN_POINT('Ctrl Pts',(0.668962733160066,7.42056376830828,-2.49));
#6122=CARTESIAN_POINT('Ctrl Pts',(0.516379025432778,7.49159411500893,-2.5));
#6123=CARTESIAN_POINT('Ctrl Pts',(0.516379025432778,7.49159411500893,-2.49));
#6124=CARTESIAN_POINT('Ctrl Pts',(0.199447983368217,7.63913097941833,-2.5));
#6125=CARTESIAN_POINT('Ctrl Pts',(0.199447983368217,7.63913097941833,-2.49));
#6126=CARTESIAN_POINT('Ctrl Pts',(-0.0437146264916866,7.85223978356515,
-2.5));
#6127=CARTESIAN_POINT('Ctrl Pts',(-0.0437146264916866,7.85223978356515,
-2.49));
#6128=CARTESIAN_POINT('Ctrl Pts',(-0.213108804146884,8.13092052744951,-2.5));
#6129=CARTESIAN_POINT('Ctrl Pts',(-0.213108804146884,8.13092052744951,-2.49));
#6130=CARTESIAN_POINT('Ctrl Pts',(-0.3825029818021,8.40960127133389,-2.5));
#6131=CARTESIAN_POINT('Ctrl Pts',(-0.3825029818021,8.40960127133389,-2.49));
#6132=CARTESIAN_POINT('Ctrl Pts',(-0.467200070629668,8.75112179079998,-2.5));
#6133=CARTESIAN_POINT('Ctrl Pts',(-0.467200070629668,8.75112179079998,-2.49));
#6134=CARTESIAN_POINT('Ctrl Pts',(-0.467200070629668,9.15548208584786,-2.5));
#6135=CARTESIAN_POINT('Ctrl Pts',(-0.467200070629668,9.15548208584786,-2.49));
#6136=CARTESIAN_POINT('Ctrl Pts',(-0.467200070629668,9.58169969414159,-2.5));
#6137=CARTESIAN_POINT('Ctrl Pts',(-0.467200070629668,9.58169969414159,-2.49));
#6138=CARTESIAN_POINT('Ctrl Pts',(-0.37157432517914,9.95327401932074,-2.5));
#6139=CARTESIAN_POINT('Ctrl Pts',(-0.37157432517914,9.95327401932074,-2.49));
#6140=CARTESIAN_POINT('Ctrl Pts',(-0.180322834278135,10.2702050613853,-2.5));
#6141=CARTESIAN_POINT('Ctrl Pts',(-0.180322834278135,10.2702050613853,-2.49));
#6142=CARTESIAN_POINT('Ctrl Pts',(0.0109286566228661,10.5871361034499,-2.5));
#6143=CARTESIAN_POINT('Ctrl Pts',(0.0109286566228661,10.5871361034499,-2.49));
#6144=CARTESIAN_POINT('Ctrl Pts',(0.278680743884347,10.8302987133098,-2.5));
#6145=CARTESIAN_POINT('Ctrl Pts',(0.278680743884347,10.8302987133098,-2.49));
#6146=CARTESIAN_POINT('Ctrl Pts',(0.622933427506203,10.999692890965,-2.5));
#6147=CARTESIAN_POINT('Ctrl Pts',(0.622933427506203,10.999692890965,-2.49));
#6148=CARTESIAN_POINT('Ctrl Pts',(0.752528464256459,11.0634618773024,-2.5));
#6149=CARTESIAN_POINT('Ctrl Pts',(0.752528464256459,11.0634618773024,-2.49));
#6150=CARTESIAN_POINT('Ctrl Pts',(0.891028967926912,11.1152278430083,-2.5));
#6151=CARTESIAN_POINT('Ctrl Pts',(0.891028967926912,11.1152278430083,-2.49));
#6152=CARTESIAN_POINT('Ctrl Pts',(1.03843493851744,11.1549907880827,-2.5));
#6153=CARTESIAN_POINT('Ctrl Pts',(1.03843493851744,11.1549907880827,-2.49));
#6154=CARTESIAN_POINT('Ctrl Pts',(1.02732539760209,7.32219917228958,-2.5));
#6155=CARTESIAN_POINT('Ctrl Pts',(0.839278190549821,7.36409878740183,-2.5));
#6156=CARTESIAN_POINT('Ctrl Pts',(0.668962733160066,7.42056376830828,-2.5));
#6157=CARTESIAN_POINT('Ctrl Pts',(0.516379025432778,7.49159411500893,-2.5));
#6158=CARTESIAN_POINT('Ctrl Pts',(0.199447983368217,7.63913097941833,-2.5));
#6159=CARTESIAN_POINT('Ctrl Pts',(-0.0437146264916866,7.85223978356515,
-2.5));
#6160=CARTESIAN_POINT('Ctrl Pts',(-0.213108804146884,8.13092052744951,-2.5));
#6161=CARTESIAN_POINT('Ctrl Pts',(-0.3825029818021,8.40960127133389,-2.5));
#6162=CARTESIAN_POINT('Ctrl Pts',(-0.467200070629668,8.75112179079998,-2.5));
#6163=CARTESIAN_POINT('Ctrl Pts',(-0.467200070629668,9.15548208584786,-2.5));
#6164=CARTESIAN_POINT('Ctrl Pts',(-0.467200070629668,9.58169969414159,-2.5));
#6165=CARTESIAN_POINT('Ctrl Pts',(-0.37157432517914,9.95327401932074,-2.5));
#6166=CARTESIAN_POINT('Ctrl Pts',(-0.180322834278135,10.2702050613853,-2.5));
#6167=CARTESIAN_POINT('Ctrl Pts',(0.0109286566228661,10.5871361034499,-2.5));
#6168=CARTESIAN_POINT('Ctrl Pts',(0.278680743884347,10.8302987133098,-2.5));
#6169=CARTESIAN_POINT('Ctrl Pts',(0.622933427506203,10.999692890965,-2.5));
#6170=CARTESIAN_POINT('Ctrl Pts',(0.752528464256459,11.0634618773024,-2.5));
#6171=CARTESIAN_POINT('Ctrl Pts',(0.891028967926912,11.1152278430083,-2.5));
#6172=CARTESIAN_POINT('Ctrl Pts',(1.03843493851744,11.1549907880827,-2.5));
#6173=CARTESIAN_POINT('Ctrl Pts',(1.02732539760209,7.32219917228958,-2.49));
#6174=CARTESIAN_POINT('Ctrl Pts',(0.839278190549821,7.36409878740183,-2.49));
#6175=CARTESIAN_POINT('Ctrl Pts',(0.668962733160066,7.42056376830828,-2.49));
#6176=CARTESIAN_POINT('Ctrl Pts',(0.516379025432778,7.49159411500893,-2.49));
#6177=CARTESIAN_POINT('Ctrl Pts',(0.199447983368217,7.63913097941833,-2.49));
#6178=CARTESIAN_POINT('Ctrl Pts',(-0.0437146264916866,7.85223978356515,
-2.49));
#6179=CARTESIAN_POINT('Ctrl Pts',(-0.213108804146884,8.13092052744951,-2.49));
#6180=CARTESIAN_POINT('Ctrl Pts',(-0.3825029818021,8.40960127133389,-2.49));
#6181=CARTESIAN_POINT('Ctrl Pts',(-0.467200070629668,8.75112179079998,-2.49));
#6182=CARTESIAN_POINT('Ctrl Pts',(-0.467200070629668,9.15548208584786,-2.49));
#6183=CARTESIAN_POINT('Ctrl Pts',(-0.467200070629668,9.58169969414159,-2.49));
#6184=CARTESIAN_POINT('Ctrl Pts',(-0.37157432517914,9.95327401932074,-2.49));
#6185=CARTESIAN_POINT('Ctrl Pts',(-0.180322834278135,10.2702050613853,-2.49));
#6186=CARTESIAN_POINT('Ctrl Pts',(0.0109286566228661,10.5871361034499,-2.49));
#6187=CARTESIAN_POINT('Ctrl Pts',(0.278680743884347,10.8302987133098,-2.49));
#6188=CARTESIAN_POINT('Ctrl Pts',(0.622933427506203,10.999692890965,-2.49));
#6189=CARTESIAN_POINT('Ctrl Pts',(0.752528464256459,11.0634618773024,-2.49));
#6190=CARTESIAN_POINT('Ctrl Pts',(0.891028967926912,11.1152278430083,-2.49));
#6191=CARTESIAN_POINT('Ctrl Pts',(1.03843493851744,11.1549907880827,-2.49));
#6192=CARTESIAN_POINT('Origin',(3.38515138894823,7.0735729991824,-2.5));
#6193=CARTESIAN_POINT('',(3.38515138894823,7.0735729991824,-2.49));
#6194=CARTESIAN_POINT('',(3.38515138894823,7.0735729991824,-2.5));
#6195=CARTESIAN_POINT('',(4.64741122889504,5.81131315923562,-2.49));
#6196=CARTESIAN_POINT('',(4.64741122889504,5.81131315923562,-2.49));
#6197=CARTESIAN_POINT('',(4.64741122889504,5.81131315923562,-2.5));
#6198=CARTESIAN_POINT('Ctrl Pts',(2.64532725537649,11.1554909702571,-2.5));
#6199=CARTESIAN_POINT('Ctrl Pts',(2.64532725537649,11.1554909702571,-2.49));
#6200=CARTESIAN_POINT('Ctrl Pts',(2.80622243943289,11.1123167838238,-2.5));
#6201=CARTESIAN_POINT('Ctrl Pts',(2.80622243943289,11.1123167838238,-2.49));
#6202=CARTESIAN_POINT('Ctrl Pts',(2.95720473850626,11.054919762415,-2.5));
#6203=CARTESIAN_POINT('Ctrl Pts',(2.95720473850626,11.054919762415,-2.49));
#6204=CARTESIAN_POINT('Ctrl Pts',(3.0982741525967,10.9832999060306,-2.5));
#6205=CARTESIAN_POINT('Ctrl Pts',(3.0982741525967,10.9832999060306,-2.49));
#6206=CARTESIAN_POINT('Ctrl Pts',(3.45345549284143,10.8029770717525,-2.5));
#6207=CARTESIAN_POINT('Ctrl Pts',(3.45345549284143,10.8029770717525,-2.49));
#6208=CARTESIAN_POINT('Ctrl Pts',(3.72667190841434,10.5434214769582,-2.5));
#6209=CARTESIAN_POINT('Ctrl Pts',(3.72667190841434,10.5434214769582,-2.49));
#6210=CARTESIAN_POINT('Ctrl Pts',(3.91792339931539,10.2046331216478,-2.5));
#6211=CARTESIAN_POINT('Ctrl Pts',(3.91792339931539,10.2046331216478,-2.49));
#6212=CARTESIAN_POINT('Ctrl Pts',(4.10917489021642,9.86584476633746,-2.5));
#6213=CARTESIAN_POINT('Ctrl Pts',(4.10917489021642,9.86584476633746,-2.49));
#6214=CARTESIAN_POINT('Ctrl Pts',(4.20480063566694,9.47241312791245,-2.5));
#6215=CARTESIAN_POINT('Ctrl Pts',(4.20480063566694,9.47241312791245,-2.49));
#6216=CARTESIAN_POINT('Ctrl Pts',(4.20480063566692,9.0243382063729,-2.5));
#6217=CARTESIAN_POINT('Ctrl Pts',(4.20480063566692,9.0243382063729,-2.49));
#6218=CARTESIAN_POINT('Ctrl Pts',(4.2048006356669,8.61997791132501,-2.5));
#6219=CARTESIAN_POINT('Ctrl Pts',(4.2048006356669,8.61997791132501,-2.49));
#6220=CARTESIAN_POINT('Ctrl Pts',(4.1364965317737,8.2538679144573,-2.5));
#6221=CARTESIAN_POINT('Ctrl Pts',(4.1364965317737,8.2538679144573,-2.49));
#6222=CARTESIAN_POINT('Ctrl Pts',(3.99988832398726,7.92600821576981,-2.5));
#6223=CARTESIAN_POINT('Ctrl Pts',(3.99988832398726,7.92600821576981,-2.49));
#6224=CARTESIAN_POINT('Ctrl Pts',(3.8632801162008,7.59814851708231,-2.5));
#6225=CARTESIAN_POINT('Ctrl Pts',(3.8632801162008,7.59814851708231,-2.49));
#6226=CARTESIAN_POINT('Ctrl Pts',(3.65836780452113,7.31400344488653,-2.5));
#6227=CARTESIAN_POINT('Ctrl Pts',(3.65836780452113,7.31400344488653,-2.49));
#6228=CARTESIAN_POINT('Ctrl Pts',(3.38515138894823,7.0735729991824,-2.5));
#6229=CARTESIAN_POINT('Ctrl Pts',(3.38515138894823,7.0735729991824,-2.49));
#6230=CARTESIAN_POINT('',(2.64532725537649,11.1554909702571,-2.49));
#6231=CARTESIAN_POINT('',(2.64532725537649,11.1554909702571,-2.5));
#6232=CARTESIAN_POINT('Ctrl Pts',(2.64532725537649,11.1554909702571,-2.49));
#6233=CARTESIAN_POINT('Ctrl Pts',(2.80622243943289,11.1123167838238,-2.49));
#6234=CARTESIAN_POINT('Ctrl Pts',(2.95720473850626,11.054919762415,-2.49));
#6235=CARTESIAN_POINT('Ctrl Pts',(3.0982741525967,10.9832999060306,-2.49));
#6236=CARTESIAN_POINT('Ctrl Pts',(3.45345549284143,10.8029770717525,-2.49));
#6237=CARTESIAN_POINT('Ctrl Pts',(3.72667190841434,10.5434214769582,-2.49));
#6238=CARTESIAN_POINT('Ctrl Pts',(3.91792339931539,10.2046331216478,-2.49));
#6239=CARTESIAN_POINT('Ctrl Pts',(4.10917489021642,9.86584476633746,-2.49));
#6240=CARTESIAN_POINT('Ctrl Pts',(4.20480063566694,9.47241312791245,-2.49));
#6241=CARTESIAN_POINT('Ctrl Pts',(4.20480063566692,9.0243382063729,-2.49));
#6242=CARTESIAN_POINT('Ctrl Pts',(4.2048006356669,8.61997791132501,-2.49));
#6243=CARTESIAN_POINT('Ctrl Pts',(4.1364965317737,8.2538679144573,-2.49));
#6244=CARTESIAN_POINT('Ctrl Pts',(3.99988832398726,7.92600821576981,-2.49));
#6245=CARTESIAN_POINT('Ctrl Pts',(3.8632801162008,7.59814851708231,-2.49));
#6246=CARTESIAN_POINT('Ctrl Pts',(3.65836780452113,7.31400344488653,-2.49));
#6247=CARTESIAN_POINT('Ctrl Pts',(3.38515138894823,7.0735729991824,-2.49));
#6248=CARTESIAN_POINT('Origin',(2.63107408196703,5.36870256600748,-2.5));
#6249=CARTESIAN_POINT('',(2.63107408196703,5.36870256600748,-2.49));
#6250=CARTESIAN_POINT('',(2.63107408196703,5.36870256600748,-2.5));
#6251=CARTESIAN_POINT('',(2.64532725537649,11.1554909702571,-2.49));
#6252=CARTESIAN_POINT('Ctrl Pts',(4.64741122889504,5.81131315923562,-2.5));
#6253=CARTESIAN_POINT('Ctrl Pts',(4.64741122889504,5.81131315923562,-2.49));
#6254=CARTESIAN_POINT('Ctrl Pts',(5.09548615043456,6.19381614103764,-2.5));
#6255=CARTESIAN_POINT('Ctrl Pts',(5.09548615043456,6.19381614103764,-2.49));
#6256=CARTESIAN_POINT('Ctrl Pts',(5.43427450574492,6.66101621166732,-2.5));
#6257=CARTESIAN_POINT('Ctrl Pts',(5.43427450574492,6.66101621166732,-2.49));
#6258=CARTESIAN_POINT('Ctrl Pts',(5.66377629482619,7.21291337112458,-2.5));
#6259=CARTESIAN_POINT('Ctrl Pts',(5.66377629482619,7.21291337112458,-2.49));
#6260=CARTESIAN_POINT('Ctrl Pts',(5.89327808390746,7.76481053058183,-2.5));
#6261=CARTESIAN_POINT('Ctrl Pts',(5.89327808390746,7.76481053058183,-2.49));
#6262=CARTESIAN_POINT('Ctrl Pts',(6.00802897844805,8.36315448068648,-2.5));
#6263=CARTESIAN_POINT('Ctrl Pts',(6.00802897844805,8.36315448068648,-2.49));
#6264=CARTESIAN_POINT('Ctrl Pts',(6.00802897844804,9.00794522143851,-2.5));
#6265=CARTESIAN_POINT('Ctrl Pts',(6.00802897844804,9.00794522143851,-2.49));
#6266=CARTESIAN_POINT('Ctrl Pts',(6.00802897844802,9.83852312478015,-2.5));
#6267=CARTESIAN_POINT('Ctrl Pts',(6.00802897844802,9.83852312478015,-2.49));
#6268=CARTESIAN_POINT('Ctrl Pts',(5.83043830832569,10.576207446827,-2.5));
#6269=CARTESIAN_POINT('Ctrl Pts',(5.83043830832569,10.576207446827,-2.49));
#6270=CARTESIAN_POINT('Ctrl Pts',(5.47525696808088,11.220998187579,-2.5));
#6271=CARTESIAN_POINT('Ctrl Pts',(5.47525696808088,11.220998187579,-2.49));
#6272=CARTESIAN_POINT('Ctrl Pts',(5.12007562783604,11.865788928331,-2.5));
#6273=CARTESIAN_POINT('Ctrl Pts',(5.12007562783604,11.865788928331,-2.49));
#6274=CARTESIAN_POINT('Ctrl Pts',(4.63101824396066,12.3767036254524,-2.5));
#6275=CARTESIAN_POINT('Ctrl Pts',(4.63101824396066,12.3767036254524,-2.49));
#6276=CARTESIAN_POINT('Ctrl Pts',(4.00808481645445,12.753742278943,-2.5));
#6277=CARTESIAN_POINT('Ctrl Pts',(4.00808481645445,12.753742278943,-2.49));
#6278=CARTESIAN_POINT('Ctrl Pts',(3.38515138894823,13.1307809324336,-2.5));
#6279=CARTESIAN_POINT('Ctrl Pts',(3.38515138894823,13.1307809324336,-2.49));
#6280=CARTESIAN_POINT('Ctrl Pts',(2.67478870845868,13.3193002591789,-2.5));
#6281=CARTESIAN_POINT('Ctrl Pts',(2.67478870845868,13.3193002591789,-2.49));
#6282=CARTESIAN_POINT('Ctrl Pts',(1.87699677498583,13.3193002591789,-2.5));
#6283=CARTESIAN_POINT('Ctrl Pts',(1.87699677498583,13.3193002591789,-2.49));
#6284=CARTESIAN_POINT('Ctrl Pts',(1.09013349813588,13.3193002591789,-2.5));
#6285=CARTESIAN_POINT('Ctrl Pts',(1.09013349813588,13.3193002591789,-2.49));
#6286=CARTESIAN_POINT('Ctrl Pts',(0.387967310113497,13.1362452607451,-2.5));
#6287=CARTESIAN_POINT('Ctrl Pts',(0.387967310113497,13.1362452607451,-2.49));
#6288=CARTESIAN_POINT('Ctrl Pts',(-0.229501789081246,12.7701352638774,-2.5));
#6289=CARTESIAN_POINT('Ctrl Pts',(-0.229501789081246,12.7701352638774,-2.49));
#6290=CARTESIAN_POINT('Ctrl Pts',(-0.846970888276011,12.4040252670097,-2.5));
#6291=CARTESIAN_POINT('Ctrl Pts',(-0.846970888276011,12.4040252670097,-2.49));
#6292=CARTESIAN_POINT('Ctrl Pts',(-1.33876043630719,11.9040392265113,-2.5));
#6293=CARTESIAN_POINT('Ctrl Pts',(-1.33876043630719,11.9040392265113,-2.49));
#6294=CARTESIAN_POINT('Ctrl Pts',(-1.70487043317491,11.2701771423821,-2.5));
#6295=CARTESIAN_POINT('Ctrl Pts',(-1.70487043317491,11.2701771423821,-2.49));
#6296=CARTESIAN_POINT('Ctrl Pts',(-2.07098043004262,10.636315058253,-2.5));
#6297=CARTESIAN_POINT('Ctrl Pts',(-2.07098043004262,10.636315058253,-2.49));
#6298=CARTESIAN_POINT('Ctrl Pts',(-2.25403542847642,9.93141670607491,-2.5));
#6299=CARTESIAN_POINT('Ctrl Pts',(-2.25403542847642,9.93141670607491,-2.49));
#6300=CARTESIAN_POINT('Ctrl Pts',(-2.25403542847641,9.15548208584786,-2.5));
#6301=CARTESIAN_POINT('Ctrl Pts',(-2.25403542847641,9.15548208584786,-2.49));
#6302=CARTESIAN_POINT('Ctrl Pts',(-2.2540354284764,8.39047612224375,-2.5));
#6303=CARTESIAN_POINT('Ctrl Pts',(-2.2540354284764,8.39047612224375,-2.49));
#6304=CARTESIAN_POINT('Ctrl Pts',(-2.08190908666549,7.71563157577873,-2.5));
#6305=CARTESIAN_POINT('Ctrl Pts',(-2.08190908666549,7.71563157577873,-2.49));
#6306=CARTESIAN_POINT('Ctrl Pts',(-1.73765640304364,7.13094844645269,-2.5));
#6307=CARTESIAN_POINT('Ctrl Pts',(-1.73765640304364,7.13094844645269,-2.49));
#6308=CARTESIAN_POINT('Ctrl Pts',(-1.39340371942179,6.54626531712666,-2.5));
#6309=CARTESIAN_POINT('Ctrl Pts',(-1.39340371942179,6.54626531712666,-2.49));
#6310=CARTESIAN_POINT('Ctrl Pts',(-0.923471484636389,6.08726173896423,-2.5));
#6311=CARTESIAN_POINT('Ctrl Pts',(-0.923471484636389,6.08726173896423,-2.49));
#6312=CARTESIAN_POINT('Ctrl Pts',(-0.327859698687485,5.75393771196524,-2.5));
#6313=CARTESIAN_POINT('Ctrl Pts',(-0.327859698687485,5.75393771196524,-2.49));
#6314=CARTESIAN_POINT('Ctrl Pts',(0.267752087261406,5.42061368496625,-2.5));
#6315=CARTESIAN_POINT('Ctrl Pts',(0.267752087261406,5.42061368496625,-2.49));
#6316=CARTESIAN_POINT('Ctrl Pts',(0.942596633726476,5.25395167146689,-2.5));
#6317=CARTESIAN_POINT('Ctrl Pts',(0.942596633726476,5.25395167146689,-2.49));
#6318=CARTESIAN_POINT('Ctrl Pts',(1.6966739407077,5.25395167146691,-2.5));
#6319=CARTESIAN_POINT('Ctrl Pts',(1.6966739407077,5.25395167146691,-2.49));
#6320=CARTESIAN_POINT('Ctrl Pts',(1.83874647680562,5.25395167146691,-2.5));
#6321=CARTESIAN_POINT('Ctrl Pts',(1.83874647680562,5.25395167146691,-2.49));
#6322=CARTESIAN_POINT('Ctrl Pts',(1.98355117705924,5.26214816393404,-2.5));
#6323=CARTESIAN_POINT('Ctrl Pts',(1.98355117705924,5.26214816393404,-2.49));
#6324=CARTESIAN_POINT('Ctrl Pts',(2.13108804146862,5.27854114886843,-2.5));
#6325=CARTESIAN_POINT('Ctrl Pts',(2.13108804146862,5.27854114886843,-2.49));
#6326=CARTESIAN_POINT('Ctrl Pts',(2.27862490587799,5.29493413380282,-2.5));
#6327=CARTESIAN_POINT('Ctrl Pts',(2.27862490587799,5.29493413380282,-2.49));
#6328=CARTESIAN_POINT('Ctrl Pts',(2.44528691937743,5.32498793951582,-2.5));
#6329=CARTESIAN_POINT('Ctrl Pts',(2.44528691937743,5.32498793951582,-2.49));
#6330=CARTESIAN_POINT('Ctrl Pts',(2.63107408196703,5.36870256600748,-2.5));
#6331=CARTESIAN_POINT('Ctrl Pts',(2.63107408196703,5.36870256600748,-2.49));
#6332=CARTESIAN_POINT('Ctrl Pts',(4.64741122889504,5.81131315923562,-2.49));
#6333=CARTESIAN_POINT('Ctrl Pts',(5.09548615043456,6.19381614103764,-2.49));
#6334=CARTESIAN_POINT('Ctrl Pts',(5.43427450574492,6.66101621166732,-2.49));
#6335=CARTESIAN_POINT('Ctrl Pts',(5.66377629482619,7.21291337112458,-2.49));
#6336=CARTESIAN_POINT('Ctrl Pts',(5.89327808390746,7.76481053058183,-2.49));
#6337=CARTESIAN_POINT('Ctrl Pts',(6.00802897844805,8.36315448068648,-2.49));
#6338=CARTESIAN_POINT('Ctrl Pts',(6.00802897844804,9.00794522143851,-2.49));
#6339=CARTESIAN_POINT('Ctrl Pts',(6.00802897844802,9.83852312478015,-2.49));
#6340=CARTESIAN_POINT('Ctrl Pts',(5.83043830832569,10.576207446827,-2.49));
#6341=CARTESIAN_POINT('Ctrl Pts',(5.47525696808088,11.220998187579,-2.49));
#6342=CARTESIAN_POINT('Ctrl Pts',(5.12007562783604,11.865788928331,-2.49));
#6343=CARTESIAN_POINT('Ctrl Pts',(4.63101824396066,12.3767036254524,-2.49));
#6344=CARTESIAN_POINT('Ctrl Pts',(4.00808481645445,12.753742278943,-2.49));
#6345=CARTESIAN_POINT('Ctrl Pts',(3.38515138894823,13.1307809324336,-2.49));
#6346=CARTESIAN_POINT('Ctrl Pts',(2.67478870845868,13.3193002591789,-2.49));
#6347=CARTESIAN_POINT('Ctrl Pts',(1.87699677498583,13.3193002591789,-2.49));
#6348=CARTESIAN_POINT('Ctrl Pts',(1.09013349813588,13.3193002591789,-2.49));
#6349=CARTESIAN_POINT('Ctrl Pts',(0.387967310113497,13.1362452607451,-2.49));
#6350=CARTESIAN_POINT('Ctrl Pts',(-0.229501789081246,12.7701352638774,-2.49));
#6351=CARTESIAN_POINT('Ctrl Pts',(-0.846970888276011,12.4040252670097,-2.49));
#6352=CARTESIAN_POINT('Ctrl Pts',(-1.33876043630719,11.9040392265113,-2.49));
#6353=CARTESIAN_POINT('Ctrl Pts',(-1.70487043317491,11.2701771423821,-2.49));
#6354=CARTESIAN_POINT('Ctrl Pts',(-2.07098043004262,10.636315058253,-2.49));
#6355=CARTESIAN_POINT('Ctrl Pts',(-2.25403542847642,9.93141670607491,-2.49));
#6356=CARTESIAN_POINT('Ctrl Pts',(-2.25403542847641,9.15548208584786,-2.49));
#6357=CARTESIAN_POINT('Ctrl Pts',(-2.2540354284764,8.39047612224375,-2.49));
#6358=CARTESIAN_POINT('Ctrl Pts',(-2.08190908666549,7.71563157577873,-2.49));
#6359=CARTESIAN_POINT('Ctrl Pts',(-1.73765640304364,7.13094844645269,-2.49));
#6360=CARTESIAN_POINT('Ctrl Pts',(-1.39340371942179,6.54626531712666,-2.49));
#6361=CARTESIAN_POINT('Ctrl Pts',(-0.923471484636389,6.08726173896423,-2.49));
#6362=CARTESIAN_POINT('Ctrl Pts',(-0.327859698687485,5.75393771196524,-2.49));
#6363=CARTESIAN_POINT('Ctrl Pts',(0.267752087261406,5.42061368496625,-2.49));
#6364=CARTESIAN_POINT('Ctrl Pts',(0.942596633726476,5.25395167146689,-2.49));
#6365=CARTESIAN_POINT('Ctrl Pts',(1.6966739407077,5.25395167146691,-2.49));
#6366=CARTESIAN_POINT('Ctrl Pts',(1.83874647680562,5.25395167146691,-2.49));
#6367=CARTESIAN_POINT('Ctrl Pts',(1.98355117705924,5.26214816393404,-2.49));
#6368=CARTESIAN_POINT('Ctrl Pts',(2.13108804146862,5.27854114886843,-2.49));
#6369=CARTESIAN_POINT('Ctrl Pts',(2.27862490587799,5.29493413380282,-2.49));
#6370=CARTESIAN_POINT('Ctrl Pts',(2.44528691937743,5.32498793951582,-2.49));
#6371=CARTESIAN_POINT('Ctrl Pts',(2.63107408196703,5.36870256600748,-2.49));
#6372=CARTESIAN_POINT('Origin',(1.87699677498582,9.28662596532289,-2.49));
#6373=CARTESIAN_POINT('Origin',(-6.00802897844808,39.2530024253586,-2.5));
#6374=CARTESIAN_POINT('',(-6.00802897844808,39.2530024253586,-2.49));
#6375=CARTESIAN_POINT('',(-6.00802897844808,39.2530024253586,-2.5));
#6376=CARTESIAN_POINT('',(-6.00802897844808,37.1055213989556,-2.49));
#6377=CARTESIAN_POINT('',(-6.00802897844808,37.1055213989556,-2.49));
#6378=CARTESIAN_POINT('',(-6.00802897844808,37.1055213989556,-2.5));
#6379=CARTESIAN_POINT('Origin',(5.84409912910433,39.2530024253585,-2.5));
#6380=CARTESIAN_POINT('',(5.84409912910433,39.2530024253585,-2.49));
#6381=CARTESIAN_POINT('',(5.84409912910433,39.2530024253585,-2.5));
#6382=CARTESIAN_POINT('',(-6.00802897844808,39.2530024253586,-2.49));
#6383=CARTESIAN_POINT('Origin',(5.84409912910433,37.1055213989556,-2.5));
#6384=CARTESIAN_POINT('',(5.84409912910433,37.1055213989556,-2.49));
#6385=CARTESIAN_POINT('',(5.84409912910433,37.1055213989556,-2.5));
#6386=CARTESIAN_POINT('',(5.84409912910433,39.2530024253585,-2.49));
#6387=CARTESIAN_POINT('Origin',(-6.00802897844808,37.1055213989556,-2.5));
#6388=CARTESIAN_POINT('',(5.84409912910433,37.1055213989556,-2.49));
#6389=CARTESIAN_POINT('Origin',(-0.0819649246718734,38.1792619121571,-2.49));
#6390=CARTESIAN_POINT('Ctrl Pts',(6.00802897844808,24.5157089693563,-2.5));
#6391=CARTESIAN_POINT('Ctrl Pts',(6.00802897844808,24.5157089693563,-2.49));
#6392=CARTESIAN_POINT('Ctrl Pts',(6.00802897844806,24.9091406077813,-2.5));
#6393=CARTESIAN_POINT('Ctrl Pts',(6.00802897844806,24.9091406077813,-2.49));
#6394=CARTESIAN_POINT('Ctrl Pts',(5.87688509897308,25.2315359781573,-2.5));
#6395=CARTESIAN_POINT('Ctrl Pts',(5.87688509897308,25.2315359781573,-2.49));
#6396=CARTESIAN_POINT('Ctrl Pts',(5.61459734002309,25.4828950804844,-2.5));
#6397=CARTESIAN_POINT('Ctrl Pts',(5.61459734002309,25.4828950804844,-2.49));
#6398=CARTESIAN_POINT('Ctrl Pts',(5.35230958107309,25.7342541828115,-2.5));
#6399=CARTESIAN_POINT('Ctrl Pts',(5.35230958107309,25.7342541828115,-2.49));
#6400=CARTESIAN_POINT('Ctrl Pts',(5.02991421069707,25.859933733975,-2.5));
#6401=CARTESIAN_POINT('Ctrl Pts',(5.02991421069707,25.859933733975,-2.49));
#6402=CARTESIAN_POINT('Ctrl Pts',(4.64741122889501,25.859933733975,-2.5));
#6403=CARTESIAN_POINT('Ctrl Pts',(4.64741122889501,25.859933733975,-2.49));
#6404=CARTESIAN_POINT('Ctrl Pts',(4.26490824709296,25.859933733975,-2.5));
#6405=CARTESIAN_POINT('Ctrl Pts',(4.26490824709296,25.859933733975,-2.49));
#6406=CARTESIAN_POINT('Ctrl Pts',(3.94251287671696,25.7342541828115,-2.5));
#6407=CARTESIAN_POINT('Ctrl Pts',(3.94251287671696,25.7342541828115,-2.49));
#6408=CARTESIAN_POINT('Ctrl Pts',(3.68022511776695,25.4828950804844,-2.5));
#6409=CARTESIAN_POINT('Ctrl Pts',(3.68022511776695,25.4828950804844,-2.49));
#6410=CARTESIAN_POINT('Ctrl Pts',(3.41793735881696,25.2315359781573,-2.5));
#6411=CARTESIAN_POINT('Ctrl Pts',(3.41793735881696,25.2315359781573,-2.49));
#6412=CARTESIAN_POINT('Ctrl Pts',(3.28679347934195,24.9091406077813,-2.5));
#6413=CARTESIAN_POINT('Ctrl Pts',(3.28679347934195,24.9091406077813,-2.49));
#6414=CARTESIAN_POINT('Ctrl Pts',(3.28679347934194,24.5157089693563,-2.5));
#6415=CARTESIAN_POINT('Ctrl Pts',(3.28679347934194,24.5157089693563,-2.49));
#6416=CARTESIAN_POINT('Ctrl Pts',(3.28679347934192,24.1332059875543,-2.5));
#6417=CARTESIAN_POINT('Ctrl Pts',(3.28679347934192,24.1332059875543,-2.49));
#6418=CARTESIAN_POINT('Ctrl Pts',(3.41793735881693,23.8162749454897,-2.5));
#6419=CARTESIAN_POINT('Ctrl Pts',(3.41793735881693,23.8162749454897,-2.49));
#6420=CARTESIAN_POINT('Ctrl Pts',(3.68022511776695,23.5649158431626,-2.5));
#6421=CARTESIAN_POINT('Ctrl Pts',(3.68022511776695,23.5649158431626,-2.49));
#6422=CARTESIAN_POINT('Ctrl Pts',(3.94251287671695,23.3135567408356,-2.5));
#6423=CARTESIAN_POINT('Ctrl Pts',(3.94251287671695,23.3135567408356,-2.49));
#6424=CARTESIAN_POINT('Ctrl Pts',(4.26490824709297,23.187877189672,-2.5));
#6425=CARTESIAN_POINT('Ctrl Pts',(4.26490824709297,23.187877189672,-2.49));
#6426=CARTESIAN_POINT('Ctrl Pts',(4.64741122889504,23.187877189672,-2.5));
#6427=CARTESIAN_POINT('Ctrl Pts',(4.64741122889504,23.187877189672,-2.49));
#6428=CARTESIAN_POINT('Ctrl Pts',(5.02991421069708,23.187877189672,-2.5));
#6429=CARTESIAN_POINT('Ctrl Pts',(5.02991421069708,23.187877189672,-2.49));
#6430=CARTESIAN_POINT('Ctrl Pts',(5.3523095810731,23.3135567408356,-2.5));
#6431=CARTESIAN_POINT('Ctrl Pts',(5.3523095810731,23.3135567408356,-2.49));
#6432=CARTESIAN_POINT('Ctrl Pts',(5.61459734002306,23.5649158431626,-2.5));
#6433=CARTESIAN_POINT('Ctrl Pts',(5.61459734002306,23.5649158431626,-2.49));
#6434=CARTESIAN_POINT('Ctrl Pts',(5.87688509897305,23.8162749454897,-2.5));
#6435=CARTESIAN_POINT('Ctrl Pts',(5.87688509897305,23.8162749454897,-2.49));
#6436=CARTESIAN_POINT('Ctrl Pts',(6.0080289784481,24.1332059875543,-2.5));
#6437=CARTESIAN_POINT('Ctrl Pts',(6.0080289784481,24.1332059875543,-2.49));
#6438=CARTESIAN_POINT('Ctrl Pts',(6.00802897844808,24.5157089693563,-2.5));
#6439=CARTESIAN_POINT('Ctrl Pts',(6.00802897844808,24.5157089693563,-2.49));
#6440=CARTESIAN_POINT('',(6.00802897844808,24.5157089693563,-2.49));
#6441=CARTESIAN_POINT('',(6.00802897844808,24.5157089693563,-2.5));
#6442=CARTESIAN_POINT('Ctrl Pts',(6.00802897844808,24.5157089693563,-2.49));
#6443=CARTESIAN_POINT('Ctrl Pts',(6.00802897844806,24.9091406077813,-2.49));
#6444=CARTESIAN_POINT('Ctrl Pts',(5.87688509897308,25.2315359781573,-2.49));
#6445=CARTESIAN_POINT('Ctrl Pts',(5.61459734002309,25.4828950804844,-2.49));
#6446=CARTESIAN_POINT('Ctrl Pts',(5.35230958107309,25.7342541828115,-2.49));
#6447=CARTESIAN_POINT('Ctrl Pts',(5.02991421069707,25.859933733975,-2.49));
#6448=CARTESIAN_POINT('Ctrl Pts',(4.64741122889501,25.859933733975,-2.49));
#6449=CARTESIAN_POINT('Ctrl Pts',(4.26490824709296,25.859933733975,-2.49));
#6450=CARTESIAN_POINT('Ctrl Pts',(3.94251287671696,25.7342541828115,-2.49));
#6451=CARTESIAN_POINT('Ctrl Pts',(3.68022511776695,25.4828950804844,-2.49));
#6452=CARTESIAN_POINT('Ctrl Pts',(3.41793735881696,25.2315359781573,-2.49));
#6453=CARTESIAN_POINT('Ctrl Pts',(3.28679347934195,24.9091406077813,-2.49));
#6454=CARTESIAN_POINT('Ctrl Pts',(3.28679347934194,24.5157089693563,-2.49));
#6455=CARTESIAN_POINT('Ctrl Pts',(3.28679347934192,24.1332059875543,-2.49));
#6456=CARTESIAN_POINT('Ctrl Pts',(3.41793735881693,23.8162749454897,-2.49));
#6457=CARTESIAN_POINT('Ctrl Pts',(3.68022511776695,23.5649158431626,-2.49));
#6458=CARTESIAN_POINT('Ctrl Pts',(3.94251287671695,23.3135567408356,-2.49));
#6459=CARTESIAN_POINT('Ctrl Pts',(4.26490824709297,23.187877189672,-2.49));
#6460=CARTESIAN_POINT('Ctrl Pts',(4.64741122889504,23.187877189672,-2.49));
#6461=CARTESIAN_POINT('Ctrl Pts',(5.02991421069708,23.187877189672,-2.49));
#6462=CARTESIAN_POINT('Ctrl Pts',(5.3523095810731,23.3135567408356,-2.49));
#6463=CARTESIAN_POINT('Ctrl Pts',(5.61459734002306,23.5649158431626,-2.49));
#6464=CARTESIAN_POINT('Ctrl Pts',(5.87688509897305,23.8162749454897,-2.49));
#6465=CARTESIAN_POINT('Ctrl Pts',(6.0080289784481,24.1332059875543,-2.49));
#6466=CARTESIAN_POINT('Ctrl Pts',(6.00802897844808,24.5157089693563,-2.49));
#6467=CARTESIAN_POINT('Origin',(4.64741122889501,24.5239054618235,-2.49));
#6468=CARTESIAN_POINT('Ctrl Pts',(4.02447780138883,-13.9914126414882,-2.5));
#6469=CARTESIAN_POINT('Ctrl Pts',(4.02447780138883,-13.9914126414882,-2.49));
#6470=CARTESIAN_POINT('Ctrl Pts',(4.02447780138881,-14.5924887557485,-2.5));
#6471=CARTESIAN_POINT('Ctrl Pts',(4.02447780138881,-14.5924887557485,-2.49));
#6472=CARTESIAN_POINT('Ctrl Pts',(3.82502981802059,-15.0788139754684,-2.5));
#6473=CARTESIAN_POINT('Ctrl Pts',(3.82502981802059,-15.0788139754684,-2.49));
#6474=CARTESIAN_POINT('Ctrl Pts',(3.42613385128418,-15.4503883006475,-2.5));
#6475=CARTESIAN_POINT('Ctrl Pts',(3.42613385128418,-15.4503883006475,-2.49));
#6476=CARTESIAN_POINT('Ctrl Pts',(3.02723788454776,-15.8219626258267,-2.5));
#6477=CARTESIAN_POINT('Ctrl Pts',(3.02723788454776,-15.8219626258267,-2.49));
#6478=CARTESIAN_POINT('Ctrl Pts',(2.51085885911496,-16.0077497884162,-2.5));
#6479=CARTESIAN_POINT('Ctrl Pts',(2.51085885911496,-16.0077497884162,-2.49));
#6480=CARTESIAN_POINT('Ctrl Pts',(1.87699677498583,-16.0077497884162,-2.5));
#6481=CARTESIAN_POINT('Ctrl Pts',(1.87699677498583,-16.0077497884162,-2.49));
#6482=CARTESIAN_POINT('Ctrl Pts',(1.46170782331501,-16.0077497884162,-2.5));
#6483=CARTESIAN_POINT('Ctrl Pts',(1.46170782331501,-16.0077497884162,-2.49));
#6484=CARTESIAN_POINT('Ctrl Pts',(1.0928656622916,-15.9230526995886,-2.5));
#6485=CARTESIAN_POINT('Ctrl Pts',(1.0928656622916,-15.9230526995886,-2.49));
#6486=CARTESIAN_POINT('Ctrl Pts',(0.77047029191557,-15.7536585219334,-2.5));
#6487=CARTESIAN_POINT('Ctrl Pts',(0.77047029191557,-15.7536585219334,-2.49));
#6488=CARTESIAN_POINT('Ctrl Pts',(0.448074921539545,-15.5842643442782,-2.5));
#6489=CARTESIAN_POINT('Ctrl Pts',(0.448074921539545,-15.5842643442782,-2.49));
#6490=CARTESIAN_POINT('Ctrl Pts',(0.196715819212487,-15.3492982268855,-2.5));
#6491=CARTESIAN_POINT('Ctrl Pts',(0.196715819212487,-15.3492982268855,-2.49));
#6492=CARTESIAN_POINT('Ctrl Pts',(0.0163929849343969,-15.0487601697553,
-2.5));
#6493=CARTESIAN_POINT('Ctrl Pts',(0.0163929849343969,-15.0487601697553,
-2.49));
#6494=CARTESIAN_POINT('Ctrl Pts',(-0.163929849343698,-14.7482221126251,
-2.5));
#6495=CARTESIAN_POINT('Ctrl Pts',(-0.163929849343698,-14.7482221126251,
-2.49));
#6496=CARTESIAN_POINT('Ctrl Pts',(-0.254091266482748,-14.3957729365361,
-2.5));
#6497=CARTESIAN_POINT('Ctrl Pts',(-0.254091266482748,-14.3957729365361,
-2.49));
#6498=CARTESIAN_POINT('Ctrl Pts',(-0.254091266482801,-13.9914126414882,
-2.5));
#6499=CARTESIAN_POINT('Ctrl Pts',(-0.254091266482801,-13.9914126414882,
-2.49));
#6500=CARTESIAN_POINT('Ctrl Pts',(-0.254091266482854,-13.5979810030632,
-2.5));
#6501=CARTESIAN_POINT('Ctrl Pts',(-0.254091266482854,-13.5979810030632,
-2.49));
#6502=CARTESIAN_POINT('Ctrl Pts',(-0.163929849343729,-13.2509961552855,
-2.5));
#6503=CARTESIAN_POINT('Ctrl Pts',(-0.163929849343729,-13.2509961552855,
-2.49));
#6504=CARTESIAN_POINT('Ctrl Pts',(0.0163929849343791,-12.9504580981554,
-2.5));
#6505=CARTESIAN_POINT('Ctrl Pts',(0.0163929849343791,-12.9504580981554,
-2.49));
#6506=CARTESIAN_POINT('Ctrl Pts',(0.196715819212518,-12.6499200410253,-2.5));
#6507=CARTESIAN_POINT('Ctrl Pts',(0.196715819212518,-12.6499200410253,-2.49));
#6508=CARTESIAN_POINT('Ctrl Pts',(0.448074921539598,-12.4149539236326,-2.5));
#6509=CARTESIAN_POINT('Ctrl Pts',(0.448074921539598,-12.4149539236326,-2.49));
#6510=CARTESIAN_POINT('Ctrl Pts',(0.770470291915597,-12.2455597459774,-2.5));
#6511=CARTESIAN_POINT('Ctrl Pts',(0.770470291915597,-12.2455597459774,-2.49));
#6512=CARTESIAN_POINT('Ctrl Pts',(1.0928656622916,-12.0761655683222,-2.5));
#6513=CARTESIAN_POINT('Ctrl Pts',(1.0928656622916,-12.0761655683222,-2.49));
#6514=CARTESIAN_POINT('Ctrl Pts',(1.46170782331503,-11.9914684794945,-2.5));
#6515=CARTESIAN_POINT('Ctrl Pts',(1.46170782331503,-11.9914684794945,-2.49));
#6516=CARTESIAN_POINT('Ctrl Pts',(1.87699677498585,-11.9914684794945,-2.5));
#6517=CARTESIAN_POINT('Ctrl Pts',(1.87699677498585,-11.9914684794945,-2.49));
#6518=CARTESIAN_POINT('Ctrl Pts',(2.30321438327954,-11.9914684794946,-2.5));
#6519=CARTESIAN_POINT('Ctrl Pts',(2.30321438327954,-11.9914684794946,-2.49));
#6520=CARTESIAN_POINT('Ctrl Pts',(2.67752087261441,-12.0761655683222,-2.5));
#6521=CARTESIAN_POINT('Ctrl Pts',(2.67752087261441,-12.0761655683222,-2.49));
#6522=CARTESIAN_POINT('Ctrl Pts',(2.99991624299044,-12.2455597459773,-2.5));
#6523=CARTESIAN_POINT('Ctrl Pts',(2.99991624299044,-12.2455597459773,-2.49));
#6524=CARTESIAN_POINT('Ctrl Pts',(3.32231161336646,-12.4149539236325,-2.5));
#6525=CARTESIAN_POINT('Ctrl Pts',(3.32231161336646,-12.4149539236325,-2.49));
#6526=CARTESIAN_POINT('Ctrl Pts',(3.57367071569353,-12.6499200410253,-2.5));
#6527=CARTESIAN_POINT('Ctrl Pts',(3.57367071569353,-12.6499200410253,-2.49));
#6528=CARTESIAN_POINT('Ctrl Pts',(3.75399354997165,-12.9504580981555,-2.5));
#6529=CARTESIAN_POINT('Ctrl Pts',(3.75399354997165,-12.9504580981555,-2.49));
#6530=CARTESIAN_POINT('Ctrl Pts',(3.93431638424973,-13.2509961552856,-2.5));
#6531=CARTESIAN_POINT('Ctrl Pts',(3.93431638424973,-13.2509961552856,-2.49));
#6532=CARTESIAN_POINT('Ctrl Pts',(4.02447780138884,-13.5979810030632,-2.5));
#6533=CARTESIAN_POINT('Ctrl Pts',(4.02447780138884,-13.5979810030632,-2.49));
#6534=CARTESIAN_POINT('Ctrl Pts',(4.02447780138883,-13.9914126414882,-2.5));
#6535=CARTESIAN_POINT('Ctrl Pts',(4.02447780138883,-13.9914126414882,-2.49));
#6536=CARTESIAN_POINT('',(4.02447780138883,-13.9914126414882,-2.5));
#6537=CARTESIAN_POINT('Ctrl Pts',(4.02447780138883,-13.9914126414882,-2.5));
#6538=CARTESIAN_POINT('Ctrl Pts',(4.02447780138881,-14.5924887557485,-2.5));
#6539=CARTESIAN_POINT('Ctrl Pts',(3.82502981802059,-15.0788139754684,-2.5));
#6540=CARTESIAN_POINT('Ctrl Pts',(3.42613385128418,-15.4503883006475,-2.5));
#6541=CARTESIAN_POINT('Ctrl Pts',(3.02723788454776,-15.8219626258267,-2.5));
#6542=CARTESIAN_POINT('Ctrl Pts',(2.51085885911496,-16.0077497884162,-2.5));
#6543=CARTESIAN_POINT('Ctrl Pts',(1.87699677498583,-16.0077497884162,-2.5));
#6544=CARTESIAN_POINT('Ctrl Pts',(1.46170782331501,-16.0077497884162,-2.5));
#6545=CARTESIAN_POINT('Ctrl Pts',(1.0928656622916,-15.9230526995886,-2.5));
#6546=CARTESIAN_POINT('Ctrl Pts',(0.77047029191557,-15.7536585219334,-2.5));
#6547=CARTESIAN_POINT('Ctrl Pts',(0.448074921539545,-15.5842643442782,-2.5));
#6548=CARTESIAN_POINT('Ctrl Pts',(0.196715819212487,-15.3492982268855,-2.5));
#6549=CARTESIAN_POINT('Ctrl Pts',(0.0163929849343969,-15.0487601697553,
-2.5));
#6550=CARTESIAN_POINT('Ctrl Pts',(-0.163929849343698,-14.7482221126251,
-2.5));
#6551=CARTESIAN_POINT('Ctrl Pts',(-0.254091266482748,-14.3957729365361,
-2.5));
#6552=CARTESIAN_POINT('Ctrl Pts',(-0.254091266482801,-13.9914126414882,
-2.5));
#6553=CARTESIAN_POINT('Ctrl Pts',(-0.254091266482854,-13.5979810030632,
-2.5));
#6554=CARTESIAN_POINT('Ctrl Pts',(-0.163929849343729,-13.2509961552855,
-2.5));
#6555=CARTESIAN_POINT('Ctrl Pts',(0.0163929849343791,-12.9504580981554,
-2.5));
#6556=CARTESIAN_POINT('Ctrl Pts',(0.196715819212518,-12.6499200410253,-2.5));
#6557=CARTESIAN_POINT('Ctrl Pts',(0.448074921539598,-12.4149539236326,-2.5));
#6558=CARTESIAN_POINT('Ctrl Pts',(0.770470291915597,-12.2455597459774,-2.5));
#6559=CARTESIAN_POINT('Ctrl Pts',(1.0928656622916,-12.0761655683222,-2.5));
#6560=CARTESIAN_POINT('Ctrl Pts',(1.46170782331503,-11.9914684794945,-2.5));
#6561=CARTESIAN_POINT('Ctrl Pts',(1.87699677498585,-11.9914684794945,-2.5));
#6562=CARTESIAN_POINT('Ctrl Pts',(2.30321438327954,-11.9914684794946,-2.5));
#6563=CARTESIAN_POINT('Ctrl Pts',(2.67752087261441,-12.0761655683222,-2.5));
#6564=CARTESIAN_POINT('Ctrl Pts',(2.99991624299044,-12.2455597459773,-2.5));
#6565=CARTESIAN_POINT('Ctrl Pts',(3.32231161336646,-12.4149539236325,-2.5));
#6566=CARTESIAN_POINT('Ctrl Pts',(3.57367071569353,-12.6499200410253,-2.5));
#6567=CARTESIAN_POINT('Ctrl Pts',(3.75399354997165,-12.9504580981555,-2.5));
#6568=CARTESIAN_POINT('Ctrl Pts',(3.93431638424973,-13.2509961552856,-2.5));
#6569=CARTESIAN_POINT('Ctrl Pts',(4.02447780138884,-13.5979810030632,-2.5));
#6570=CARTESIAN_POINT('Ctrl Pts',(4.02447780138883,-13.9914126414882,-2.5));
#6571=CARTESIAN_POINT('',(4.02447780138883,-13.9914126414882,-2.49));
#6572=CARTESIAN_POINT('',(4.02447780138883,-13.9914126414882,-2.5));
#6573=CARTESIAN_POINT('Ctrl Pts',(4.02447780138883,-13.9914126414882,-2.49));
#6574=CARTESIAN_POINT('Ctrl Pts',(4.02447780138881,-14.5924887557485,-2.49));
#6575=CARTESIAN_POINT('Ctrl Pts',(3.82502981802059,-15.0788139754684,-2.49));
#6576=CARTESIAN_POINT('Ctrl Pts',(3.42613385128418,-15.4503883006475,-2.49));
#6577=CARTESIAN_POINT('Ctrl Pts',(3.02723788454776,-15.8219626258267,-2.49));
#6578=CARTESIAN_POINT('Ctrl Pts',(2.51085885911496,-16.0077497884162,-2.49));
#6579=CARTESIAN_POINT('Ctrl Pts',(1.87699677498583,-16.0077497884162,-2.49));
#6580=CARTESIAN_POINT('Ctrl Pts',(1.46170782331501,-16.0077497884162,-2.49));
#6581=CARTESIAN_POINT('Ctrl Pts',(1.0928656622916,-15.9230526995886,-2.49));
#6582=CARTESIAN_POINT('Ctrl Pts',(0.77047029191557,-15.7536585219334,-2.49));
#6583=CARTESIAN_POINT('Ctrl Pts',(0.448074921539545,-15.5842643442782,-2.49));
#6584=CARTESIAN_POINT('Ctrl Pts',(0.196715819212487,-15.3492982268855,-2.49));
#6585=CARTESIAN_POINT('Ctrl Pts',(0.0163929849343969,-15.0487601697553,
-2.49));
#6586=CARTESIAN_POINT('Ctrl Pts',(-0.163929849343698,-14.7482221126251,
-2.49));
#6587=CARTESIAN_POINT('Ctrl Pts',(-0.254091266482748,-14.3957729365361,
-2.49));
#6588=CARTESIAN_POINT('Ctrl Pts',(-0.254091266482801,-13.9914126414882,
-2.49));
#6589=CARTESIAN_POINT('Ctrl Pts',(-0.254091266482854,-13.5979810030632,
-2.49));
#6590=CARTESIAN_POINT('Ctrl Pts',(-0.163929849343729,-13.2509961552855,
-2.49));
#6591=CARTESIAN_POINT('Ctrl Pts',(0.0163929849343791,-12.9504580981554,
-2.49));
#6592=CARTESIAN_POINT('Ctrl Pts',(0.196715819212518,-12.6499200410253,-2.49));
#6593=CARTESIAN_POINT('Ctrl Pts',(0.448074921539598,-12.4149539236326,-2.49));
#6594=CARTESIAN_POINT('Ctrl Pts',(0.770470291915597,-12.2455597459774,-2.49));
#6595=CARTESIAN_POINT('Ctrl Pts',(1.0928656622916,-12.0761655683222,-2.49));
#6596=CARTESIAN_POINT('Ctrl Pts',(1.46170782331503,-11.9914684794945,-2.49));
#6597=CARTESIAN_POINT('Ctrl Pts',(1.87699677498585,-11.9914684794945,-2.49));
#6598=CARTESIAN_POINT('Ctrl Pts',(2.30321438327954,-11.9914684794946,-2.49));
#6599=CARTESIAN_POINT('Ctrl Pts',(2.67752087261441,-12.0761655683222,-2.49));
#6600=CARTESIAN_POINT('Ctrl Pts',(2.99991624299044,-12.2455597459773,-2.49));
#6601=CARTESIAN_POINT('Ctrl Pts',(3.32231161336646,-12.4149539236325,-2.49));
#6602=CARTESIAN_POINT('Ctrl Pts',(3.57367071569353,-12.6499200410253,-2.49));
#6603=CARTESIAN_POINT('Ctrl Pts',(3.75399354997165,-12.9504580981555,-2.49));
#6604=CARTESIAN_POINT('Ctrl Pts',(3.93431638424973,-13.2509961552856,-2.49));
#6605=CARTESIAN_POINT('Ctrl Pts',(4.02447780138884,-13.5979810030632,-2.49));
#6606=CARTESIAN_POINT('Ctrl Pts',(4.02447780138883,-13.9914126414882,-2.49));
#6607=CARTESIAN_POINT('Origin',(-1.31999868820752,-15.8929988938756,-2.5));
#6608=CARTESIAN_POINT('',(-1.31999868820752,-15.8929924151342,-2.49));
#6609=CARTESIAN_POINT('',(-1.31999868820752,-15.8929924151342,-2.5));
#6610=CARTESIAN_POINT('',(-2.07371259419827,-15.8929988938756,-2.49));
#6611=CARTESIAN_POINT('',(-2.07371259419827,-15.8929988938756,-2.49));
#6612=CARTESIAN_POINT('',(-2.07371259419827,-15.8929988938756,-2.5));
#6613=CARTESIAN_POINT('Ctrl Pts',(5.0785109472344,-15.8929882572249,-2.5));
#6614=CARTESIAN_POINT('Ctrl Pts',(5.0785109472344,-15.8929882572249,-2.49));
#6615=CARTESIAN_POINT('Ctrl Pts',(5.3078853513754,-15.6755747569844,-2.5));
#6616=CARTESIAN_POINT('Ctrl Pts',(5.3078853513754,-15.6755747569844,-2.49));
#6617=CARTESIAN_POINT('Ctrl Pts',(5.50024163641691,-15.4187548718961,-2.5));
#6618=CARTESIAN_POINT('Ctrl Pts',(5.50024163641691,-15.4187548718961,-2.49));
#6619=CARTESIAN_POINT('Ctrl Pts',(5.65557980235903,-15.12252860196,-2.5));
#6620=CARTESIAN_POINT('Ctrl Pts',(5.65557980235903,-15.12252860196,-2.49));
#6621=CARTESIAN_POINT('Ctrl Pts',(5.89054591975174,-14.6744536804205,-2.5));
#6622=CARTESIAN_POINT('Ctrl Pts',(5.89054591975174,-14.6744536804205,-2.49));
#6623=CARTESIAN_POINT('Ctrl Pts',(6.00802897844808,-14.1662711474548,-2.5));
#6624=CARTESIAN_POINT('Ctrl Pts',(6.00802897844808,-14.1662711474548,-2.49));
#6625=CARTESIAN_POINT('Ctrl Pts',(6.00802897844808,-13.5979810030632,-2.5));
#6626=CARTESIAN_POINT('Ctrl Pts',(6.00802897844808,-13.5979810030632,-2.49));
#6627=CARTESIAN_POINT('Ctrl Pts',(6.00802897844808,-12.8766896659508,-2.5));
#6628=CARTESIAN_POINT('Ctrl Pts',(6.00802897844808,-12.8766896659508,-2.49));
#6629=CARTESIAN_POINT('Ctrl Pts',(5.82770614416994,-12.2264345968872,-2.5));
#6630=CARTESIAN_POINT('Ctrl Pts',(5.82770614416994,-12.2264345968872,-2.49));
#6631=CARTESIAN_POINT('Ctrl Pts',(5.46706047561371,-11.6472157958727,-2.5));
#6632=CARTESIAN_POINT('Ctrl Pts',(5.46706047561371,-11.6472157958727,-2.49));
#6633=CARTESIAN_POINT('Ctrl Pts',(5.10641480705747,-11.0679969948581,-2.5));
#6634=CARTESIAN_POINT('Ctrl Pts',(5.10641480705747,-11.0679969948581,-2.49));
#6635=CARTESIAN_POINT('Ctrl Pts',(4.61462525902629,-10.614457745007,-2.5));
#6636=CARTESIAN_POINT('Ctrl Pts',(4.61462525902629,-10.614457745007,-2.49));
#6637=CARTESIAN_POINT('Ctrl Pts',(3.99169183152006,-10.2865980463196,-2.5));
#6638=CARTESIAN_POINT('Ctrl Pts',(3.99169183152006,-10.2865980463196,-2.49));
#6639=CARTESIAN_POINT('Ctrl Pts',(3.36875840401382,-9.95873834763214,-2.5));
#6640=CARTESIAN_POINT('Ctrl Pts',(3.36875840401382,-9.95873834763214,-2.49));
#6641=CARTESIAN_POINT('Ctrl Pts',(2.66932438014724,-9.79480849828844,-2.5));
#6642=CARTESIAN_POINT('Ctrl Pts',(2.66932438014724,-9.79480849828844,-2.49));
#6643=CARTESIAN_POINT('Ctrl Pts',(1.89338975992021,-9.79480849828846,-2.5));
#6644=CARTESIAN_POINT('Ctrl Pts',(1.89338975992021,-9.79480849828846,-2.49));
#6645=CARTESIAN_POINT('Ctrl Pts',(1.10652648307026,-9.79480849828848,-2.5));
#6646=CARTESIAN_POINT('Ctrl Pts',(1.10652648307026,-9.79480849828848,-2.49));
#6647=CARTESIAN_POINT('Ctrl Pts',(0.40162813089216,-9.95873834763218,-2.5));
#6648=CARTESIAN_POINT('Ctrl Pts',(0.40162813089216,-9.95873834763218,-2.49));
#6649=CARTESIAN_POINT('Ctrl Pts',(-0.221305296614034,-10.2865980463196,
-2.5));
#6650=CARTESIAN_POINT('Ctrl Pts',(-0.221305296614034,-10.2865980463196,
-2.49));
#6651=CARTESIAN_POINT('Ctrl Pts',(-0.844238724120254,-10.6144577450071,
-2.5));
#6652=CARTESIAN_POINT('Ctrl Pts',(-0.844238724120254,-10.6144577450071,
-2.49));
#6653=CARTESIAN_POINT('Ctrl Pts',(-1.33602827215147,-11.0679969948581,-2.5));
#6654=CARTESIAN_POINT('Ctrl Pts',(-1.33602827215147,-11.0679969948581,-2.49));
#6655=CARTESIAN_POINT('Ctrl Pts',(-1.69667394070771,-11.6472157958727,-2.5));
#6656=CARTESIAN_POINT('Ctrl Pts',(-1.69667394070771,-11.6472157958727,-2.49));
#6657=CARTESIAN_POINT('Ctrl Pts',(-2.05731960926394,-12.2264345968873,-2.5));
#6658=CARTESIAN_POINT('Ctrl Pts',(-2.05731960926394,-12.2264345968873,-2.49));
#6659=CARTESIAN_POINT('Ctrl Pts',(-2.23764244354208,-12.8766896659508,-2.5));
#6660=CARTESIAN_POINT('Ctrl Pts',(-2.23764244354208,-12.8766896659508,-2.49));
#6661=CARTESIAN_POINT('Ctrl Pts',(-2.23764244354208,-13.5979810030632,-2.5));
#6662=CARTESIAN_POINT('Ctrl Pts',(-2.23764244354208,-13.5979810030632,-2.49));
#6663=CARTESIAN_POINT('Ctrl Pts',(-2.23764244354208,-14.1662711474548,-2.5));
#6664=CARTESIAN_POINT('Ctrl Pts',(-2.23764244354208,-14.1662711474548,-2.49));
#6665=CARTESIAN_POINT('Ctrl Pts',(-2.12289154900143,-14.6744536804204,-2.5));
#6666=CARTESIAN_POINT('Ctrl Pts',(-2.12289154900143,-14.6744536804204,-2.49));
#6667=CARTESIAN_POINT('Ctrl Pts',(-1.8933897599202,-15.12252860196,-2.5));
#6668=CARTESIAN_POINT('Ctrl Pts',(-1.8933897599202,-15.12252860196,-2.49));
#6669=CARTESIAN_POINT('Ctrl Pts',(-1.74166423864722,-15.4187546196834,-2.5));
#6670=CARTESIAN_POINT('Ctrl Pts',(-1.74166423864722,-15.4187546196834,-2.49));
#6671=CARTESIAN_POINT('Ctrl Pts',(-1.5505323996291,-15.6755743196618,-2.5));
#6672=CARTESIAN_POINT('Ctrl Pts',(-1.5505323996291,-15.6755743196618,-2.49));
#6673=CARTESIAN_POINT('Ctrl Pts',(-1.31999424286583,-15.8929877018949,-2.5));
#6674=CARTESIAN_POINT('Ctrl Pts',(-1.31999424286583,-15.8929877018949,-2.49));
#6675=CARTESIAN_POINT('',(5.07851518717445,-15.892992730487,-2.49));
#6676=CARTESIAN_POINT('',(5.07851518717445,-15.892992730487,-2.5));
#6677=CARTESIAN_POINT('Ctrl Pts',(5.0785109472344,-15.8929882572249,-2.49));
#6678=CARTESIAN_POINT('Ctrl Pts',(5.3078853513754,-15.6755747569844,-2.49));
#6679=CARTESIAN_POINT('Ctrl Pts',(5.50024163641691,-15.4187548718961,-2.49));
#6680=CARTESIAN_POINT('Ctrl Pts',(5.65557980235903,-15.12252860196,-2.49));
#6681=CARTESIAN_POINT('Ctrl Pts',(5.89054591975174,-14.6744536804205,-2.49));
#6682=CARTESIAN_POINT('Ctrl Pts',(6.00802897844808,-14.1662711474548,-2.49));
#6683=CARTESIAN_POINT('Ctrl Pts',(6.00802897844808,-13.5979810030632,-2.49));
#6684=CARTESIAN_POINT('Ctrl Pts',(6.00802897844808,-12.8766896659508,-2.49));
#6685=CARTESIAN_POINT('Ctrl Pts',(5.82770614416994,-12.2264345968872,-2.49));
#6686=CARTESIAN_POINT('Ctrl Pts',(5.46706047561371,-11.6472157958727,-2.49));
#6687=CARTESIAN_POINT('Ctrl Pts',(5.10641480705747,-11.0679969948581,-2.49));
#6688=CARTESIAN_POINT('Ctrl Pts',(4.61462525902629,-10.614457745007,-2.49));
#6689=CARTESIAN_POINT('Ctrl Pts',(3.99169183152006,-10.2865980463196,-2.49));
#6690=CARTESIAN_POINT('Ctrl Pts',(3.36875840401382,-9.95873834763214,-2.49));
#6691=CARTESIAN_POINT('Ctrl Pts',(2.66932438014724,-9.79480849828844,-2.49));
#6692=CARTESIAN_POINT('Ctrl Pts',(1.89338975992021,-9.79480849828846,-2.49));
#6693=CARTESIAN_POINT('Ctrl Pts',(1.10652648307026,-9.79480849828848,-2.49));
#6694=CARTESIAN_POINT('Ctrl Pts',(0.40162813089216,-9.95873834763218,-2.49));
#6695=CARTESIAN_POINT('Ctrl Pts',(-0.221305296614034,-10.2865980463196,
-2.49));
#6696=CARTESIAN_POINT('Ctrl Pts',(-0.844238724120254,-10.6144577450071,
-2.49));
#6697=CARTESIAN_POINT('Ctrl Pts',(-1.33602827215147,-11.0679969948581,-2.49));
#6698=CARTESIAN_POINT('Ctrl Pts',(-1.69667394070771,-11.6472157958727,-2.49));
#6699=CARTESIAN_POINT('Ctrl Pts',(-2.05731960926394,-12.2264345968873,-2.49));
#6700=CARTESIAN_POINT('Ctrl Pts',(-2.23764244354208,-12.8766896659508,-2.49));
#6701=CARTESIAN_POINT('Ctrl Pts',(-2.23764244354208,-13.5979810030632,-2.49));
#6702=CARTESIAN_POINT('Ctrl Pts',(-2.23764244354208,-14.1662711474548,-2.49));
#6703=CARTESIAN_POINT('Ctrl Pts',(-2.12289154900143,-14.6744536804204,-2.49));
#6704=CARTESIAN_POINT('Ctrl Pts',(-1.8933897599202,-15.12252860196,-2.49));
#6705=CARTESIAN_POINT('Ctrl Pts',(-1.74166423864722,-15.4187546196834,-2.49));
#6706=CARTESIAN_POINT('Ctrl Pts',(-1.5505323996291,-15.6755743196618,-2.49));
#6707=CARTESIAN_POINT('Ctrl Pts',(-1.31999424286583,-15.8929877018949,-2.49));
#6708=CARTESIAN_POINT('Origin',(5.84409912910433,-15.8929988938756,-2.5));
#6709=CARTESIAN_POINT('',(5.84409912910433,-15.8929988938756,-2.49));
#6710=CARTESIAN_POINT('',(5.84409912910433,-15.8929988938756,-2.5));
#6711=CARTESIAN_POINT('',(5.07849972535062,-15.8929988938755,-2.49));
#6712=CARTESIAN_POINT('Origin',(5.8440991291043,-18.0240869353442,-2.5));
#6713=CARTESIAN_POINT('',(5.8440991291043,-18.0240869353442,-2.49));
#6714=CARTESIAN_POINT('',(5.8440991291043,-18.0240869353442,-2.5));
#6715=CARTESIAN_POINT('',(5.84409912910433,-15.8929988938756,-2.49));
#6716=CARTESIAN_POINT('Origin',(-2.07371259419832,-18.0240869353442,-2.5));
#6717=CARTESIAN_POINT('',(-2.07371259419832,-18.0240869353442,-2.49));
#6718=CARTESIAN_POINT('',(-2.07371259419832,-18.0240869353442,-2.5));
#6719=CARTESIAN_POINT('',(5.8440991291043,-18.0240869353442,-2.49));
#6720=CARTESIAN_POINT('Origin',(-2.07371259419827,-15.8929988938756,-2.5));
#6721=CARTESIAN_POINT('',(-2.07371259419832,-18.0240869353442,-2.49));
#6722=CARTESIAN_POINT('Origin',(1.885193267453,-13.9094477168163,-2.49));
#6723=CARTESIAN_POINT('Ctrl Pts',(-1.34795944013059,-43.3184662091081,-2.5));
#6724=CARTESIAN_POINT('Ctrl Pts',(-1.34795944013059,-43.3184662091081,-2.49));
#6725=CARTESIAN_POINT('Ctrl Pts',(-1.54119841299465,-43.5064865416242,-2.5));
#6726=CARTESIAN_POINT('Ctrl Pts',(-1.54119841299465,-43.5064865416242,-2.49));
#6727=CARTESIAN_POINT('Ctrl Pts',(-1.70661346525225,-43.7223236379804,-2.5));
#6728=CARTESIAN_POINT('Ctrl Pts',(-1.70661346525225,-43.7223236379804,-2.49));
#6729=CARTESIAN_POINT('Ctrl Pts',(-1.84421080511704,-43.965985593991,-2.5));
#6730=CARTESIAN_POINT('Ctrl Pts',(-1.84421080511704,-43.965985593991,-2.49));
#6731=CARTESIAN_POINT('Ctrl Pts',(-2.10649856406702,-44.4304535004649,-2.5));
#6732=CARTESIAN_POINT('Ctrl Pts',(-2.10649856406702,-44.4304535004649,-2.49));
#6733=CARTESIAN_POINT('Ctrl Pts',(-2.23764244354202,-44.9632255108322,-2.5));
#6734=CARTESIAN_POINT('Ctrl Pts',(-2.23764244354202,-44.9632255108322,-2.49));
#6735=CARTESIAN_POINT('Ctrl Pts',(-2.23764244354208,-45.5643016250925,-2.5));
#6736=CARTESIAN_POINT('Ctrl Pts',(-2.23764244354208,-45.5643016250925,-2.49));
#6737=CARTESIAN_POINT('Ctrl Pts',(-2.23764244354214,-46.1653777393529,-2.5));
#6738=CARTESIAN_POINT('Ctrl Pts',(-2.23764244354214,-46.1653777393529,-2.49));
#6739=CARTESIAN_POINT('Ctrl Pts',(-2.10649856406707,-46.6981497497201,-2.5));
#6740=CARTESIAN_POINT('Ctrl Pts',(-2.10649856406707,-46.6981497497201,-2.49));
#6741=CARTESIAN_POINT('Ctrl Pts',(-1.8442108051171,-47.162617656194,-2.5));
#6742=CARTESIAN_POINT('Ctrl Pts',(-1.8442108051171,-47.162617656194,-2.49));
#6743=CARTESIAN_POINT('Ctrl Pts',(-1.58192304616713,-47.6270855626679,-2.5));
#6744=CARTESIAN_POINT('Ctrl Pts',(-1.58192304616713,-47.6270855626679,-2.49));
#6745=CARTESIAN_POINT('Ctrl Pts',(-1.2212773776108,-47.9904633953797,-2.5));
#6746=CARTESIAN_POINT('Ctrl Pts',(-1.2212773776108,-47.9904633953797,-2.49));
#6747=CARTESIAN_POINT('Ctrl Pts',(-0.762273799448367,-48.2527511543298,
-2.5));
#6748=CARTESIAN_POINT('Ctrl Pts',(-0.762273799448367,-48.2527511543298,
-2.49));
#6749=CARTESIAN_POINT('Ctrl Pts',(-0.303270221285903,-48.5150389132799,
-2.5));
#6750=CARTESIAN_POINT('Ctrl Pts',(-0.303270221285903,-48.5150389132799,
-2.49));
#6751=CARTESIAN_POINT('Ctrl Pts',(0.226769624925529,-48.6461827927548,-2.5));
#6752=CARTESIAN_POINT('Ctrl Pts',(0.226769624925529,-48.6461827927548,-2.49));
#6753=CARTESIAN_POINT('Ctrl Pts',(0.82784573918592,-48.6461827927548,-2.5));
#6754=CARTESIAN_POINT('Ctrl Pts',(0.82784573918592,-48.6461827927548,-2.49));
#6755=CARTESIAN_POINT('',(-1.34796087007068,-43.3184647395298,-2.49));
#6756=CARTESIAN_POINT('',(-1.34796087007068,-43.3184647395298,-2.5));
#6757=CARTESIAN_POINT('',(0.82784573918592,-48.6461827927548,-2.49));
#6758=CARTESIAN_POINT('Ctrl Pts',(-1.34795944013059,-43.3184662091081,-2.49));
#6759=CARTESIAN_POINT('Ctrl Pts',(-1.5411972022676,-43.5064853635942,-2.49));
#6760=CARTESIAN_POINT('Ctrl Pts',(-1.7066143239298,-43.7223251585552,-2.49));
#6761=CARTESIAN_POINT('Ctrl Pts',(-1.84421080511704,-43.965985593991,-2.49));
#6762=CARTESIAN_POINT('Ctrl Pts',(-2.10649856406702,-44.4304535004649,-2.49));
#6763=CARTESIAN_POINT('Ctrl Pts',(-2.23764244354202,-44.9632255108322,-2.49));
#6764=CARTESIAN_POINT('Ctrl Pts',(-2.23764244354208,-45.5643016250925,-2.49));
#6765=CARTESIAN_POINT('Ctrl Pts',(-2.23764244354214,-46.1653777393529,-2.49));
#6766=CARTESIAN_POINT('Ctrl Pts',(-2.10649856406707,-46.6981497497201,-2.49));
#6767=CARTESIAN_POINT('Ctrl Pts',(-1.8442108051171,-47.162617656194,-2.49));
#6768=CARTESIAN_POINT('Ctrl Pts',(-1.58192304616713,-47.6270855626679,-2.49));
#6769=CARTESIAN_POINT('Ctrl Pts',(-1.2212773776108,-47.9904633953797,-2.49));
#6770=CARTESIAN_POINT('Ctrl Pts',(-0.762273799448367,-48.2527511543298,
-2.49));
#6771=CARTESIAN_POINT('Ctrl Pts',(-0.303270221285903,-48.5150389132799,
-2.49));
#6772=CARTESIAN_POINT('Ctrl Pts',(0.226769624925529,-48.6461827927548,-2.49));
#6773=CARTESIAN_POINT('Ctrl Pts',(0.82784573918592,-48.6461827927548,-2.49));
#6774=CARTESIAN_POINT('',(0.827845739185919,-48.6461827927548,-2.5));
#6775=CARTESIAN_POINT('Origin',(-6.00802897844805,-43.3184626890833,-2.5));
#6776=CARTESIAN_POINT('',(-6.00802897844805,-43.3184626890833,-2.49));
#6777=CARTESIAN_POINT('',(-6.00802897844805,-43.3184626890833,-2.5));
#6778=CARTESIAN_POINT('',(-1.34795582239834,-43.3184626890833,-2.49));
#6779=CARTESIAN_POINT('Origin',(-6.00802897844805,-41.1709816626803,-2.5));
#6780=CARTESIAN_POINT('',(-6.00802897844805,-41.1709816626803,-2.49));
#6781=CARTESIAN_POINT('',(-6.00802897844805,-41.1709816626803,-2.5));
#6782=CARTESIAN_POINT('',(-6.00802897844805,-43.3184626890833,-2.49));
#6783=CARTESIAN_POINT('Origin',(5.84409912910431,-41.1709816626803,-2.5));
#6784=CARTESIAN_POINT('',(5.84409912910431,-41.1709816626803,-2.49));
#6785=CARTESIAN_POINT('',(5.84409912910431,-41.1709816626803,-2.5));
#6786=CARTESIAN_POINT('',(-6.00802897844805,-41.1709816626803,-2.49));
#6787=CARTESIAN_POINT('Origin',(5.84409912910434,-43.3184626890834,-2.5));
#6788=CARTESIAN_POINT('',(5.84409912910434,-43.3184626890834,-2.49));
#6789=CARTESIAN_POINT('',(5.84409912910434,-43.3184626890834,-2.5));
#6790=CARTESIAN_POINT('',(5.84409912910431,-41.1709816626803,-2.49));
#6791=CARTESIAN_POINT('Origin',(1.30324230228271,-43.3184626890833,-2.5));
#6792=CARTESIAN_POINT('',(1.30324230228271,-43.3184626890833,-2.49));
#6793=CARTESIAN_POINT('',(1.30324230228271,-43.3184626890833,-2.5));
#6794=CARTESIAN_POINT('',(5.84409912910434,-43.3184626890834,-2.49));
#6795=CARTESIAN_POINT('Ctrl Pts',(1.30324230228278,-46.4987017663518,-2.5));
#6796=CARTESIAN_POINT('Ctrl Pts',(1.30324230228278,-46.4987017663518,-2.49));
#6797=CARTESIAN_POINT('Ctrl Pts',(0.833310067497397,-46.4987017663519,-2.5));
#6798=CARTESIAN_POINT('Ctrl Pts',(0.833310067497397,-46.4987017663519,-2.49));
#6799=CARTESIAN_POINT('Ctrl Pts',(0.450807085695315,-46.3511649019424,-2.5));
#6800=CARTESIAN_POINT('Ctrl Pts',(0.450807085695315,-46.3511649019424,-2.49));
#6801=CARTESIAN_POINT('Ctrl Pts',(0.15573335687658,-46.0560911731237,-2.5));
#6802=CARTESIAN_POINT('Ctrl Pts',(0.15573335687658,-46.0560911731237,-2.49));
#6803=CARTESIAN_POINT('Ctrl Pts',(-0.139340371942138,-45.761017444305,-2.5));
#6804=CARTESIAN_POINT('Ctrl Pts',(-0.139340371942138,-45.761017444305,-2.49));
#6805=CARTESIAN_POINT('Ctrl Pts',(-0.286877236351524,-45.378514462503,-2.5));
#6806=CARTESIAN_POINT('Ctrl Pts',(-0.286877236351524,-45.378514462503,-2.49));
#6807=CARTESIAN_POINT('Ctrl Pts',(-0.28687723635155,-44.9085822277176,-2.5));
#6808=CARTESIAN_POINT('Ctrl Pts',(-0.28687723635155,-44.9085822277176,-2.49));
#6809=CARTESIAN_POINT('Ctrl Pts',(-0.286877236351568,-44.6025798422759,
-2.5));
#6810=CARTESIAN_POINT('Ctrl Pts',(-0.286877236351568,-44.6025798422759,
-2.49));
#6811=CARTESIAN_POINT('Ctrl Pts',(-0.221305296614078,-44.329363426703,-2.5));
#6812=CARTESIAN_POINT('Ctrl Pts',(-0.221305296614078,-44.329363426703,-2.49));
#6813=CARTESIAN_POINT('Ctrl Pts',(-0.0901614171390186,-44.0889329809989,
-2.5));
#6814=CARTESIAN_POINT('Ctrl Pts',(-0.0901614171390186,-44.0889329809989,
-2.49));
#6815=CARTESIAN_POINT('Ctrl Pts',(0.0409824623360322,-43.8485025352948,
-2.5));
#6816=CARTESIAN_POINT('Ctrl Pts',(0.0409824623360322,-43.8485025352948,
-2.49));
#6817=CARTESIAN_POINT('Ctrl Pts',(0.226769624925511,-43.6599832085495,-2.5));
#6818=CARTESIAN_POINT('Ctrl Pts',(0.226769624925511,-43.6599832085495,-2.49));
#6819=CARTESIAN_POINT('Ctrl Pts',(0.46720007062965,-43.523375000763,-2.5));
#6820=CARTESIAN_POINT('Ctrl Pts',(0.46720007062965,-43.523375000763,-2.49));
#6821=CARTESIAN_POINT('Ctrl Pts',(0.707630516333788,-43.3867667929765,-2.5));
#6822=CARTESIAN_POINT('Ctrl Pts',(0.707630516333788,-43.3867667929765,-2.49));
#6823=CARTESIAN_POINT('Ctrl Pts',(0.986311260218171,-43.3184626890833,-2.5));
#6824=CARTESIAN_POINT('Ctrl Pts',(0.986311260218171,-43.3184626890833,-2.49));
#6825=CARTESIAN_POINT('Ctrl Pts',(1.30324230228271,-43.3184626890833,-2.5));
#6826=CARTESIAN_POINT('Ctrl Pts',(1.30324230228271,-43.3184626890833,-2.49));
#6827=CARTESIAN_POINT('',(1.30324230228278,-46.4987017663518,-2.49));
#6828=CARTESIAN_POINT('',(1.30324230228278,-46.4987017663518,-2.5));
#6829=CARTESIAN_POINT('Ctrl Pts',(1.30324230228278,-46.4987017663518,-2.49));
#6830=CARTESIAN_POINT('Ctrl Pts',(0.833310067497397,-46.4987017663519,-2.49));
#6831=CARTESIAN_POINT('Ctrl Pts',(0.450807085695315,-46.3511649019424,-2.49));
#6832=CARTESIAN_POINT('Ctrl Pts',(0.15573335687658,-46.0560911731237,-2.49));
#6833=CARTESIAN_POINT('Ctrl Pts',(-0.139340371942138,-45.761017444305,-2.49));
#6834=CARTESIAN_POINT('Ctrl Pts',(-0.286877236351524,-45.378514462503,-2.49));
#6835=CARTESIAN_POINT('Ctrl Pts',(-0.28687723635155,-44.9085822277176,-2.49));
#6836=CARTESIAN_POINT('Ctrl Pts',(-0.286877236351568,-44.6025798422759,
-2.49));
#6837=CARTESIAN_POINT('Ctrl Pts',(-0.221305296614078,-44.329363426703,-2.49));
#6838=CARTESIAN_POINT('Ctrl Pts',(-0.0901614171390186,-44.0889329809989,
-2.49));
#6839=CARTESIAN_POINT('Ctrl Pts',(0.0409824623360322,-43.8485025352948,
-2.49));
#6840=CARTESIAN_POINT('Ctrl Pts',(0.226769624925511,-43.6599832085495,-2.49));
#6841=CARTESIAN_POINT('Ctrl Pts',(0.46720007062965,-43.523375000763,-2.49));
#6842=CARTESIAN_POINT('Ctrl Pts',(0.707630516333788,-43.3867667929765,-2.49));
#6843=CARTESIAN_POINT('Ctrl Pts',(0.986311260218171,-43.3184626890833,-2.49));
#6844=CARTESIAN_POINT('Ctrl Pts',(1.30324230228271,-43.3184626890833,-2.49));
#6845=CARTESIAN_POINT('Origin',(5.84409912910435,-46.4987017663519,-2.5));
#6846=CARTESIAN_POINT('',(5.84409912910435,-46.4987017663519,-2.49));
#6847=CARTESIAN_POINT('',(5.84409912910435,-46.4987017663519,-2.5));
#6848=CARTESIAN_POINT('',(1.30324230228278,-46.4987017663518,-2.49));
#6849=CARTESIAN_POINT('Origin',(5.84409912910435,-48.6461827927548,-2.5));
#6850=CARTESIAN_POINT('',(5.84409912910435,-48.6461827927548,-2.49));
#6851=CARTESIAN_POINT('',(5.84409912910435,-48.6461827927548,-2.5));
#6852=CARTESIAN_POINT('',(5.84409912910435,-46.4987017663519,-2.49));
#6853=CARTESIAN_POINT('Origin',(0.82784573918592,-48.6461827927548,-2.5));
#6854=CARTESIAN_POINT('',(5.84409912910435,-48.6461827927548,-2.49));
#6855=CARTESIAN_POINT('Origin',(-0.0819649246718468,-44.9085822277176,-2.49));
#6856=CARTESIAN_POINT('Origin',(1.77295375612625,-24.5780243902011,-2.5));
#6857=CARTESIAN_POINT('',(1.77295375612625,-24.5780243902011,-2.49));
#6858=CARTESIAN_POINT('',(1.77295375612625,-24.5780243902011,-2.5));
#6859=CARTESIAN_POINT('',(5.84409912910437,-27.4008743178061,-2.49));
#6860=CARTESIAN_POINT('',(5.84409912910437,-27.4008743178061,-2.49));
#6861=CARTESIAN_POINT('',(5.84409912910437,-27.4008743178061,-2.5));
#6862=CARTESIAN_POINT('Origin',(-2.07371259419829,-27.2533374533967,-2.5));
#6863=CARTESIAN_POINT('',(-2.07371259419829,-27.2533374533967,-2.49));
#6864=CARTESIAN_POINT('',(-2.07371259419829,-27.2533374533967,-2.5));
#6865=CARTESIAN_POINT('',(1.77295375612625,-24.5780243902011,-2.49));
#6866=CARTESIAN_POINT('Origin',(-2.07371259419831,-24.8435686680438,-2.5));
#6867=CARTESIAN_POINT('',(-2.07371259419831,-24.8435686680438,-2.49));
#6868=CARTESIAN_POINT('',(-2.07371259419831,-24.8435686680438,-2.5));
#6869=CARTESIAN_POINT('',(-2.07371259419829,-27.2533374533967,-2.49));
#6870=CARTESIAN_POINT('Origin',(0.246491284249073,-23.3445605443278,-2.5));
#6871=CARTESIAN_POINT('',(0.246491284249073,-23.3445605443278,-2.49));
#6872=CARTESIAN_POINT('',(0.246491284249073,-23.3445605443278,-2.5));
#6873=CARTESIAN_POINT('',(-2.07371259419831,-24.8435686680438,-2.49));
#6874=CARTESIAN_POINT('Origin',(-2.07371259419831,-21.8108664551846,-2.5));
#6875=CARTESIAN_POINT('',(-2.07371259419831,-21.8108664551846,-2.49));
#6876=CARTESIAN_POINT('',(-2.07371259419831,-21.8108664551846,-2.5));
#6877=CARTESIAN_POINT('',(0.246491284249073,-23.3445605443278,-2.49));
#6878=CARTESIAN_POINT('Origin',(-2.07371259419832,-19.2699537903567,-2.5));
#6879=CARTESIAN_POINT('',(-2.07371259419832,-19.2699537903567,-2.49));
#6880=CARTESIAN_POINT('',(-2.07371259419832,-19.2699537903567,-2.5));
#6881=CARTESIAN_POINT('',(-2.07371259419831,-21.8108664551846,-2.49));
#6882=CARTESIAN_POINT('Origin',(1.79651681593076,-21.9950591428071,-2.5));
#6883=CARTESIAN_POINT('',(1.79651681593076,-21.9950591428071,-2.49));
#6884=CARTESIAN_POINT('',(1.79651681593076,-21.9950591428071,-2.5));
#6885=CARTESIAN_POINT('',(-2.07371259419832,-19.2699537903567,-2.49));
#6886=CARTESIAN_POINT('Origin',(5.84409912910435,-19.1060239410129,-2.5));
#6887=CARTESIAN_POINT('',(5.84409912910435,-19.1060239410129,-2.49));
#6888=CARTESIAN_POINT('',(5.84409912910435,-19.1060239410129,-2.5));
#6889=CARTESIAN_POINT('',(1.79651681593076,-21.9950591428071,-2.49));
#6890=CARTESIAN_POINT('Origin',(5.84409912910432,-21.5321857113003,-2.5));
#6891=CARTESIAN_POINT('',(5.84409912910432,-21.5321857113003,-2.49));
#6892=CARTESIAN_POINT('',(5.84409912910432,-21.5321857113003,-2.5));
#6893=CARTESIAN_POINT('',(5.84409912910435,-19.1060239410129,-2.49));
#6894=CARTESIAN_POINT('Origin',(3.29336390969677,-23.2235823273781,-2.5));
#6895=CARTESIAN_POINT('',(3.29336390969677,-23.2235823273781,-2.49));
#6896=CARTESIAN_POINT('',(3.29336390969677,-23.2235823273781,-2.5));
#6897=CARTESIAN_POINT('',(5.84409912910432,-21.5321857113003,-2.49));
#6898=CARTESIAN_POINT('Origin',(5.84409912910438,-24.8763546379126,-2.5));
#6899=CARTESIAN_POINT('',(5.84409912910438,-24.8763546379126,-2.49));
#6900=CARTESIAN_POINT('',(5.84409912910438,-24.8763546379126,-2.5));
#6901=CARTESIAN_POINT('',(3.29336390969677,-23.2235823273781,-2.49));
#6902=CARTESIAN_POINT('Origin',(5.84409912910437,-27.4008743178061,-2.5));
#6903=CARTESIAN_POINT('',(5.84409912910438,-24.8763546379126,-2.49));
#6904=CARTESIAN_POINT('Origin',(1.88519326745303,-23.2534491294095,-2.49));
#6905=CARTESIAN_POINT('Origin',(5.84409912910432,13.6799459277351,-2.5));
#6906=CARTESIAN_POINT('',(5.84409912910432,13.6799459277351,-2.49));
#6907=CARTESIAN_POINT('',(5.84409912910432,13.6799459277351,-2.5));
#6908=CARTESIAN_POINT('',(5.84409912910433,16.2044656076287,-2.49));
#6909=CARTESIAN_POINT('',(5.84409912910433,16.2044656076287,-2.49));
#6910=CARTESIAN_POINT('',(5.84409912910433,16.2044656076287,-2.5));
#6911=CARTESIAN_POINT('Origin',(1.77295375612622,16.5027958553401,-2.5));
#6912=CARTESIAN_POINT('',(1.77295375612622,16.5027958553401,-2.49));
#6913=CARTESIAN_POINT('',(1.77295375612622,16.5027958553401,-2.5));
#6914=CARTESIAN_POINT('',(5.84409912910432,13.6799459277351,-2.49));
#6915=CARTESIAN_POINT('Origin',(-2.07371259419833,13.8274827921445,-2.5));
#6916=CARTESIAN_POINT('',(-2.07371259419833,13.8274827921445,-2.49));
#6917=CARTESIAN_POINT('',(-2.07371259419833,13.8274827921445,-2.5));
#6918=CARTESIAN_POINT('',(1.77295375612622,16.5027958553401,-2.49));
#6919=CARTESIAN_POINT('Origin',(-2.07371259419831,16.2372515774975,-2.5));
#6920=CARTESIAN_POINT('',(-2.07371259419831,16.2372515774975,-2.49));
#6921=CARTESIAN_POINT('',(-2.07371259419831,16.2372515774975,-2.5));
#6922=CARTESIAN_POINT('',(-2.07371259419833,13.8274827921445,-2.49));
#6923=CARTESIAN_POINT('Origin',(0.246491284249073,17.7362597012135,-2.5));
#6924=CARTESIAN_POINT('',(0.246491284249073,17.7362597012135,-2.49));
#6925=CARTESIAN_POINT('',(0.246491284249073,17.7362597012135,-2.5));
#6926=CARTESIAN_POINT('',(-2.07371259419831,16.2372515774975,-2.49));
#6927=CARTESIAN_POINT('Origin',(-2.07371259419833,19.2699537903567,-2.5));
#6928=CARTESIAN_POINT('',(-2.07371259419832,19.2699537903567,-2.49));
#6929=CARTESIAN_POINT('',(-2.07371259419832,19.2699537903567,-2.5));
#6930=CARTESIAN_POINT('',(0.246491284249073,17.7362597012135,-2.49));
#6931=CARTESIAN_POINT('Origin',(-2.07371259419831,21.8108664551846,-2.5));
#6932=CARTESIAN_POINT('',(-2.07371259419831,21.8108664551846,-2.49));
#6933=CARTESIAN_POINT('',(-2.07371259419831,21.8108664551846,-2.5));
#6934=CARTESIAN_POINT('',(-2.07371259419832,19.2699537903567,-2.49));
#6935=CARTESIAN_POINT('Origin',(1.79651681593074,19.0857611027342,-2.5));
#6936=CARTESIAN_POINT('',(1.79651681593074,19.0857611027342,-2.49));
#6937=CARTESIAN_POINT('',(1.79651681593074,19.0857611027342,-2.5));
#6938=CARTESIAN_POINT('',(-2.07371259419831,21.8108664551846,-2.49));
#6939=CARTESIAN_POINT('Origin',(5.84409912910432,21.9747963045283,-2.5));
#6940=CARTESIAN_POINT('',(5.84409912910432,21.9747963045283,-2.49));
#6941=CARTESIAN_POINT('',(5.84409912910432,21.9747963045283,-2.5));
#6942=CARTESIAN_POINT('',(1.79651681593074,19.0857611027342,-2.49));
#6943=CARTESIAN_POINT('Origin',(5.84409912910433,19.548634534241,-2.5));
#6944=CARTESIAN_POINT('',(5.84409912910433,19.548634534241,-2.49));
#6945=CARTESIAN_POINT('',(5.84409912910433,19.548634534241,-2.5));
#6946=CARTESIAN_POINT('',(5.84409912910432,21.9747963045283,-2.49));
#6947=CARTESIAN_POINT('Origin',(3.2933639096967,17.8572379181632,-2.5));
#6948=CARTESIAN_POINT('',(3.2933639096967,17.8572379181632,-2.49));
#6949=CARTESIAN_POINT('',(3.2933639096967,17.8572379181632,-2.5));
#6950=CARTESIAN_POINT('',(5.84409912910433,19.548634534241,-2.49));
#6951=CARTESIAN_POINT('Origin',(5.84409912910433,16.2044656076287,-2.5));
#6952=CARTESIAN_POINT('',(3.2933639096967,17.8572379181632,-2.49));
#6953=CARTESIAN_POINT('Origin',(1.885193267453,17.8273711161317,-2.49));
#6954=CARTESIAN_POINT('Origin',(3.29336390969671,44.5286244063897,-2.5));
#6955=CARTESIAN_POINT('',(3.29336390969671,44.5286244063897,-2.49));
#6956=CARTESIAN_POINT('',(3.29336390969671,44.5286244063897,-2.5));
#6957=CARTESIAN_POINT('',(5.84409912910433,46.2200210224675,-2.49));
#6958=CARTESIAN_POINT('',(5.84409912910433,46.2200210224675,-2.49));
#6959=CARTESIAN_POINT('',(5.84409912910433,46.2200210224675,-2.5));
#6960=CARTESIAN_POINT('Origin',(5.84409912910433,42.8758520958552,-2.5));
#6961=CARTESIAN_POINT('',(5.84409912910433,42.8758520958552,-2.49));
#6962=CARTESIAN_POINT('',(5.84409912910433,42.8758520958552,-2.5));
#6963=CARTESIAN_POINT('',(3.29336390969671,44.5286244063897,-2.49));
#6964=CARTESIAN_POINT('Origin',(5.84409912910433,40.3513324159616,-2.5));
#6965=CARTESIAN_POINT('',(5.84409912910433,40.3513324159616,-2.49));
#6966=CARTESIAN_POINT('',(5.84409912910433,40.3513324159616,-2.5));
#6967=CARTESIAN_POINT('',(5.84409912910433,42.8758520958552,-2.49));
#6968=CARTESIAN_POINT('Origin',(1.77295375612625,43.1741823435666,-2.5));
#6969=CARTESIAN_POINT('',(1.77295375612625,43.1741823435666,-2.49));
#6970=CARTESIAN_POINT('',(1.77295375612625,43.1741823435666,-2.5));
#6971=CARTESIAN_POINT('',(5.84409912910433,40.3513324159616,-2.49));
#6972=CARTESIAN_POINT('Origin',(-2.07371259419831,40.498869280371,-2.5));
#6973=CARTESIAN_POINT('',(-2.07371259419831,40.498869280371,-2.49));
#6974=CARTESIAN_POINT('',(-2.07371259419831,40.498869280371,-2.5));
#6975=CARTESIAN_POINT('',(1.77295375612625,43.1741823435666,-2.49));
#6976=CARTESIAN_POINT('Origin',(-2.07371259419832,42.908638065724,-2.5));
#6977=CARTESIAN_POINT('',(-2.07371259419832,42.908638065724,-2.49));
#6978=CARTESIAN_POINT('',(-2.07371259419832,42.908638065724,-2.5));
#6979=CARTESIAN_POINT('',(-2.07371259419831,40.498869280371,-2.49));
#6980=CARTESIAN_POINT('Origin',(0.246491284249038,44.40764618944,-2.5));
#6981=CARTESIAN_POINT('',(0.246491284249037,44.40764618944,-2.49));
#6982=CARTESIAN_POINT('',(0.246491284249037,44.40764618944,-2.5));
#6983=CARTESIAN_POINT('',(-2.07371259419832,42.908638065724,-2.49));
#6984=CARTESIAN_POINT('Origin',(-2.07371259419833,45.9413402785832,-2.5));
#6985=CARTESIAN_POINT('',(-2.07371259419832,45.9413402785832,-2.49));
#6986=CARTESIAN_POINT('',(-2.07371259419832,45.9413402785832,-2.5));
#6987=CARTESIAN_POINT('',(0.246491284249037,44.40764618944,-2.49));
#6988=CARTESIAN_POINT('Origin',(-2.07371259419831,48.4822529434111,-2.5));
#6989=CARTESIAN_POINT('',(-2.07371259419831,48.4822529434111,-2.49));
#6990=CARTESIAN_POINT('',(-2.07371259419831,48.4822529434111,-2.5));
#6991=CARTESIAN_POINT('',(-2.07371259419832,45.9413402785832,-2.49));
#6992=CARTESIAN_POINT('Origin',(1.79651681593075,45.7571475909607,-2.5));
#6993=CARTESIAN_POINT('',(1.79651681593075,45.7571475909607,-2.49));
#6994=CARTESIAN_POINT('',(1.79651681593075,45.7571475909607,-2.5));
#6995=CARTESIAN_POINT('',(-2.07371259419831,48.4822529434111,-2.49));
#6996=CARTESIAN_POINT('Origin',(5.84409912910433,48.6461827927548,-2.5));
#6997=CARTESIAN_POINT('',(5.84409912910433,48.6461827927548,-2.49));
#6998=CARTESIAN_POINT('',(5.84409912910433,48.6461827927548,-2.5));
#6999=CARTESIAN_POINT('',(1.79651681593075,45.7571475909607,-2.49));
#7000=CARTESIAN_POINT('Origin',(5.84409912910433,46.2200210224675,-2.5));
#7001=CARTESIAN_POINT('',(5.84409912910433,48.6461827927548,-2.49));
#7002=CARTESIAN_POINT('Origin',(1.885193267453,44.4987576043582,-2.49));
#7003=CARTESIAN_POINT('Origin',(2.88657986402541E-14,0.,-2.5));
#7004=CARTESIAN_POINT('Origin',(25.8600000000001,22.5325,1.61));
#7005=CARTESIAN_POINT('',(25.8600000000001,22.5325,1.61));
#7006=CARTESIAN_POINT('Origin',(25.8600000000001,22.5325,12.46));
#7007=CARTESIAN_POINT('Origin',(26.1100000000001,-63.8925,9.2));
#7008=CARTESIAN_POINT('Origin',(26.1100000000001,63.8925,9.2));
#7009=CARTESIAN_POINT('Origin',(-26.11,-63.8925,9.2));
#7010=CARTESIAN_POINT('Origin',(-26.11,63.8925,9.2));
#7011=CARTESIAN_POINT('Origin',(23.36,61.1425,19.2));
#7012=CARTESIAN_POINT('',(23.36,61.1425,17.8));
#7013=CARTESIAN_POINT('',(23.36,61.1425,19.2));
#7014=CARTESIAN_POINT('',(23.36,-61.1425,17.8));
#7015=CARTESIAN_POINT('',(23.36,-61.1425,17.8));
#7016=CARTESIAN_POINT('',(23.36,-61.1425,19.2));
#7017=CARTESIAN_POINT('Origin',(-23.36,61.1425,19.2));
#7018=CARTESIAN_POINT('',(-23.36,61.1425,17.8));
#7019=CARTESIAN_POINT('',(-23.36,61.1425,19.2));
#7020=CARTESIAN_POINT('',(23.36,61.1425,17.8));
#7021=CARTESIAN_POINT('Origin',(-23.36,-61.1425,19.2));
#7022=CARTESIAN_POINT('',(-23.36,-61.1425,17.8));
#7023=CARTESIAN_POINT('',(-23.36,-61.1425,19.2));
#7024=CARTESIAN_POINT('',(-23.36,61.1425,17.8));
#7025=CARTESIAN_POINT('Origin',(23.36,-61.1425,19.2));
#7026=CARTESIAN_POINT('',(-23.36,-61.1425,17.8));
#7027=CARTESIAN_POINT('Origin',(-2.66453525910038E-14,0.,17.8));
#7028=CARTESIAN_POINT('',(-20.86,-58.6425,17.8));
#7029=CARTESIAN_POINT('',(20.86,-58.6425,17.8));
#7030=CARTESIAN_POINT('',(-10.43,-58.6425,17.8));
#7031=CARTESIAN_POINT('',(-20.86,58.6425,17.8));
#7032=CARTESIAN_POINT('',(-20.86,29.32125,17.8));
#7033=CARTESIAN_POINT('',(20.86,58.6425,17.8));
#7034=CARTESIAN_POINT('',(10.43,58.6425,17.8));
#7035=CARTESIAN_POINT('',(20.86,-29.32125,17.8));
#7036=CARTESIAN_POINT('Origin',(-20.86,58.6425,19.2));
#7037=CARTESIAN_POINT('',(-20.86,-58.6425,19.2));
#7038=CARTESIAN_POINT('',(-20.86,58.6425,19.2));
#7039=CARTESIAN_POINT('Origin',(-20.86,-58.6425,19.2));
#7040=CARTESIAN_POINT('',(20.86,-58.6425,19.2));
#7041=CARTESIAN_POINT('Origin',(20.86,58.6425,19.2));
#7042=CARTESIAN_POINT('',(20.86,58.6425,19.2));
#7043=CARTESIAN_POINT('Origin',(20.86,-58.6425,19.2));
#7044=CARTESIAN_POINT('Origin',(-15.,45.,0.));
#7045=CARTESIAN_POINT('',(-16.75,45.,0.));
#7046=CARTESIAN_POINT('Origin',(-15.,-45.,0.));
#7047=CARTESIAN_POINT('',(-16.75,-45.,0.));
#7048=CARTESIAN_POINT('Origin',(15.,45.,0.));
#7049=CARTESIAN_POINT('',(13.25,45.,0.));
#7050=CARTESIAN_POINT('Origin',(15.,-45.,0.));
#7051=CARTESIAN_POINT('',(13.25,-45.,0.));
#7052=CARTESIAN_POINT('Origin',(2.88657986402541E-14,0.,-2.5));
#7053=CARTESIAN_POINT('Origin',(-25.8600000000001,59.9003201443322,0.));
#7054=UNCERTAINTY_MEASURE_WITH_UNIT(LENGTH_MEASURE(0.01),#7058,
'DISTANCE_ACCURACY_VALUE',
'Maximum model space distance between geometric entities at asserted c
onnectivities');
#7055=UNCERTAINTY_MEASURE_WITH_UNIT(LENGTH_MEASURE(0.01),#7058,
'DISTANCE_ACCURACY_VALUE',
'Maximum model space distance between geometric entities at asserted c
onnectivities');
#7056=(
GEOMETRIC_REPRESENTATION_CONTEXT(3)
GLOBAL_UNCERTAINTY_ASSIGNED_CONTEXT((#7054))
GLOBAL_UNIT_ASSIGNED_CONTEXT((#7058,#7060,#7061))
REPRESENTATION_CONTEXT('','3D')
);
#7057=(
GEOMETRIC_REPRESENTATION_CONTEXT(3)
GLOBAL_UNCERTAINTY_ASSIGNED_CONTEXT((#7055))
GLOBAL_UNIT_ASSIGNED_CONTEXT((#7058,#7060,#7061))
REPRESENTATION_CONTEXT('','3D')
);
#7058=(
LENGTH_UNIT()
NAMED_UNIT(*)
SI_UNIT(.MILLI.,.METRE.)
);
#7059=(
LENGTH_UNIT()
NAMED_UNIT(*)
SI_UNIT(.CENTI.,.METRE.)
);
#7060=(
NAMED_UNIT(*)
PLANE_ANGLE_UNIT()
SI_UNIT($,.RADIAN.)
);
#7061=(
NAMED_UNIT(*)
SI_UNIT($,.STERADIAN.)
SOLID_ANGLE_UNIT()
);
#7062=SHAPE_DEFINITION_REPRESENTATION(#7063,#7064);
#7063=PRODUCT_DEFINITION_SHAPE('',$,#7066);
#7064=SHAPE_REPRESENTATION('',(#3426),#7056);
#7065=PRODUCT_DEFINITION_CONTEXT('part definition',#7070,'design');
#7066=PRODUCT_DEFINITION('xLH_Base_Basis','Boden',#7067,#7065);
#7067=PRODUCT_DEFINITION_FORMATION('',$,#7072);
#7068=PRODUCT_RELATED_PRODUCT_CATEGORY('Boden','Boden',(#7072));
#7069=APPLICATION_PROTOCOL_DEFINITION('international standard',
'automotive_design',2009,#7070);
#7070=APPLICATION_CONTEXT(
'Core Data for Automotive Mechanical Design Process');
#7071=PRODUCT_CONTEXT('part definition',#7070,'mechanical');
#7072=PRODUCT('xLH_Base_Basis','Boden',$,(#7071));
#7073=PRESENTATION_STYLE_ASSIGNMENT((#7075));
#7074=PRESENTATION_STYLE_ASSIGNMENT((#7076));
#7075=SURFACE_STYLE_USAGE(.BOTH.,#7081);
#7076=SURFACE_STYLE_USAGE(.BOTH.,#7082);
#7077=SURFACE_STYLE_RENDERING_WITH_PROPERTIES($,#7089,(#7079));
#7078=SURFACE_STYLE_RENDERING_WITH_PROPERTIES($,#7090,(#7080));
#7079=SURFACE_STYLE_TRANSPARENT(0.);
#7080=SURFACE_STYLE_TRANSPARENT(0.);
#7081=SURFACE_SIDE_STYLE('',(#7083,#7077));
#7082=SURFACE_SIDE_STYLE('',(#7084,#7078));
#7083=SURFACE_STYLE_FILL_AREA(#7085);
#7084=SURFACE_STYLE_FILL_AREA(#7086);
#7085=FILL_AREA_STYLE('',(#7087));
#7086=FILL_AREA_STYLE('',(#7088));
#7087=FILL_AREA_STYLE_COLOUR('',#7089);
#7088=FILL_AREA_STYLE_COLOUR('',#7090);
#7089=COLOUR_RGB('',0.250980392156863,0.250980392156863,0.250980392156863);
#7090=COLOUR_RGB('',1.,1.,1.);
ENDSEC;
END-ISO-10303-21;
