ISO-10303-21;
HEADER;
/* Generated by software containing ST-Developer
 * from STEP Tools, Inc. (www.steptools.com) 
 */

FILE_DESCRIPTION(
/* description */ (''),
/* implementation_level */ '2;1');

FILE_NAME(
/* name */ 'Deckel.stp',
/* time_stamp */ '2025-11-16T09:40:29+01:00',
/* author */ ('phe'),
/* organization */ (''),
/* preprocessor_version */ 'ST-DEVELOPER v20',
/* originating_system */ 'Autodesk Inventor 2025',
/* authorisation */ '');

FILE_SCHEMA (('AUTOMOTIVE_DESIGN { 1 0 10303 214 3 1 1 }'));
ENDSEC;

DATA;
#10=MECHANICAL_DESIGN_GEOMETRIC_PRESENTATION_REPRESENTATION('',(#14,#15,
#16,#17,#18,#19,#20,#21,#22,#23),#8149);
#11=SHAPE_REPRESENTATION_RELATIONSHIP('SRR','None',#8156,#12);
#12=ADVANCED_BREP_SHAPE_REPRESENTATION('',(#13),#8148);
#13=MANIFOLD_SOLID_BREP('Volumenk\X\F6rper3',#4228);
#14=STYLED_ITEM('',(#8166),#4106);
#15=STYLED_ITEM('',(#8166),#4117);
#16=STYLED_ITEM('',(#8166),#4131);
#17=STYLED_ITEM('',(#8166),#4148);
#18=STYLED_ITEM('',(#8166),#4161);
#19=STYLED_ITEM('',(#8166),#4172);
#20=STYLED_ITEM('',(#8166),#4185);
#21=STYLED_ITEM('',(#8166),#4198);
#22=STYLED_ITEM('',(#8166),#4213);
#23=STYLED_ITEM('',(#8165),#13);
#24=B_SPLINE_SURFACE_WITH_KNOTS('',3,1,((#6648,#6649),(#6650,#6651),(#6652,
#6653),(#6654,#6655),(#6656,#6657),(#6658,#6659),(#6660,#6661)),
 .UNSPECIFIED.,.F.,.F.,.F.,(4,3,4),(2,2),(-32.,-31.,-30.),(0.,0.001),
 .UNSPECIFIED.);
#25=B_SPLINE_SURFACE_WITH_KNOTS('',3,1,((#6677,#6678),(#6679,#6680),(#6681,
#6682),(#6683,#6684),(#6685,#6686),(#6687,#6688),(#6689,#6690),(#6691,#6692),
(#6693,#6694),(#6695,#6696)),.UNSPECIFIED.,.F.,.F.,.F.,(4,3,3,4),(2,2),
(-3.,-2.,-1.,0.),(0.,0.001),.UNSPECIFIED.);
#26=B_SPLINE_SURFACE_WITH_KNOTS('',3,1,((#6709,#6710),(#6711,#6712),(#6713,
#6714),(#6715,#6716)),.UNSPECIFIED.,.F.,.F.,.F.,(4,4),(2,2),(-4.,-3.),(0.,
0.001),.UNSPECIFIED.);
#27=B_SPLINE_SURFACE_WITH_KNOTS('',3,1,((#6723,#6724),(#6725,#6726),(#6727,
#6728),(#6729,#6730)),.UNSPECIFIED.,.F.,.F.,.F.,(4,4),(2,2),(-5.,-4.),(0.,
0.001),.UNSPECIFIED.);
#28=B_SPLINE_SURFACE_WITH_KNOTS('',3,1,((#6737,#6738),(#6739,#6740),(#6741,
#6742),(#6743,#6744),(#6745,#6746),(#6747,#6748),(#6749,#6750),(#6751,#6752),
(#6753,#6754),(#6755,#6756)),.UNSPECIFIED.,.F.,.F.,.F.,(4,3,3,4),(2,2),
(-8.,-7.,-6.,-5.),(0.,0.001),.UNSPECIFIED.);
#29=B_SPLINE_SURFACE_WITH_KNOTS('',3,1,((#6769,#6770),(#6771,#6772),(#6773,
#6774),(#6775,#6776)),.UNSPECIFIED.,.F.,.F.,.F.,(4,4),(2,2),(-9.,-8.),(0.,
0.001),.UNSPECIFIED.);
#30=B_SPLINE_SURFACE_WITH_KNOTS('',3,1,((#6812,#6813),(#6814,#6815),(#6816,
#6817),(#6818,#6819)),.UNSPECIFIED.,.F.,.F.,.F.,(4,4),(2,2),(-16.,-15.),
(0.,0.001),.UNSPECIFIED.);
#31=B_SPLINE_SURFACE_WITH_KNOTS('',3,1,((#6826,#6827),(#6828,#6829),(#6830,
#6831),(#6832,#6833),(#6834,#6835),(#6836,#6837),(#6838,#6839)),
 .UNSPECIFIED.,.F.,.F.,.F.,(4,3,4),(2,2),(-18.,-17.,-16.),(0.,0.001),
 .UNSPECIFIED.);
#32=B_SPLINE_SURFACE_WITH_KNOTS('',3,1,((#6849,#6850),(#6851,#6852),(#6853,
#6854),(#6855,#6856)),.UNSPECIFIED.,.F.,.F.,.F.,(4,4),(2,2),(-19.,-18.),
(0.,0.001),.UNSPECIFIED.);
#33=B_SPLINE_SURFACE_WITH_KNOTS('',3,1,((#6875,#6876),(#6877,#6878),(#6879,
#6880),(#6881,#6882),(#6883,#6884),(#6885,#6886),(#6887,#6888)),
 .UNSPECIFIED.,.F.,.F.,.F.,(4,3,4),(2,2),(-24.,-23.,-22.),(0.,0.001),
 .UNSPECIFIED.);
#34=B_SPLINE_SURFACE_WITH_KNOTS('',3,1,((#6898,#6899),(#6900,#6901),(#6902,
#6903),(#6904,#6905),(#6906,#6907),(#6908,#6909),(#6910,#6911)),
 .UNSPECIFIED.,.F.,.F.,.F.,(4,3,4),(2,2),(-26.,-25.,-24.),(0.,0.001),
 .UNSPECIFIED.);
#35=B_SPLINE_SURFACE_WITH_KNOTS('',3,1,((#6921,#6922),(#6923,#6924),(#6925,
#6926),(#6927,#6928)),.UNSPECIFIED.,.F.,.F.,.F.,(4,4),(2,2),(-27.,-26.),
(0.,0.001),.UNSPECIFIED.);
#36=B_SPLINE_SURFACE_WITH_KNOTS('',3,1,((#6946,#6947),(#6948,#6949),(#6950,
#6951),(#6952,#6953),(#6954,#6955),(#6956,#6957),(#6958,#6959),(#6960,#6961),
(#6962,#6963),(#6964,#6965)),.UNSPECIFIED.,.F.,.F.,.F.,(4,3,3,4),(2,2),
(-14.,-13.,-12.,-11.),(0.,0.001),.UNSPECIFIED.);
#37=B_SPLINE_SURFACE_WITH_KNOTS('',3,1,((#6984,#6985),(#6986,#6987),(#6988,
#6989),(#6990,#6991)),.UNSPECIFIED.,.F.,.F.,.F.,(4,4),(2,2),(-1.,0.),(0.,
0.001),.UNSPECIFIED.);
#38=B_SPLINE_SURFACE_WITH_KNOTS('',3,1,((#7010,#7011),(#7012,#7013),(#7014,
#7015),(#7016,#7017),(#7018,#7019),(#7020,#7021),(#7022,#7023),(#7024,#7025),
(#7026,#7027),(#7028,#7029),(#7030,#7031),(#7032,#7033),(#7034,#7035)),
 .UNSPECIFIED.,.F.,.F.,.F.,(4,3,3,3,4),(2,2),(-8.,-7.,-6.,-5.,-4.),(0.,
0.001),.UNSPECIFIED.);
#39=B_SPLINE_SURFACE_WITH_KNOTS('',3,1,((#7068,#7069),(#7070,#7071),(#7072,
#7073),(#7074,#7075),(#7076,#7077),(#7078,#7079),(#7080,#7081),(#7082,#7083),
(#7084,#7085),(#7086,#7087),(#7088,#7089),(#7090,#7091),(#7092,#7093),(#7094,
#7095),(#7096,#7097),(#7098,#7099)),.UNSPECIFIED.,.F.,.F.,.F.,(4,3,3,3,
3,4),(2,2),(-8.,-7.,-6.,-5.,-4.,-3.),(0.,0.001),.UNSPECIFIED.);
#40=B_SPLINE_SURFACE_WITH_KNOTS('',3,1,((#7138,#7139),(#7140,#7141),(#7142,
#7143),(#7144,#7145),(#7146,#7147),(#7148,#7149),(#7150,#7151),(#7152,#7153),
(#7154,#7155),(#7156,#7157),(#7158,#7159),(#7160,#7161),(#7162,#7163),(#7164,
#7165),(#7166,#7167),(#7168,#7169)),.UNSPECIFIED.,.F.,.F.,.F.,(4,3,3,3,
3,4),(2,2),(-18.,-17.,-16.,-15.,-14.,-13.),(0.,0.001),.UNSPECIFIED.);
#41=B_SPLINE_SURFACE_WITH_KNOTS('',3,1,((#7221,#7222),(#7223,#7224),(#7225,
#7226),(#7227,#7228)),.UNSPECIFIED.,.F.,.F.,.F.,(4,4),(2,2),(-4.,-3.),(0.,
0.001),.UNSPECIFIED.);
#42=B_SPLINE_SURFACE_WITH_KNOTS('',3,1,((#7246,#7247),(#7248,#7249),(#7250,
#7251),(#7252,#7253)),.UNSPECIFIED.,.F.,.F.,.F.,(4,4),(2,2),(-6.,-5.),(0.,
0.001),.UNSPECIFIED.);
#43=B_SPLINE_SURFACE_WITH_KNOTS('',3,1,((#7282,#7283),(#7284,#7285),(#7286,
#7287),(#7288,#7289),(#7290,#7291),(#7292,#7293),(#7294,#7295)),
 .UNSPECIFIED.,.F.,.F.,.F.,(4,3,4),(2,2),(-2.,-1.,0.),(0.,0.001),
 .UNSPECIFIED.);
#44=B_SPLINE_SURFACE_WITH_KNOTS('',3,1,((#7325,#7326),(#7327,#7328),(#7329,
#7330),(#7331,#7332),(#7333,#7334),(#7335,#7336),(#7337,#7338),(#7339,#7340),
(#7341,#7342),(#7343,#7344)),.UNSPECIFIED.,.F.,.F.,.F.,(4,3,3,4),(2,2),
(-14.,-13.,-12.,-11.),(0.,0.001),.UNSPECIFIED.);
#45=B_SPLINE_SURFACE_WITH_KNOTS('',3,1,((#7357,#7358),(#7359,#7360),(#7361,
#7362),(#7363,#7364)),.UNSPECIFIED.,.F.,.F.,.F.,(4,4),(2,2),(-15.,-14.),
(0.,0.001),.UNSPECIFIED.);
#46=B_SPLINE_SURFACE_WITH_KNOTS('',3,1,((#7375,#7376),(#7377,#7378),(#7379,
#7380),(#7381,#7382),(#7383,#7384),(#7385,#7386),(#7387,#7388),(#7389,#7390),
(#7391,#7392),(#7393,#7394)),.UNSPECIFIED.,.F.,.F.,.F.,(4,3,3,4),(2,2),
(-19.,-18.,-17.,-16.),(0.,0.001),.UNSPECIFIED.);
#47=B_SPLINE_SURFACE_WITH_KNOTS('',3,1,((#7416,#7417),(#7418,#7419),(#7420,
#7421),(#7422,#7423),(#7424,#7425),(#7426,#7427),(#7428,#7429),(#7430,#7431),
(#7432,#7433),(#7434,#7435)),.UNSPECIFIED.,.F.,.F.,.F.,(4,3,3,4),(2,2),
(-3.,-2.,-1.,0.),(0.,0.001),.UNSPECIFIED.);
#48=B_SPLINE_SURFACE_WITH_KNOTS('',3,1,((#7448,#7449),(#7450,#7451),(#7452,
#7453),(#7454,#7455),(#7456,#7457),(#7458,#7459),(#7460,#7461),(#7462,#7463),
(#7464,#7465),(#7466,#7467),(#7468,#7469),(#7470,#7471),(#7472,#7473),(#7474,
#7475),(#7476,#7477),(#7478,#7479),(#7480,#7481),(#7482,#7483),(#7484,#7485)),
 .UNSPECIFIED.,.F.,.F.,.F.,(4,3,3,3,3,3,4),(2,2),(-9.,-8.,-7.,-6.,-5.,-4.,
-3.),(0.,0.001),.UNSPECIFIED.);
#49=B_SPLINE_SURFACE_WITH_KNOTS('',3,1,((#7555,#7556),(#7557,#7558),(#7559,
#7560),(#7561,#7562),(#7563,#7564),(#7565,#7566),(#7567,#7568),(#7569,#7570),
(#7571,#7572),(#7573,#7574),(#7575,#7576),(#7577,#7578),(#7579,#7580)),
 .UNSPECIFIED.,.F.,.F.,.F.,(4,3,3,3,4),(2,2),(-6.,-5.,-4.,-3.,-2.),(0.,
0.001),.UNSPECIFIED.);
#50=B_SPLINE_SURFACE_WITH_KNOTS('',3,1,((#7614,#7615),(#7616,#7617),(#7618,
#7619),(#7620,#7621),(#7622,#7623),(#7624,#7625),(#7626,#7627),(#7628,#7629),
(#7630,#7631),(#7632,#7633),(#7634,#7635),(#7636,#7637),(#7638,#7639)),
 .UNSPECIFIED.,.F.,.F.,.F.,(4,3,3,3,4),(2,2),(-14.,-13.,-12.,-11.,-10.),
(0.,0.001),.UNSPECIFIED.);
#51=B_SPLINE_SURFACE_WITH_KNOTS('',3,1,((#7684,#7685),(#7686,#7687),(#7688,
#7689),(#7690,#7691),(#7692,#7693),(#7694,#7695),(#7696,#7697),(#7698,#7699),
(#7700,#7701),(#7702,#7703),(#7704,#7705),(#7706,#7707),(#7708,#7709)),
 .UNSPECIFIED.,.F.,.F.,.F.,(4,3,3,3,4),(2,2),(-9.,-8.,-7.,-6.,-5.),(0.,
0.001),.UNSPECIFIED.);
#52=B_SPLINE_SURFACE_WITH_KNOTS('',3,1,((#7745,#7746),(#7747,#7748),(#7749,
#7750),(#7751,#7752),(#7753,#7754),(#7755,#7756),(#7757,#7758),(#7759,#7760),
(#7761,#7762),(#7763,#7764),(#7765,#7766),(#7767,#7768),(#7769,#7770)),
 .UNSPECIFIED.,.F.,.F.,.F.,(4,3,3,3,4),(2,2),(-18.,-17.,-16.,-15.,-14.),
(0.,0.001),.UNSPECIFIED.);
#53=B_SPLINE_SURFACE_WITH_KNOTS('',3,1,((#7842,#7843),(#7844,#7845),(#7846,
#7847),(#7848,#7849),(#7850,#7851),(#7852,#7853),(#7854,#7855)),
 .UNSPECIFIED.,.F.,.F.,.F.,(4,3,4),(2,2),(-11.,-10.,-9.),(0.,0.001),
 .UNSPECIFIED.);
#54=B_SPLINE_SURFACE_WITH_KNOTS('',3,1,((#7882,#7883),(#7884,#7885),(#7886,
#7887),(#7888,#7889),(#7890,#7891),(#7892,#7893),(#7894,#7895),(#7896,#7897),
(#7898,#7899),(#7900,#7901),(#7902,#7903),(#7904,#7905),(#7906,#7907),(#7908,
#7909),(#7910,#7911),(#7912,#7913),(#7914,#7915),(#7916,#7917),(#7918,#7919),
(#7920,#7921),(#7922,#7923),(#7924,#7925),(#7926,#7927),(#7928,#7929),(#7930,
#7931),(#7932,#7933),(#7934,#7935),(#7936,#7937)),.UNSPECIFIED.,.F.,.F.,
 .F.,(4,3,3,3,3,3,3,3,3,4),(2,2),(-9.,-8.,-7.,-6.,-5.,-4.,-3.,-2.,-1.,0.),
(0.,0.001),.UNSPECIFIED.);
#55=B_SPLINE_SURFACE_WITH_KNOTS('',3,1,((#7994,#7995),(#7996,#7997),(#7998,
#7999),(#8000,#8001),(#8002,#8003),(#8004,#8005),(#8006,#8007)),
 .UNSPECIFIED.,.F.,.F.,.F.,(4,3,4),(2,2),(-6.,-5.,-4.),(0.,0.001),
 .UNSPECIFIED.);
#56=B_SPLINE_SURFACE_WITH_KNOTS('',3,1,((#8028,#8029),(#8030,#8031),(#8032,
#8033),(#8034,#8035),(#8036,#8037),(#8038,#8039),(#8040,#8041)),
 .UNSPECIFIED.,.F.,.F.,.F.,(4,3,4),(2,2),(-9.,-8.,-7.),(0.,0.001),
 .UNSPECIFIED.);
#57=B_SPLINE_SURFACE_WITH_KNOTS('',3,1,((#8051,#8052),(#8053,#8054),(#8055,
#8056),(#8057,#8058)),.UNSPECIFIED.,.F.,.F.,.F.,(4,4),(2,2),(-10.,-9.),
(0.,0.001),.UNSPECIFIED.);
#58=B_SPLINE_SURFACE_WITH_KNOTS('',3,1,((#8085,#8086),(#8087,#8088),(#8089,
#8090),(#8091,#8092)),.UNSPECIFIED.,.F.,.F.,.F.,(4,4),(2,2),(-1.,0.),(0.,
0.001),.UNSPECIFIED.);
#59=B_SPLINE_SURFACE_WITH_KNOTS('',3,1,((#8099,#8100),(#8101,#8102),(#8103,
#8104),(#8105,#8106),(#8107,#8108),(#8109,#8110),(#8111,#8112),(#8113,#8114),
(#8115,#8116),(#8117,#8118)),.UNSPECIFIED.,.F.,.F.,.F.,(4,3,3,4),(2,2),
(-4.,-3.,-2.,-1.),(0.,0.001),.UNSPECIFIED.);
#60=CONICAL_SURFACE('',#4420,2.25,0.785398163397446);
#61=CONICAL_SURFACE('',#4425,2.25,0.785398163397446);
#62=CONICAL_SURFACE('',#4430,2.25,0.785398163397446);
#63=CONICAL_SURFACE('',#4435,2.25,0.785398163397446);
#64=FACE_BOUND('',#1447,.T.);
#65=FACE_BOUND('',#1448,.T.);
#66=FACE_BOUND('',#1449,.T.);
#67=FACE_BOUND('',#1450,.T.);
#68=FACE_BOUND('',#1451,.T.);
#69=FACE_BOUND('',#1452,.T.);
#70=FACE_BOUND('',#1453,.T.);
#71=FACE_BOUND('',#1454,.T.);
#72=FACE_BOUND('',#1455,.T.);
#73=FACE_BOUND('',#1474,.T.);
#74=FACE_BOUND('',#1475,.T.);
#75=FACE_BOUND('',#1476,.T.);
#76=FACE_BOUND('',#1477,.T.);
#77=FACE_BOUND('',#1478,.T.);
#78=FACE_BOUND('',#1577,.T.);
#79=FACE_BOUND('',#1643,.T.);
#80=B_SPLINE_CURVE_WITH_KNOTS('',3,(#5960,#5961,#5962,#5963,#5964,#5965,
#5966),.UNSPECIFIED.,.F.,.F.,(4,3,4),(-6.,-5.,-4.),.UNSPECIFIED.);
#81=B_SPLINE_CURVE_WITH_KNOTS('',3,(#5968,#5969,#5970,#5971,#5972,#5973,
#5974,#5975,#5976,#5977),.UNSPECIFIED.,.F.,.F.,(4,3,3,4),(-4.,-3.,-2.,-1.),
 .UNSPECIFIED.);
#82=B_SPLINE_CURVE_WITH_KNOTS('',3,(#5979,#5980,#5981,#5982),
 .UNSPECIFIED.,.F.,.F.,(4,4),(-1.,0.),.UNSPECIFIED.);
#83=B_SPLINE_CURVE_WITH_KNOTS('',3,(#5994,#5995,#5996,#5997),
 .UNSPECIFIED.,.F.,.F.,(4,4),(-10.,-9.),.UNSPECIFIED.);
#84=B_SPLINE_CURVE_WITH_KNOTS('',3,(#5999,#6000,#6001,#6002,#6003,#6004,
#6005),.UNSPECIFIED.,.F.,.F.,(4,3,4),(-9.,-8.,-7.),.UNSPECIFIED.);
#85=B_SPLINE_CURVE_WITH_KNOTS('',3,(#6039,#6040,#6041,#6042,#6043,#6044,
#6045,#6046,#6047,#6048,#6049,#6050,#6051),.UNSPECIFIED.,.F.,.F.,(4,3,3,
3,4),(-18.,-17.,-16.,-15.,-14.),.UNSPECIFIED.);
#86=B_SPLINE_CURVE_WITH_KNOTS('',3,(#6063,#6064,#6065,#6066,#6067,#6068,
#6069,#6070,#6071,#6072,#6073,#6074,#6075),.UNSPECIFIED.,.F.,.F.,(4,3,3,
3,4),(-9.,-8.,-7.,-6.,-5.),.UNSPECIFIED.);
#87=B_SPLINE_CURVE_WITH_KNOTS('',3,(#6081,#6082,#6083,#6084,#6085,#6086,
#6087,#6088,#6089,#6090,#6091,#6092,#6093),.UNSPECIFIED.,.F.,.F.,(4,3,3,
3,4),(-6.,-5.,-4.,-3.,-2.),.UNSPECIFIED.);
#88=B_SPLINE_CURVE_WITH_KNOTS('',3,(#6103,#6104,#6105,#6106,#6107,#6108,
#6109,#6110,#6111,#6112,#6113,#6114,#6115),.UNSPECIFIED.,.F.,.F.,(4,3,3,
3,4),(-14.,-13.,-12.,-11.,-10.),.UNSPECIFIED.);
#89=B_SPLINE_CURVE_WITH_KNOTS('',3,(#6151,#6152,#6153,#6154,#6155,#6156,
#6157,#6158,#6159,#6160,#6161,#6162,#6163,#6164,#6165,#6166,#6167,#6168,
#6169),.UNSPECIFIED.,.F.,.F.,(4,3,3,3,3,3,4),(-9.,-8.,-7.,-6.,-5.,-4.,-3.),
 .UNSPECIFIED.);
#90=B_SPLINE_CURVE_WITH_KNOTS('',3,(#6171,#6172,#6173,#6174,#6175,#6176,
#6177,#6178,#6179,#6180),.UNSPECIFIED.,.F.,.F.,(4,3,3,4),(-3.,-2.,-1.,0.),
 .UNSPECIFIED.);
#91=B_SPLINE_CURVE_WITH_KNOTS('',3,(#6184,#6185,#6186,#6187,#6188,#6189,
#6190,#6191,#6192,#6193),.UNSPECIFIED.,.F.,.F.,(4,3,3,4),(-19.,-18.,-17.,
-16.),.UNSPECIFIED.);
#92=B_SPLINE_CURVE_WITH_KNOTS('',3,(#6197,#6198,#6199,#6200),
 .UNSPECIFIED.,.F.,.F.,(4,4),(-15.,-14.),.UNSPECIFIED.);
#93=B_SPLINE_CURVE_WITH_KNOTS('',3,(#6202,#6203,#6204,#6205,#6206,#6207,
#6208,#6209,#6210,#6211),.UNSPECIFIED.,.F.,.F.,(4,3,3,4),(-14.,-13.,-12.,
-11.),.UNSPECIFIED.);
#94=B_SPLINE_CURVE_WITH_KNOTS('',3,(#6227,#6228,#6229,#6230,#6231,#6232,
#6233,#6234,#6235,#6236,#6237,#6238,#6239,#6240,#6241,#6242),
 .UNSPECIFIED.,.F.,.F.,(4,3,3,3,3,4),(-18.,-17.,-16.,-15.,-14.,-13.),
 .UNSPECIFIED.);
#95=B_SPLINE_CURVE_WITH_KNOTS('',3,(#6253,#6254,#6255,#6256,#6257,#6258,
#6259,#6260,#6261,#6262,#6263,#6264,#6265,#6266,#6267,#6268),
 .UNSPECIFIED.,.F.,.F.,(4,3,3,3,3,4),(-8.,-7.,-6.,-5.,-4.,-3.),
 .UNSPECIFIED.);
#96=B_SPLINE_CURVE_WITH_KNOTS('',3,(#6271,#6272,#6273,#6274,#6275,#6276,
#6277,#6278,#6279,#6280),.UNSPECIFIED.,.F.,.F.,(4,3,3,4),(-14.,-13.,-12.,
-11.),.UNSPECIFIED.);
#97=B_SPLINE_CURVE_WITH_KNOTS('',3,(#6288,#6289,#6290,#6291,#6292,#6293,
#6294,#6295,#6296,#6297,#6298,#6299,#6300),.UNSPECIFIED.,.F.,.F.,(4,3,3,
3,4),(-8.,-7.,-6.,-5.,-4.),.UNSPECIFIED.);
#98=B_SPLINE_CURVE_WITH_KNOTS('',3,(#6308,#6309,#6310,#6311),
 .UNSPECIFIED.,.F.,.F.,(4,4),(-1.,0.),.UNSPECIFIED.);
#99=B_SPLINE_CURVE_WITH_KNOTS('',3,(#6315,#6316,#6317,#6318,#6319,#6320,
#6321),.UNSPECIFIED.,.F.,.F.,(4,3,4),(-32.,-31.,-30.),.UNSPECIFIED.);
#100=B_SPLINE_CURVE_WITH_KNOTS('',3,(#6329,#6330,#6331,#6332),
 .UNSPECIFIED.,.F.,.F.,(4,4),(-27.,-26.),.UNSPECIFIED.);
#101=B_SPLINE_CURVE_WITH_KNOTS('',3,(#6334,#6335,#6336,#6337,#6338,#6339,
#6340),.UNSPECIFIED.,.F.,.F.,(4,3,4),(-26.,-25.,-24.),.UNSPECIFIED.);
#102=B_SPLINE_CURVE_WITH_KNOTS('',3,(#6342,#6343,#6344,#6345,#6346,#6347,
#6348),.UNSPECIFIED.,.F.,.F.,(4,3,4),(-24.,-23.,-22.),.UNSPECIFIED.);
#103=B_SPLINE_CURVE_WITH_KNOTS('',3,(#6356,#6357,#6358,#6359),
 .UNSPECIFIED.,.F.,.F.,(4,4),(-19.,-18.),.UNSPECIFIED.);
#104=B_SPLINE_CURVE_WITH_KNOTS('',3,(#6361,#6362,#6363,#6364,#6365,#6366,
#6367),.UNSPECIFIED.,.F.,.F.,(4,3,4),(-18.,-17.,-16.),.UNSPECIFIED.);
#105=B_SPLINE_CURVE_WITH_KNOTS('',3,(#6369,#6370,#6371,#6372),
 .UNSPECIFIED.,.F.,.F.,(4,4),(-16.,-15.),.UNSPECIFIED.);
#106=B_SPLINE_CURVE_WITH_KNOTS('',3,(#6386,#6387,#6388,#6389),
 .UNSPECIFIED.,.F.,.F.,(4,4),(-9.,-8.),.UNSPECIFIED.);
#107=B_SPLINE_CURVE_WITH_KNOTS('',3,(#6391,#6392,#6393,#6394,#6395,#6396,
#6397,#6398,#6399,#6400),.UNSPECIFIED.,.F.,.F.,(4,3,3,4),(-8.,-7.,-6.,-5.),
 .UNSPECIFIED.);
#108=B_SPLINE_CURVE_WITH_KNOTS('',3,(#6402,#6403,#6404,#6405),
 .UNSPECIFIED.,.F.,.F.,(4,4),(-5.,-4.),.UNSPECIFIED.);
#109=B_SPLINE_CURVE_WITH_KNOTS('',3,(#6407,#6408,#6409,#6410),
 .UNSPECIFIED.,.F.,.F.,(4,4),(-4.,-3.),.UNSPECIFIED.);
#110=B_SPLINE_CURVE_WITH_KNOTS('',3,(#6412,#6413,#6414,#6415,#6416,#6417,
#6418,#6419,#6420,#6421),.UNSPECIFIED.,.F.,.F.,(4,3,3,4),(-3.,-2.,-1.,0.),
 .UNSPECIFIED.);
#111=B_SPLINE_CURVE_WITH_KNOTS('',3,(#6665,#6666,#6667,#6668,#6669,#6670,
#6671),.UNSPECIFIED.,.F.,.F.,(4,3,4),(-32.,-31.,-30.),.UNSPECIFIED.);
#112=B_SPLINE_CURVE_WITH_KNOTS('',3,(#6699,#6700,#6701,#6702,#6703,#6704,
#6705,#6706,#6707,#6708),.UNSPECIFIED.,.F.,.F.,(4,3,3,4),(-3.,-2.,-1.,0.),
 .UNSPECIFIED.);
#113=B_SPLINE_CURVE_WITH_KNOTS('',3,(#6719,#6720,#6721,#6722),
 .UNSPECIFIED.,.F.,.F.,(4,4),(-4.,-3.),.UNSPECIFIED.);
#114=B_SPLINE_CURVE_WITH_KNOTS('',3,(#6733,#6734,#6735,#6736),
 .UNSPECIFIED.,.F.,.F.,(4,4),(-5.,-4.),.UNSPECIFIED.);
#115=B_SPLINE_CURVE_WITH_KNOTS('',3,(#6759,#6760,#6761,#6762,#6763,#6764,
#6765,#6766,#6767,#6768),.UNSPECIFIED.,.F.,.F.,(4,3,3,4),(-8.,-7.,-6.,-5.),
 .UNSPECIFIED.);
#116=B_SPLINE_CURVE_WITH_KNOTS('',3,(#6779,#6780,#6781,#6782),
 .UNSPECIFIED.,.F.,.F.,(4,4),(-9.,-8.),.UNSPECIFIED.);
#117=B_SPLINE_CURVE_WITH_KNOTS('',3,(#6822,#6823,#6824,#6825),
 .UNSPECIFIED.,.F.,.F.,(4,4),(-16.,-15.),.UNSPECIFIED.);
#118=B_SPLINE_CURVE_WITH_KNOTS('',3,(#6842,#6843,#6844,#6845,#6846,#6847,
#6848),.UNSPECIFIED.,.F.,.F.,(4,3,4),(-18.,-17.,-16.),.UNSPECIFIED.);
#119=B_SPLINE_CURVE_WITH_KNOTS('',3,(#6859,#6860,#6861,#6862),
 .UNSPECIFIED.,.F.,.F.,(4,4),(-19.,-18.),.UNSPECIFIED.);
#120=B_SPLINE_CURVE_WITH_KNOTS('',3,(#6891,#6892,#6893,#6894,#6895,#6896,
#6897),.UNSPECIFIED.,.F.,.F.,(4,3,4),(-24.,-23.,-22.),.UNSPECIFIED.);
#121=B_SPLINE_CURVE_WITH_KNOTS('',3,(#6914,#6915,#6916,#6917,#6918,#6919,
#6920),.UNSPECIFIED.,.F.,.F.,(4,3,4),(-26.,-25.,-24.),.UNSPECIFIED.);
#122=B_SPLINE_CURVE_WITH_KNOTS('',3,(#6931,#6932,#6933,#6934),
 .UNSPECIFIED.,.F.,.F.,(4,4),(-27.,-26.),.UNSPECIFIED.);
#123=B_SPLINE_CURVE_WITH_KNOTS('',3,(#6969,#6970,#6971,#6972,#6973,#6974,
#6975,#6976,#6977,#6978),.UNSPECIFIED.,.F.,.F.,(4,3,3,4),(-14.,-13.,-12.,
-11.),.UNSPECIFIED.);
#124=B_SPLINE_CURVE_WITH_KNOTS('',3,(#6994,#6995,#6996,#6997),
 .UNSPECIFIED.,.F.,.F.,(4,4),(-1.,0.),.UNSPECIFIED.);
#125=B_SPLINE_CURVE_WITH_KNOTS('',3,(#7038,#7039,#7040,#7041,#7042,#7043,
#7044,#7045,#7046,#7047,#7048,#7049,#7050),.UNSPECIFIED.,.F.,.F.,(4,3,3,
3,4),(-8.,-7.,-6.,-5.,-4.),.UNSPECIFIED.);
#126=B_SPLINE_CURVE_WITH_KNOTS('',3,(#7102,#7103,#7104,#7105,#7106,#7107,
#7108,#7109,#7110,#7111,#7112,#7113,#7114,#7115,#7116,#7117),
 .UNSPECIFIED.,.F.,.F.,(4,3,3,3,3,4),(-8.,-7.,-6.,-5.,-4.,-3.),
 .UNSPECIFIED.);
#127=B_SPLINE_CURVE_WITH_KNOTS('',3,(#7172,#7173,#7174,#7175,#7176,#7177,
#7178,#7179,#7180,#7181,#7182,#7183,#7184,#7185,#7186,#7187),
 .UNSPECIFIED.,.F.,.F.,(4,3,3,3,3,4),(-18.,-17.,-16.,-15.,-14.,-13.),
 .UNSPECIFIED.);
#128=B_SPLINE_CURVE_WITH_KNOTS('',3,(#7230,#7231,#7232,#7233),
 .UNSPECIFIED.,.F.,.F.,(4,4),(-4.,-3.),.UNSPECIFIED.);
#129=B_SPLINE_CURVE_WITH_KNOTS('',3,(#7236,#7237,#7238,#7239),
 .UNSPECIFIED.,.F.,.F.,(4,4),(-4.,-3.),.UNSPECIFIED.);
#130=B_SPLINE_CURVE_WITH_KNOTS('',3,(#7255,#7256,#7257,#7258),
 .UNSPECIFIED.,.F.,.F.,(4,4),(-6.,-5.),.UNSPECIFIED.);
#131=B_SPLINE_CURVE_WITH_KNOTS('',3,(#7261,#7262,#7263,#7264),
 .UNSPECIFIED.,.F.,.F.,(4,4),(-6.,-5.),.UNSPECIFIED.);
#132=B_SPLINE_CURVE_WITH_KNOTS('',3,(#7296,#7297,#7298,#7299,#7300,#7301,
#7302),.UNSPECIFIED.,.F.,.F.,(4,3,4),(-2.,-1.,0.),.UNSPECIFIED.);
#133=B_SPLINE_CURVE_WITH_KNOTS('',3,(#7303,#7304,#7305,#7306,#7307,#7308,
#7309),.UNSPECIFIED.,.F.,.F.,(4,3,4),(-2.,-1.,0.),.UNSPECIFIED.);
#134=B_SPLINE_CURVE_WITH_KNOTS('',3,(#7347,#7348,#7349,#7350,#7351,#7352,
#7353,#7354,#7355,#7356),.UNSPECIFIED.,.F.,.F.,(4,3,3,4),(-14.,-13.,-12.,
-11.),.UNSPECIFIED.);
#135=B_SPLINE_CURVE_WITH_KNOTS('',3,(#7367,#7368,#7369,#7370),
 .UNSPECIFIED.,.F.,.F.,(4,4),(-15.,-14.),.UNSPECIFIED.);
#136=B_SPLINE_CURVE_WITH_KNOTS('',3,(#7397,#7398,#7399,#7400,#7401,#7402,
#7403,#7404,#7405,#7406),.UNSPECIFIED.,.F.,.F.,(4,3,3,4),(-19.,-18.,-17.,
-16.),.UNSPECIFIED.);
#137=B_SPLINE_CURVE_WITH_KNOTS('',3,(#7438,#7439,#7440,#7441,#7442,#7443,
#7444,#7445,#7446,#7447),.UNSPECIFIED.,.F.,.F.,(4,3,3,4),(-3.,-2.,-1.,0.),
 .UNSPECIFIED.);
#138=B_SPLINE_CURVE_WITH_KNOTS('',3,(#7486,#7487,#7488,#7489,#7490,#7491,
#7492,#7493,#7494,#7495,#7496,#7497,#7498,#7499,#7500,#7501,#7502,#7503,
#7504),.UNSPECIFIED.,.F.,.F.,(4,3,3,3,3,3,4),(-9.,-8.,-7.,-6.,-5.,-4.,-3.),
 .UNSPECIFIED.);
#139=B_SPLINE_CURVE_WITH_KNOTS('',3,(#7584,#7585,#7586,#7587,#7588,#7589,
#7590,#7591,#7592,#7593,#7594,#7595,#7596),.UNSPECIFIED.,.F.,.F.,(4,3,3,
3,4),(-6.,-5.,-4.,-3.,-2.),.UNSPECIFIED.);
#140=B_SPLINE_CURVE_WITH_KNOTS('',3,(#7642,#7643,#7644,#7645,#7646,#7647,
#7648,#7649,#7650,#7651,#7652,#7653,#7654),.UNSPECIFIED.,.F.,.F.,(4,3,3,
3,4),(-14.,-13.,-12.,-11.,-10.),.UNSPECIFIED.);
#141=B_SPLINE_CURVE_WITH_KNOTS('',3,(#7712,#7713,#7714,#7715,#7716,#7717,
#7718,#7719,#7720,#7721,#7722,#7723,#7724),.UNSPECIFIED.,.F.,.F.,(4,3,3,
3,4),(-9.,-8.,-7.,-6.,-5.),.UNSPECIFIED.);
#142=B_SPLINE_CURVE_WITH_KNOTS('',3,(#7773,#7774,#7775,#7776,#7777,#7778,
#7779,#7780,#7781,#7782,#7783,#7784,#7785),.UNSPECIFIED.,.F.,.F.,(4,3,3,
3,4),(-18.,-17.,-16.,-15.,-14.),.UNSPECIFIED.);
#143=B_SPLINE_CURVE_WITH_KNOTS('',3,(#7858,#7859,#7860,#7861,#7862,#7863,
#7864),.UNSPECIFIED.,.F.,.F.,(4,3,4),(-11.,-10.,-9.),.UNSPECIFIED.);
#144=B_SPLINE_CURVE_WITH_KNOTS('',3,(#7868,#7869,#7870,#7871,#7872,#7873,
#7874),.UNSPECIFIED.,.F.,.F.,(4,3,4),(-11.,-10.,-9.),.UNSPECIFIED.);
#145=B_SPLINE_CURVE_WITH_KNOTS('',3,(#7938,#7939,#7940,#7941,#7942,#7943,
#7944,#7945,#7946,#7947,#7948,#7949,#7950,#7951,#7952,#7953,#7954,#7955,
#7956,#7957,#7958,#7959,#7960,#7961,#7962,#7963,#7964,#7965),
 .UNSPECIFIED.,.F.,.F.,(4,3,3,3,3,3,3,3,3,4),(-9.,-8.,-7.,-6.,-5.,-4.,-3.,
-2.,-1.,0.),.UNSPECIFIED.);
#146=B_SPLINE_CURVE_WITH_KNOTS('',3,(#7966,#7967,#7968,#7969,#7970,#7971,
#7972,#7973,#7974,#7975,#7976,#7977,#7978,#7979,#7980,#7981,#7982,#7983,
#7984,#7985,#7986,#7987,#7988,#7989,#7990,#7991,#7992,#7993),
 .UNSPECIFIED.,.F.,.F.,(4,3,3,3,3,3,3,3,3,4),(-9.,-8.,-7.,-6.,-5.,-4.,-3.,
-2.,-1.,0.),.UNSPECIFIED.);
#147=B_SPLINE_CURVE_WITH_KNOTS('',3,(#8011,#8012,#8013,#8014,#8015,#8016,
#8017),.UNSPECIFIED.,.F.,.F.,(4,3,4),(-6.,-5.,-4.),.UNSPECIFIED.);
#148=B_SPLINE_CURVE_WITH_KNOTS('',3,(#8044,#8045,#8046,#8047,#8048,#8049,
#8050),.UNSPECIFIED.,.F.,.F.,(4,3,4),(-9.,-8.,-7.),.UNSPECIFIED.);
#149=B_SPLINE_CURVE_WITH_KNOTS('',3,(#8061,#8062,#8063,#8064),
 .UNSPECIFIED.,.F.,.F.,(4,4),(-10.,-9.),.UNSPECIFIED.);
#150=B_SPLINE_CURVE_WITH_KNOTS('',3,(#8095,#8096,#8097,#8098),
 .UNSPECIFIED.,.F.,.F.,(4,4),(-1.,0.),.UNSPECIFIED.);
#151=B_SPLINE_CURVE_WITH_KNOTS('',3,(#8119,#8120,#8121,#8122,#8123,#8124,
#8125,#8126,#8127,#8128),.UNSPECIFIED.,.F.,.F.,(4,3,3,4),(-4.,-3.,-2.,-1.),
 .UNSPECIFIED.);
#152=TOROIDAL_SURFACE('',#4293,6.,2.);
#153=TOROIDAL_SURFACE('',#4299,6.,2.);
#154=TOROIDAL_SURFACE('',#4306,6.,2.);
#155=TOROIDAL_SURFACE('',#4312,6.,2.);
#156=TOROIDAL_SURFACE('',#4319,6.,2.);
#157=TOROIDAL_SURFACE('',#4325,6.,2.);
#158=TOROIDAL_SURFACE('',#4332,6.,2.);
#159=TOROIDAL_SURFACE('',#4338,6.,2.);
#160=TOROIDAL_SURFACE('',#4363,5.,1.);
#161=TOROIDAL_SURFACE('',#4366,3.,1.);
#162=TOROIDAL_SURFACE('',#4369,5.,1.);
#163=TOROIDAL_SURFACE('',#4374,5.,1.);
#164=TOROIDAL_SURFACE('',#4377,3.,1.);
#165=TOROIDAL_SURFACE('',#4380,5.,1.);
#166=TOROIDAL_SURFACE('',#4386,5.,1.);
#167=TOROIDAL_SURFACE('',#4390,3.,1.);
#168=TOROIDAL_SURFACE('',#4394,5.,1.);
#169=TOROIDAL_SURFACE('',#4400,5.,1.);
#170=TOROIDAL_SURFACE('',#4404,3.,1.);
#171=TOROIDAL_SURFACE('',#4408,5.,1.);
#172=(
BOUNDED_SURFACE()
B_SPLINE_SURFACE(2,2,((#5747,#5748,#5749,#5750,#5751,#5752,#5753),(#5754,
#5755,#5756,#5757,#5758,#5759,#5760),(#5761,#5762,#5763,#5764,#5765,#5766,
#5767)),.UNSPECIFIED.,.F.,.F.,.F.)
B_SPLINE_SURFACE_WITH_KNOTS((3,3),(3,2,2,3),(0.,1.5707963267949),(-1.86831934265206,
-0.622773114217352,0.622773114217352,1.86831934265206),.UNSPECIFIED.)
GEOMETRIC_REPRESENTATION_ITEM()
RATIONAL_B_SPLINE_SURFACE(((1.,0.812264052436457,1.,0.812264052436457,1.,
0.812264052436457,1.),(0.707106781186549,0.574357419591885,0.707106781186549,
0.574357419591885,0.707106781186549,0.574357419591885,0.707106781186549),
(1.,0.812264052436457,1.,0.812264052436457,1.,0.812264052436457,1.)))
REPRESENTATION_ITEM('')
SURFACE()
);
#173=(
BOUNDED_SURFACE()
B_SPLINE_SURFACE(2,2,((#5794,#5795,#5796,#5797,#5798,#5799,#5800),(#5801,
#5802,#5803,#5804,#5805,#5806,#5807),(#5808,#5809,#5810,#5811,#5812,#5813,
#5814)),.UNSPECIFIED.,.F.,.F.,.F.)
B_SPLINE_SURFACE_WITH_KNOTS((3,3),(3,2,2,3),(0.,1.5707963267949),(-2.65371750604951,
-1.4081712776148,-0.162625049180099,1.0829211792546),.UNSPECIFIED.)
GEOMETRIC_REPRESENTATION_ITEM()
RATIONAL_B_SPLINE_SURFACE(((1.,0.812264052436457,1.,0.812264052436457,1.,
0.812264052436457,1.),(0.707106781186543,0.57435741959188,0.707106781186543,
0.57435741959188,0.707106781186543,0.57435741959188,0.707106781186543),
(1.,0.812264052436457,1.,0.812264052436457,1.,0.812264052436457,1.)))
REPRESENTATION_ITEM('')
SURFACE()
);
#174=(
BOUNDED_SURFACE()
B_SPLINE_SURFACE(2,2,((#5838,#5839,#5840,#5841,#5842,#5843,#5844),(#5845,
#5846,#5847,#5848,#5849,#5850,#5851),(#5852,#5853,#5854,#5855,#5856,#5857,
#5858)),.UNSPECIFIED.,.F.,.F.,.F.)
B_SPLINE_SURFACE_WITH_KNOTS((3,3),(3,2,2,3),(0.,1.5707963267949),(-1.08292117925459,
0.162625049180109,1.40817127761481,2.65371750604951),.UNSPECIFIED.)
GEOMETRIC_REPRESENTATION_ITEM()
RATIONAL_B_SPLINE_SURFACE(((1.,0.812264052436457,1.,0.812264052436457,1.,
0.812264052436457,1.),(0.707106781186541,0.574357419591879,0.707106781186541,
0.574357419591879,0.707106781186541,0.574357419591879,0.707106781186541),
(1.,0.812264052436457,1.,0.812264052436457,1.,0.812264052436457,1.)))
REPRESENTATION_ITEM('')
SURFACE()
);
#175=(
BOUNDED_SURFACE()
B_SPLINE_SURFACE(2,2,((#5882,#5883,#5884,#5885,#5886,#5887,#5888),(#5889,
#5890,#5891,#5892,#5893,#5894,#5895),(#5896,#5897,#5898,#5899,#5900,#5901,
#5902)),.UNSPECIFIED.,.F.,.F.,.F.)
B_SPLINE_SURFACE_WITH_KNOTS((3,3),(3,2,2,3),(0.,1.5707963267949),(-1.86831934265206,
-0.622773114217352,0.62277311421735,1.86831934265205),.UNSPECIFIED.)
GEOMETRIC_REPRESENTATION_ITEM()
RATIONAL_B_SPLINE_SURFACE(((1.,0.812264052436457,1.,0.812264052436457,1.,
0.812264052436457,1.),(0.707106781186539,0.574357419591877,0.707106781186539,
0.574357419591877,0.707106781186539,0.574357419591877,0.707106781186539),
(1.,0.812264052436457,1.,0.812264052436457,1.,0.812264052436457,1.)))
REPRESENTATION_ITEM('')
SURFACE()
);
#176=(
BOUNDED_SURFACE()
B_SPLINE_SURFACE(1,2,((#6803,#6804,#6805),(#6806,#6807,#6808)),
 .UNSPECIFIED.,.F.,.F.,.F.)
B_SPLINE_SURFACE_WITH_KNOTS((2,2),(3,3),(0.,0.00159191868962518),(-0.378927844783127,
-0.0451947452827404),.UNSPECIFIED.)
GEOMETRIC_REPRESENTATION_ITEM()
RATIONAL_B_SPLINE_SURFACE(((1.,0.986110052032786,1.),(1.,0.986110052032786,
1.)))
REPRESENTATION_ITEM('')
SURFACE()
);
#177=(
BOUNDED_SURFACE()
B_SPLINE_SURFACE(1,2,((#7207,#7208,#7209),(#7210,#7211,#7212)),
 .UNSPECIFIED.,.F.,.F.,.F.)
B_SPLINE_SURFACE_WITH_KNOTS((2,2),(3,3),(0.,0.000964064161027671),(-0.0954750463757131,
0.176253240193435),.UNSPECIFIED.)
GEOMETRIC_REPRESENTATION_ITEM()
RATIONAL_B_SPLINE_SURFACE(((1.,0.990784655930999,1.),(1.,0.990784655930999,
1.)))
REPRESENTATION_ITEM('')
SURFACE()
);
#178=(
BOUNDED_SURFACE()
B_SPLINE_SURFACE(1,2,((#7265,#7266,#7267),(#7268,#7269,#7270)),
 .UNSPECIFIED.,.F.,.F.,.F.)
B_SPLINE_SURFACE_WITH_KNOTS((2,2),(3,3),(0.,0.00102349395938104),(-0.182080566762477,
0.113285667124277),.UNSPECIFIED.)
GEOMETRIC_REPRESENTATION_ITEM()
RATIONAL_B_SPLINE_SURFACE(((1.,0.989114654469194,1.),(1.,0.989114654469194,
1.)))
REPRESENTATION_ITEM('')
SURFACE()
);
#179=(
BOUNDED_SURFACE()
B_SPLINE_SURFACE(1,2,((#7316,#7317,#7318),(#7319,#7320,#7321)),
 .UNSPECIFIED.,.F.,.F.,.F.)
B_SPLINE_SURFACE_WITH_KNOTS((2,2),(3,3),(0.,0.000740263650661558),(-3.27482799525005,
-3.05655180448437),.UNSPECIFIED.)
GEOMETRIC_REPRESENTATION_ITEM()
RATIONAL_B_SPLINE_SURFACE(((1.,0.994050347174521,1.),(1.,0.994050347174521,
1.)))
REPRESENTATION_ITEM('')
SURFACE()
);
#180=(
BOUNDED_SURFACE()
B_SPLINE_SURFACE(1,2,((#7407,#7408,#7409),(#7410,#7411,#7412)),
 .UNSPECIFIED.,.F.,.F.,.F.)
B_SPLINE_SURFACE_WITH_KNOTS((2,2),(3,3),(0.,0.000104855705750439),(-0.0419170792288285,
0.0704493667539348),.UNSPECIFIED.)
GEOMETRIC_REPRESENTATION_ITEM()
RATIONAL_B_SPLINE_SURFACE(((1.,0.998422137843329,1.),(1.,0.998422137843329,
1.)))
REPRESENTATION_ITEM('')
SURFACE()
);
#181=(
BOUNDED_SURFACE()
B_SPLINE_SURFACE(1,2,((#8019,#8020,#8021),(#8022,#8023,#8024)),
 .UNSPECIFIED.,.F.,.F.,.F.)
B_SPLINE_SURFACE_WITH_KNOTS((2,2),(3,3),(0.,0.000112988632229692),(-3.1885258777304,
-3.07078672182707),.UNSPECIFIED.)
GEOMETRIC_REPRESENTATION_ITEM()
RATIONAL_B_SPLINE_SURFACE(((1.,0.998267686778586,1.),(1.,0.998267686778586,
1.)))
REPRESENTATION_ITEM('')
SURFACE()
);
#182=PLANE('',#4283);
#183=PLANE('',#4284);
#184=PLANE('',#4285);
#185=PLANE('',#4286);
#186=PLANE('',#4287);
#187=PLANE('',#4288);
#188=PLANE('',#4343);
#189=PLANE('',#4350);
#190=PLANE('',#4355);
#191=PLANE('',#4411);
#192=PLANE('',#4440);
#193=PLANE('',#4441);
#194=PLANE('',#4442);
#195=PLANE('',#4444);
#196=PLANE('',#4446);
#197=PLANE('',#4447);
#198=PLANE('',#4449);
#199=PLANE('',#4451);
#200=PLANE('',#4453);
#201=PLANE('',#4456);
#202=PLANE('',#4458);
#203=PLANE('',#4459);
#204=PLANE('',#4463);
#205=PLANE('',#4466);
#206=PLANE('',#4467);
#207=PLANE('',#4468);
#208=PLANE('',#4469);
#209=PLANE('',#4470);
#210=PLANE('',#4471);
#211=PLANE('',#4473);
#212=PLANE('',#4474);
#213=PLANE('',#4475);
#214=PLANE('',#4476);
#215=PLANE('',#4477);
#216=PLANE('',#4478);
#217=PLANE('',#4479);
#218=PLANE('',#4480);
#219=PLANE('',#4481);
#220=PLANE('',#4482);
#221=PLANE('',#4483);
#222=PLANE('',#4484);
#223=PLANE('',#4485);
#224=PLANE('',#4486);
#225=PLANE('',#4487);
#226=PLANE('',#4488);
#227=PLANE('',#4489);
#228=PLANE('',#4490);
#229=PLANE('',#4491);
#230=PLANE('',#4492);
#231=PLANE('',#4493);
#232=PLANE('',#4494);
#233=PLANE('',#4495);
#234=PLANE('',#4496);
#235=PLANE('',#4497);
#236=PLANE('',#4498);
#237=PLANE('',#4499);
#238=PLANE('',#4502);
#239=PLANE('',#4505);
#240=PLANE('',#4506);
#241=PLANE('',#4508);
#242=PLANE('',#4510);
#243=PLANE('',#4511);
#244=PLANE('',#4512);
#245=PLANE('',#4513);
#246=PLANE('',#4514);
#247=PLANE('',#4515);
#248=PLANE('',#4516);
#249=PLANE('',#4517);
#250=PLANE('',#4518);
#251=PLANE('',#4519);
#252=PLANE('',#4520);
#253=PLANE('',#4521);
#254=PLANE('',#4522);
#255=PLANE('',#4523);
#256=PLANE('',#4524);
#257=PLANE('',#4525);
#258=PLANE('',#4526);
#259=PLANE('',#4527);
#260=PLANE('',#4528);
#261=PLANE('',#4529);
#262=PLANE('',#4530);
#263=PLANE('',#4531);
#264=PLANE('',#4532);
#265=PLANE('',#4533);
#266=PLANE('',#4534);
#267=PLANE('',#4535);
#268=PLANE('',#4536);
#269=PLANE('',#4537);
#270=PLANE('',#4538);
#271=PLANE('',#4539);
#272=PLANE('',#4540);
#273=PLANE('',#4541);
#274=PLANE('',#4542);
#275=PLANE('',#4543);
#276=PLANE('',#4544);
#277=PLANE('',#4545);
#278=PLANE('',#4546);
#279=PLANE('',#4547);
#280=PLANE('',#4548);
#281=PLANE('',#4549);
#282=PLANE('',#4550);
#283=PLANE('',#4551);
#284=PLANE('',#4552);
#285=PLANE('',#4553);
#286=PLANE('',#4554);
#287=PLANE('',#4555);
#288=PLANE('',#4556);
#289=PLANE('',#4557);
#290=PLANE('',#4559);
#291=PLANE('',#4560);
#292=PLANE('',#4561);
#293=PLANE('',#4562);
#294=PLANE('',#4563);
#295=PLANE('',#4564);
#296=PLANE('',#4565);
#297=PLANE('',#4566);
#298=PLANE('',#4567);
#299=PLANE('',#4568);
#300=PLANE('',#4569);
#301=PLANE('',#4570);
#302=PLANE('',#4571);
#303=PLANE('',#4572);
#304=PLANE('',#4573);
#305=PLANE('',#4574);
#306=PLANE('',#4575);
#307=PLANE('',#4576);
#308=PLANE('',#4577);
#309=PLANE('',#4578);
#310=ELLIPSE('',#4261,2.82842712474619,2.);
#311=ELLIPSE('',#4262,2.82842712474619,2.);
#312=ELLIPSE('',#4274,2.82842712474619,2.);
#313=ELLIPSE('',#4275,2.82842712474619,2.);
#314=ELLIPSE('',#4277,2.82842712474619,2.);
#315=ELLIPSE('',#4278,2.82842712474619,2.);
#316=ELLIPSE('',#4281,2.82842712474619,2.);
#317=ELLIPSE('',#4282,2.82842712474619,2.);
#318=ELLIPSE('',#4356,88.5044787485453,19.3361170257834);
#319=ELLIPSE('',#4357,95.3691544816874,19.0487926165116);
#320=ELLIPSE('',#4358,13.5087005704835,6.10211048655194);
#321=ELLIPSE('',#4359,6.2817278703817,3.30639228881963);
#322=ELLIPSE('',#4472,6.2817278703817,3.30639228881963);
#323=ELLIPSE('',#4500,10.3727536031837,4.87299069071844);
#324=ELLIPSE('',#4501,10.3727536031837,4.87299069071844);
#325=ELLIPSE('',#4503,9.77045336549667,4.92712461775776);
#326=ELLIPSE('',#4504,9.77045336549667,4.92712461775776);
#327=ELLIPSE('',#4507,13.5087005704835,6.10211048655194);
#328=ELLIPSE('',#4509,95.3691544816874,19.0487926165116);
#329=ELLIPSE('',#4558,88.5044787485453,19.3361170257834);
#330=LINE('',#5653,#730);
#331=LINE('',#5654,#731);
#332=LINE('',#5659,#732);
#333=LINE('',#5661,#733);
#334=LINE('',#5678,#734);
#335=LINE('',#5679,#735);
#336=LINE('',#5681,#736);
#337=LINE('',#5682,#737);
#338=LINE('',#5687,#738);
#339=LINE('',#5689,#739);
#340=LINE('',#5695,#740);
#341=LINE('',#5697,#741);
#342=LINE('',#5700,#742);
#343=LINE('',#5701,#743);
#344=LINE('',#5706,#744);
#345=LINE('',#5708,#745);
#346=LINE('',#5711,#746);
#347=LINE('',#5714,#747);
#348=LINE('',#5716,#748);
#349=LINE('',#5718,#749);
#350=LINE('',#5720,#750);
#351=LINE('',#5721,#751);
#352=LINE('',#5724,#752);
#353=LINE('',#5726,#753);
#354=LINE('',#5728,#754);
#355=LINE('',#5729,#755);
#356=LINE('',#5732,#756);
#357=LINE('',#5734,#757);
#358=LINE('',#5736,#758);
#359=LINE('',#5737,#759);
#360=LINE('',#5740,#760);
#361=LINE('',#5742,#761);
#362=LINE('',#5744,#762);
#363=LINE('',#5745,#763);
#364=LINE('',#5786,#764);
#365=LINE('',#5787,#765);
#366=LINE('',#5830,#766);
#367=LINE('',#5831,#767);
#368=LINE('',#5874,#768);
#369=LINE('',#5875,#769);
#370=LINE('',#5918,#770);
#371=LINE('',#5919,#771);
#372=LINE('',#5925,#772);
#373=LINE('',#5928,#773);
#374=LINE('',#5931,#774);
#375=LINE('',#5932,#775);
#376=LINE('',#5935,#776);
#377=LINE('',#5939,#777);
#378=LINE('',#5943,#778);
#379=LINE('',#5947,#779);
#380=LINE('',#5948,#780);
#381=LINE('',#5951,#781);
#382=LINE('',#5955,#782);
#383=LINE('',#5984,#783);
#384=LINE('',#5986,#784);
#385=LINE('',#5988,#785);
#386=LINE('',#5990,#786);
#387=LINE('',#5992,#787);
#388=LINE('',#6009,#788);
#389=LINE('',#6011,#789);
#390=LINE('',#6013,#790);
#391=LINE('',#6015,#791);
#392=LINE('',#6017,#792);
#393=LINE('',#6019,#793);
#394=LINE('',#6021,#794);
#395=LINE('',#6023,#795);
#396=LINE('',#6025,#796);
#397=LINE('',#6027,#797);
#398=LINE('',#6029,#798);
#399=LINE('',#6030,#799);
#400=LINE('',#6033,#800);
#401=LINE('',#6035,#801);
#402=LINE('',#6037,#802);
#403=LINE('',#6053,#803);
#404=LINE('',#6055,#804);
#405=LINE('',#6057,#805);
#406=LINE('',#6059,#806);
#407=LINE('',#6061,#807);
#408=LINE('',#6077,#808);
#409=LINE('',#6078,#809);
#410=LINE('',#6095,#810);
#411=LINE('',#6097,#811);
#412=LINE('',#6099,#812);
#413=LINE('',#6101,#813);
#414=LINE('',#6117,#814);
#415=LINE('',#6119,#815);
#416=LINE('',#6121,#816);
#417=LINE('',#6122,#817);
#418=LINE('',#6125,#818);
#419=LINE('',#6127,#819);
#420=LINE('',#6129,#820);
#421=LINE('',#6131,#821);
#422=LINE('',#6133,#822);
#423=LINE('',#6135,#823);
#424=LINE('',#6137,#824);
#425=LINE('',#6139,#825);
#426=LINE('',#6141,#826);
#427=LINE('',#6143,#827);
#428=LINE('',#6145,#828);
#429=LINE('',#6146,#829);
#430=LINE('',#6149,#830);
#431=LINE('',#6195,#831);
#432=LINE('',#6215,#832);
#433=LINE('',#6217,#833);
#434=LINE('',#6219,#834);
#435=LINE('',#6221,#835);
#436=LINE('',#6223,#836);
#437=LINE('',#6225,#837);
#438=LINE('',#6244,#838);
#439=LINE('',#6246,#839);
#440=LINE('',#6248,#840);
#441=LINE('',#6250,#841);
#442=LINE('',#6252,#842);
#443=LINE('',#6282,#843);
#444=LINE('',#6284,#844);
#445=LINE('',#6286,#845);
#446=LINE('',#6302,#846);
#447=LINE('',#6304,#847);
#448=LINE('',#6306,#848);
#449=LINE('',#6312,#849);
#450=LINE('',#6323,#850);
#451=LINE('',#6325,#851);
#452=LINE('',#6327,#852);
#453=LINE('',#6350,#853);
#454=LINE('',#6352,#854);
#455=LINE('',#6354,#855);
#456=LINE('',#6376,#856);
#457=LINE('',#6378,#857);
#458=LINE('',#6380,#858);
#459=LINE('',#6382,#859);
#460=LINE('',#6384,#860);
#461=LINE('',#6422,#861);
#462=LINE('',#6428,#862);
#463=LINE('',#6444,#863);
#464=LINE('',#6463,#864);
#465=LINE('',#6464,#865);
#466=LINE('',#6487,#866);
#467=LINE('',#6488,#867);
#468=LINE('',#6503,#868);
#469=LINE('',#6510,#869);
#470=LINE('',#6512,#870);
#471=LINE('',#6516,#871);
#472=LINE('',#6520,#872);
#473=LINE('',#6522,#873);
#474=LINE('',#6524,#874);
#475=LINE('',#6526,#875);
#476=LINE('',#6528,#876);
#477=LINE('',#6532,#877);
#478=LINE('',#6536,#878);
#479=LINE('',#6537,#879);
#480=LINE('',#6544,#880);
#481=LINE('',#6550,#881);
#482=LINE('',#6554,#882);
#483=LINE('',#6560,#883);
#484=LINE('',#6564,#884);
#485=LINE('',#6570,#885);
#486=LINE('',#6574,#886);
#487=LINE('',#6580,#887);
#488=LINE('',#6584,#888);
#489=LINE('',#6586,#889);
#490=LINE('',#6588,#890);
#491=LINE('',#6589,#891);
#492=LINE('',#6590,#892);
#493=LINE('',#6593,#893);
#494=LINE('',#6595,#894);
#495=LINE('',#6597,#895);
#496=LINE('',#6598,#896);
#497=LINE('',#6605,#897);
#498=LINE('',#6607,#898);
#499=LINE('',#6609,#899);
#500=LINE('',#6610,#900);
#501=LINE('',#6614,#901);
#502=LINE('',#6615,#902);
#503=LINE('',#6617,#903);
#504=LINE('',#6618,#904);
#505=LINE('',#6620,#905);
#506=LINE('',#6622,#906);
#507=LINE('',#6624,#907);
#508=LINE('',#6626,#908);
#509=LINE('',#6628,#909);
#510=LINE('',#6630,#910);
#511=LINE('',#6632,#911);
#512=LINE('',#6634,#912);
#513=LINE('',#6636,#913);
#514=LINE('',#6638,#914);
#515=LINE('',#6640,#915);
#516=LINE('',#6642,#916);
#517=LINE('',#6644,#917);
#518=LINE('',#6646,#918);
#519=LINE('',#6663,#919);
#520=LINE('',#6672,#920);
#521=LINE('',#6675,#921);
#522=LINE('',#6676,#922);
#523=LINE('',#6698,#923);
#524=LINE('',#6718,#924);
#525=LINE('',#6732,#925);
#526=LINE('',#6758,#926);
#527=LINE('',#6778,#927);
#528=LINE('',#6785,#928);
#529=LINE('',#6786,#929);
#530=LINE('',#6789,#930);
#531=LINE('',#6790,#931);
#532=LINE('',#6793,#932);
#533=LINE('',#6794,#933);
#534=LINE('',#6797,#934);
#535=LINE('',#6798,#935);
#536=LINE('',#6801,#936);
#537=LINE('',#6802,#937);
#538=LINE('',#6810,#938);
#539=LINE('',#6821,#939);
#540=LINE('',#6841,#940);
#541=LINE('',#6858,#941);
#542=LINE('',#6865,#942);
#543=LINE('',#6866,#943);
#544=LINE('',#6869,#944);
#545=LINE('',#6870,#945);
#546=LINE('',#6873,#946);
#547=LINE('',#6874,#947);
#548=LINE('',#6890,#948);
#549=LINE('',#6913,#949);
#550=LINE('',#6930,#950);
#551=LINE('',#6937,#951);
#552=LINE('',#6938,#952);
#553=LINE('',#6941,#953);
#554=LINE('',#6942,#954);
#555=LINE('',#6944,#955);
#556=LINE('',#6967,#956);
#557=LINE('',#6979,#957);
#558=LINE('',#6982,#958);
#559=LINE('',#6983,#959);
#560=LINE('',#6993,#960);
#561=LINE('',#7000,#961);
#562=LINE('',#7001,#962);
#563=LINE('',#7004,#963);
#564=LINE('',#7005,#964);
#565=LINE('',#7008,#965);
#566=LINE('',#7009,#966);
#567=LINE('',#7037,#967);
#568=LINE('',#7053,#968);
#569=LINE('',#7054,#969);
#570=LINE('',#7057,#970);
#571=LINE('',#7058,#971);
#572=LINE('',#7060,#972);
#573=LINE('',#7064,#973);
#574=LINE('',#7066,#974);
#575=LINE('',#7067,#975);
#576=LINE('',#7101,#976);
#577=LINE('',#7120,#977);
#578=LINE('',#7121,#978);
#579=LINE('',#7124,#979);
#580=LINE('',#7125,#980);
#581=LINE('',#7128,#981);
#582=LINE('',#7129,#982);
#583=LINE('',#7132,#983);
#584=LINE('',#7133,#984);
#585=LINE('',#7136,#985);
#586=LINE('',#7137,#986);
#587=LINE('',#7171,#987);
#588=LINE('',#7190,#988);
#589=LINE('',#7191,#989);
#590=LINE('',#7194,#990);
#591=LINE('',#7195,#991);
#592=LINE('',#7198,#992);
#593=LINE('',#7199,#993);
#594=LINE('',#7202,#994);
#595=LINE('',#7203,#995);
#596=LINE('',#7205,#996);
#597=LINE('',#7217,#997);
#598=LINE('',#7220,#998);
#599=LINE('',#7235,#999);
#600=LINE('',#7242,#1000);
#601=LINE('',#7244,#1001);
#602=LINE('',#7245,#1002);
#603=LINE('',#7260,#1003);
#604=LINE('',#7274,#1004);
#605=LINE('',#7278,#1005);
#606=LINE('',#7280,#1006);
#607=LINE('',#7281,#1007);
#608=LINE('',#7312,#1008);
#609=LINE('',#7314,#1009);
#610=LINE('',#7315,#1010);
#611=LINE('',#7323,#1011);
#612=LINE('',#7346,#1012);
#613=LINE('',#7366,#1013);
#614=LINE('',#7373,#1014);
#615=LINE('',#7374,#1015);
#616=LINE('',#7396,#1016);
#617=LINE('',#7414,#1017);
#618=LINE('',#7437,#1018);
#619=LINE('',#7508,#1019);
#620=LINE('',#7510,#1020);
#621=LINE('',#7511,#1021);
#622=LINE('',#7514,#1022);
#623=LINE('',#7515,#1023);
#624=LINE('',#7518,#1024);
#625=LINE('',#7519,#1025);
#626=LINE('',#7522,#1026);
#627=LINE('',#7523,#1027);
#628=LINE('',#7526,#1028);
#629=LINE('',#7527,#1029);
#630=LINE('',#7530,#1030);
#631=LINE('',#7531,#1031);
#632=LINE('',#7534,#1032);
#633=LINE('',#7535,#1033);
#634=LINE('',#7538,#1034);
#635=LINE('',#7539,#1035);
#636=LINE('',#7542,#1036);
#637=LINE('',#7543,#1037);
#638=LINE('',#7546,#1038);
#639=LINE('',#7547,#1039);
#640=LINE('',#7550,#1040);
#641=LINE('',#7551,#1041);
#642=LINE('',#7553,#1042);
#643=LINE('',#7582,#1043);
#644=LINE('',#7597,#1044);
#645=LINE('',#7600,#1045);
#646=LINE('',#7601,#1046);
#647=LINE('',#7604,#1047);
#648=LINE('',#7605,#1048);
#649=LINE('',#7608,#1049);
#650=LINE('',#7609,#1050);
#651=LINE('',#7612,#1051);
#652=LINE('',#7613,#1052);
#653=LINE('',#7641,#1053);
#654=LINE('',#7657,#1054);
#655=LINE('',#7658,#1055);
#656=LINE('',#7661,#1056);
#657=LINE('',#7662,#1057);
#658=LINE('',#7665,#1058);
#659=LINE('',#7666,#1059);
#660=LINE('',#7668,#1060);
#661=LINE('',#7672,#1061);
#662=LINE('',#7674,#1062);
#663=LINE('',#7675,#1063);
#664=LINE('',#7678,#1064);
#665=LINE('',#7679,#1065);
#666=LINE('',#7682,#1066);
#667=LINE('',#7683,#1067);
#668=LINE('',#7711,#1068);
#669=LINE('',#7727,#1069);
#670=LINE('',#7728,#1070);
#671=LINE('',#7731,#1071);
#672=LINE('',#7732,#1072);
#673=LINE('',#7735,#1073);
#674=LINE('',#7736,#1074);
#675=LINE('',#7739,#1075);
#676=LINE('',#7740,#1076);
#677=LINE('',#7743,#1077);
#678=LINE('',#7744,#1078);
#679=LINE('',#7772,#1079);
#680=LINE('',#7788,#1080);
#681=LINE('',#7789,#1081);
#682=LINE('',#7791,#1082);
#683=LINE('',#7795,#1083);
#684=LINE('',#7797,#1084);
#685=LINE('',#7798,#1085);
#686=LINE('',#7801,#1086);
#687=LINE('',#7802,#1087);
#688=LINE('',#7805,#1088);
#689=LINE('',#7806,#1089);
#690=LINE('',#7809,#1090);
#691=LINE('',#7810,#1091);
#692=LINE('',#7813,#1092);
#693=LINE('',#7814,#1093);
#694=LINE('',#7817,#1094);
#695=LINE('',#7818,#1095);
#696=LINE('',#7821,#1096);
#697=LINE('',#7822,#1097);
#698=LINE('',#7825,#1098);
#699=LINE('',#7826,#1099);
#700=LINE('',#7829,#1100);
#701=LINE('',#7830,#1101);
#702=LINE('',#7833,#1102);
#703=LINE('',#7834,#1103);
#704=LINE('',#7837,#1104);
#705=LINE('',#7838,#1105);
#706=LINE('',#7840,#1106);
#707=LINE('',#7866,#1107);
#708=LINE('',#7875,#1108);
#709=LINE('',#7878,#1109);
#710=LINE('',#7880,#1110);
#711=LINE('',#7881,#1111);
#712=LINE('',#8009,#1112);
#713=LINE('',#8018,#1113);
#714=LINE('',#8026,#1114);
#715=LINE('',#8043,#1115);
#716=LINE('',#8060,#1116);
#717=LINE('',#8067,#1117);
#718=LINE('',#8068,#1118);
#719=LINE('',#8071,#1119);
#720=LINE('',#8072,#1120);
#721=LINE('',#8075,#1121);
#722=LINE('',#8076,#1122);
#723=LINE('',#8079,#1123);
#724=LINE('',#8080,#1124);
#725=LINE('',#8083,#1125);
#726=LINE('',#8084,#1126);
#727=LINE('',#8094,#1127);
#728=LINE('',#8133,#1128);
#729=LINE('',#8137,#1129);
#730=VECTOR('',#4599,10.);
#731=VECTOR('',#4600,10.);
#732=VECTOR('',#4605,10.);
#733=VECTOR('',#4606,10.);
#734=VECTOR('',#4627,10.);
#735=VECTOR('',#4628,10.);
#736=VECTOR('',#4631,10.);
#737=VECTOR('',#4632,10.);
#738=VECTOR('',#4637,10.);
#739=VECTOR('',#4638,10.);
#740=VECTOR('',#4645,10.);
#741=VECTOR('',#4646,10.);
#742=VECTOR('',#4651,10.);
#743=VECTOR('',#4652,10.);
#744=VECTOR('',#4657,10.);
#745=VECTOR('',#4658,10.);
#746=VECTOR('',#4663,10.);
#747=VECTOR('',#4666,10.);
#748=VECTOR('',#4667,10.);
#749=VECTOR('',#4668,10.);
#750=VECTOR('',#4669,10.);
#751=VECTOR('',#4670,10.);
#752=VECTOR('',#4673,10.);
#753=VECTOR('',#4674,10.);
#754=VECTOR('',#4675,10.);
#755=VECTOR('',#4676,10.);
#756=VECTOR('',#4679,10.);
#757=VECTOR('',#4680,10.);
#758=VECTOR('',#4681,10.);
#759=VECTOR('',#4682,10.);
#760=VECTOR('',#4685,10.);
#761=VECTOR('',#4686,10.);
#762=VECTOR('',#4687,10.);
#763=VECTOR('',#4688,10.);
#764=VECTOR('',#4711,10.);
#765=VECTOR('',#4712,10.);
#766=VECTOR('',#4739,10.);
#767=VECTOR('',#4740,10.);
#768=VECTOR('',#4767,10.);
#769=VECTOR('',#4768,10.);
#770=VECTOR('',#4795,10.);
#771=VECTOR('',#4796,10.);
#772=VECTOR('',#4805,10.);
#773=VECTOR('',#4808,10.);
#774=VECTOR('',#4811,10.);
#775=VECTOR('',#4812,10.);
#776=VECTOR('',#4815,10.);
#777=VECTOR('',#4820,10.);
#778=VECTOR('',#4825,10.);
#779=VECTOR('',#4830,10.);
#780=VECTOR('',#4831,10.);
#781=VECTOR('',#4834,10.);
#782=VECTOR('',#4839,10.);
#783=VECTOR('',#4844,10.);
#784=VECTOR('',#4845,10.);
#785=VECTOR('',#4846,10.);
#786=VECTOR('',#4847,10.);
#787=VECTOR('',#4848,10.);
#788=VECTOR('',#4851,10.);
#789=VECTOR('',#4852,10.);
#790=VECTOR('',#4853,10.);
#791=VECTOR('',#4854,10.);
#792=VECTOR('',#4855,10.);
#793=VECTOR('',#4856,10.);
#794=VECTOR('',#4857,10.);
#795=VECTOR('',#4858,10.);
#796=VECTOR('',#4859,10.);
#797=VECTOR('',#4860,10.);
#798=VECTOR('',#4861,10.);
#799=VECTOR('',#4862,10.);
#800=VECTOR('',#4863,10.);
#801=VECTOR('',#4864,10.);
#802=VECTOR('',#4865,10.);
#803=VECTOR('',#4866,10.);
#804=VECTOR('',#4867,10.);
#805=VECTOR('',#4868,10.);
#806=VECTOR('',#4869,10.);
#807=VECTOR('',#4870,10.);
#808=VECTOR('',#4871,10.);
#809=VECTOR('',#4872,10.);
#810=VECTOR('',#4873,10.);
#811=VECTOR('',#4874,10.);
#812=VECTOR('',#4875,10.);
#813=VECTOR('',#4876,10.);
#814=VECTOR('',#4877,10.);
#815=VECTOR('',#4878,10.);
#816=VECTOR('',#4879,10.);
#817=VECTOR('',#4880,10.);
#818=VECTOR('',#4881,10.);
#819=VECTOR('',#4882,10.);
#820=VECTOR('',#4883,10.);
#821=VECTOR('',#4884,10.);
#822=VECTOR('',#4885,10.);
#823=VECTOR('',#4886,10.);
#824=VECTOR('',#4887,10.);
#825=VECTOR('',#4888,10.);
#826=VECTOR('',#4889,10.);
#827=VECTOR('',#4890,10.);
#828=VECTOR('',#4891,10.);
#829=VECTOR('',#4892,10.);
#830=VECTOR('',#4893,10.);
#831=VECTOR('',#4896,10.);
#832=VECTOR('',#4899,10.);
#833=VECTOR('',#4900,10.);
#834=VECTOR('',#4901,10.);
#835=VECTOR('',#4902,10.);
#836=VECTOR('',#4903,10.);
#837=VECTOR('',#4904,10.);
#838=VECTOR('',#4905,10.);
#839=VECTOR('',#4906,10.);
#840=VECTOR('',#4907,10.);
#841=VECTOR('',#4908,10.);
#842=VECTOR('',#4909,10.);
#843=VECTOR('',#4910,10.);
#844=VECTOR('',#4911,10.);
#845=VECTOR('',#4912,10.);
#846=VECTOR('',#4913,10.);
#847=VECTOR('',#4914,10.);
#848=VECTOR('',#4915,10.);
#849=VECTOR('',#4916,10.);
#850=VECTOR('',#4917,10.);
#851=VECTOR('',#4918,10.);
#852=VECTOR('',#4919,10.);
#853=VECTOR('',#4920,10.);
#854=VECTOR('',#4921,10.);
#855=VECTOR('',#4922,10.);
#856=VECTOR('',#4925,10.);
#857=VECTOR('',#4926,10.);
#858=VECTOR('',#4927,10.);
#859=VECTOR('',#4928,10.);
#860=VECTOR('',#4929,10.);
#861=VECTOR('',#4930,10.);
#862=VECTOR('',#4937,10.);
#863=VECTOR('',#4960,10.);
#864=VECTOR('',#4985,10.);
#865=VECTOR('',#4986,10.);
#866=VECTOR('',#5015,10.);
#867=VECTOR('',#5016,10.);
#868=VECTOR('',#5039,10.);
#869=VECTOR('',#5046,10.);
#870=VECTOR('',#5047,10.);
#871=VECTOR('',#5050,10.);
#872=VECTOR('',#5053,10.);
#873=VECTOR('',#5054,10.);
#874=VECTOR('',#5055,10.);
#875=VECTOR('',#5056,10.);
#876=VECTOR('',#5057,10.);
#877=VECTOR('',#5060,10.);
#878=VECTOR('',#5063,10.);
#879=VECTOR('',#5064,10.);
#880=VECTOR('',#5071,2.25);
#881=VECTOR('',#5078,2.);
#882=VECTOR('',#5083,2.25);
#883=VECTOR('',#5090,2.);
#884=VECTOR('',#5095,2.25);
#885=VECTOR('',#5102,2.);
#886=VECTOR('',#5107,2.25);
#887=VECTOR('',#5114,2.);
#888=VECTOR('',#5119,10.);
#889=VECTOR('',#5120,10.);
#890=VECTOR('',#5121,10.);
#891=VECTOR('',#5122,10.);
#892=VECTOR('',#5123,10.);
#893=VECTOR('',#5126,10.);
#894=VECTOR('',#5127,10.);
#895=VECTOR('',#5128,10.);
#896=VECTOR('',#5129,10.);
#897=VECTOR('',#5140,10.);
#898=VECTOR('',#5141,10.);
#899=VECTOR('',#5142,10.);
#900=VECTOR('',#5143,10.);
#901=VECTOR('',#5150,10.);
#902=VECTOR('',#5151,10.);
#903=VECTOR('',#5154,10.);
#904=VECTOR('',#5155,10.);
#905=VECTOR('',#5158,10.);
#906=VECTOR('',#5161,10.);
#907=VECTOR('',#5164,10.);
#908=VECTOR('',#5167,10.);
#909=VECTOR('',#5170,10.);
#910=VECTOR('',#5173,10.);
#911=VECTOR('',#5176,10.);
#912=VECTOR('',#5179,10.);
#913=VECTOR('',#5182,10.);
#914=VECTOR('',#5185,10.);
#915=VECTOR('',#5188,10.);
#916=VECTOR('',#5191,10.);
#917=VECTOR('',#5194,10.);
#918=VECTOR('',#5197,10.);
#919=VECTOR('',#5200,10.);
#920=VECTOR('',#5201,10.);
#921=VECTOR('',#5204,10.);
#922=VECTOR('',#5205,10.);
#923=VECTOR('',#5206,10.);
#924=VECTOR('',#5207,10.);
#925=VECTOR('',#5208,10.);
#926=VECTOR('',#5209,10.);
#927=VECTOR('',#5210,10.);
#928=VECTOR('',#5213,10.);
#929=VECTOR('',#5214,10.);
#930=VECTOR('',#5217,10.);
#931=VECTOR('',#5218,10.);
#932=VECTOR('',#5221,10.);
#933=VECTOR('',#5222,10.);
#934=VECTOR('',#5225,10.);
#935=VECTOR('',#5226,10.);
#936=VECTOR('',#5229,10.);
#937=VECTOR('',#5230,10.);
#938=VECTOR('',#5231,10.);
#939=VECTOR('',#5234,10.);
#940=VECTOR('',#5235,10.);
#941=VECTOR('',#5236,10.);
#942=VECTOR('',#5239,10.);
#943=VECTOR('',#5240,10.);
#944=VECTOR('',#5243,10.);
#945=VECTOR('',#5244,10.);
#946=VECTOR('',#5247,10.);
#947=VECTOR('',#5248,10.);
#948=VECTOR('',#5249,10.);
#949=VECTOR('',#5250,10.);
#950=VECTOR('',#5251,10.);
#951=VECTOR('',#5254,10.);
#952=VECTOR('',#5255,10.);
#953=VECTOR('',#5258,10.);
#954=VECTOR('',#5259,10.);
#955=VECTOR('',#5262,10.);
#956=VECTOR('',#5265,10.);
#957=VECTOR('',#5266,10.);
#958=VECTOR('',#5269,10.);
#959=VECTOR('',#5270,10.);
#960=VECTOR('',#5271,10.);
#961=VECTOR('',#5274,10.);
#962=VECTOR('',#5275,10.);
#963=VECTOR('',#5278,10.);
#964=VECTOR('',#5279,10.);
#965=VECTOR('',#5282,10.);
#966=VECTOR('',#5283,10.);
#967=VECTOR('',#5284,10.);
#968=VECTOR('',#5287,10.);
#969=VECTOR('',#5288,10.);
#970=VECTOR('',#5291,10.);
#971=VECTOR('',#5292,10.);
#972=VECTOR('',#5295,10.);
#973=VECTOR('',#5300,10.);
#974=VECTOR('',#5301,10.);
#975=VECTOR('',#5302,10.);
#976=VECTOR('',#5303,10.);
#977=VECTOR('',#5306,10.);
#978=VECTOR('',#5307,10.);
#979=VECTOR('',#5310,10.);
#980=VECTOR('',#5311,10.);
#981=VECTOR('',#5314,10.);
#982=VECTOR('',#5315,10.);
#983=VECTOR('',#5318,10.);
#984=VECTOR('',#5319,10.);
#985=VECTOR('',#5322,10.);
#986=VECTOR('',#5323,10.);
#987=VECTOR('',#5324,10.);
#988=VECTOR('',#5327,10.);
#989=VECTOR('',#5328,10.);
#990=VECTOR('',#5331,10.);
#991=VECTOR('',#5332,10.);
#992=VECTOR('',#5335,10.);
#993=VECTOR('',#5336,10.);
#994=VECTOR('',#5339,10.);
#995=VECTOR('',#5340,10.);
#996=VECTOR('',#5343,10.);
#997=VECTOR('',#5348,10.);
#998=VECTOR('',#5351,10.);
#999=VECTOR('',#5352,10.);
#1000=VECTOR('',#5355,10.);
#1001=VECTOR('',#5356,10.);
#1002=VECTOR('',#5357,10.);
#1003=VECTOR('',#5358,10.);
#1004=VECTOR('',#5361,10.);
#1005=VECTOR('',#5366,10.);
#1006=VECTOR('',#5367,10.);
#1007=VECTOR('',#5368,10.);
#1008=VECTOR('',#5371,10.);
#1009=VECTOR('',#5372,10.);
#1010=VECTOR('',#5373,10.);
#1011=VECTOR('',#5374,10.);
#1012=VECTOR('',#5377,10.);
#1013=VECTOR('',#5378,10.);
#1014=VECTOR('',#5381,10.);
#1015=VECTOR('',#5382,10.);
#1016=VECTOR('',#5383,10.);
#1017=VECTOR('',#5384,10.);
#1018=VECTOR('',#5387,10.);
#1019=VECTOR('',#5392,10.);
#1020=VECTOR('',#5393,10.);
#1021=VECTOR('',#5394,10.);
#1022=VECTOR('',#5397,10.);
#1023=VECTOR('',#5398,10.);
#1024=VECTOR('',#5401,10.);
#1025=VECTOR('',#5402,10.);
#1026=VECTOR('',#5405,10.);
#1027=VECTOR('',#5406,10.);
#1028=VECTOR('',#5409,10.);
#1029=VECTOR('',#5410,10.);
#1030=VECTOR('',#5413,10.);
#1031=VECTOR('',#5414,10.);
#1032=VECTOR('',#5417,10.);
#1033=VECTOR('',#5418,10.);
#1034=VECTOR('',#5421,10.);
#1035=VECTOR('',#5422,10.);
#1036=VECTOR('',#5425,10.);
#1037=VECTOR('',#5426,10.);
#1038=VECTOR('',#5429,10.);
#1039=VECTOR('',#5430,10.);
#1040=VECTOR('',#5433,10.);
#1041=VECTOR('',#5434,10.);
#1042=VECTOR('',#5437,10.);
#1043=VECTOR('',#5440,10.);
#1044=VECTOR('',#5441,10.);
#1045=VECTOR('',#5444,10.);
#1046=VECTOR('',#5445,10.);
#1047=VECTOR('',#5448,10.);
#1048=VECTOR('',#5449,10.);
#1049=VECTOR('',#5452,10.);
#1050=VECTOR('',#5453,10.);
#1051=VECTOR('',#5456,10.);
#1052=VECTOR('',#5457,10.);
#1053=VECTOR('',#5458,10.);
#1054=VECTOR('',#5461,10.);
#1055=VECTOR('',#5462,10.);
#1056=VECTOR('',#5465,10.);
#1057=VECTOR('',#5466,10.);
#1058=VECTOR('',#5469,10.);
#1059=VECTOR('',#5470,10.);
#1060=VECTOR('',#5473,10.);
#1061=VECTOR('',#5478,10.);
#1062=VECTOR('',#5479,10.);
#1063=VECTOR('',#5480,10.);
#1064=VECTOR('',#5483,10.);
#1065=VECTOR('',#5484,10.);
#1066=VECTOR('',#5487,10.);
#1067=VECTOR('',#5488,10.);
#1068=VECTOR('',#5489,10.);
#1069=VECTOR('',#5492,10.);
#1070=VECTOR('',#5493,10.);
#1071=VECTOR('',#5496,10.);
#1072=VECTOR('',#5497,10.);
#1073=VECTOR('',#5500,10.);
#1074=VECTOR('',#5501,10.);
#1075=VECTOR('',#5504,10.);
#1076=VECTOR('',#5505,10.);
#1077=VECTOR('',#5508,10.);
#1078=VECTOR('',#5509,10.);
#1079=VECTOR('',#5510,10.);
#1080=VECTOR('',#5513,10.);
#1081=VECTOR('',#5514,10.);
#1082=VECTOR('',#5517,10.);
#1083=VECTOR('',#5522,10.);
#1084=VECTOR('',#5523,10.);
#1085=VECTOR('',#5524,10.);
#1086=VECTOR('',#5527,10.);
#1087=VECTOR('',#5528,10.);
#1088=VECTOR('',#5531,10.);
#1089=VECTOR('',#5532,10.);
#1090=VECTOR('',#5535,10.);
#1091=VECTOR('',#5536,10.);
#1092=VECTOR('',#5539,10.);
#1093=VECTOR('',#5540,10.);
#1094=VECTOR('',#5543,10.);
#1095=VECTOR('',#5544,10.);
#1096=VECTOR('',#5547,10.);
#1097=VECTOR('',#5548,10.);
#1098=VECTOR('',#5551,10.);
#1099=VECTOR('',#5552,10.);
#1100=VECTOR('',#5555,10.);
#1101=VECTOR('',#5556,10.);
#1102=VECTOR('',#5559,10.);
#1103=VECTOR('',#5560,10.);
#1104=VECTOR('',#5563,10.);
#1105=VECTOR('',#5564,10.);
#1106=VECTOR('',#5567,10.);
#1107=VECTOR('',#5570,10.);
#1108=VECTOR('',#5571,10.);
#1109=VECTOR('',#5574,10.);
#1110=VECTOR('',#5575,10.);
#1111=VECTOR('',#5576,10.);
#1112=VECTOR('',#5577,10.);
#1113=VECTOR('',#5578,10.);
#1114=VECTOR('',#5579,10.);
#1115=VECTOR('',#5582,10.);
#1116=VECTOR('',#5583,10.);
#1117=VECTOR('',#5586,10.);
#1118=VECTOR('',#5587,10.);
#1119=VECTOR('',#5590,10.);
#1120=VECTOR('',#5591,10.);
#1121=VECTOR('',#5594,10.);
#1122=VECTOR('',#5595,10.);
#1123=VECTOR('',#5598,10.);
#1124=VECTOR('',#5599,10.);
#1125=VECTOR('',#5602,10.);
#1126=VECTOR('',#5603,10.);
#1127=VECTOR('',#5604,10.);
#1128=VECTOR('',#5613,10.);
#1129=VECTOR('',#5620,10.);
#1130=CYLINDRICAL_SURFACE('',#4259,2.);
#1131=CYLINDRICAL_SURFACE('',#4260,2.);
#1132=CYLINDRICAL_SURFACE('',#4271,2.);
#1133=CYLINDRICAL_SURFACE('',#4272,2.);
#1134=CYLINDRICAL_SURFACE('',#4273,2.);
#1135=CYLINDRICAL_SURFACE('',#4276,2.);
#1136=CYLINDRICAL_SURFACE('',#4279,2.);
#1137=CYLINDRICAL_SURFACE('',#4280,2.);
#1138=CYLINDRICAL_SURFACE('',#4297,2.);
#1139=CYLINDRICAL_SURFACE('',#4310,2.);
#1140=CYLINDRICAL_SURFACE('',#4323,2.);
#1141=CYLINDRICAL_SURFACE('',#4336,2.);
#1142=CYLINDRICAL_SURFACE('',#4341,4.);
#1143=CYLINDRICAL_SURFACE('',#4344,4.);
#1144=CYLINDRICAL_SURFACE('',#4346,4.);
#1145=CYLINDRICAL_SURFACE('',#4348,4.);
#1146=CYLINDRICAL_SURFACE('',#4351,4.);
#1147=CYLINDRICAL_SURFACE('',#4353,4.);
#1148=CYLINDRICAL_SURFACE('',#4360,1.);
#1149=CYLINDRICAL_SURFACE('',#4372,1.);
#1150=CYLINDRICAL_SURFACE('',#4384,1.);
#1151=CYLINDRICAL_SURFACE('',#4398,1.);
#1152=CYLINDRICAL_SURFACE('',#4410,4.);
#1153=CYLINDRICAL_SURFACE('',#4423,2.);
#1154=CYLINDRICAL_SURFACE('',#4428,2.);
#1155=CYLINDRICAL_SURFACE('',#4433,2.);
#1156=CYLINDRICAL_SURFACE('',#4438,2.);
#1157=CYLINDRICAL_SURFACE('',#4450,4.);
#1158=CYLINDRICAL_SURFACE('',#4452,4.);
#1159=CYLINDRICAL_SURFACE('',#4454,4.);
#1160=CYLINDRICAL_SURFACE('',#4457,4.);
#1161=CYLINDRICAL_SURFACE('',#4460,4.);
#1162=CYLINDRICAL_SURFACE('',#4461,4.);
#1163=CYLINDRICAL_SURFACE('',#4462,4.);
#1164=CYLINDRICAL_SURFACE('',#4464,4.);
#1165=CYLINDRICAL_SURFACE('',#4465,4.);
#1166=FACE_OUTER_BOUND('',#1404,.T.);
#1167=FACE_OUTER_BOUND('',#1405,.T.);
#1168=FACE_OUTER_BOUND('',#1406,.T.);
#1169=FACE_OUTER_BOUND('',#1407,.T.);
#1170=FACE_OUTER_BOUND('',#1408,.T.);
#1171=FACE_OUTER_BOUND('',#1409,.T.);
#1172=FACE_OUTER_BOUND('',#1410,.T.);
#1173=FACE_OUTER_BOUND('',#1411,.T.);
#1174=FACE_OUTER_BOUND('',#1412,.T.);
#1175=FACE_OUTER_BOUND('',#1413,.T.);
#1176=FACE_OUTER_BOUND('',#1414,.T.);
#1177=FACE_OUTER_BOUND('',#1415,.T.);
#1178=FACE_OUTER_BOUND('',#1416,.T.);
#1179=FACE_OUTER_BOUND('',#1417,.T.);
#1180=FACE_OUTER_BOUND('',#1418,.T.);
#1181=FACE_OUTER_BOUND('',#1419,.T.);
#1182=FACE_OUTER_BOUND('',#1420,.T.);
#1183=FACE_OUTER_BOUND('',#1421,.T.);
#1184=FACE_OUTER_BOUND('',#1422,.T.);
#1185=FACE_OUTER_BOUND('',#1423,.T.);
#1186=FACE_OUTER_BOUND('',#1424,.T.);
#1187=FACE_OUTER_BOUND('',#1425,.T.);
#1188=FACE_OUTER_BOUND('',#1426,.T.);
#1189=FACE_OUTER_BOUND('',#1427,.T.);
#1190=FACE_OUTER_BOUND('',#1428,.T.);
#1191=FACE_OUTER_BOUND('',#1429,.T.);
#1192=FACE_OUTER_BOUND('',#1430,.T.);
#1193=FACE_OUTER_BOUND('',#1431,.T.);
#1194=FACE_OUTER_BOUND('',#1432,.T.);
#1195=FACE_OUTER_BOUND('',#1433,.T.);
#1196=FACE_OUTER_BOUND('',#1434,.T.);
#1197=FACE_OUTER_BOUND('',#1435,.T.);
#1198=FACE_OUTER_BOUND('',#1436,.T.);
#1199=FACE_OUTER_BOUND('',#1437,.T.);
#1200=FACE_OUTER_BOUND('',#1438,.T.);
#1201=FACE_OUTER_BOUND('',#1439,.T.);
#1202=FACE_OUTER_BOUND('',#1440,.T.);
#1203=FACE_OUTER_BOUND('',#1441,.T.);
#1204=FACE_OUTER_BOUND('',#1442,.T.);
#1205=FACE_OUTER_BOUND('',#1443,.T.);
#1206=FACE_OUTER_BOUND('',#1444,.T.);
#1207=FACE_OUTER_BOUND('',#1445,.T.);
#1208=FACE_OUTER_BOUND('',#1446,.T.);
#1209=FACE_OUTER_BOUND('',#1456,.T.);
#1210=FACE_OUTER_BOUND('',#1457,.T.);
#1211=FACE_OUTER_BOUND('',#1458,.T.);
#1212=FACE_OUTER_BOUND('',#1459,.T.);
#1213=FACE_OUTER_BOUND('',#1460,.T.);
#1214=FACE_OUTER_BOUND('',#1461,.T.);
#1215=FACE_OUTER_BOUND('',#1462,.T.);
#1216=FACE_OUTER_BOUND('',#1463,.T.);
#1217=FACE_OUTER_BOUND('',#1464,.T.);
#1218=FACE_OUTER_BOUND('',#1465,.T.);
#1219=FACE_OUTER_BOUND('',#1466,.T.);
#1220=FACE_OUTER_BOUND('',#1467,.T.);
#1221=FACE_OUTER_BOUND('',#1468,.T.);
#1222=FACE_OUTER_BOUND('',#1469,.T.);
#1223=FACE_OUTER_BOUND('',#1470,.T.);
#1224=FACE_OUTER_BOUND('',#1471,.T.);
#1225=FACE_OUTER_BOUND('',#1472,.T.);
#1226=FACE_OUTER_BOUND('',#1473,.T.);
#1227=FACE_OUTER_BOUND('',#1479,.T.);
#1228=FACE_OUTER_BOUND('',#1480,.T.);
#1229=FACE_OUTER_BOUND('',#1481,.T.);
#1230=FACE_OUTER_BOUND('',#1482,.T.);
#1231=FACE_OUTER_BOUND('',#1483,.T.);
#1232=FACE_OUTER_BOUND('',#1484,.T.);
#1233=FACE_OUTER_BOUND('',#1485,.T.);
#1234=FACE_OUTER_BOUND('',#1486,.T.);
#1235=FACE_OUTER_BOUND('',#1487,.T.);
#1236=FACE_OUTER_BOUND('',#1488,.T.);
#1237=FACE_OUTER_BOUND('',#1489,.T.);
#1238=FACE_OUTER_BOUND('',#1490,.T.);
#1239=FACE_OUTER_BOUND('',#1491,.T.);
#1240=FACE_OUTER_BOUND('',#1492,.T.);
#1241=FACE_OUTER_BOUND('',#1493,.T.);
#1242=FACE_OUTER_BOUND('',#1494,.T.);
#1243=FACE_OUTER_BOUND('',#1495,.T.);
#1244=FACE_OUTER_BOUND('',#1496,.T.);
#1245=FACE_OUTER_BOUND('',#1497,.T.);
#1246=FACE_OUTER_BOUND('',#1498,.T.);
#1247=FACE_OUTER_BOUND('',#1499,.T.);
#1248=FACE_OUTER_BOUND('',#1500,.T.);
#1249=FACE_OUTER_BOUND('',#1501,.T.);
#1250=FACE_OUTER_BOUND('',#1502,.T.);
#1251=FACE_OUTER_BOUND('',#1503,.T.);
#1252=FACE_OUTER_BOUND('',#1504,.T.);
#1253=FACE_OUTER_BOUND('',#1505,.T.);
#1254=FACE_OUTER_BOUND('',#1506,.T.);
#1255=FACE_OUTER_BOUND('',#1507,.T.);
#1256=FACE_OUTER_BOUND('',#1508,.T.);
#1257=FACE_OUTER_BOUND('',#1509,.T.);
#1258=FACE_OUTER_BOUND('',#1510,.T.);
#1259=FACE_OUTER_BOUND('',#1511,.T.);
#1260=FACE_OUTER_BOUND('',#1512,.T.);
#1261=FACE_OUTER_BOUND('',#1513,.T.);
#1262=FACE_OUTER_BOUND('',#1514,.T.);
#1263=FACE_OUTER_BOUND('',#1515,.T.);
#1264=FACE_OUTER_BOUND('',#1516,.T.);
#1265=FACE_OUTER_BOUND('',#1517,.T.);
#1266=FACE_OUTER_BOUND('',#1518,.T.);
#1267=FACE_OUTER_BOUND('',#1519,.T.);
#1268=FACE_OUTER_BOUND('',#1520,.T.);
#1269=FACE_OUTER_BOUND('',#1521,.T.);
#1270=FACE_OUTER_BOUND('',#1522,.T.);
#1271=FACE_OUTER_BOUND('',#1523,.T.);
#1272=FACE_OUTER_BOUND('',#1524,.T.);
#1273=FACE_OUTER_BOUND('',#1525,.T.);
#1274=FACE_OUTER_BOUND('',#1526,.T.);
#1275=FACE_OUTER_BOUND('',#1527,.T.);
#1276=FACE_OUTER_BOUND('',#1528,.T.);
#1277=FACE_OUTER_BOUND('',#1529,.T.);
#1278=FACE_OUTER_BOUND('',#1530,.T.);
#1279=FACE_OUTER_BOUND('',#1531,.T.);
#1280=FACE_OUTER_BOUND('',#1532,.T.);
#1281=FACE_OUTER_BOUND('',#1533,.T.);
#1282=FACE_OUTER_BOUND('',#1534,.T.);
#1283=FACE_OUTER_BOUND('',#1535,.T.);
#1284=FACE_OUTER_BOUND('',#1536,.T.);
#1285=FACE_OUTER_BOUND('',#1537,.T.);
#1286=FACE_OUTER_BOUND('',#1538,.T.);
#1287=FACE_OUTER_BOUND('',#1539,.T.);
#1288=FACE_OUTER_BOUND('',#1540,.T.);
#1289=FACE_OUTER_BOUND('',#1541,.T.);
#1290=FACE_OUTER_BOUND('',#1542,.T.);
#1291=FACE_OUTER_BOUND('',#1543,.T.);
#1292=FACE_OUTER_BOUND('',#1544,.T.);
#1293=FACE_OUTER_BOUND('',#1545,.T.);
#1294=FACE_OUTER_BOUND('',#1546,.T.);
#1295=FACE_OUTER_BOUND('',#1547,.T.);
#1296=FACE_OUTER_BOUND('',#1548,.T.);
#1297=FACE_OUTER_BOUND('',#1549,.T.);
#1298=FACE_OUTER_BOUND('',#1550,.T.);
#1299=FACE_OUTER_BOUND('',#1551,.T.);
#1300=FACE_OUTER_BOUND('',#1552,.T.);
#1301=FACE_OUTER_BOUND('',#1553,.T.);
#1302=FACE_OUTER_BOUND('',#1554,.T.);
#1303=FACE_OUTER_BOUND('',#1555,.T.);
#1304=FACE_OUTER_BOUND('',#1556,.T.);
#1305=FACE_OUTER_BOUND('',#1557,.T.);
#1306=FACE_OUTER_BOUND('',#1558,.T.);
#1307=FACE_OUTER_BOUND('',#1559,.T.);
#1308=FACE_OUTER_BOUND('',#1560,.T.);
#1309=FACE_OUTER_BOUND('',#1561,.T.);
#1310=FACE_OUTER_BOUND('',#1562,.T.);
#1311=FACE_OUTER_BOUND('',#1563,.T.);
#1312=FACE_OUTER_BOUND('',#1564,.T.);
#1313=FACE_OUTER_BOUND('',#1565,.T.);
#1314=FACE_OUTER_BOUND('',#1566,.T.);
#1315=FACE_OUTER_BOUND('',#1567,.T.);
#1316=FACE_OUTER_BOUND('',#1568,.T.);
#1317=FACE_OUTER_BOUND('',#1569,.T.);
#1318=FACE_OUTER_BOUND('',#1570,.T.);
#1319=FACE_OUTER_BOUND('',#1571,.T.);
#1320=FACE_OUTER_BOUND('',#1572,.T.);
#1321=FACE_OUTER_BOUND('',#1573,.T.);
#1322=FACE_OUTER_BOUND('',#1574,.T.);
#1323=FACE_OUTER_BOUND('',#1575,.T.);
#1324=FACE_OUTER_BOUND('',#1576,.T.);
#1325=FACE_OUTER_BOUND('',#1578,.T.);
#1326=FACE_OUTER_BOUND('',#1579,.T.);
#1327=FACE_OUTER_BOUND('',#1580,.T.);
#1328=FACE_OUTER_BOUND('',#1581,.T.);
#1329=FACE_OUTER_BOUND('',#1582,.T.);
#1330=FACE_OUTER_BOUND('',#1583,.T.);
#1331=FACE_OUTER_BOUND('',#1584,.T.);
#1332=FACE_OUTER_BOUND('',#1585,.T.);
#1333=FACE_OUTER_BOUND('',#1586,.T.);
#1334=FACE_OUTER_BOUND('',#1587,.T.);
#1335=FACE_OUTER_BOUND('',#1588,.T.);
#1336=FACE_OUTER_BOUND('',#1589,.T.);
#1337=FACE_OUTER_BOUND('',#1590,.T.);
#1338=FACE_OUTER_BOUND('',#1591,.T.);
#1339=FACE_OUTER_BOUND('',#1592,.T.);
#1340=FACE_OUTER_BOUND('',#1593,.T.);
#1341=FACE_OUTER_BOUND('',#1594,.T.);
#1342=FACE_OUTER_BOUND('',#1595,.T.);
#1343=FACE_OUTER_BOUND('',#1596,.T.);
#1344=FACE_OUTER_BOUND('',#1597,.T.);
#1345=FACE_OUTER_BOUND('',#1598,.T.);
#1346=FACE_OUTER_BOUND('',#1599,.T.);
#1347=FACE_OUTER_BOUND('',#1600,.T.);
#1348=FACE_OUTER_BOUND('',#1601,.T.);
#1349=FACE_OUTER_BOUND('',#1602,.T.);
#1350=FACE_OUTER_BOUND('',#1603,.T.);
#1351=FACE_OUTER_BOUND('',#1604,.T.);
#1352=FACE_OUTER_BOUND('',#1605,.T.);
#1353=FACE_OUTER_BOUND('',#1606,.T.);
#1354=FACE_OUTER_BOUND('',#1607,.T.);
#1355=FACE_OUTER_BOUND('',#1608,.T.);
#1356=FACE_OUTER_BOUND('',#1609,.T.);
#1357=FACE_OUTER_BOUND('',#1610,.T.);
#1358=FACE_OUTER_BOUND('',#1611,.T.);
#1359=FACE_OUTER_BOUND('',#1612,.T.);
#1360=FACE_OUTER_BOUND('',#1613,.T.);
#1361=FACE_OUTER_BOUND('',#1614,.T.);
#1362=FACE_OUTER_BOUND('',#1615,.T.);
#1363=FACE_OUTER_BOUND('',#1616,.T.);
#1364=FACE_OUTER_BOUND('',#1617,.T.);
#1365=FACE_OUTER_BOUND('',#1618,.T.);
#1366=FACE_OUTER_BOUND('',#1619,.T.);
#1367=FACE_OUTER_BOUND('',#1620,.T.);
#1368=FACE_OUTER_BOUND('',#1621,.T.);
#1369=FACE_OUTER_BOUND('',#1622,.T.);
#1370=FACE_OUTER_BOUND('',#1623,.T.);
#1371=FACE_OUTER_BOUND('',#1624,.T.);
#1372=FACE_OUTER_BOUND('',#1625,.T.);
#1373=FACE_OUTER_BOUND('',#1626,.T.);
#1374=FACE_OUTER_BOUND('',#1627,.T.);
#1375=FACE_OUTER_BOUND('',#1628,.T.);
#1376=FACE_OUTER_BOUND('',#1629,.T.);
#1377=FACE_OUTER_BOUND('',#1630,.T.);
#1378=FACE_OUTER_BOUND('',#1631,.T.);
#1379=FACE_OUTER_BOUND('',#1632,.T.);
#1380=FACE_OUTER_BOUND('',#1633,.T.);
#1381=FACE_OUTER_BOUND('',#1634,.T.);
#1382=FACE_OUTER_BOUND('',#1635,.T.);
#1383=FACE_OUTER_BOUND('',#1636,.T.);
#1384=FACE_OUTER_BOUND('',#1637,.T.);
#1385=FACE_OUTER_BOUND('',#1638,.T.);
#1386=FACE_OUTER_BOUND('',#1639,.T.);
#1387=FACE_OUTER_BOUND('',#1640,.T.);
#1388=FACE_OUTER_BOUND('',#1641,.T.);
#1389=FACE_OUTER_BOUND('',#1642,.T.);
#1390=FACE_OUTER_BOUND('',#1644,.T.);
#1391=FACE_OUTER_BOUND('',#1645,.T.);
#1392=FACE_OUTER_BOUND('',#1646,.T.);
#1393=FACE_OUTER_BOUND('',#1647,.T.);
#1394=FACE_OUTER_BOUND('',#1648,.T.);
#1395=FACE_OUTER_BOUND('',#1649,.T.);
#1396=FACE_OUTER_BOUND('',#1650,.T.);
#1397=FACE_OUTER_BOUND('',#1651,.T.);
#1398=FACE_OUTER_BOUND('',#1652,.T.);
#1399=FACE_OUTER_BOUND('',#1653,.T.);
#1400=FACE_OUTER_BOUND('',#1654,.T.);
#1401=FACE_OUTER_BOUND('',#1655,.T.);
#1402=FACE_OUTER_BOUND('',#1656,.T.);
#1403=FACE_OUTER_BOUND('',#1657,.T.);
#1404=EDGE_LOOP('',(#2770,#2771,#2772));
#1405=EDGE_LOOP('',(#2773,#2774,#2775));
#1406=EDGE_LOOP('',(#2776,#2777,#2778,#2779));
#1407=EDGE_LOOP('',(#2780,#2781,#2782,#2783,#2784));
#1408=EDGE_LOOP('',(#2785,#2786,#2787));
#1409=EDGE_LOOP('',(#2788,#2789,#2790));
#1410=EDGE_LOOP('',(#2791,#2792,#2793,#2794));
#1411=EDGE_LOOP('',(#2795,#2796,#2797,#2798));
#1412=EDGE_LOOP('',(#2799,#2800,#2801,#2802,#2803));
#1413=EDGE_LOOP('',(#2804,#2805,#2806,#2807,#2808));
#1414=EDGE_LOOP('',(#2809,#2810,#2811,#2812));
#1415=EDGE_LOOP('',(#2813,#2814,#2815,#2816,#2817));
#1416=EDGE_LOOP('',(#2818,#2819,#2820,#2821));
#1417=EDGE_LOOP('',(#2822,#2823,#2824,#2825,#2826,#2827,#2828,#2829));
#1418=EDGE_LOOP('',(#2830,#2831,#2832,#2833,#2834,#2835));
#1419=EDGE_LOOP('',(#2836,#2837,#2838,#2839,#2840,#2841,#2842,#2843));
#1420=EDGE_LOOP('',(#2844,#2845,#2846,#2847,#2848,#2849));
#1421=EDGE_LOOP('',(#2850,#2851,#2852,#2853));
#1422=EDGE_LOOP('',(#2854,#2855,#2856,#2857));
#1423=EDGE_LOOP('',(#2858,#2859,#2860,#2861));
#1424=EDGE_LOOP('',(#2862,#2863,#2864,#2865));
#1425=EDGE_LOOP('',(#2866,#2867,#2868,#2869));
#1426=EDGE_LOOP('',(#2870,#2871,#2872,#2873));
#1427=EDGE_LOOP('',(#2874,#2875,#2876,#2877));
#1428=EDGE_LOOP('',(#2878,#2879,#2880,#2881));
#1429=EDGE_LOOP('',(#2882,#2883,#2884,#2885));
#1430=EDGE_LOOP('',(#2886,#2887,#2888,#2889));
#1431=EDGE_LOOP('',(#2890,#2891,#2892,#2893));
#1432=EDGE_LOOP('',(#2894,#2895,#2896,#2897));
#1433=EDGE_LOOP('',(#2898,#2899,#2900,#2901));
#1434=EDGE_LOOP('',(#2902,#2903,#2904,#2905));
#1435=EDGE_LOOP('',(#2906,#2907,#2908,#2909));
#1436=EDGE_LOOP('',(#2910,#2911,#2912,#2913));
#1437=EDGE_LOOP('',(#2914,#2915,#2916,#2917));
#1438=EDGE_LOOP('',(#2918,#2919,#2920,#2921));
#1439=EDGE_LOOP('',(#2922,#2923,#2924,#2925));
#1440=EDGE_LOOP('',(#2926,#2927,#2928,#2929));
#1441=EDGE_LOOP('',(#2930,#2931,#2932,#2933));
#1442=EDGE_LOOP('',(#2934,#2935,#2936,#2937));
#1443=EDGE_LOOP('',(#2938,#2939,#2940,#2941));
#1444=EDGE_LOOP('',(#2942,#2943,#2944,#2945));
#1445=EDGE_LOOP('',(#2946,#2947,#2948,#2949));
#1446=EDGE_LOOP('',(#2950,#2951,#2952,#2953,#2954,#2955,#2956,#2957,#2958,
#2959,#2960,#2961,#2962,#2963,#2964,#2965));
#1447=EDGE_LOOP('',(#2966,#2967,#2968,#2969,#2970,#2971,#2972,#2973,#2974,
#2975,#2976));
#1448=EDGE_LOOP('',(#2977,#2978,#2979,#2980,#2981,#2982,#2983,#2984,#2985,
#2986,#2987,#2988));
#1449=EDGE_LOOP('',(#2989,#2990,#2991,#2992,#2993,#2994,#2995,#2996,#2997,
#2998,#2999,#3000));
#1450=EDGE_LOOP('',(#3001,#3002,#3003,#3004,#3005,#3006,#3007,#3008,#3009,
#3010));
#1451=EDGE_LOOP('',(#3011,#3012,#3013,#3014,#3015,#3016,#3017,#3018,#3019,
#3020,#3021,#3022));
#1452=EDGE_LOOP('',(#3023,#3024,#3025,#3026,#3027,#3028,#3029,#3030,#3031));
#1453=EDGE_LOOP('',(#3032,#3033,#3034,#3035,#3036,#3037,#3038,#3039,#3040,
#3041,#3042,#3043,#3044));
#1454=EDGE_LOOP('',(#3045,#3046,#3047,#3048,#3049,#3050,#3051,#3052,#3053,
#3054));
#1455=EDGE_LOOP('',(#3055,#3056,#3057,#3058,#3059,#3060,#3061,#3062,#3063,
#3064,#3065,#3066,#3067,#3068,#3069,#3070,#3071,#3072,#3073,#3074,#3075,
#3076,#3077,#3078,#3079));
#1456=EDGE_LOOP('',(#3080,#3081,#3082,#3083));
#1457=EDGE_LOOP('',(#3084,#3085,#3086,#3087));
#1458=EDGE_LOOP('',(#3088,#3089,#3090,#3091));
#1459=EDGE_LOOP('',(#3092,#3093,#3094,#3095));
#1460=EDGE_LOOP('',(#3096,#3097,#3098,#3099));
#1461=EDGE_LOOP('',(#3100,#3101,#3102,#3103));
#1462=EDGE_LOOP('',(#3104,#3105,#3106,#3107));
#1463=EDGE_LOOP('',(#3108,#3109,#3110,#3111));
#1464=EDGE_LOOP('',(#3112,#3113,#3114,#3115));
#1465=EDGE_LOOP('',(#3116,#3117,#3118,#3119));
#1466=EDGE_LOOP('',(#3120,#3121,#3122,#3123));
#1467=EDGE_LOOP('',(#3124,#3125,#3126,#3127));
#1468=EDGE_LOOP('',(#3128,#3129,#3130,#3131));
#1469=EDGE_LOOP('',(#3132,#3133,#3134,#3135));
#1470=EDGE_LOOP('',(#3136,#3137,#3138,#3139));
#1471=EDGE_LOOP('',(#3140,#3141,#3142,#3143));
#1472=EDGE_LOOP('',(#3144,#3145,#3146,#3147));
#1473=EDGE_LOOP('',(#3148,#3149,#3150,#3151,#3152,#3153,#3154,#3155,#3156,
#3157,#3158,#3159,#3160,#3161,#3162,#3163));
#1474=EDGE_LOOP('',(#3164));
#1475=EDGE_LOOP('',(#3165));
#1476=EDGE_LOOP('',(#3166,#3167,#3168,#3169,#3170,#3171,#3172,#3173,#3174,
#3175,#3176,#3177,#3178,#3179,#3180,#3181));
#1477=EDGE_LOOP('',(#3182));
#1478=EDGE_LOOP('',(#3183));
#1479=EDGE_LOOP('',(#3184,#3185,#3186,#3187,#3188));
#1480=EDGE_LOOP('',(#3189,#3190,#3191,#3192,#3193));
#1481=EDGE_LOOP('',(#3194,#3195,#3196,#3197,#3198));
#1482=EDGE_LOOP('',(#3199,#3200,#3201,#3202,#3203));
#1483=EDGE_LOOP('',(#3204,#3205,#3206,#3207,#3208));
#1484=EDGE_LOOP('',(#3209,#3210,#3211,#3212,#3213));
#1485=EDGE_LOOP('',(#3214,#3215,#3216,#3217,#3218));
#1486=EDGE_LOOP('',(#3219,#3220,#3221,#3222,#3223));
#1487=EDGE_LOOP('',(#3224,#3225,#3226,#3227,#3228,#3229,#3230,#3231));
#1488=EDGE_LOOP('',(#3232,#3233,#3234,#3235,#3236,#3237));
#1489=EDGE_LOOP('',(#3238,#3239,#3240));
#1490=EDGE_LOOP('',(#3241,#3242,#3243));
#1491=EDGE_LOOP('',(#3244,#3245,#3246,#3247,#3248,#3249));
#1492=EDGE_LOOP('',(#3250,#3251,#3252));
#1493=EDGE_LOOP('',(#3253,#3254,#3255,#3256,#3257,#3258,#3259,#3260));
#1494=EDGE_LOOP('',(#3261,#3262,#3263,#3264));
#1495=EDGE_LOOP('',(#3265,#3266,#3267,#3268));
#1496=EDGE_LOOP('',(#3269,#3270,#3271,#3272));
#1497=EDGE_LOOP('',(#3273,#3274,#3275,#3276));
#1498=EDGE_LOOP('',(#3277,#3278,#3279,#3280));
#1499=EDGE_LOOP('',(#3281,#3282,#3283,#3284));
#1500=EDGE_LOOP('',(#3285,#3286,#3287,#3288));
#1501=EDGE_LOOP('',(#3289,#3290,#3291,#3292));
#1502=EDGE_LOOP('',(#3293,#3294,#3295,#3296));
#1503=EDGE_LOOP('',(#3297,#3298,#3299,#3300));
#1504=EDGE_LOOP('',(#3301,#3302,#3303,#3304));
#1505=EDGE_LOOP('',(#3305,#3306,#3307,#3308));
#1506=EDGE_LOOP('',(#3309,#3310,#3311,#3312));
#1507=EDGE_LOOP('',(#3313,#3314,#3315,#3316));
#1508=EDGE_LOOP('',(#3317,#3318,#3319,#3320));
#1509=EDGE_LOOP('',(#3321,#3322,#3323,#3324));
#1510=EDGE_LOOP('',(#3325,#3326,#3327,#3328));
#1511=EDGE_LOOP('',(#3329,#3330,#3331,#3332));
#1512=EDGE_LOOP('',(#3333,#3334,#3335,#3336));
#1513=EDGE_LOOP('',(#3337,#3338,#3339,#3340));
#1514=EDGE_LOOP('',(#3341,#3342,#3343,#3344));
#1515=EDGE_LOOP('',(#3345,#3346,#3347,#3348));
#1516=EDGE_LOOP('',(#3349,#3350,#3351,#3352));
#1517=EDGE_LOOP('',(#3353,#3354,#3355,#3356));
#1518=EDGE_LOOP('',(#3357,#3358,#3359,#3360));
#1519=EDGE_LOOP('',(#3361,#3362,#3363,#3364));
#1520=EDGE_LOOP('',(#3365,#3366,#3367,#3368));
#1521=EDGE_LOOP('',(#3369,#3370,#3371,#3372));
#1522=EDGE_LOOP('',(#3373,#3374,#3375,#3376));
#1523=EDGE_LOOP('',(#3377,#3378,#3379,#3380));
#1524=EDGE_LOOP('',(#3381,#3382,#3383,#3384));
#1525=EDGE_LOOP('',(#3385,#3386,#3387,#3388));
#1526=EDGE_LOOP('',(#3389,#3390,#3391,#3392));
#1527=EDGE_LOOP('',(#3393,#3394,#3395,#3396));
#1528=EDGE_LOOP('',(#3397,#3398,#3399,#3400));
#1529=EDGE_LOOP('',(#3401,#3402,#3403,#3404));
#1530=EDGE_LOOP('',(#3405,#3406,#3407,#3408));
#1531=EDGE_LOOP('',(#3409,#3410,#3411,#3412));
#1532=EDGE_LOOP('',(#3413,#3414,#3415,#3416));
#1533=EDGE_LOOP('',(#3417,#3418,#3419,#3420));
#1534=EDGE_LOOP('',(#3421,#3422,#3423,#3424,#3425,#3426,#3427,#3428,#3429,
#3430,#3431,#3432,#3433,#3434,#3435,#3436,#3437,#3438,#3439,#3440,#3441,
#3442,#3443,#3444,#3445));
#1535=EDGE_LOOP('',(#3446,#3447,#3448,#3449));
#1536=EDGE_LOOP('',(#3450,#3451,#3452,#3453));
#1537=EDGE_LOOP('',(#3454,#3455,#3456,#3457));
#1538=EDGE_LOOP('',(#3458,#3459,#3460,#3461));
#1539=EDGE_LOOP('',(#3462,#3463,#3464,#3465));
#1540=EDGE_LOOP('',(#3466,#3467,#3468,#3469));
#1541=EDGE_LOOP('',(#3470,#3471,#3472,#3473));
#1542=EDGE_LOOP('',(#3474,#3475,#3476,#3477));
#1543=EDGE_LOOP('',(#3478,#3479,#3480,#3481));
#1544=EDGE_LOOP('',(#3482,#3483,#3484,#3485));
#1545=EDGE_LOOP('',(#3486,#3487,#3488,#3489,#3490,#3491,#3492,#3493,#3494,
#3495));
#1546=EDGE_LOOP('',(#3496,#3497,#3498,#3499));
#1547=EDGE_LOOP('',(#3500,#3501,#3502,#3503));
#1548=EDGE_LOOP('',(#3504,#3505,#3506,#3507));
#1549=EDGE_LOOP('',(#3508,#3509,#3510,#3511));
#1550=EDGE_LOOP('',(#3512,#3513,#3514,#3515));
#1551=EDGE_LOOP('',(#3516,#3517,#3518,#3519));
#1552=EDGE_LOOP('',(#3520,#3521,#3522,#3523));
#1553=EDGE_LOOP('',(#3524,#3525,#3526,#3527));
#1554=EDGE_LOOP('',(#3528,#3529,#3530,#3531));
#1555=EDGE_LOOP('',(#3532,#3533,#3534,#3535));
#1556=EDGE_LOOP('',(#3536,#3537,#3538,#3539));
#1557=EDGE_LOOP('',(#3540,#3541,#3542,#3543));
#1558=EDGE_LOOP('',(#3544,#3545,#3546,#3547));
#1559=EDGE_LOOP('',(#3548,#3549,#3550,#3551,#3552,#3553,#3554,#3555,#3556,
#3557,#3558,#3559,#3560));
#1560=EDGE_LOOP('',(#3561,#3562,#3563,#3564));
#1561=EDGE_LOOP('',(#3565,#3566,#3567,#3568));
#1562=EDGE_LOOP('',(#3569,#3570,#3571,#3572));
#1563=EDGE_LOOP('',(#3573,#3574,#3575,#3576));
#1564=EDGE_LOOP('',(#3577,#3578,#3579,#3580));
#1565=EDGE_LOOP('',(#3581,#3582,#3583,#3584));
#1566=EDGE_LOOP('',(#3585,#3586,#3587,#3588));
#1567=EDGE_LOOP('',(#3589,#3590,#3591,#3592));
#1568=EDGE_LOOP('',(#3593,#3594,#3595,#3596));
#1569=EDGE_LOOP('',(#3597,#3598,#3599,#3600));
#1570=EDGE_LOOP('',(#3601,#3602,#3603,#3604));
#1571=EDGE_LOOP('',(#3605,#3606,#3607,#3608));
#1572=EDGE_LOOP('',(#3609,#3610,#3611,#3612));
#1573=EDGE_LOOP('',(#3613,#3614,#3615,#3616));
#1574=EDGE_LOOP('',(#3617,#3618,#3619,#3620));
#1575=EDGE_LOOP('',(#3621,#3622,#3623,#3624));
#1576=EDGE_LOOP('',(#3625,#3626,#3627,#3628,#3629,#3630,#3631,#3632,#3633));
#1577=EDGE_LOOP('',(#3634,#3635,#3636,#3637,#3638,#3639,#3640));
#1578=EDGE_LOOP('',(#3641,#3642,#3643,#3644));
#1579=EDGE_LOOP('',(#3645,#3646,#3647,#3648));
#1580=EDGE_LOOP('',(#3649,#3650,#3651,#3652));
#1581=EDGE_LOOP('',(#3653,#3654,#3655,#3656));
#1582=EDGE_LOOP('',(#3657,#3658,#3659,#3660));
#1583=EDGE_LOOP('',(#3661,#3662,#3663,#3664));
#1584=EDGE_LOOP('',(#3665,#3666,#3667,#3668));
#1585=EDGE_LOOP('',(#3669,#3670,#3671,#3672));
#1586=EDGE_LOOP('',(#3673,#3674,#3675,#3676));
#1587=EDGE_LOOP('',(#3677,#3678,#3679,#3680));
#1588=EDGE_LOOP('',(#3681,#3682,#3683,#3684));
#1589=EDGE_LOOP('',(#3685,#3686,#3687,#3688));
#1590=EDGE_LOOP('',(#3689,#3690,#3691,#3692,#3693,#3694,#3695,#3696,#3697,
#3698,#3699,#3700));
#1591=EDGE_LOOP('',(#3701,#3702,#3703,#3704));
#1592=EDGE_LOOP('',(#3705,#3706,#3707,#3708));
#1593=EDGE_LOOP('',(#3709,#3710,#3711,#3712));
#1594=EDGE_LOOP('',(#3713,#3714,#3715,#3716));
#1595=EDGE_LOOP('',(#3717,#3718,#3719,#3720));
#1596=EDGE_LOOP('',(#3721,#3722,#3723,#3724));
#1597=EDGE_LOOP('',(#3725,#3726,#3727,#3728));
#1598=EDGE_LOOP('',(#3729,#3730,#3731,#3732));
#1599=EDGE_LOOP('',(#3733,#3734,#3735,#3736));
#1600=EDGE_LOOP('',(#3737,#3738,#3739,#3740));
#1601=EDGE_LOOP('',(#3741,#3742,#3743,#3744,#3745,#3746,#3747,#3748,#3749,
#3750));
#1602=EDGE_LOOP('',(#3751,#3752,#3753,#3754));
#1603=EDGE_LOOP('',(#3755,#3756,#3757,#3758));
#1604=EDGE_LOOP('',(#3759,#3760,#3761,#3762));
#1605=EDGE_LOOP('',(#3763,#3764,#3765,#3766));
#1606=EDGE_LOOP('',(#3767,#3768,#3769,#3770));
#1607=EDGE_LOOP('',(#3771,#3772,#3773,#3774));
#1608=EDGE_LOOP('',(#3775,#3776,#3777,#3778));
#1609=EDGE_LOOP('',(#3779,#3780,#3781,#3782));
#1610=EDGE_LOOP('',(#3783,#3784,#3785,#3786));
#1611=EDGE_LOOP('',(#3787,#3788,#3789,#3790));
#1612=EDGE_LOOP('',(#3791,#3792,#3793,#3794));
#1613=EDGE_LOOP('',(#3795,#3796,#3797,#3798));
#1614=EDGE_LOOP('',(#3799,#3800,#3801,#3802,#3803,#3804,#3805,#3806,#3807,
#3808,#3809,#3810));
#1615=EDGE_LOOP('',(#3811,#3812,#3813,#3814));
#1616=EDGE_LOOP('',(#3815,#3816,#3817,#3818));
#1617=EDGE_LOOP('',(#3819,#3820,#3821,#3822));
#1618=EDGE_LOOP('',(#3823,#3824,#3825,#3826));
#1619=EDGE_LOOP('',(#3827,#3828,#3829,#3830));
#1620=EDGE_LOOP('',(#3831,#3832,#3833,#3834));
#1621=EDGE_LOOP('',(#3835,#3836,#3837,#3838));
#1622=EDGE_LOOP('',(#3839,#3840,#3841,#3842));
#1623=EDGE_LOOP('',(#3843,#3844,#3845,#3846));
#1624=EDGE_LOOP('',(#3847,#3848,#3849,#3850));
#1625=EDGE_LOOP('',(#3851,#3852,#3853,#3854));
#1626=EDGE_LOOP('',(#3855,#3856,#3857,#3858));
#1627=EDGE_LOOP('',(#3859,#3860,#3861,#3862,#3863,#3864,#3865,#3866,#3867,
#3868,#3869,#3870));
#1628=EDGE_LOOP('',(#3871,#3872,#3873,#3874));
#1629=EDGE_LOOP('',(#3875,#3876,#3877,#3878));
#1630=EDGE_LOOP('',(#3879,#3880,#3881,#3882));
#1631=EDGE_LOOP('',(#3883,#3884,#3885,#3886));
#1632=EDGE_LOOP('',(#3887,#3888,#3889,#3890));
#1633=EDGE_LOOP('',(#3891,#3892,#3893,#3894));
#1634=EDGE_LOOP('',(#3895,#3896,#3897,#3898));
#1635=EDGE_LOOP('',(#3899,#3900,#3901,#3902));
#1636=EDGE_LOOP('',(#3903,#3904,#3905,#3906));
#1637=EDGE_LOOP('',(#3907,#3908,#3909,#3910));
#1638=EDGE_LOOP('',(#3911,#3912,#3913,#3914));
#1639=EDGE_LOOP('',(#3915,#3916,#3917,#3918));
#1640=EDGE_LOOP('',(#3919,#3920,#3921,#3922));
#1641=EDGE_LOOP('',(#3923,#3924,#3925,#3926));
#1642=EDGE_LOOP('',(#3927,#3928,#3929,#3930,#3931,#3932,#3933,#3934,#3935,
#3936,#3937));
#1643=EDGE_LOOP('',(#3938,#3939,#3940));
#1644=EDGE_LOOP('',(#3941,#3942,#3943));
#1645=EDGE_LOOP('',(#3944,#3945,#3946,#3947));
#1646=EDGE_LOOP('',(#3948,#3949,#3950,#3951));
#1647=EDGE_LOOP('',(#3952,#3953,#3954,#3955));
#1648=EDGE_LOOP('',(#3956,#3957,#3958,#3959));
#1649=EDGE_LOOP('',(#3960,#3961,#3962,#3963));
#1650=EDGE_LOOP('',(#3964,#3965,#3966,#3967));
#1651=EDGE_LOOP('',(#3968,#3969,#3970));
#1652=EDGE_LOOP('',(#3971,#3972,#3973,#3974));
#1653=EDGE_LOOP('',(#3975));
#1654=EDGE_LOOP('',(#3976));
#1655=EDGE_LOOP('',(#3977));
#1656=EDGE_LOOP('',(#3978));
#1657=EDGE_LOOP('',(#3979,#3980,#3981,#3982,#3983,#3984,#3985));
#1658=CIRCLE('',#4252,2.);
#1659=CIRCLE('',#4253,2.);
#1660=CIRCLE('',#4254,2.00000000000001);
#1661=CIRCLE('',#4256,2.);
#1662=CIRCLE('',#4257,2.);
#1663=CIRCLE('',#4258,2.00000000000001);
#1664=CIRCLE('',#4264,2.);
#1665=CIRCLE('',#4265,2.);
#1666=CIRCLE('',#4266,1.99999999999999);
#1667=CIRCLE('',#4268,2.);
#1668=CIRCLE('',#4269,2.);
#1669=CIRCLE('',#4270,2.);
#1670=CIRCLE('',#4289,2.);
#1671=CIRCLE('',#4290,4.);
#1672=CIRCLE('',#4291,2.);
#1673=CIRCLE('',#4292,2.);
#1674=CIRCLE('',#4294,1.99999999999999);
#1675=CIRCLE('',#4295,6.);
#1676=CIRCLE('',#4296,4.);
#1677=CIRCLE('',#4298,2.);
#1678=CIRCLE('',#4300,2.);
#1679=CIRCLE('',#4301,6.);
#1680=CIRCLE('',#4302,4.);
#1681=CIRCLE('',#4303,2.);
#1682=CIRCLE('',#4304,2.);
#1683=CIRCLE('',#4305,4.);
#1684=CIRCLE('',#4307,2.);
#1685=CIRCLE('',#4308,6.);
#1686=CIRCLE('',#4309,4.);
#1687=CIRCLE('',#4311,2.);
#1688=CIRCLE('',#4313,2.);
#1689=CIRCLE('',#4314,6.);
#1690=CIRCLE('',#4315,4.);
#1691=CIRCLE('',#4316,2.);
#1692=CIRCLE('',#4317,2.);
#1693=CIRCLE('',#4318,4.);
#1694=CIRCLE('',#4320,1.99999999999999);
#1695=CIRCLE('',#4321,6.);
#1696=CIRCLE('',#4322,4.);
#1697=CIRCLE('',#4324,1.99999999999999);
#1698=CIRCLE('',#4326,2.);
#1699=CIRCLE('',#4327,6.);
#1700=CIRCLE('',#4328,4.);
#1701=CIRCLE('',#4329,2.);
#1702=CIRCLE('',#4330,2.);
#1703=CIRCLE('',#4331,4.);
#1704=CIRCLE('',#4333,2.);
#1705=CIRCLE('',#4334,6.);
#1706=CIRCLE('',#4335,4.);
#1707=CIRCLE('',#4337,2.);
#1708=CIRCLE('',#4339,4.);
#1709=CIRCLE('',#4340,6.);
#1710=CIRCLE('',#4342,4.);
#1711=CIRCLE('',#4345,4.);
#1712=CIRCLE('',#4347,4.);
#1713=CIRCLE('',#4349,4.);
#1714=CIRCLE('',#4352,4.);
#1715=CIRCLE('',#4354,4.);
#1716=CIRCLE('',#4361,1.);
#1717=CIRCLE('',#4362,1.);
#1718=CIRCLE('',#4364,1.);
#1719=CIRCLE('',#4365,5.);
#1720=CIRCLE('',#4367,1.);
#1721=CIRCLE('',#4368,3.);
#1722=CIRCLE('',#4370,0.999999999999988);
#1723=CIRCLE('',#4371,5.);
#1724=CIRCLE('',#4373,0.999999999999988);
#1725=CIRCLE('',#4375,1.);
#1726=CIRCLE('',#4376,5.);
#1727=CIRCLE('',#4378,1.);
#1728=CIRCLE('',#4379,3.);
#1729=CIRCLE('',#4381,1.00000000000001);
#1730=CIRCLE('',#4382,5.);
#1731=CIRCLE('',#4383,4.);
#1732=CIRCLE('',#4385,1.00000000000001);
#1733=CIRCLE('',#4387,0.999999999999992);
#1734=CIRCLE('',#4388,5.);
#1735=CIRCLE('',#4389,4.);
#1736=CIRCLE('',#4391,1.);
#1737=CIRCLE('',#4392,3.);
#1738=CIRCLE('',#4393,4.);
#1739=CIRCLE('',#4395,0.999999999999988);
#1740=CIRCLE('',#4396,5.);
#1741=CIRCLE('',#4397,4.);
#1742=CIRCLE('',#4399,0.999999999999996);
#1743=CIRCLE('',#4401,1.);
#1744=CIRCLE('',#4402,5.);
#1745=CIRCLE('',#4403,4.);
#1746=CIRCLE('',#4405,0.999999999999999);
#1747=CIRCLE('',#4406,3.);
#1748=CIRCLE('',#4407,4.);
#1749=CIRCLE('',#4409,5.);
#1750=CIRCLE('',#4412,2.5);
#1751=CIRCLE('',#4413,2.5);
#1752=CIRCLE('',#4414,4.);
#1753=CIRCLE('',#4415,4.);
#1754=CIRCLE('',#4416,4.);
#1755=CIRCLE('',#4417,4.);
#1756=CIRCLE('',#4418,2.5);
#1757=CIRCLE('',#4419,2.5);
#1758=CIRCLE('',#4421,2.);
#1759=CIRCLE('',#4422,2.);
#1760=CIRCLE('',#4424,2.);
#1761=CIRCLE('',#4426,2.);
#1762=CIRCLE('',#4427,2.);
#1763=CIRCLE('',#4429,2.);
#1764=CIRCLE('',#4431,2.);
#1765=CIRCLE('',#4432,2.);
#1766=CIRCLE('',#4434,2.);
#1767=CIRCLE('',#4436,2.);
#1768=CIRCLE('',#4437,2.);
#1769=CIRCLE('',#4439,2.);
#1770=CIRCLE('',#4443,4.);
#1771=CIRCLE('',#4445,4.);
#1772=CIRCLE('',#4448,4.);
#1773=CIRCLE('',#4455,4.);
#1774=VERTEX_POINT('',#5639);
#1775=VERTEX_POINT('',#5640);
#1776=VERTEX_POINT('',#5642);
#1777=VERTEX_POINT('',#5646);
#1778=VERTEX_POINT('',#5647);
#1779=VERTEX_POINT('',#5649);
#1780=VERTEX_POINT('',#5656);
#1781=VERTEX_POINT('',#5657);
#1782=VERTEX_POINT('',#5660);
#1783=VERTEX_POINT('',#5664);
#1784=VERTEX_POINT('',#5665);
#1785=VERTEX_POINT('',#5667);
#1786=VERTEX_POINT('',#5671);
#1787=VERTEX_POINT('',#5672);
#1788=VERTEX_POINT('',#5674);
#1789=VERTEX_POINT('',#5684);
#1790=VERTEX_POINT('',#5685);
#1791=VERTEX_POINT('',#5688);
#1792=VERTEX_POINT('',#5692);
#1793=VERTEX_POINT('',#5693);
#1794=VERTEX_POINT('',#5696);
#1795=VERTEX_POINT('',#5703);
#1796=VERTEX_POINT('',#5704);
#1797=VERTEX_POINT('',#5707);
#1798=VERTEX_POINT('',#5713);
#1799=VERTEX_POINT('',#5715);
#1800=VERTEX_POINT('',#5717);
#1801=VERTEX_POINT('',#5719);
#1802=VERTEX_POINT('',#5723);
#1803=VERTEX_POINT('',#5725);
#1804=VERTEX_POINT('',#5727);
#1805=VERTEX_POINT('',#5731);
#1806=VERTEX_POINT('',#5733);
#1807=VERTEX_POINT('',#5735);
#1808=VERTEX_POINT('',#5739);
#1809=VERTEX_POINT('',#5741);
#1810=VERTEX_POINT('',#5743);
#1811=VERTEX_POINT('',#5768);
#1812=VERTEX_POINT('',#5769);
#1813=VERTEX_POINT('',#5771);
#1814=VERTEX_POINT('',#5773);
#1815=VERTEX_POINT('',#5777);
#1816=VERTEX_POINT('',#5778);
#1817=VERTEX_POINT('',#5783);
#1818=VERTEX_POINT('',#5784);
#1819=VERTEX_POINT('',#5789);
#1820=VERTEX_POINT('',#5790);
#1821=VERTEX_POINT('',#5815);
#1822=VERTEX_POINT('',#5816);
#1823=VERTEX_POINT('',#5821);
#1824=VERTEX_POINT('',#5822);
#1825=VERTEX_POINT('',#5827);
#1826=VERTEX_POINT('',#5828);
#1827=VERTEX_POINT('',#5833);
#1828=VERTEX_POINT('',#5834);
#1829=VERTEX_POINT('',#5859);
#1830=VERTEX_POINT('',#5860);
#1831=VERTEX_POINT('',#5865);
#1832=VERTEX_POINT('',#5866);
#1833=VERTEX_POINT('',#5871);
#1834=VERTEX_POINT('',#5872);
#1835=VERTEX_POINT('',#5877);
#1836=VERTEX_POINT('',#5878);
#1837=VERTEX_POINT('',#5903);
#1838=VERTEX_POINT('',#5904);
#1839=VERTEX_POINT('',#5909);
#1840=VERTEX_POINT('',#5910);
#1841=VERTEX_POINT('',#5915);
#1842=VERTEX_POINT('',#5916);
#1843=VERTEX_POINT('',#5924);
#1844=VERTEX_POINT('',#5926);
#1845=VERTEX_POINT('',#5930);
#1846=VERTEX_POINT('',#5934);
#1847=VERTEX_POINT('',#5938);
#1848=VERTEX_POINT('',#5942);
#1849=VERTEX_POINT('',#5946);
#1850=VERTEX_POINT('',#5950);
#1851=VERTEX_POINT('',#5954);
#1852=VERTEX_POINT('',#5958);
#1853=VERTEX_POINT('',#5959);
#1854=VERTEX_POINT('',#5967);
#1855=VERTEX_POINT('',#5978);
#1856=VERTEX_POINT('',#5983);
#1857=VERTEX_POINT('',#5985);
#1858=VERTEX_POINT('',#5987);
#1859=VERTEX_POINT('',#5989);
#1860=VERTEX_POINT('',#5991);
#1861=VERTEX_POINT('',#5993);
#1862=VERTEX_POINT('',#5998);
#1863=VERTEX_POINT('',#6007);
#1864=VERTEX_POINT('',#6008);
#1865=VERTEX_POINT('',#6010);
#1866=VERTEX_POINT('',#6012);
#1867=VERTEX_POINT('',#6014);
#1868=VERTEX_POINT('',#6016);
#1869=VERTEX_POINT('',#6018);
#1870=VERTEX_POINT('',#6020);
#1871=VERTEX_POINT('',#6022);
#1872=VERTEX_POINT('',#6024);
#1873=VERTEX_POINT('',#6026);
#1874=VERTEX_POINT('',#6028);
#1875=VERTEX_POINT('',#6031);
#1876=VERTEX_POINT('',#6032);
#1877=VERTEX_POINT('',#6034);
#1878=VERTEX_POINT('',#6036);
#1879=VERTEX_POINT('',#6038);
#1880=VERTEX_POINT('',#6052);
#1881=VERTEX_POINT('',#6054);
#1882=VERTEX_POINT('',#6056);
#1883=VERTEX_POINT('',#6058);
#1884=VERTEX_POINT('',#6060);
#1885=VERTEX_POINT('',#6062);
#1886=VERTEX_POINT('',#6076);
#1887=VERTEX_POINT('',#6079);
#1888=VERTEX_POINT('',#6080);
#1889=VERTEX_POINT('',#6094);
#1890=VERTEX_POINT('',#6096);
#1891=VERTEX_POINT('',#6098);
#1892=VERTEX_POINT('',#6100);
#1893=VERTEX_POINT('',#6102);
#1894=VERTEX_POINT('',#6116);
#1895=VERTEX_POINT('',#6118);
#1896=VERTEX_POINT('',#6120);
#1897=VERTEX_POINT('',#6123);
#1898=VERTEX_POINT('',#6124);
#1899=VERTEX_POINT('',#6126);
#1900=VERTEX_POINT('',#6128);
#1901=VERTEX_POINT('',#6130);
#1902=VERTEX_POINT('',#6132);
#1903=VERTEX_POINT('',#6134);
#1904=VERTEX_POINT('',#6136);
#1905=VERTEX_POINT('',#6138);
#1906=VERTEX_POINT('',#6140);
#1907=VERTEX_POINT('',#6142);
#1908=VERTEX_POINT('',#6144);
#1909=VERTEX_POINT('',#6147);
#1910=VERTEX_POINT('',#6148);
#1911=VERTEX_POINT('',#6150);
#1912=VERTEX_POINT('',#6170);
#1913=VERTEX_POINT('',#6181);
#1914=VERTEX_POINT('',#6183);
#1915=VERTEX_POINT('',#6194);
#1916=VERTEX_POINT('',#6196);
#1917=VERTEX_POINT('',#6201);
#1918=VERTEX_POINT('',#6213);
#1919=VERTEX_POINT('',#6214);
#1920=VERTEX_POINT('',#6216);
#1921=VERTEX_POINT('',#6218);
#1922=VERTEX_POINT('',#6220);
#1923=VERTEX_POINT('',#6222);
#1924=VERTEX_POINT('',#6224);
#1925=VERTEX_POINT('',#6226);
#1926=VERTEX_POINT('',#6243);
#1927=VERTEX_POINT('',#6245);
#1928=VERTEX_POINT('',#6247);
#1929=VERTEX_POINT('',#6249);
#1930=VERTEX_POINT('',#6251);
#1931=VERTEX_POINT('',#6269);
#1932=VERTEX_POINT('',#6270);
#1933=VERTEX_POINT('',#6281);
#1934=VERTEX_POINT('',#6283);
#1935=VERTEX_POINT('',#6285);
#1936=VERTEX_POINT('',#6287);
#1937=VERTEX_POINT('',#6301);
#1938=VERTEX_POINT('',#6303);
#1939=VERTEX_POINT('',#6305);
#1940=VERTEX_POINT('',#6307);
#1941=VERTEX_POINT('',#6313);
#1942=VERTEX_POINT('',#6314);
#1943=VERTEX_POINT('',#6322);
#1944=VERTEX_POINT('',#6324);
#1945=VERTEX_POINT('',#6326);
#1946=VERTEX_POINT('',#6328);
#1947=VERTEX_POINT('',#6333);
#1948=VERTEX_POINT('',#6341);
#1949=VERTEX_POINT('',#6349);
#1950=VERTEX_POINT('',#6351);
#1951=VERTEX_POINT('',#6353);
#1952=VERTEX_POINT('',#6355);
#1953=VERTEX_POINT('',#6360);
#1954=VERTEX_POINT('',#6368);
#1955=VERTEX_POINT('',#6373);
#1956=VERTEX_POINT('',#6375);
#1957=VERTEX_POINT('',#6377);
#1958=VERTEX_POINT('',#6379);
#1959=VERTEX_POINT('',#6381);
#1960=VERTEX_POINT('',#6383);
#1961=VERTEX_POINT('',#6385);
#1962=VERTEX_POINT('',#6390);
#1963=VERTEX_POINT('',#6401);
#1964=VERTEX_POINT('',#6406);
#1965=VERTEX_POINT('',#6411);
#1966=VERTEX_POINT('',#6424);
#1967=VERTEX_POINT('',#6426);
#1968=VERTEX_POINT('',#6430);
#1969=VERTEX_POINT('',#6434);
#1970=VERTEX_POINT('',#6438);
#1971=VERTEX_POINT('',#6442);
#1972=VERTEX_POINT('',#6446);
#1973=VERTEX_POINT('',#6450);
#1974=VERTEX_POINT('',#6454);
#1975=VERTEX_POINT('',#6455);
#1976=VERTEX_POINT('',#6460);
#1977=VERTEX_POINT('',#6461);
#1978=VERTEX_POINT('',#6466);
#1979=VERTEX_POINT('',#6467);
#1980=VERTEX_POINT('',#6472);
#1981=VERTEX_POINT('',#6473);
#1982=VERTEX_POINT('',#6478);
#1983=VERTEX_POINT('',#6479);
#1984=VERTEX_POINT('',#6484);
#1985=VERTEX_POINT('',#6485);
#1986=VERTEX_POINT('',#6490);
#1987=VERTEX_POINT('',#6491);
#1988=VERTEX_POINT('',#6496);
#1989=VERTEX_POINT('',#6505);
#1990=VERTEX_POINT('',#6507);
#1991=VERTEX_POINT('',#6509);
#1992=VERTEX_POINT('',#6511);
#1993=VERTEX_POINT('',#6513);
#1994=VERTEX_POINT('',#6515);
#1995=VERTEX_POINT('',#6517);
#1996=VERTEX_POINT('',#6519);
#1997=VERTEX_POINT('',#6521);
#1998=VERTEX_POINT('',#6523);
#1999=VERTEX_POINT('',#6525);
#2000=VERTEX_POINT('',#6527);
#2001=VERTEX_POINT('',#6529);
#2002=VERTEX_POINT('',#6531);
#2003=VERTEX_POINT('',#6533);
#2004=VERTEX_POINT('',#6535);
#2005=VERTEX_POINT('',#6538);
#2006=VERTEX_POINT('',#6540);
#2007=VERTEX_POINT('',#6543);
#2008=VERTEX_POINT('',#6545);
#2009=VERTEX_POINT('',#6549);
#2010=VERTEX_POINT('',#6553);
#2011=VERTEX_POINT('',#6555);
#2012=VERTEX_POINT('',#6559);
#2013=VERTEX_POINT('',#6563);
#2014=VERTEX_POINT('',#6565);
#2015=VERTEX_POINT('',#6569);
#2016=VERTEX_POINT('',#6573);
#2017=VERTEX_POINT('',#6575);
#2018=VERTEX_POINT('',#6579);
#2019=VERTEX_POINT('',#6583);
#2020=VERTEX_POINT('',#6585);
#2021=VERTEX_POINT('',#6587);
#2022=VERTEX_POINT('',#6592);
#2023=VERTEX_POINT('',#6594);
#2024=VERTEX_POINT('',#6596);
#2025=VERTEX_POINT('',#6604);
#2026=VERTEX_POINT('',#6606);
#2027=VERTEX_POINT('',#6608);
#2028=VERTEX_POINT('',#6662);
#2029=VERTEX_POINT('',#6664);
#2030=VERTEX_POINT('',#6674);
#2031=VERTEX_POINT('',#6697);
#2032=VERTEX_POINT('',#6717);
#2033=VERTEX_POINT('',#6731);
#2034=VERTEX_POINT('',#6757);
#2035=VERTEX_POINT('',#6777);
#2036=VERTEX_POINT('',#6784);
#2037=VERTEX_POINT('',#6788);
#2038=VERTEX_POINT('',#6792);
#2039=VERTEX_POINT('',#6796);
#2040=VERTEX_POINT('',#6800);
#2041=VERTEX_POINT('',#6809);
#2042=VERTEX_POINT('',#6820);
#2043=VERTEX_POINT('',#6840);
#2044=VERTEX_POINT('',#6857);
#2045=VERTEX_POINT('',#6864);
#2046=VERTEX_POINT('',#6868);
#2047=VERTEX_POINT('',#6872);
#2048=VERTEX_POINT('',#6889);
#2049=VERTEX_POINT('',#6912);
#2050=VERTEX_POINT('',#6929);
#2051=VERTEX_POINT('',#6936);
#2052=VERTEX_POINT('',#6940);
#2053=VERTEX_POINT('',#6966);
#2054=VERTEX_POINT('',#6968);
#2055=VERTEX_POINT('',#6981);
#2056=VERTEX_POINT('',#6992);
#2057=VERTEX_POINT('',#6999);
#2058=VERTEX_POINT('',#7003);
#2059=VERTEX_POINT('',#7007);
#2060=VERTEX_POINT('',#7036);
#2061=VERTEX_POINT('',#7052);
#2062=VERTEX_POINT('',#7056);
#2063=VERTEX_POINT('',#7063);
#2064=VERTEX_POINT('',#7065);
#2065=VERTEX_POINT('',#7100);
#2066=VERTEX_POINT('',#7119);
#2067=VERTEX_POINT('',#7123);
#2068=VERTEX_POINT('',#7127);
#2069=VERTEX_POINT('',#7131);
#2070=VERTEX_POINT('',#7135);
#2071=VERTEX_POINT('',#7170);
#2072=VERTEX_POINT('',#7189);
#2073=VERTEX_POINT('',#7193);
#2074=VERTEX_POINT('',#7197);
#2075=VERTEX_POINT('',#7201);
#2076=VERTEX_POINT('',#7213);
#2077=VERTEX_POINT('',#7214);
#2078=VERTEX_POINT('',#7216);
#2079=VERTEX_POINT('',#7218);
#2080=VERTEX_POINT('',#7229);
#2081=VERTEX_POINT('',#7234);
#2082=VERTEX_POINT('',#7241);
#2083=VERTEX_POINT('',#7243);
#2084=VERTEX_POINT('',#7254);
#2085=VERTEX_POINT('',#7259);
#2086=VERTEX_POINT('',#7271);
#2087=VERTEX_POINT('',#7273);
#2088=VERTEX_POINT('',#7277);
#2089=VERTEX_POINT('',#7279);
#2090=VERTEX_POINT('',#7311);
#2091=VERTEX_POINT('',#7313);
#2092=VERTEX_POINT('',#7322);
#2093=VERTEX_POINT('',#7345);
#2094=VERTEX_POINT('',#7365);
#2095=VERTEX_POINT('',#7372);
#2096=VERTEX_POINT('',#7395);
#2097=VERTEX_POINT('',#7413);
#2098=VERTEX_POINT('',#7436);
#2099=VERTEX_POINT('',#7507);
#2100=VERTEX_POINT('',#7509);
#2101=VERTEX_POINT('',#7513);
#2102=VERTEX_POINT('',#7517);
#2103=VERTEX_POINT('',#7521);
#2104=VERTEX_POINT('',#7525);
#2105=VERTEX_POINT('',#7529);
#2106=VERTEX_POINT('',#7533);
#2107=VERTEX_POINT('',#7537);
#2108=VERTEX_POINT('',#7541);
#2109=VERTEX_POINT('',#7545);
#2110=VERTEX_POINT('',#7549);
#2111=VERTEX_POINT('',#7581);
#2112=VERTEX_POINT('',#7583);
#2113=VERTEX_POINT('',#7599);
#2114=VERTEX_POINT('',#7603);
#2115=VERTEX_POINT('',#7607);
#2116=VERTEX_POINT('',#7611);
#2117=VERTEX_POINT('',#7640);
#2118=VERTEX_POINT('',#7656);
#2119=VERTEX_POINT('',#7660);
#2120=VERTEX_POINT('',#7664);
#2121=VERTEX_POINT('',#7671);
#2122=VERTEX_POINT('',#7673);
#2123=VERTEX_POINT('',#7677);
#2124=VERTEX_POINT('',#7681);
#2125=VERTEX_POINT('',#7710);
#2126=VERTEX_POINT('',#7726);
#2127=VERTEX_POINT('',#7730);
#2128=VERTEX_POINT('',#7734);
#2129=VERTEX_POINT('',#7738);
#2130=VERTEX_POINT('',#7742);
#2131=VERTEX_POINT('',#7771);
#2132=VERTEX_POINT('',#7787);
#2133=VERTEX_POINT('',#7794);
#2134=VERTEX_POINT('',#7796);
#2135=VERTEX_POINT('',#7800);
#2136=VERTEX_POINT('',#7804);
#2137=VERTEX_POINT('',#7808);
#2138=VERTEX_POINT('',#7812);
#2139=VERTEX_POINT('',#7816);
#2140=VERTEX_POINT('',#7820);
#2141=VERTEX_POINT('',#7824);
#2142=VERTEX_POINT('',#7828);
#2143=VERTEX_POINT('',#7832);
#2144=VERTEX_POINT('',#7836);
#2145=VERTEX_POINT('',#7856);
#2146=VERTEX_POINT('',#7857);
#2147=VERTEX_POINT('',#7865);
#2148=VERTEX_POINT('',#7867);
#2149=VERTEX_POINT('',#7877);
#2150=VERTEX_POINT('',#7879);
#2151=VERTEX_POINT('',#8008);
#2152=VERTEX_POINT('',#8010);
#2153=VERTEX_POINT('',#8025);
#2154=VERTEX_POINT('',#8042);
#2155=VERTEX_POINT('',#8059);
#2156=VERTEX_POINT('',#8066);
#2157=VERTEX_POINT('',#8070);
#2158=VERTEX_POINT('',#8074);
#2159=VERTEX_POINT('',#8078);
#2160=VERTEX_POINT('',#8082);
#2161=VERTEX_POINT('',#8093);
#2162=EDGE_CURVE('',#1774,#1775,#1658,.F.);
#2163=EDGE_CURVE('',#1776,#1774,#1659,.F.);
#2164=EDGE_CURVE('',#1775,#1776,#1660,.F.);
#2165=EDGE_CURVE('',#1777,#1778,#1661,.F.);
#2166=EDGE_CURVE('',#1779,#1777,#1662,.F.);
#2167=EDGE_CURVE('',#1778,#1779,#1663,.F.);
#2168=EDGE_CURVE('',#1777,#1774,#330,.T.);
#2169=EDGE_CURVE('',#1775,#1779,#331,.T.);
#2170=EDGE_CURVE('',#1780,#1781,#310,.T.);
#2171=EDGE_CURVE('',#1780,#1778,#332,.T.);
#2172=EDGE_CURVE('',#1779,#1782,#333,.T.);
#2173=EDGE_CURVE('',#1781,#1782,#311,.T.);
#2174=EDGE_CURVE('',#1783,#1784,#1664,.F.);
#2175=EDGE_CURVE('',#1785,#1783,#1665,.F.);
#2176=EDGE_CURVE('',#1784,#1785,#1666,.F.);
#2177=EDGE_CURVE('',#1786,#1787,#1667,.F.);
#2178=EDGE_CURVE('',#1788,#1786,#1668,.F.);
#2179=EDGE_CURVE('',#1787,#1788,#1669,.F.);
#2180=EDGE_CURVE('',#1783,#1788,#334,.T.);
#2181=EDGE_CURVE('',#1786,#1785,#335,.T.);
#2182=EDGE_CURVE('',#1788,#1777,#336,.T.);
#2183=EDGE_CURVE('',#1778,#1787,#337,.T.);
#2184=EDGE_CURVE('',#1789,#1790,#312,.T.);
#2185=EDGE_CURVE('',#1789,#1786,#338,.T.);
#2186=EDGE_CURVE('',#1787,#1791,#339,.T.);
#2187=EDGE_CURVE('',#1790,#1791,#313,.T.);
#2188=EDGE_CURVE('',#1792,#1793,#314,.T.);
#2189=EDGE_CURVE('',#1792,#1784,#340,.T.);
#2190=EDGE_CURVE('',#1785,#1794,#341,.T.);
#2191=EDGE_CURVE('',#1793,#1794,#315,.T.);
#2192=EDGE_CURVE('',#1774,#1783,#342,.T.);
#2193=EDGE_CURVE('',#1784,#1776,#343,.T.);
#2194=EDGE_CURVE('',#1795,#1796,#316,.T.);
#2195=EDGE_CURVE('',#1795,#1775,#344,.T.);
#2196=EDGE_CURVE('',#1776,#1797,#345,.T.);
#2197=EDGE_CURVE('',#1796,#1797,#317,.T.);
#2198=EDGE_CURVE('',#1791,#1780,#346,.T.);
#2199=EDGE_CURVE('',#1781,#1798,#347,.T.);
#2200=EDGE_CURVE('',#1798,#1799,#348,.T.);
#2201=EDGE_CURVE('',#1799,#1800,#349,.T.);
#2202=EDGE_CURVE('',#1800,#1801,#350,.T.);
#2203=EDGE_CURVE('',#1801,#1790,#351,.T.);
#2204=EDGE_CURVE('',#1782,#1802,#352,.T.);
#2205=EDGE_CURVE('',#1802,#1803,#353,.T.);
#2206=EDGE_CURVE('',#1803,#1804,#354,.T.);
#2207=EDGE_CURVE('',#1804,#1798,#355,.T.);
#2208=EDGE_CURVE('',#1805,#1795,#356,.T.);
#2209=EDGE_CURVE('',#1805,#1806,#357,.T.);
#2210=EDGE_CURVE('',#1807,#1806,#358,.T.);
#2211=EDGE_CURVE('',#1807,#1802,#359,.T.);
#2212=EDGE_CURVE('',#1808,#1796,#360,.T.);
#2213=EDGE_CURVE('',#1808,#1809,#361,.T.);
#2214=EDGE_CURVE('',#1809,#1810,#362,.T.);
#2215=EDGE_CURVE('',#1810,#1805,#363,.T.);
#2216=EDGE_CURVE('',#1811,#1812,#1670,.T.);
#2217=EDGE_CURVE('',#1812,#1813,#1671,.T.);
#2218=EDGE_CURVE('',#1813,#1814,#1672,.T.);
#2219=EDGE_CURVE('',#1814,#1811,#1673,.T.);
#2220=EDGE_CURVE('',#1815,#1816,#1674,.T.);
#2221=EDGE_CURVE('',#1816,#1814,#1675,.T.);
#2222=EDGE_CURVE('',#1813,#1815,#1676,.T.);
#2223=EDGE_CURVE('',#1817,#1818,#1677,.T.);
#2224=EDGE_CURVE('',#1818,#1816,#364,.T.);
#2225=EDGE_CURVE('',#1815,#1817,#365,.T.);
#2226=EDGE_CURVE('',#1819,#1820,#1678,.T.);
#2227=EDGE_CURVE('',#1820,#1818,#1679,.T.);
#2228=EDGE_CURVE('',#1817,#1819,#1680,.T.);
#2229=EDGE_CURVE('',#1821,#1822,#1681,.T.);
#2230=EDGE_CURVE('',#1822,#1820,#1682,.T.);
#2231=EDGE_CURVE('',#1819,#1821,#1683,.T.);
#2232=EDGE_CURVE('',#1823,#1824,#1684,.T.);
#2233=EDGE_CURVE('',#1824,#1822,#1685,.T.);
#2234=EDGE_CURVE('',#1821,#1823,#1686,.T.);
#2235=EDGE_CURVE('',#1825,#1826,#1687,.T.);
#2236=EDGE_CURVE('',#1826,#1824,#366,.T.);
#2237=EDGE_CURVE('',#1823,#1825,#367,.T.);
#2238=EDGE_CURVE('',#1827,#1828,#1688,.T.);
#2239=EDGE_CURVE('',#1828,#1826,#1689,.T.);
#2240=EDGE_CURVE('',#1825,#1827,#1690,.T.);
#2241=EDGE_CURVE('',#1829,#1830,#1691,.T.);
#2242=EDGE_CURVE('',#1830,#1828,#1692,.T.);
#2243=EDGE_CURVE('',#1827,#1829,#1693,.T.);
#2244=EDGE_CURVE('',#1831,#1832,#1694,.T.);
#2245=EDGE_CURVE('',#1832,#1830,#1695,.T.);
#2246=EDGE_CURVE('',#1829,#1831,#1696,.T.);
#2247=EDGE_CURVE('',#1833,#1834,#1697,.T.);
#2248=EDGE_CURVE('',#1834,#1832,#368,.T.);
#2249=EDGE_CURVE('',#1831,#1833,#369,.T.);
#2250=EDGE_CURVE('',#1835,#1836,#1698,.T.);
#2251=EDGE_CURVE('',#1836,#1834,#1699,.T.);
#2252=EDGE_CURVE('',#1833,#1835,#1700,.T.);
#2253=EDGE_CURVE('',#1837,#1838,#1701,.T.);
#2254=EDGE_CURVE('',#1838,#1836,#1702,.T.);
#2255=EDGE_CURVE('',#1835,#1837,#1703,.T.);
#2256=EDGE_CURVE('',#1839,#1840,#1704,.T.);
#2257=EDGE_CURVE('',#1840,#1838,#1705,.T.);
#2258=EDGE_CURVE('',#1837,#1839,#1706,.T.);
#2259=EDGE_CURVE('',#1841,#1842,#1707,.T.);
#2260=EDGE_CURVE('',#1842,#1840,#370,.T.);
#2261=EDGE_CURVE('',#1839,#1841,#371,.T.);
#2262=EDGE_CURVE('',#1841,#1812,#1708,.T.);
#2263=EDGE_CURVE('',#1811,#1842,#1709,.T.);
#2264=EDGE_CURVE('',#1825,#1843,#372,.T.);
#2265=EDGE_CURVE('',#1844,#1843,#1710,.T.);
#2266=EDGE_CURVE('',#1844,#1827,#373,.T.);
#2267=EDGE_CURVE('',#1845,#1823,#374,.T.);
#2268=EDGE_CURVE('',#1843,#1845,#375,.T.);
#2269=EDGE_CURVE('',#1821,#1846,#376,.T.);
#2270=EDGE_CURVE('',#1845,#1846,#1711,.T.);
#2271=EDGE_CURVE('',#1847,#1819,#377,.T.);
#2272=EDGE_CURVE('',#1846,#1847,#1712,.T.);
#2273=EDGE_CURVE('',#1817,#1848,#378,.T.);
#2274=EDGE_CURVE('',#1847,#1848,#1713,.T.);
#2275=EDGE_CURVE('',#1849,#1815,#379,.T.);
#2276=EDGE_CURVE('',#1848,#1849,#380,.T.);
#2277=EDGE_CURVE('',#1813,#1850,#381,.T.);
#2278=EDGE_CURVE('',#1849,#1850,#1714,.T.);
#2279=EDGE_CURVE('',#1851,#1812,#382,.T.);
#2280=EDGE_CURVE('',#1850,#1851,#1715,.T.);
#2281=EDGE_CURVE('',#1852,#1853,#80,.T.);
#2282=EDGE_CURVE('',#1853,#1854,#81,.T.);
#2283=EDGE_CURVE('',#1854,#1855,#82,.T.);
#2284=EDGE_CURVE('',#1855,#1856,#383,.T.);
#2285=EDGE_CURVE('',#1856,#1857,#384,.T.);
#2286=EDGE_CURVE('',#1857,#1858,#385,.T.);
#2287=EDGE_CURVE('',#1858,#1859,#386,.T.);
#2288=EDGE_CURVE('',#1859,#1860,#387,.T.);
#2289=EDGE_CURVE('',#1860,#1861,#83,.T.);
#2290=EDGE_CURVE('',#1861,#1862,#84,.T.);
#2291=EDGE_CURVE('',#1862,#1852,#318,.T.);
#2292=EDGE_CURVE('',#1863,#1864,#388,.T.);
#2293=EDGE_CURVE('',#1864,#1865,#389,.T.);
#2294=EDGE_CURVE('',#1865,#1866,#390,.T.);
#2295=EDGE_CURVE('',#1866,#1867,#391,.T.);
#2296=EDGE_CURVE('',#1867,#1868,#392,.T.);
#2297=EDGE_CURVE('',#1868,#1869,#393,.T.);
#2298=EDGE_CURVE('',#1869,#1870,#394,.T.);
#2299=EDGE_CURVE('',#1870,#1871,#395,.T.);
#2300=EDGE_CURVE('',#1871,#1872,#396,.T.);
#2301=EDGE_CURVE('',#1872,#1873,#397,.T.);
#2302=EDGE_CURVE('',#1873,#1874,#398,.T.);
#2303=EDGE_CURVE('',#1874,#1863,#399,.T.);
#2304=EDGE_CURVE('',#1875,#1876,#400,.T.);
#2305=EDGE_CURVE('',#1876,#1877,#401,.T.);
#2306=EDGE_CURVE('',#1877,#1878,#402,.T.);
#2307=EDGE_CURVE('',#1878,#1879,#85,.T.);
#2308=EDGE_CURVE('',#1879,#1880,#403,.T.);
#2309=EDGE_CURVE('',#1880,#1881,#404,.T.);
#2310=EDGE_CURVE('',#1881,#1882,#405,.T.);
#2311=EDGE_CURVE('',#1882,#1883,#406,.T.);
#2312=EDGE_CURVE('',#1883,#1884,#407,.T.);
#2313=EDGE_CURVE('',#1884,#1885,#86,.T.);
#2314=EDGE_CURVE('',#1885,#1886,#408,.T.);
#2315=EDGE_CURVE('',#1886,#1875,#409,.T.);
#2316=EDGE_CURVE('',#1887,#1888,#87,.T.);
#2317=EDGE_CURVE('',#1888,#1889,#410,.T.);
#2318=EDGE_CURVE('',#1889,#1890,#411,.T.);
#2319=EDGE_CURVE('',#1890,#1891,#412,.T.);
#2320=EDGE_CURVE('',#1891,#1892,#413,.T.);
#2321=EDGE_CURVE('',#1892,#1893,#88,.T.);
#2322=EDGE_CURVE('',#1893,#1894,#414,.T.);
#2323=EDGE_CURVE('',#1894,#1895,#415,.T.);
#2324=EDGE_CURVE('',#1895,#1896,#416,.T.);
#2325=EDGE_CURVE('',#1896,#1887,#417,.T.);
#2326=EDGE_CURVE('',#1897,#1898,#418,.T.);
#2327=EDGE_CURVE('',#1898,#1899,#419,.T.);
#2328=EDGE_CURVE('',#1899,#1900,#420,.T.);
#2329=EDGE_CURVE('',#1900,#1901,#421,.T.);
#2330=EDGE_CURVE('',#1901,#1902,#422,.T.);
#2331=EDGE_CURVE('',#1902,#1903,#423,.T.);
#2332=EDGE_CURVE('',#1903,#1904,#424,.T.);
#2333=EDGE_CURVE('',#1904,#1905,#425,.T.);
#2334=EDGE_CURVE('',#1905,#1906,#426,.T.);
#2335=EDGE_CURVE('',#1906,#1907,#427,.T.);
#2336=EDGE_CURVE('',#1907,#1908,#428,.T.);
#2337=EDGE_CURVE('',#1908,#1897,#429,.T.);
#2338=EDGE_CURVE('',#1909,#1910,#430,.T.);
#2339=EDGE_CURVE('',#1910,#1911,#89,.T.);
#2340=EDGE_CURVE('',#1911,#1912,#90,.T.);
#2341=EDGE_CURVE('',#1912,#1913,#319,.T.);
#2342=EDGE_CURVE('',#1913,#1914,#91,.T.);
#2343=EDGE_CURVE('',#1914,#1915,#431,.T.);
#2344=EDGE_CURVE('',#1915,#1916,#92,.T.);
#2345=EDGE_CURVE('',#1916,#1917,#93,.T.);
#2346=EDGE_CURVE('',#1917,#1909,#320,.T.);
#2347=EDGE_CURVE('',#1918,#1919,#432,.T.);
#2348=EDGE_CURVE('',#1919,#1920,#433,.T.);
#2349=EDGE_CURVE('',#1920,#1921,#434,.T.);
#2350=EDGE_CURVE('',#1921,#1922,#435,.T.);
#2351=EDGE_CURVE('',#1922,#1923,#436,.T.);
#2352=EDGE_CURVE('',#1923,#1924,#437,.T.);
#2353=EDGE_CURVE('',#1924,#1925,#94,.T.);
#2354=EDGE_CURVE('',#1925,#1926,#438,.T.);
#2355=EDGE_CURVE('',#1926,#1927,#439,.T.);
#2356=EDGE_CURVE('',#1927,#1928,#440,.T.);
#2357=EDGE_CURVE('',#1928,#1929,#441,.T.);
#2358=EDGE_CURVE('',#1929,#1930,#442,.T.);
#2359=EDGE_CURVE('',#1930,#1918,#95,.T.);
#2360=EDGE_CURVE('',#1931,#1932,#96,.T.);
#2361=EDGE_CURVE('',#1932,#1933,#443,.T.);
#2362=EDGE_CURVE('',#1933,#1934,#444,.T.);
#2363=EDGE_CURVE('',#1934,#1935,#445,.T.);
#2364=EDGE_CURVE('',#1935,#1936,#97,.T.);
#2365=EDGE_CURVE('',#1936,#1937,#446,.T.);
#2366=EDGE_CURVE('',#1937,#1938,#447,.T.);
#2367=EDGE_CURVE('',#1938,#1939,#448,.T.);
#2368=EDGE_CURVE('',#1939,#1940,#98,.T.);
#2369=EDGE_CURVE('',#1940,#1931,#449,.T.);
#2370=EDGE_CURVE('',#1941,#1942,#99,.T.);
#2371=EDGE_CURVE('',#1942,#1943,#450,.T.);
#2372=EDGE_CURVE('',#1943,#1944,#451,.T.);
#2373=EDGE_CURVE('',#1944,#1945,#452,.T.);
#2374=EDGE_CURVE('',#1945,#1946,#100,.T.);
#2375=EDGE_CURVE('',#1946,#1947,#101,.T.);
#2376=EDGE_CURVE('',#1947,#1948,#102,.T.);
#2377=EDGE_CURVE('',#1948,#1949,#453,.T.);
#2378=EDGE_CURVE('',#1949,#1950,#454,.T.);
#2379=EDGE_CURVE('',#1950,#1951,#455,.T.);
#2380=EDGE_CURVE('',#1951,#1952,#103,.T.);
#2381=EDGE_CURVE('',#1952,#1953,#104,.T.);
#2382=EDGE_CURVE('',#1953,#1954,#105,.T.);
#2383=EDGE_CURVE('',#1954,#1955,#321,.T.);
#2384=EDGE_CURVE('',#1955,#1956,#456,.T.);
#2385=EDGE_CURVE('',#1956,#1957,#457,.T.);
#2386=EDGE_CURVE('',#1957,#1958,#458,.T.);
#2387=EDGE_CURVE('',#1958,#1959,#459,.T.);
#2388=EDGE_CURVE('',#1959,#1960,#460,.T.);
#2389=EDGE_CURVE('',#1960,#1961,#106,.T.);
#2390=EDGE_CURVE('',#1961,#1962,#107,.T.);
#2391=EDGE_CURVE('',#1962,#1963,#108,.T.);
#2392=EDGE_CURVE('',#1963,#1964,#109,.T.);
#2393=EDGE_CURVE('',#1964,#1965,#110,.T.);
#2394=EDGE_CURVE('',#1965,#1941,#461,.T.);
#2395=EDGE_CURVE('',#1966,#1843,#1716,.T.);
#2396=EDGE_CURVE('',#1845,#1967,#1717,.T.);
#2397=EDGE_CURVE('',#1967,#1966,#462,.T.);
#2398=EDGE_CURVE('',#1846,#1968,#1718,.T.);
#2399=EDGE_CURVE('',#1968,#1967,#1719,.T.);
#2400=EDGE_CURVE('',#1847,#1969,#1720,.T.);
#2401=EDGE_CURVE('',#1969,#1968,#1721,.T.);
#2402=EDGE_CURVE('',#1848,#1970,#1722,.T.);
#2403=EDGE_CURVE('',#1970,#1969,#1723,.T.);
#2404=EDGE_CURVE('',#1849,#1971,#1724,.T.);
#2405=EDGE_CURVE('',#1971,#1970,#463,.T.);
#2406=EDGE_CURVE('',#1850,#1972,#1725,.T.);
#2407=EDGE_CURVE('',#1972,#1971,#1726,.T.);
#2408=EDGE_CURVE('',#1851,#1973,#1727,.T.);
#2409=EDGE_CURVE('',#1973,#1972,#1728,.T.);
#2410=EDGE_CURVE('',#1974,#1975,#1729,.T.);
#2411=EDGE_CURVE('',#1975,#1973,#1730,.T.);
#2412=EDGE_CURVE('',#1851,#1974,#1731,.T.);
#2413=EDGE_CURVE('',#1976,#1977,#1732,.T.);
#2414=EDGE_CURVE('',#1977,#1975,#464,.T.);
#2415=EDGE_CURVE('',#1974,#1976,#465,.T.);
#2416=EDGE_CURVE('',#1978,#1979,#1733,.T.);
#2417=EDGE_CURVE('',#1979,#1977,#1734,.T.);
#2418=EDGE_CURVE('',#1976,#1978,#1735,.T.);
#2419=EDGE_CURVE('',#1980,#1981,#1736,.T.);
#2420=EDGE_CURVE('',#1981,#1979,#1737,.T.);
#2421=EDGE_CURVE('',#1978,#1980,#1738,.T.);
#2422=EDGE_CURVE('',#1982,#1983,#1739,.T.);
#2423=EDGE_CURVE('',#1983,#1981,#1740,.T.);
#2424=EDGE_CURVE('',#1980,#1982,#1741,.T.);
#2425=EDGE_CURVE('',#1984,#1985,#1742,.T.);
#2426=EDGE_CURVE('',#1985,#1983,#466,.T.);
#2427=EDGE_CURVE('',#1982,#1984,#467,.T.);
#2428=EDGE_CURVE('',#1986,#1987,#1743,.T.);
#2429=EDGE_CURVE('',#1987,#1985,#1744,.T.);
#2430=EDGE_CURVE('',#1984,#1986,#1745,.T.);
#2431=EDGE_CURVE('',#1844,#1988,#1746,.T.);
#2432=EDGE_CURVE('',#1988,#1987,#1747,.T.);
#2433=EDGE_CURVE('',#1986,#1844,#1748,.T.);
#2434=EDGE_CURVE('',#1966,#1988,#1749,.T.);
#2435=EDGE_CURVE('',#1841,#1974,#468,.T.);
#2436=EDGE_CURVE('',#1989,#1989,#1750,.T.);
#2437=EDGE_CURVE('',#1990,#1990,#1751,.T.);
#2438=EDGE_CURVE('',#1806,#1991,#469,.T.);
#2439=EDGE_CURVE('',#1991,#1992,#470,.T.);
#2440=EDGE_CURVE('',#1993,#1992,#1752,.T.);
#2441=EDGE_CURVE('',#1993,#1994,#471,.T.);
#2442=EDGE_CURVE('',#1995,#1994,#1753,.T.);
#2443=EDGE_CURVE('',#1995,#1996,#472,.T.);
#2444=EDGE_CURVE('',#1996,#1997,#473,.T.);
#2445=EDGE_CURVE('',#1997,#1998,#474,.T.);
#2446=EDGE_CURVE('',#1998,#1999,#475,.T.);
#2447=EDGE_CURVE('',#1999,#2000,#476,.T.);
#2448=EDGE_CURVE('',#2001,#2000,#1754,.T.);
#2449=EDGE_CURVE('',#2001,#2002,#477,.T.);
#2450=EDGE_CURVE('',#2003,#2002,#1755,.T.);
#2451=EDGE_CURVE('',#2003,#2004,#478,.T.);
#2452=EDGE_CURVE('',#2004,#1807,#479,.T.);
#2453=EDGE_CURVE('',#2005,#2005,#1756,.T.);
#2454=EDGE_CURVE('',#2006,#2006,#1757,.T.);
#2455=EDGE_CURVE('',#1989,#2007,#480,.T.);
#2456=EDGE_CURVE('',#2007,#2008,#1758,.T.);
#2457=EDGE_CURVE('',#2008,#2007,#1759,.T.);
#2458=EDGE_CURVE('',#2008,#2009,#481,.T.);
#2459=EDGE_CURVE('',#2009,#2009,#1760,.T.);
#2460=EDGE_CURVE('',#2006,#2010,#482,.T.);
#2461=EDGE_CURVE('',#2010,#2011,#1761,.T.);
#2462=EDGE_CURVE('',#2011,#2010,#1762,.T.);
#2463=EDGE_CURVE('',#2011,#2012,#483,.T.);
#2464=EDGE_CURVE('',#2012,#2012,#1763,.T.);
#2465=EDGE_CURVE('',#1990,#2013,#484,.T.);
#2466=EDGE_CURVE('',#2013,#2014,#1764,.T.);
#2467=EDGE_CURVE('',#2014,#2013,#1765,.T.);
#2468=EDGE_CURVE('',#2014,#2015,#485,.T.);
#2469=EDGE_CURVE('',#2015,#2015,#1766,.T.);
#2470=EDGE_CURVE('',#2005,#2016,#486,.T.);
#2471=EDGE_CURVE('',#2016,#2017,#1767,.T.);
#2472=EDGE_CURVE('',#2017,#2016,#1768,.T.);
#2473=EDGE_CURVE('',#2017,#2018,#487,.T.);
#2474=EDGE_CURVE('',#2018,#2018,#1769,.T.);
#2475=EDGE_CURVE('',#1793,#2019,#488,.T.);
#2476=EDGE_CURVE('',#2019,#2020,#489,.T.);
#2477=EDGE_CURVE('',#2020,#2021,#490,.T.);
#2478=EDGE_CURVE('',#2021,#1808,#491,.T.);
#2479=EDGE_CURVE('',#1797,#1792,#492,.T.);
#2480=EDGE_CURVE('',#1794,#2022,#493,.T.);
#2481=EDGE_CURVE('',#2022,#2023,#494,.T.);
#2482=EDGE_CURVE('',#2023,#2024,#495,.T.);
#2483=EDGE_CURVE('',#2024,#2019,#496,.T.);
#2484=EDGE_CURVE('',#2020,#2024,#1770,.T.);
#2485=EDGE_CURVE('',#1809,#2021,#1771,.T.);
#2486=EDGE_CURVE('',#1801,#2025,#497,.T.);
#2487=EDGE_CURVE('',#2025,#2026,#498,.T.);
#2488=EDGE_CURVE('',#2026,#2027,#499,.T.);
#2489=EDGE_CURVE('',#2027,#1789,#500,.T.);
#2490=EDGE_CURVE('',#2025,#1800,#1772,.T.);
#2491=EDGE_CURVE('',#2027,#1998,#501,.T.);
#2492=EDGE_CURVE('',#1997,#2022,#502,.T.);
#2493=EDGE_CURVE('',#1994,#2020,#503,.T.);
#2494=EDGE_CURVE('',#2024,#1995,#504,.T.);
#2495=EDGE_CURVE('',#2021,#1993,#505,.T.);
#2496=EDGE_CURVE('',#1992,#1809,#506,.T.);
#2497=EDGE_CURVE('',#1991,#1810,#507,.T.);
#2498=EDGE_CURVE('',#2002,#1799,#508,.T.);
#2499=EDGE_CURVE('',#1799,#1804,#1773,.T.);
#2500=EDGE_CURVE('',#1804,#2003,#509,.T.);
#2501=EDGE_CURVE('',#1800,#2001,#510,.T.);
#2502=EDGE_CURVE('',#2000,#2025,#511,.T.);
#2503=EDGE_CURVE('',#1999,#2026,#512,.T.);
#2504=EDGE_CURVE('',#1976,#1839,#513,.T.);
#2505=EDGE_CURVE('',#1837,#1978,#514,.T.);
#2506=EDGE_CURVE('',#1980,#1835,#515,.T.);
#2507=EDGE_CURVE('',#1833,#1982,#516,.T.);
#2508=EDGE_CURVE('',#1984,#1831,#517,.T.);
#2509=EDGE_CURVE('',#1829,#1986,#518,.T.);
#2510=EDGE_CURVE('',#1941,#2028,#519,.T.);
#2511=EDGE_CURVE('',#2028,#2029,#111,.T.);
#2512=EDGE_CURVE('',#1942,#2029,#520,.T.);
#2513=EDGE_CURVE('',#1965,#2030,#521,.T.);
#2514=EDGE_CURVE('',#2030,#2028,#522,.T.);
#2515=EDGE_CURVE('',#1964,#2031,#523,.T.);
#2516=EDGE_CURVE('',#2031,#2030,#112,.T.);
#2517=EDGE_CURVE('',#1963,#2032,#524,.T.);
#2518=EDGE_CURVE('',#2032,#2031,#113,.T.);
#2519=EDGE_CURVE('',#1962,#2033,#525,.T.);
#2520=EDGE_CURVE('',#2033,#2032,#114,.T.);
#2521=EDGE_CURVE('',#1961,#2034,#526,.T.);
#2522=EDGE_CURVE('',#2034,#2033,#115,.T.);
#2523=EDGE_CURVE('',#1960,#2035,#527,.T.);
#2524=EDGE_CURVE('',#2035,#2034,#116,.T.);
#2525=EDGE_CURVE('',#1959,#2036,#528,.T.);
#2526=EDGE_CURVE('',#2036,#2035,#529,.T.);
#2527=EDGE_CURVE('',#1958,#2037,#530,.T.);
#2528=EDGE_CURVE('',#2037,#2036,#531,.T.);
#2529=EDGE_CURVE('',#1957,#2038,#532,.T.);
#2530=EDGE_CURVE('',#2038,#2037,#533,.T.);
#2531=EDGE_CURVE('',#1956,#2039,#534,.T.);
#2532=EDGE_CURVE('',#2039,#2038,#535,.T.);
#2533=EDGE_CURVE('',#1955,#2040,#536,.T.);
#2534=EDGE_CURVE('',#2040,#2039,#537,.T.);
#2535=EDGE_CURVE('',#1954,#2041,#538,.T.);
#2536=EDGE_CURVE('',#2041,#2040,#322,.T.);
#2537=EDGE_CURVE('',#1953,#2042,#539,.T.);
#2538=EDGE_CURVE('',#2042,#2041,#117,.T.);
#2539=EDGE_CURVE('',#1952,#2043,#540,.T.);
#2540=EDGE_CURVE('',#2043,#2042,#118,.T.);
#2541=EDGE_CURVE('',#1951,#2044,#541,.T.);
#2542=EDGE_CURVE('',#2044,#2043,#119,.T.);
#2543=EDGE_CURVE('',#1950,#2045,#542,.T.);
#2544=EDGE_CURVE('',#2045,#2044,#543,.T.);
#2545=EDGE_CURVE('',#1949,#2046,#544,.T.);
#2546=EDGE_CURVE('',#2046,#2045,#545,.T.);
#2547=EDGE_CURVE('',#1948,#2047,#546,.T.);
#2548=EDGE_CURVE('',#2047,#2046,#547,.T.);
#2549=EDGE_CURVE('',#1947,#2048,#548,.T.);
#2550=EDGE_CURVE('',#2048,#2047,#120,.T.);
#2551=EDGE_CURVE('',#1946,#2049,#549,.T.);
#2552=EDGE_CURVE('',#2049,#2048,#121,.T.);
#2553=EDGE_CURVE('',#1945,#2050,#550,.T.);
#2554=EDGE_CURVE('',#2050,#2049,#122,.T.);
#2555=EDGE_CURVE('',#1944,#2051,#551,.T.);
#2556=EDGE_CURVE('',#2051,#2050,#552,.T.);
#2557=EDGE_CURVE('',#1943,#2052,#553,.T.);
#2558=EDGE_CURVE('',#2052,#2051,#554,.T.);
#2559=EDGE_CURVE('',#2029,#2052,#555,.T.);
#2560=EDGE_CURVE('',#1931,#2053,#556,.T.);
#2561=EDGE_CURVE('',#2053,#2054,#123,.T.);
#2562=EDGE_CURVE('',#1932,#2054,#557,.T.);
#2563=EDGE_CURVE('',#1940,#2055,#558,.T.);
#2564=EDGE_CURVE('',#2055,#2053,#559,.T.);
#2565=EDGE_CURVE('',#1939,#2056,#560,.T.);
#2566=EDGE_CURVE('',#2056,#2055,#124,.T.);
#2567=EDGE_CURVE('',#1938,#2057,#561,.T.);
#2568=EDGE_CURVE('',#2057,#2056,#562,.T.);
#2569=EDGE_CURVE('',#1937,#2058,#563,.T.);
#2570=EDGE_CURVE('',#2058,#2057,#564,.T.);
#2571=EDGE_CURVE('',#1936,#2059,#565,.T.);
#2572=EDGE_CURVE('',#2059,#2058,#566,.T.);
#2573=EDGE_CURVE('',#1935,#2060,#567,.T.);
#2574=EDGE_CURVE('',#2060,#2059,#125,.T.);
#2575=EDGE_CURVE('',#1934,#2061,#568,.T.);
#2576=EDGE_CURVE('',#2061,#2060,#569,.T.);
#2577=EDGE_CURVE('',#1933,#2062,#570,.T.);
#2578=EDGE_CURVE('',#2062,#2061,#571,.T.);
#2579=EDGE_CURVE('',#2054,#2062,#572,.T.);
#2580=EDGE_CURVE('',#1918,#2063,#573,.T.);
#2581=EDGE_CURVE('',#2063,#2064,#574,.T.);
#2582=EDGE_CURVE('',#1919,#2064,#575,.T.);
#2583=EDGE_CURVE('',#1930,#2065,#576,.T.);
#2584=EDGE_CURVE('',#2065,#2063,#126,.T.);
#2585=EDGE_CURVE('',#1929,#2066,#577,.T.);
#2586=EDGE_CURVE('',#2066,#2065,#578,.T.);
#2587=EDGE_CURVE('',#1928,#2067,#579,.T.);
#2588=EDGE_CURVE('',#2067,#2066,#580,.T.);
#2589=EDGE_CURVE('',#1927,#2068,#581,.T.);
#2590=EDGE_CURVE('',#2068,#2067,#582,.T.);
#2591=EDGE_CURVE('',#1926,#2069,#583,.T.);
#2592=EDGE_CURVE('',#2069,#2068,#584,.T.);
#2593=EDGE_CURVE('',#1925,#2070,#585,.T.);
#2594=EDGE_CURVE('',#2070,#2069,#586,.T.);
#2595=EDGE_CURVE('',#1924,#2071,#587,.T.);
#2596=EDGE_CURVE('',#2071,#2070,#127,.T.);
#2597=EDGE_CURVE('',#1923,#2072,#588,.T.);
#2598=EDGE_CURVE('',#2072,#2071,#589,.T.);
#2599=EDGE_CURVE('',#1922,#2073,#590,.T.);
#2600=EDGE_CURVE('',#2073,#2072,#591,.T.);
#2601=EDGE_CURVE('',#1921,#2074,#592,.T.);
#2602=EDGE_CURVE('',#2074,#2073,#593,.T.);
#2603=EDGE_CURVE('',#1920,#2075,#594,.T.);
#2604=EDGE_CURVE('',#2075,#2074,#595,.T.);
#2605=EDGE_CURVE('',#2064,#2075,#596,.T.);
#2606=EDGE_CURVE('',#2076,#2077,#323,.T.);
#2607=EDGE_CURVE('',#2076,#2078,#597,.T.);
#2608=EDGE_CURVE('',#2078,#2079,#324,.T.);
#2609=EDGE_CURVE('',#2077,#2079,#598,.T.);
#2610=EDGE_CURVE('',#2080,#2076,#128,.T.);
#2611=EDGE_CURVE('',#2080,#2081,#599,.T.);
#2612=EDGE_CURVE('',#2081,#2078,#129,.T.);
#2613=EDGE_CURVE('',#2082,#2080,#600,.T.);
#2614=EDGE_CURVE('',#2082,#2083,#601,.T.);
#2615=EDGE_CURVE('',#2083,#2081,#602,.T.);
#2616=EDGE_CURVE('',#2084,#2082,#130,.T.);
#2617=EDGE_CURVE('',#2084,#2085,#603,.T.);
#2618=EDGE_CURVE('',#2085,#2083,#131,.T.);
#2619=EDGE_CURVE('',#2086,#2084,#325,.T.);
#2620=EDGE_CURVE('',#2086,#2087,#604,.T.);
#2621=EDGE_CURVE('',#2087,#2085,#326,.T.);
#2622=EDGE_CURVE('',#2088,#2086,#605,.T.);
#2623=EDGE_CURVE('',#2088,#2089,#606,.T.);
#2624=EDGE_CURVE('',#2089,#2087,#607,.T.);
#2625=EDGE_CURVE('',#2077,#2088,#132,.T.);
#2626=EDGE_CURVE('',#2079,#2089,#133,.T.);
#2627=EDGE_CURVE('',#1909,#2090,#608,.T.);
#2628=EDGE_CURVE('',#2090,#2091,#609,.T.);
#2629=EDGE_CURVE('',#1910,#2091,#610,.T.);
#2630=EDGE_CURVE('',#1917,#2092,#611,.T.);
#2631=EDGE_CURVE('',#2092,#2090,#327,.T.);
#2632=EDGE_CURVE('',#1916,#2093,#612,.T.);
#2633=EDGE_CURVE('',#2093,#2092,#134,.T.);
#2634=EDGE_CURVE('',#1915,#2094,#613,.T.);
#2635=EDGE_CURVE('',#2094,#2093,#135,.T.);
#2636=EDGE_CURVE('',#1914,#2095,#614,.T.);
#2637=EDGE_CURVE('',#2095,#2094,#615,.T.);
#2638=EDGE_CURVE('',#1913,#2096,#616,.T.);
#2639=EDGE_CURVE('',#2096,#2095,#136,.T.);
#2640=EDGE_CURVE('',#1912,#2097,#617,.T.);
#2641=EDGE_CURVE('',#2097,#2096,#328,.T.);
#2642=EDGE_CURVE('',#1911,#2098,#618,.T.);
#2643=EDGE_CURVE('',#2098,#2097,#137,.T.);
#2644=EDGE_CURVE('',#2091,#2098,#138,.T.);
#2645=EDGE_CURVE('',#1897,#2099,#619,.T.);
#2646=EDGE_CURVE('',#2099,#2100,#620,.T.);
#2647=EDGE_CURVE('',#1898,#2100,#621,.T.);
#2648=EDGE_CURVE('',#1908,#2101,#622,.T.);
#2649=EDGE_CURVE('',#2101,#2099,#623,.T.);
#2650=EDGE_CURVE('',#1907,#2102,#624,.T.);
#2651=EDGE_CURVE('',#2102,#2101,#625,.T.);
#2652=EDGE_CURVE('',#1906,#2103,#626,.T.);
#2653=EDGE_CURVE('',#2103,#2102,#627,.T.);
#2654=EDGE_CURVE('',#1905,#2104,#628,.T.);
#2655=EDGE_CURVE('',#2104,#2103,#629,.T.);
#2656=EDGE_CURVE('',#1904,#2105,#630,.T.);
#2657=EDGE_CURVE('',#2105,#2104,#631,.T.);
#2658=EDGE_CURVE('',#1903,#2106,#632,.T.);
#2659=EDGE_CURVE('',#2106,#2105,#633,.T.);
#2660=EDGE_CURVE('',#1902,#2107,#634,.T.);
#2661=EDGE_CURVE('',#2107,#2106,#635,.T.);
#2662=EDGE_CURVE('',#1901,#2108,#636,.T.);
#2663=EDGE_CURVE('',#2108,#2107,#637,.T.);
#2664=EDGE_CURVE('',#1900,#2109,#638,.T.);
#2665=EDGE_CURVE('',#2109,#2108,#639,.T.);
#2666=EDGE_CURVE('',#1899,#2110,#640,.T.);
#2667=EDGE_CURVE('',#2110,#2109,#641,.T.);
#2668=EDGE_CURVE('',#2100,#2110,#642,.T.);
#2669=EDGE_CURVE('',#1887,#2111,#643,.T.);
#2670=EDGE_CURVE('',#2111,#2112,#139,.T.);
#2671=EDGE_CURVE('',#1888,#2112,#644,.T.);
#2672=EDGE_CURVE('',#1896,#2113,#645,.T.);
#2673=EDGE_CURVE('',#2113,#2111,#646,.T.);
#2674=EDGE_CURVE('',#1895,#2114,#647,.T.);
#2675=EDGE_CURVE('',#2114,#2113,#648,.T.);
#2676=EDGE_CURVE('',#1894,#2115,#649,.T.);
#2677=EDGE_CURVE('',#2115,#2114,#650,.T.);
#2678=EDGE_CURVE('',#1893,#2116,#651,.T.);
#2679=EDGE_CURVE('',#2116,#2115,#652,.T.);
#2680=EDGE_CURVE('',#1892,#2117,#653,.T.);
#2681=EDGE_CURVE('',#2117,#2116,#140,.T.);
#2682=EDGE_CURVE('',#1891,#2118,#654,.T.);
#2683=EDGE_CURVE('',#2118,#2117,#655,.T.);
#2684=EDGE_CURVE('',#1890,#2119,#656,.T.);
#2685=EDGE_CURVE('',#2119,#2118,#657,.T.);
#2686=EDGE_CURVE('',#1889,#2120,#658,.T.);
#2687=EDGE_CURVE('',#2120,#2119,#659,.T.);
#2688=EDGE_CURVE('',#2112,#2120,#660,.T.);
#2689=EDGE_CURVE('',#1875,#2121,#661,.T.);
#2690=EDGE_CURVE('',#2121,#2122,#662,.T.);
#2691=EDGE_CURVE('',#1876,#2122,#663,.T.);
#2692=EDGE_CURVE('',#1886,#2123,#664,.T.);
#2693=EDGE_CURVE('',#2123,#2121,#665,.T.);
#2694=EDGE_CURVE('',#1885,#2124,#666,.T.);
#2695=EDGE_CURVE('',#2124,#2123,#667,.T.);
#2696=EDGE_CURVE('',#1884,#2125,#668,.T.);
#2697=EDGE_CURVE('',#2125,#2124,#141,.T.);
#2698=EDGE_CURVE('',#1883,#2126,#669,.T.);
#2699=EDGE_CURVE('',#2126,#2125,#670,.T.);
#2700=EDGE_CURVE('',#1882,#2127,#671,.T.);
#2701=EDGE_CURVE('',#2127,#2126,#672,.T.);
#2702=EDGE_CURVE('',#1881,#2128,#673,.T.);
#2703=EDGE_CURVE('',#2128,#2127,#674,.T.);
#2704=EDGE_CURVE('',#1880,#2129,#675,.T.);
#2705=EDGE_CURVE('',#2129,#2128,#676,.T.);
#2706=EDGE_CURVE('',#1879,#2130,#677,.T.);
#2707=EDGE_CURVE('',#2130,#2129,#678,.T.);
#2708=EDGE_CURVE('',#1878,#2131,#679,.T.);
#2709=EDGE_CURVE('',#2131,#2130,#142,.T.);
#2710=EDGE_CURVE('',#1877,#2132,#680,.T.);
#2711=EDGE_CURVE('',#2132,#2131,#681,.T.);
#2712=EDGE_CURVE('',#2122,#2132,#682,.T.);
#2713=EDGE_CURVE('',#1863,#2133,#683,.T.);
#2714=EDGE_CURVE('',#2133,#2134,#684,.T.);
#2715=EDGE_CURVE('',#1864,#2134,#685,.T.);
#2716=EDGE_CURVE('',#1874,#2135,#686,.T.);
#2717=EDGE_CURVE('',#2135,#2133,#687,.T.);
#2718=EDGE_CURVE('',#1873,#2136,#688,.T.);
#2719=EDGE_CURVE('',#2136,#2135,#689,.T.);
#2720=EDGE_CURVE('',#1872,#2137,#690,.T.);
#2721=EDGE_CURVE('',#2137,#2136,#691,.T.);
#2722=EDGE_CURVE('',#1871,#2138,#692,.T.);
#2723=EDGE_CURVE('',#2138,#2137,#693,.T.);
#2724=EDGE_CURVE('',#1870,#2139,#694,.T.);
#2725=EDGE_CURVE('',#2139,#2138,#695,.T.);
#2726=EDGE_CURVE('',#1869,#2140,#696,.T.);
#2727=EDGE_CURVE('',#2140,#2139,#697,.T.);
#2728=EDGE_CURVE('',#1868,#2141,#698,.T.);
#2729=EDGE_CURVE('',#2141,#2140,#699,.T.);
#2730=EDGE_CURVE('',#1867,#2142,#700,.T.);
#2731=EDGE_CURVE('',#2142,#2141,#701,.T.);
#2732=EDGE_CURVE('',#1866,#2143,#702,.T.);
#2733=EDGE_CURVE('',#2143,#2142,#703,.T.);
#2734=EDGE_CURVE('',#1865,#2144,#704,.T.);
#2735=EDGE_CURVE('',#2144,#2143,#705,.T.);
#2736=EDGE_CURVE('',#2134,#2144,#706,.T.);
#2737=EDGE_CURVE('',#2145,#2146,#143,.T.);
#2738=EDGE_CURVE('',#2145,#2147,#707,.T.);
#2739=EDGE_CURVE('',#2147,#2148,#144,.T.);
#2740=EDGE_CURVE('',#2146,#2148,#708,.T.);
#2741=EDGE_CURVE('',#2149,#2145,#709,.T.);
#2742=EDGE_CURVE('',#2149,#2150,#710,.T.);
#2743=EDGE_CURVE('',#2150,#2147,#711,.T.);
#2744=EDGE_CURVE('',#2146,#2149,#145,.T.);
#2745=EDGE_CURVE('',#2148,#2150,#146,.T.);
#2746=EDGE_CURVE('',#1852,#2151,#712,.T.);
#2747=EDGE_CURVE('',#2151,#2152,#147,.T.);
#2748=EDGE_CURVE('',#1853,#2152,#713,.T.);
#2749=EDGE_CURVE('',#1862,#2153,#714,.T.);
#2750=EDGE_CURVE('',#2153,#2151,#329,.T.);
#2751=EDGE_CURVE('',#1861,#2154,#715,.T.);
#2752=EDGE_CURVE('',#2154,#2153,#148,.T.);
#2753=EDGE_CURVE('',#1860,#2155,#716,.T.);
#2754=EDGE_CURVE('',#2155,#2154,#149,.T.);
#2755=EDGE_CURVE('',#1859,#2156,#717,.T.);
#2756=EDGE_CURVE('',#2156,#2155,#718,.T.);
#2757=EDGE_CURVE('',#1858,#2157,#719,.T.);
#2758=EDGE_CURVE('',#2157,#2156,#720,.T.);
#2759=EDGE_CURVE('',#1857,#2158,#721,.T.);
#2760=EDGE_CURVE('',#2158,#2157,#722,.T.);
#2761=EDGE_CURVE('',#1856,#2159,#723,.T.);
#2762=EDGE_CURVE('',#2159,#2158,#724,.T.);
#2763=EDGE_CURVE('',#1855,#2160,#725,.T.);
#2764=EDGE_CURVE('',#2160,#2159,#726,.T.);
#2765=EDGE_CURVE('',#1854,#2161,#727,.T.);
#2766=EDGE_CURVE('',#2161,#2160,#150,.T.);
#2767=EDGE_CURVE('',#2152,#2161,#151,.T.);
#2768=EDGE_CURVE('',#1996,#2023,#728,.T.);
#2769=EDGE_CURVE('',#2004,#1803,#729,.T.);
#2770=ORIENTED_EDGE('',*,*,#2162,.F.);
#2771=ORIENTED_EDGE('',*,*,#2163,.F.);
#2772=ORIENTED_EDGE('',*,*,#2164,.F.);
#2773=ORIENTED_EDGE('',*,*,#2165,.F.);
#2774=ORIENTED_EDGE('',*,*,#2166,.F.);
#2775=ORIENTED_EDGE('',*,*,#2167,.F.);
#2776=ORIENTED_EDGE('',*,*,#2166,.T.);
#2777=ORIENTED_EDGE('',*,*,#2168,.T.);
#2778=ORIENTED_EDGE('',*,*,#2162,.T.);
#2779=ORIENTED_EDGE('',*,*,#2169,.T.);
#2780=ORIENTED_EDGE('',*,*,#2170,.F.);
#2781=ORIENTED_EDGE('',*,*,#2171,.T.);
#2782=ORIENTED_EDGE('',*,*,#2167,.T.);
#2783=ORIENTED_EDGE('',*,*,#2172,.T.);
#2784=ORIENTED_EDGE('',*,*,#2173,.F.);
#2785=ORIENTED_EDGE('',*,*,#2174,.F.);
#2786=ORIENTED_EDGE('',*,*,#2175,.F.);
#2787=ORIENTED_EDGE('',*,*,#2176,.F.);
#2788=ORIENTED_EDGE('',*,*,#2177,.F.);
#2789=ORIENTED_EDGE('',*,*,#2178,.F.);
#2790=ORIENTED_EDGE('',*,*,#2179,.F.);
#2791=ORIENTED_EDGE('',*,*,#2175,.T.);
#2792=ORIENTED_EDGE('',*,*,#2180,.T.);
#2793=ORIENTED_EDGE('',*,*,#2178,.T.);
#2794=ORIENTED_EDGE('',*,*,#2181,.T.);
#2795=ORIENTED_EDGE('',*,*,#2179,.T.);
#2796=ORIENTED_EDGE('',*,*,#2182,.T.);
#2797=ORIENTED_EDGE('',*,*,#2165,.T.);
#2798=ORIENTED_EDGE('',*,*,#2183,.T.);
#2799=ORIENTED_EDGE('',*,*,#2184,.F.);
#2800=ORIENTED_EDGE('',*,*,#2185,.T.);
#2801=ORIENTED_EDGE('',*,*,#2177,.T.);
#2802=ORIENTED_EDGE('',*,*,#2186,.T.);
#2803=ORIENTED_EDGE('',*,*,#2187,.F.);
#2804=ORIENTED_EDGE('',*,*,#2188,.F.);
#2805=ORIENTED_EDGE('',*,*,#2189,.T.);
#2806=ORIENTED_EDGE('',*,*,#2176,.T.);
#2807=ORIENTED_EDGE('',*,*,#2190,.T.);
#2808=ORIENTED_EDGE('',*,*,#2191,.F.);
#2809=ORIENTED_EDGE('',*,*,#2163,.T.);
#2810=ORIENTED_EDGE('',*,*,#2192,.T.);
#2811=ORIENTED_EDGE('',*,*,#2174,.T.);
#2812=ORIENTED_EDGE('',*,*,#2193,.T.);
#2813=ORIENTED_EDGE('',*,*,#2194,.F.);
#2814=ORIENTED_EDGE('',*,*,#2195,.T.);
#2815=ORIENTED_EDGE('',*,*,#2164,.T.);
#2816=ORIENTED_EDGE('',*,*,#2196,.T.);
#2817=ORIENTED_EDGE('',*,*,#2197,.F.);
#2818=ORIENTED_EDGE('',*,*,#2186,.F.);
#2819=ORIENTED_EDGE('',*,*,#2183,.F.);
#2820=ORIENTED_EDGE('',*,*,#2171,.F.);
#2821=ORIENTED_EDGE('',*,*,#2198,.F.);
#2822=ORIENTED_EDGE('',*,*,#2187,.T.);
#2823=ORIENTED_EDGE('',*,*,#2198,.T.);
#2824=ORIENTED_EDGE('',*,*,#2170,.T.);
#2825=ORIENTED_EDGE('',*,*,#2199,.T.);
#2826=ORIENTED_EDGE('',*,*,#2200,.T.);
#2827=ORIENTED_EDGE('',*,*,#2201,.T.);
#2828=ORIENTED_EDGE('',*,*,#2202,.T.);
#2829=ORIENTED_EDGE('',*,*,#2203,.T.);
#2830=ORIENTED_EDGE('',*,*,#2173,.T.);
#2831=ORIENTED_EDGE('',*,*,#2204,.T.);
#2832=ORIENTED_EDGE('',*,*,#2205,.T.);
#2833=ORIENTED_EDGE('',*,*,#2206,.T.);
#2834=ORIENTED_EDGE('',*,*,#2207,.T.);
#2835=ORIENTED_EDGE('',*,*,#2199,.F.);
#2836=ORIENTED_EDGE('',*,*,#2172,.F.);
#2837=ORIENTED_EDGE('',*,*,#2169,.F.);
#2838=ORIENTED_EDGE('',*,*,#2195,.F.);
#2839=ORIENTED_EDGE('',*,*,#2208,.F.);
#2840=ORIENTED_EDGE('',*,*,#2209,.T.);
#2841=ORIENTED_EDGE('',*,*,#2210,.F.);
#2842=ORIENTED_EDGE('',*,*,#2211,.T.);
#2843=ORIENTED_EDGE('',*,*,#2204,.F.);
#2844=ORIENTED_EDGE('',*,*,#2194,.T.);
#2845=ORIENTED_EDGE('',*,*,#2212,.F.);
#2846=ORIENTED_EDGE('',*,*,#2213,.T.);
#2847=ORIENTED_EDGE('',*,*,#2214,.T.);
#2848=ORIENTED_EDGE('',*,*,#2215,.T.);
#2849=ORIENTED_EDGE('',*,*,#2208,.T.);
#2850=ORIENTED_EDGE('',*,*,#2180,.F.);
#2851=ORIENTED_EDGE('',*,*,#2192,.F.);
#2852=ORIENTED_EDGE('',*,*,#2168,.F.);
#2853=ORIENTED_EDGE('',*,*,#2182,.F.);
#2854=ORIENTED_EDGE('',*,*,#2216,.T.);
#2855=ORIENTED_EDGE('',*,*,#2217,.T.);
#2856=ORIENTED_EDGE('',*,*,#2218,.T.);
#2857=ORIENTED_EDGE('',*,*,#2219,.T.);
#2858=ORIENTED_EDGE('',*,*,#2220,.T.);
#2859=ORIENTED_EDGE('',*,*,#2221,.T.);
#2860=ORIENTED_EDGE('',*,*,#2218,.F.);
#2861=ORIENTED_EDGE('',*,*,#2222,.T.);
#2862=ORIENTED_EDGE('',*,*,#2223,.T.);
#2863=ORIENTED_EDGE('',*,*,#2224,.T.);
#2864=ORIENTED_EDGE('',*,*,#2220,.F.);
#2865=ORIENTED_EDGE('',*,*,#2225,.T.);
#2866=ORIENTED_EDGE('',*,*,#2226,.T.);
#2867=ORIENTED_EDGE('',*,*,#2227,.T.);
#2868=ORIENTED_EDGE('',*,*,#2223,.F.);
#2869=ORIENTED_EDGE('',*,*,#2228,.T.);
#2870=ORIENTED_EDGE('',*,*,#2229,.T.);
#2871=ORIENTED_EDGE('',*,*,#2230,.T.);
#2872=ORIENTED_EDGE('',*,*,#2226,.F.);
#2873=ORIENTED_EDGE('',*,*,#2231,.T.);
#2874=ORIENTED_EDGE('',*,*,#2232,.T.);
#2875=ORIENTED_EDGE('',*,*,#2233,.T.);
#2876=ORIENTED_EDGE('',*,*,#2229,.F.);
#2877=ORIENTED_EDGE('',*,*,#2234,.T.);
#2878=ORIENTED_EDGE('',*,*,#2235,.T.);
#2879=ORIENTED_EDGE('',*,*,#2236,.T.);
#2880=ORIENTED_EDGE('',*,*,#2232,.F.);
#2881=ORIENTED_EDGE('',*,*,#2237,.T.);
#2882=ORIENTED_EDGE('',*,*,#2238,.T.);
#2883=ORIENTED_EDGE('',*,*,#2239,.T.);
#2884=ORIENTED_EDGE('',*,*,#2235,.F.);
#2885=ORIENTED_EDGE('',*,*,#2240,.T.);
#2886=ORIENTED_EDGE('',*,*,#2241,.T.);
#2887=ORIENTED_EDGE('',*,*,#2242,.T.);
#2888=ORIENTED_EDGE('',*,*,#2238,.F.);
#2889=ORIENTED_EDGE('',*,*,#2243,.T.);
#2890=ORIENTED_EDGE('',*,*,#2244,.T.);
#2891=ORIENTED_EDGE('',*,*,#2245,.T.);
#2892=ORIENTED_EDGE('',*,*,#2241,.F.);
#2893=ORIENTED_EDGE('',*,*,#2246,.T.);
#2894=ORIENTED_EDGE('',*,*,#2247,.T.);
#2895=ORIENTED_EDGE('',*,*,#2248,.T.);
#2896=ORIENTED_EDGE('',*,*,#2244,.F.);
#2897=ORIENTED_EDGE('',*,*,#2249,.T.);
#2898=ORIENTED_EDGE('',*,*,#2250,.T.);
#2899=ORIENTED_EDGE('',*,*,#2251,.T.);
#2900=ORIENTED_EDGE('',*,*,#2247,.F.);
#2901=ORIENTED_EDGE('',*,*,#2252,.T.);
#2902=ORIENTED_EDGE('',*,*,#2253,.T.);
#2903=ORIENTED_EDGE('',*,*,#2254,.T.);
#2904=ORIENTED_EDGE('',*,*,#2250,.F.);
#2905=ORIENTED_EDGE('',*,*,#2255,.T.);
#2906=ORIENTED_EDGE('',*,*,#2256,.T.);
#2907=ORIENTED_EDGE('',*,*,#2257,.T.);
#2908=ORIENTED_EDGE('',*,*,#2253,.F.);
#2909=ORIENTED_EDGE('',*,*,#2258,.T.);
#2910=ORIENTED_EDGE('',*,*,#2259,.T.);
#2911=ORIENTED_EDGE('',*,*,#2260,.T.);
#2912=ORIENTED_EDGE('',*,*,#2256,.F.);
#2913=ORIENTED_EDGE('',*,*,#2261,.T.);
#2914=ORIENTED_EDGE('',*,*,#2259,.F.);
#2915=ORIENTED_EDGE('',*,*,#2262,.T.);
#2916=ORIENTED_EDGE('',*,*,#2216,.F.);
#2917=ORIENTED_EDGE('',*,*,#2263,.T.);
#2918=ORIENTED_EDGE('',*,*,#2240,.F.);
#2919=ORIENTED_EDGE('',*,*,#2264,.T.);
#2920=ORIENTED_EDGE('',*,*,#2265,.F.);
#2921=ORIENTED_EDGE('',*,*,#2266,.T.);
#2922=ORIENTED_EDGE('',*,*,#2237,.F.);
#2923=ORIENTED_EDGE('',*,*,#2267,.F.);
#2924=ORIENTED_EDGE('',*,*,#2268,.F.);
#2925=ORIENTED_EDGE('',*,*,#2264,.F.);
#2926=ORIENTED_EDGE('',*,*,#2234,.F.);
#2927=ORIENTED_EDGE('',*,*,#2269,.T.);
#2928=ORIENTED_EDGE('',*,*,#2270,.F.);
#2929=ORIENTED_EDGE('',*,*,#2267,.T.);
#2930=ORIENTED_EDGE('',*,*,#2231,.F.);
#2931=ORIENTED_EDGE('',*,*,#2271,.F.);
#2932=ORIENTED_EDGE('',*,*,#2272,.F.);
#2933=ORIENTED_EDGE('',*,*,#2269,.F.);
#2934=ORIENTED_EDGE('',*,*,#2228,.F.);
#2935=ORIENTED_EDGE('',*,*,#2273,.T.);
#2936=ORIENTED_EDGE('',*,*,#2274,.F.);
#2937=ORIENTED_EDGE('',*,*,#2271,.T.);
#2938=ORIENTED_EDGE('',*,*,#2225,.F.);
#2939=ORIENTED_EDGE('',*,*,#2275,.F.);
#2940=ORIENTED_EDGE('',*,*,#2276,.F.);
#2941=ORIENTED_EDGE('',*,*,#2273,.F.);
#2942=ORIENTED_EDGE('',*,*,#2222,.F.);
#2943=ORIENTED_EDGE('',*,*,#2277,.T.);
#2944=ORIENTED_EDGE('',*,*,#2278,.F.);
#2945=ORIENTED_EDGE('',*,*,#2275,.T.);
#2946=ORIENTED_EDGE('',*,*,#2217,.F.);
#2947=ORIENTED_EDGE('',*,*,#2279,.F.);
#2948=ORIENTED_EDGE('',*,*,#2280,.F.);
#2949=ORIENTED_EDGE('',*,*,#2277,.F.);
#2950=ORIENTED_EDGE('',*,*,#2219,.F.);
#2951=ORIENTED_EDGE('',*,*,#2221,.F.);
#2952=ORIENTED_EDGE('',*,*,#2224,.F.);
#2953=ORIENTED_EDGE('',*,*,#2227,.F.);
#2954=ORIENTED_EDGE('',*,*,#2230,.F.);
#2955=ORIENTED_EDGE('',*,*,#2233,.F.);
#2956=ORIENTED_EDGE('',*,*,#2236,.F.);
#2957=ORIENTED_EDGE('',*,*,#2239,.F.);
#2958=ORIENTED_EDGE('',*,*,#2242,.F.);
#2959=ORIENTED_EDGE('',*,*,#2245,.F.);
#2960=ORIENTED_EDGE('',*,*,#2248,.F.);
#2961=ORIENTED_EDGE('',*,*,#2251,.F.);
#2962=ORIENTED_EDGE('',*,*,#2254,.F.);
#2963=ORIENTED_EDGE('',*,*,#2257,.F.);
#2964=ORIENTED_EDGE('',*,*,#2260,.F.);
#2965=ORIENTED_EDGE('',*,*,#2263,.F.);
#2966=ORIENTED_EDGE('',*,*,#2281,.T.);
#2967=ORIENTED_EDGE('',*,*,#2282,.T.);
#2968=ORIENTED_EDGE('',*,*,#2283,.T.);
#2969=ORIENTED_EDGE('',*,*,#2284,.T.);
#2970=ORIENTED_EDGE('',*,*,#2285,.T.);
#2971=ORIENTED_EDGE('',*,*,#2286,.T.);
#2972=ORIENTED_EDGE('',*,*,#2287,.T.);
#2973=ORIENTED_EDGE('',*,*,#2288,.T.);
#2974=ORIENTED_EDGE('',*,*,#2289,.T.);
#2975=ORIENTED_EDGE('',*,*,#2290,.T.);
#2976=ORIENTED_EDGE('',*,*,#2291,.T.);
#2977=ORIENTED_EDGE('',*,*,#2292,.T.);
#2978=ORIENTED_EDGE('',*,*,#2293,.T.);
#2979=ORIENTED_EDGE('',*,*,#2294,.T.);
#2980=ORIENTED_EDGE('',*,*,#2295,.T.);
#2981=ORIENTED_EDGE('',*,*,#2296,.T.);
#2982=ORIENTED_EDGE('',*,*,#2297,.T.);
#2983=ORIENTED_EDGE('',*,*,#2298,.T.);
#2984=ORIENTED_EDGE('',*,*,#2299,.T.);
#2985=ORIENTED_EDGE('',*,*,#2300,.T.);
#2986=ORIENTED_EDGE('',*,*,#2301,.T.);
#2987=ORIENTED_EDGE('',*,*,#2302,.T.);
#2988=ORIENTED_EDGE('',*,*,#2303,.T.);
#2989=ORIENTED_EDGE('',*,*,#2304,.T.);
#2990=ORIENTED_EDGE('',*,*,#2305,.T.);
#2991=ORIENTED_EDGE('',*,*,#2306,.T.);
#2992=ORIENTED_EDGE('',*,*,#2307,.T.);
#2993=ORIENTED_EDGE('',*,*,#2308,.T.);
#2994=ORIENTED_EDGE('',*,*,#2309,.T.);
#2995=ORIENTED_EDGE('',*,*,#2310,.T.);
#2996=ORIENTED_EDGE('',*,*,#2311,.T.);
#2997=ORIENTED_EDGE('',*,*,#2312,.T.);
#2998=ORIENTED_EDGE('',*,*,#2313,.T.);
#2999=ORIENTED_EDGE('',*,*,#2314,.T.);
#3000=ORIENTED_EDGE('',*,*,#2315,.T.);
#3001=ORIENTED_EDGE('',*,*,#2316,.T.);
#3002=ORIENTED_EDGE('',*,*,#2317,.T.);
#3003=ORIENTED_EDGE('',*,*,#2318,.T.);
#3004=ORIENTED_EDGE('',*,*,#2319,.T.);
#3005=ORIENTED_EDGE('',*,*,#2320,.T.);
#3006=ORIENTED_EDGE('',*,*,#2321,.T.);
#3007=ORIENTED_EDGE('',*,*,#2322,.T.);
#3008=ORIENTED_EDGE('',*,*,#2323,.T.);
#3009=ORIENTED_EDGE('',*,*,#2324,.T.);
#3010=ORIENTED_EDGE('',*,*,#2325,.T.);
#3011=ORIENTED_EDGE('',*,*,#2326,.T.);
#3012=ORIENTED_EDGE('',*,*,#2327,.T.);
#3013=ORIENTED_EDGE('',*,*,#2328,.T.);
#3014=ORIENTED_EDGE('',*,*,#2329,.T.);
#3015=ORIENTED_EDGE('',*,*,#2330,.T.);
#3016=ORIENTED_EDGE('',*,*,#2331,.T.);
#3017=ORIENTED_EDGE('',*,*,#2332,.T.);
#3018=ORIENTED_EDGE('',*,*,#2333,.T.);
#3019=ORIENTED_EDGE('',*,*,#2334,.T.);
#3020=ORIENTED_EDGE('',*,*,#2335,.T.);
#3021=ORIENTED_EDGE('',*,*,#2336,.T.);
#3022=ORIENTED_EDGE('',*,*,#2337,.T.);
#3023=ORIENTED_EDGE('',*,*,#2338,.T.);
#3024=ORIENTED_EDGE('',*,*,#2339,.T.);
#3025=ORIENTED_EDGE('',*,*,#2340,.T.);
#3026=ORIENTED_EDGE('',*,*,#2341,.T.);
#3027=ORIENTED_EDGE('',*,*,#2342,.T.);
#3028=ORIENTED_EDGE('',*,*,#2343,.T.);
#3029=ORIENTED_EDGE('',*,*,#2344,.T.);
#3030=ORIENTED_EDGE('',*,*,#2345,.T.);
#3031=ORIENTED_EDGE('',*,*,#2346,.T.);
#3032=ORIENTED_EDGE('',*,*,#2347,.T.);
#3033=ORIENTED_EDGE('',*,*,#2348,.T.);
#3034=ORIENTED_EDGE('',*,*,#2349,.T.);
#3035=ORIENTED_EDGE('',*,*,#2350,.T.);
#3036=ORIENTED_EDGE('',*,*,#2351,.T.);
#3037=ORIENTED_EDGE('',*,*,#2352,.T.);
#3038=ORIENTED_EDGE('',*,*,#2353,.T.);
#3039=ORIENTED_EDGE('',*,*,#2354,.T.);
#3040=ORIENTED_EDGE('',*,*,#2355,.T.);
#3041=ORIENTED_EDGE('',*,*,#2356,.T.);
#3042=ORIENTED_EDGE('',*,*,#2357,.T.);
#3043=ORIENTED_EDGE('',*,*,#2358,.T.);
#3044=ORIENTED_EDGE('',*,*,#2359,.T.);
#3045=ORIENTED_EDGE('',*,*,#2360,.T.);
#3046=ORIENTED_EDGE('',*,*,#2361,.T.);
#3047=ORIENTED_EDGE('',*,*,#2362,.T.);
#3048=ORIENTED_EDGE('',*,*,#2363,.T.);
#3049=ORIENTED_EDGE('',*,*,#2364,.T.);
#3050=ORIENTED_EDGE('',*,*,#2365,.T.);
#3051=ORIENTED_EDGE('',*,*,#2366,.T.);
#3052=ORIENTED_EDGE('',*,*,#2367,.T.);
#3053=ORIENTED_EDGE('',*,*,#2368,.T.);
#3054=ORIENTED_EDGE('',*,*,#2369,.T.);
#3055=ORIENTED_EDGE('',*,*,#2370,.T.);
#3056=ORIENTED_EDGE('',*,*,#2371,.T.);
#3057=ORIENTED_EDGE('',*,*,#2372,.T.);
#3058=ORIENTED_EDGE('',*,*,#2373,.T.);
#3059=ORIENTED_EDGE('',*,*,#2374,.T.);
#3060=ORIENTED_EDGE('',*,*,#2375,.T.);
#3061=ORIENTED_EDGE('',*,*,#2376,.T.);
#3062=ORIENTED_EDGE('',*,*,#2377,.T.);
#3063=ORIENTED_EDGE('',*,*,#2378,.T.);
#3064=ORIENTED_EDGE('',*,*,#2379,.T.);
#3065=ORIENTED_EDGE('',*,*,#2380,.T.);
#3066=ORIENTED_EDGE('',*,*,#2381,.T.);
#3067=ORIENTED_EDGE('',*,*,#2382,.T.);
#3068=ORIENTED_EDGE('',*,*,#2383,.T.);
#3069=ORIENTED_EDGE('',*,*,#2384,.T.);
#3070=ORIENTED_EDGE('',*,*,#2385,.T.);
#3071=ORIENTED_EDGE('',*,*,#2386,.T.);
#3072=ORIENTED_EDGE('',*,*,#2387,.T.);
#3073=ORIENTED_EDGE('',*,*,#2388,.T.);
#3074=ORIENTED_EDGE('',*,*,#2389,.T.);
#3075=ORIENTED_EDGE('',*,*,#2390,.T.);
#3076=ORIENTED_EDGE('',*,*,#2391,.T.);
#3077=ORIENTED_EDGE('',*,*,#2392,.T.);
#3078=ORIENTED_EDGE('',*,*,#2393,.T.);
#3079=ORIENTED_EDGE('',*,*,#2394,.T.);
#3080=ORIENTED_EDGE('',*,*,#2395,.T.);
#3081=ORIENTED_EDGE('',*,*,#2268,.T.);
#3082=ORIENTED_EDGE('',*,*,#2396,.T.);
#3083=ORIENTED_EDGE('',*,*,#2397,.T.);
#3084=ORIENTED_EDGE('',*,*,#2398,.T.);
#3085=ORIENTED_EDGE('',*,*,#2399,.T.);
#3086=ORIENTED_EDGE('',*,*,#2396,.F.);
#3087=ORIENTED_EDGE('',*,*,#2270,.T.);
#3088=ORIENTED_EDGE('',*,*,#2400,.T.);
#3089=ORIENTED_EDGE('',*,*,#2401,.T.);
#3090=ORIENTED_EDGE('',*,*,#2398,.F.);
#3091=ORIENTED_EDGE('',*,*,#2272,.T.);
#3092=ORIENTED_EDGE('',*,*,#2402,.T.);
#3093=ORIENTED_EDGE('',*,*,#2403,.T.);
#3094=ORIENTED_EDGE('',*,*,#2400,.F.);
#3095=ORIENTED_EDGE('',*,*,#2274,.T.);
#3096=ORIENTED_EDGE('',*,*,#2404,.T.);
#3097=ORIENTED_EDGE('',*,*,#2405,.T.);
#3098=ORIENTED_EDGE('',*,*,#2402,.F.);
#3099=ORIENTED_EDGE('',*,*,#2276,.T.);
#3100=ORIENTED_EDGE('',*,*,#2406,.T.);
#3101=ORIENTED_EDGE('',*,*,#2407,.T.);
#3102=ORIENTED_EDGE('',*,*,#2404,.F.);
#3103=ORIENTED_EDGE('',*,*,#2278,.T.);
#3104=ORIENTED_EDGE('',*,*,#2408,.T.);
#3105=ORIENTED_EDGE('',*,*,#2409,.T.);
#3106=ORIENTED_EDGE('',*,*,#2406,.F.);
#3107=ORIENTED_EDGE('',*,*,#2280,.T.);
#3108=ORIENTED_EDGE('',*,*,#2410,.T.);
#3109=ORIENTED_EDGE('',*,*,#2411,.T.);
#3110=ORIENTED_EDGE('',*,*,#2408,.F.);
#3111=ORIENTED_EDGE('',*,*,#2412,.T.);
#3112=ORIENTED_EDGE('',*,*,#2413,.T.);
#3113=ORIENTED_EDGE('',*,*,#2414,.T.);
#3114=ORIENTED_EDGE('',*,*,#2410,.F.);
#3115=ORIENTED_EDGE('',*,*,#2415,.T.);
#3116=ORIENTED_EDGE('',*,*,#2416,.T.);
#3117=ORIENTED_EDGE('',*,*,#2417,.T.);
#3118=ORIENTED_EDGE('',*,*,#2413,.F.);
#3119=ORIENTED_EDGE('',*,*,#2418,.T.);
#3120=ORIENTED_EDGE('',*,*,#2419,.T.);
#3121=ORIENTED_EDGE('',*,*,#2420,.T.);
#3122=ORIENTED_EDGE('',*,*,#2416,.F.);
#3123=ORIENTED_EDGE('',*,*,#2421,.T.);
#3124=ORIENTED_EDGE('',*,*,#2422,.T.);
#3125=ORIENTED_EDGE('',*,*,#2423,.T.);
#3126=ORIENTED_EDGE('',*,*,#2419,.F.);
#3127=ORIENTED_EDGE('',*,*,#2424,.T.);
#3128=ORIENTED_EDGE('',*,*,#2425,.T.);
#3129=ORIENTED_EDGE('',*,*,#2426,.T.);
#3130=ORIENTED_EDGE('',*,*,#2422,.F.);
#3131=ORIENTED_EDGE('',*,*,#2427,.T.);
#3132=ORIENTED_EDGE('',*,*,#2428,.T.);
#3133=ORIENTED_EDGE('',*,*,#2429,.T.);
#3134=ORIENTED_EDGE('',*,*,#2425,.F.);
#3135=ORIENTED_EDGE('',*,*,#2430,.T.);
#3136=ORIENTED_EDGE('',*,*,#2431,.T.);
#3137=ORIENTED_EDGE('',*,*,#2432,.T.);
#3138=ORIENTED_EDGE('',*,*,#2428,.F.);
#3139=ORIENTED_EDGE('',*,*,#2433,.T.);
#3140=ORIENTED_EDGE('',*,*,#2431,.F.);
#3141=ORIENTED_EDGE('',*,*,#2265,.T.);
#3142=ORIENTED_EDGE('',*,*,#2395,.F.);
#3143=ORIENTED_EDGE('',*,*,#2434,.T.);
#3144=ORIENTED_EDGE('',*,*,#2262,.F.);
#3145=ORIENTED_EDGE('',*,*,#2435,.T.);
#3146=ORIENTED_EDGE('',*,*,#2412,.F.);
#3147=ORIENTED_EDGE('',*,*,#2279,.T.);
#3148=ORIENTED_EDGE('',*,*,#2397,.F.);
#3149=ORIENTED_EDGE('',*,*,#2399,.F.);
#3150=ORIENTED_EDGE('',*,*,#2401,.F.);
#3151=ORIENTED_EDGE('',*,*,#2403,.F.);
#3152=ORIENTED_EDGE('',*,*,#2405,.F.);
#3153=ORIENTED_EDGE('',*,*,#2407,.F.);
#3154=ORIENTED_EDGE('',*,*,#2409,.F.);
#3155=ORIENTED_EDGE('',*,*,#2411,.F.);
#3156=ORIENTED_EDGE('',*,*,#2414,.F.);
#3157=ORIENTED_EDGE('',*,*,#2417,.F.);
#3158=ORIENTED_EDGE('',*,*,#2420,.F.);
#3159=ORIENTED_EDGE('',*,*,#2423,.F.);
#3160=ORIENTED_EDGE('',*,*,#2426,.F.);
#3161=ORIENTED_EDGE('',*,*,#2429,.F.);
#3162=ORIENTED_EDGE('',*,*,#2432,.F.);
#3163=ORIENTED_EDGE('',*,*,#2434,.F.);
#3164=ORIENTED_EDGE('',*,*,#2436,.F.);
#3165=ORIENTED_EDGE('',*,*,#2437,.F.);
#3166=ORIENTED_EDGE('',*,*,#2210,.T.);
#3167=ORIENTED_EDGE('',*,*,#2438,.T.);
#3168=ORIENTED_EDGE('',*,*,#2439,.T.);
#3169=ORIENTED_EDGE('',*,*,#2440,.F.);
#3170=ORIENTED_EDGE('',*,*,#2441,.T.);
#3171=ORIENTED_EDGE('',*,*,#2442,.F.);
#3172=ORIENTED_EDGE('',*,*,#2443,.T.);
#3173=ORIENTED_EDGE('',*,*,#2444,.T.);
#3174=ORIENTED_EDGE('',*,*,#2445,.T.);
#3175=ORIENTED_EDGE('',*,*,#2446,.T.);
#3176=ORIENTED_EDGE('',*,*,#2447,.T.);
#3177=ORIENTED_EDGE('',*,*,#2448,.F.);
#3178=ORIENTED_EDGE('',*,*,#2449,.T.);
#3179=ORIENTED_EDGE('',*,*,#2450,.F.);
#3180=ORIENTED_EDGE('',*,*,#2451,.T.);
#3181=ORIENTED_EDGE('',*,*,#2452,.T.);
#3182=ORIENTED_EDGE('',*,*,#2453,.F.);
#3183=ORIENTED_EDGE('',*,*,#2454,.F.);
#3184=ORIENTED_EDGE('',*,*,#2436,.T.);
#3185=ORIENTED_EDGE('',*,*,#2455,.T.);
#3186=ORIENTED_EDGE('',*,*,#2456,.T.);
#3187=ORIENTED_EDGE('',*,*,#2457,.T.);
#3188=ORIENTED_EDGE('',*,*,#2455,.F.);
#3189=ORIENTED_EDGE('',*,*,#2456,.F.);
#3190=ORIENTED_EDGE('',*,*,#2457,.F.);
#3191=ORIENTED_EDGE('',*,*,#2458,.T.);
#3192=ORIENTED_EDGE('',*,*,#2459,.T.);
#3193=ORIENTED_EDGE('',*,*,#2458,.F.);
#3194=ORIENTED_EDGE('',*,*,#2454,.T.);
#3195=ORIENTED_EDGE('',*,*,#2460,.T.);
#3196=ORIENTED_EDGE('',*,*,#2461,.T.);
#3197=ORIENTED_EDGE('',*,*,#2462,.T.);
#3198=ORIENTED_EDGE('',*,*,#2460,.F.);
#3199=ORIENTED_EDGE('',*,*,#2461,.F.);
#3200=ORIENTED_EDGE('',*,*,#2462,.F.);
#3201=ORIENTED_EDGE('',*,*,#2463,.T.);
#3202=ORIENTED_EDGE('',*,*,#2464,.T.);
#3203=ORIENTED_EDGE('',*,*,#2463,.F.);
#3204=ORIENTED_EDGE('',*,*,#2437,.T.);
#3205=ORIENTED_EDGE('',*,*,#2465,.T.);
#3206=ORIENTED_EDGE('',*,*,#2466,.T.);
#3207=ORIENTED_EDGE('',*,*,#2467,.T.);
#3208=ORIENTED_EDGE('',*,*,#2465,.F.);
#3209=ORIENTED_EDGE('',*,*,#2466,.F.);
#3210=ORIENTED_EDGE('',*,*,#2467,.F.);
#3211=ORIENTED_EDGE('',*,*,#2468,.T.);
#3212=ORIENTED_EDGE('',*,*,#2469,.T.);
#3213=ORIENTED_EDGE('',*,*,#2468,.F.);
#3214=ORIENTED_EDGE('',*,*,#2453,.T.);
#3215=ORIENTED_EDGE('',*,*,#2470,.T.);
#3216=ORIENTED_EDGE('',*,*,#2471,.T.);
#3217=ORIENTED_EDGE('',*,*,#2472,.T.);
#3218=ORIENTED_EDGE('',*,*,#2470,.F.);
#3219=ORIENTED_EDGE('',*,*,#2471,.F.);
#3220=ORIENTED_EDGE('',*,*,#2472,.F.);
#3221=ORIENTED_EDGE('',*,*,#2473,.T.);
#3222=ORIENTED_EDGE('',*,*,#2474,.T.);
#3223=ORIENTED_EDGE('',*,*,#2473,.F.);
#3224=ORIENTED_EDGE('',*,*,#2188,.T.);
#3225=ORIENTED_EDGE('',*,*,#2475,.T.);
#3226=ORIENTED_EDGE('',*,*,#2476,.T.);
#3227=ORIENTED_EDGE('',*,*,#2477,.T.);
#3228=ORIENTED_EDGE('',*,*,#2478,.T.);
#3229=ORIENTED_EDGE('',*,*,#2212,.T.);
#3230=ORIENTED_EDGE('',*,*,#2197,.T.);
#3231=ORIENTED_EDGE('',*,*,#2479,.T.);
#3232=ORIENTED_EDGE('',*,*,#2191,.T.);
#3233=ORIENTED_EDGE('',*,*,#2480,.T.);
#3234=ORIENTED_EDGE('',*,*,#2481,.T.);
#3235=ORIENTED_EDGE('',*,*,#2482,.T.);
#3236=ORIENTED_EDGE('',*,*,#2483,.T.);
#3237=ORIENTED_EDGE('',*,*,#2475,.F.);
#3238=ORIENTED_EDGE('',*,*,#2476,.F.);
#3239=ORIENTED_EDGE('',*,*,#2483,.F.);
#3240=ORIENTED_EDGE('',*,*,#2484,.F.);
#3241=ORIENTED_EDGE('',*,*,#2213,.F.);
#3242=ORIENTED_EDGE('',*,*,#2478,.F.);
#3243=ORIENTED_EDGE('',*,*,#2485,.F.);
#3244=ORIENTED_EDGE('',*,*,#2184,.T.);
#3245=ORIENTED_EDGE('',*,*,#2203,.F.);
#3246=ORIENTED_EDGE('',*,*,#2486,.T.);
#3247=ORIENTED_EDGE('',*,*,#2487,.T.);
#3248=ORIENTED_EDGE('',*,*,#2488,.T.);
#3249=ORIENTED_EDGE('',*,*,#2489,.T.);
#3250=ORIENTED_EDGE('',*,*,#2202,.F.);
#3251=ORIENTED_EDGE('',*,*,#2490,.F.);
#3252=ORIENTED_EDGE('',*,*,#2486,.F.);
#3253=ORIENTED_EDGE('',*,*,#2185,.F.);
#3254=ORIENTED_EDGE('',*,*,#2489,.F.);
#3255=ORIENTED_EDGE('',*,*,#2491,.T.);
#3256=ORIENTED_EDGE('',*,*,#2445,.F.);
#3257=ORIENTED_EDGE('',*,*,#2492,.T.);
#3258=ORIENTED_EDGE('',*,*,#2480,.F.);
#3259=ORIENTED_EDGE('',*,*,#2190,.F.);
#3260=ORIENTED_EDGE('',*,*,#2181,.F.);
#3261=ORIENTED_EDGE('',*,*,#2442,.T.);
#3262=ORIENTED_EDGE('',*,*,#2493,.T.);
#3263=ORIENTED_EDGE('',*,*,#2484,.T.);
#3264=ORIENTED_EDGE('',*,*,#2494,.T.);
#3265=ORIENTED_EDGE('',*,*,#2493,.F.);
#3266=ORIENTED_EDGE('',*,*,#2441,.F.);
#3267=ORIENTED_EDGE('',*,*,#2495,.F.);
#3268=ORIENTED_EDGE('',*,*,#2477,.F.);
#3269=ORIENTED_EDGE('',*,*,#2440,.T.);
#3270=ORIENTED_EDGE('',*,*,#2496,.T.);
#3271=ORIENTED_EDGE('',*,*,#2485,.T.);
#3272=ORIENTED_EDGE('',*,*,#2495,.T.);
#3273=ORIENTED_EDGE('',*,*,#2496,.F.);
#3274=ORIENTED_EDGE('',*,*,#2439,.F.);
#3275=ORIENTED_EDGE('',*,*,#2497,.T.);
#3276=ORIENTED_EDGE('',*,*,#2214,.F.);
#3277=ORIENTED_EDGE('',*,*,#2450,.T.);
#3278=ORIENTED_EDGE('',*,*,#2498,.T.);
#3279=ORIENTED_EDGE('',*,*,#2499,.T.);
#3280=ORIENTED_EDGE('',*,*,#2500,.T.);
#3281=ORIENTED_EDGE('',*,*,#2498,.F.);
#3282=ORIENTED_EDGE('',*,*,#2449,.F.);
#3283=ORIENTED_EDGE('',*,*,#2501,.F.);
#3284=ORIENTED_EDGE('',*,*,#2201,.F.);
#3285=ORIENTED_EDGE('',*,*,#2448,.T.);
#3286=ORIENTED_EDGE('',*,*,#2502,.T.);
#3287=ORIENTED_EDGE('',*,*,#2490,.T.);
#3288=ORIENTED_EDGE('',*,*,#2501,.T.);
#3289=ORIENTED_EDGE('',*,*,#2502,.F.);
#3290=ORIENTED_EDGE('',*,*,#2447,.F.);
#3291=ORIENTED_EDGE('',*,*,#2503,.T.);
#3292=ORIENTED_EDGE('',*,*,#2487,.F.);
#3293=ORIENTED_EDGE('',*,*,#2261,.F.);
#3294=ORIENTED_EDGE('',*,*,#2504,.F.);
#3295=ORIENTED_EDGE('',*,*,#2415,.F.);
#3296=ORIENTED_EDGE('',*,*,#2435,.F.);
#3297=ORIENTED_EDGE('',*,*,#2258,.F.);
#3298=ORIENTED_EDGE('',*,*,#2505,.T.);
#3299=ORIENTED_EDGE('',*,*,#2418,.F.);
#3300=ORIENTED_EDGE('',*,*,#2504,.T.);
#3301=ORIENTED_EDGE('',*,*,#2255,.F.);
#3302=ORIENTED_EDGE('',*,*,#2506,.F.);
#3303=ORIENTED_EDGE('',*,*,#2421,.F.);
#3304=ORIENTED_EDGE('',*,*,#2505,.F.);
#3305=ORIENTED_EDGE('',*,*,#2252,.F.);
#3306=ORIENTED_EDGE('',*,*,#2507,.T.);
#3307=ORIENTED_EDGE('',*,*,#2424,.F.);
#3308=ORIENTED_EDGE('',*,*,#2506,.T.);
#3309=ORIENTED_EDGE('',*,*,#2249,.F.);
#3310=ORIENTED_EDGE('',*,*,#2508,.F.);
#3311=ORIENTED_EDGE('',*,*,#2427,.F.);
#3312=ORIENTED_EDGE('',*,*,#2507,.F.);
#3313=ORIENTED_EDGE('',*,*,#2246,.F.);
#3314=ORIENTED_EDGE('',*,*,#2509,.T.);
#3315=ORIENTED_EDGE('',*,*,#2430,.F.);
#3316=ORIENTED_EDGE('',*,*,#2508,.T.);
#3317=ORIENTED_EDGE('',*,*,#2243,.F.);
#3318=ORIENTED_EDGE('',*,*,#2266,.F.);
#3319=ORIENTED_EDGE('',*,*,#2433,.F.);
#3320=ORIENTED_EDGE('',*,*,#2509,.F.);
#3321=ORIENTED_EDGE('',*,*,#2370,.F.);
#3322=ORIENTED_EDGE('',*,*,#2510,.T.);
#3323=ORIENTED_EDGE('',*,*,#2511,.T.);
#3324=ORIENTED_EDGE('',*,*,#2512,.F.);
#3325=ORIENTED_EDGE('',*,*,#2394,.F.);
#3326=ORIENTED_EDGE('',*,*,#2513,.T.);
#3327=ORIENTED_EDGE('',*,*,#2514,.T.);
#3328=ORIENTED_EDGE('',*,*,#2510,.F.);
#3329=ORIENTED_EDGE('',*,*,#2393,.F.);
#3330=ORIENTED_EDGE('',*,*,#2515,.T.);
#3331=ORIENTED_EDGE('',*,*,#2516,.T.);
#3332=ORIENTED_EDGE('',*,*,#2513,.F.);
#3333=ORIENTED_EDGE('',*,*,#2392,.F.);
#3334=ORIENTED_EDGE('',*,*,#2517,.T.);
#3335=ORIENTED_EDGE('',*,*,#2518,.T.);
#3336=ORIENTED_EDGE('',*,*,#2515,.F.);
#3337=ORIENTED_EDGE('',*,*,#2391,.F.);
#3338=ORIENTED_EDGE('',*,*,#2519,.T.);
#3339=ORIENTED_EDGE('',*,*,#2520,.T.);
#3340=ORIENTED_EDGE('',*,*,#2517,.F.);
#3341=ORIENTED_EDGE('',*,*,#2390,.F.);
#3342=ORIENTED_EDGE('',*,*,#2521,.T.);
#3343=ORIENTED_EDGE('',*,*,#2522,.T.);
#3344=ORIENTED_EDGE('',*,*,#2519,.F.);
#3345=ORIENTED_EDGE('',*,*,#2389,.F.);
#3346=ORIENTED_EDGE('',*,*,#2523,.T.);
#3347=ORIENTED_EDGE('',*,*,#2524,.T.);
#3348=ORIENTED_EDGE('',*,*,#2521,.F.);
#3349=ORIENTED_EDGE('',*,*,#2388,.F.);
#3350=ORIENTED_EDGE('',*,*,#2525,.T.);
#3351=ORIENTED_EDGE('',*,*,#2526,.T.);
#3352=ORIENTED_EDGE('',*,*,#2523,.F.);
#3353=ORIENTED_EDGE('',*,*,#2387,.F.);
#3354=ORIENTED_EDGE('',*,*,#2527,.T.);
#3355=ORIENTED_EDGE('',*,*,#2528,.T.);
#3356=ORIENTED_EDGE('',*,*,#2525,.F.);
#3357=ORIENTED_EDGE('',*,*,#2386,.F.);
#3358=ORIENTED_EDGE('',*,*,#2529,.T.);
#3359=ORIENTED_EDGE('',*,*,#2530,.T.);
#3360=ORIENTED_EDGE('',*,*,#2527,.F.);
#3361=ORIENTED_EDGE('',*,*,#2385,.F.);
#3362=ORIENTED_EDGE('',*,*,#2531,.T.);
#3363=ORIENTED_EDGE('',*,*,#2532,.T.);
#3364=ORIENTED_EDGE('',*,*,#2529,.F.);
#3365=ORIENTED_EDGE('',*,*,#2384,.F.);
#3366=ORIENTED_EDGE('',*,*,#2533,.T.);
#3367=ORIENTED_EDGE('',*,*,#2534,.T.);
#3368=ORIENTED_EDGE('',*,*,#2531,.F.);
#3369=ORIENTED_EDGE('',*,*,#2383,.F.);
#3370=ORIENTED_EDGE('',*,*,#2535,.T.);
#3371=ORIENTED_EDGE('',*,*,#2536,.T.);
#3372=ORIENTED_EDGE('',*,*,#2533,.F.);
#3373=ORIENTED_EDGE('',*,*,#2382,.F.);
#3374=ORIENTED_EDGE('',*,*,#2537,.T.);
#3375=ORIENTED_EDGE('',*,*,#2538,.T.);
#3376=ORIENTED_EDGE('',*,*,#2535,.F.);
#3377=ORIENTED_EDGE('',*,*,#2381,.F.);
#3378=ORIENTED_EDGE('',*,*,#2539,.T.);
#3379=ORIENTED_EDGE('',*,*,#2540,.T.);
#3380=ORIENTED_EDGE('',*,*,#2537,.F.);
#3381=ORIENTED_EDGE('',*,*,#2380,.F.);
#3382=ORIENTED_EDGE('',*,*,#2541,.T.);
#3383=ORIENTED_EDGE('',*,*,#2542,.T.);
#3384=ORIENTED_EDGE('',*,*,#2539,.F.);
#3385=ORIENTED_EDGE('',*,*,#2379,.F.);
#3386=ORIENTED_EDGE('',*,*,#2543,.T.);
#3387=ORIENTED_EDGE('',*,*,#2544,.T.);
#3388=ORIENTED_EDGE('',*,*,#2541,.F.);
#3389=ORIENTED_EDGE('',*,*,#2378,.F.);
#3390=ORIENTED_EDGE('',*,*,#2545,.T.);
#3391=ORIENTED_EDGE('',*,*,#2546,.T.);
#3392=ORIENTED_EDGE('',*,*,#2543,.F.);
#3393=ORIENTED_EDGE('',*,*,#2377,.F.);
#3394=ORIENTED_EDGE('',*,*,#2547,.T.);
#3395=ORIENTED_EDGE('',*,*,#2548,.T.);
#3396=ORIENTED_EDGE('',*,*,#2545,.F.);
#3397=ORIENTED_EDGE('',*,*,#2376,.F.);
#3398=ORIENTED_EDGE('',*,*,#2549,.T.);
#3399=ORIENTED_EDGE('',*,*,#2550,.T.);
#3400=ORIENTED_EDGE('',*,*,#2547,.F.);
#3401=ORIENTED_EDGE('',*,*,#2375,.F.);
#3402=ORIENTED_EDGE('',*,*,#2551,.T.);
#3403=ORIENTED_EDGE('',*,*,#2552,.T.);
#3404=ORIENTED_EDGE('',*,*,#2549,.F.);
#3405=ORIENTED_EDGE('',*,*,#2374,.F.);
#3406=ORIENTED_EDGE('',*,*,#2553,.T.);
#3407=ORIENTED_EDGE('',*,*,#2554,.T.);
#3408=ORIENTED_EDGE('',*,*,#2551,.F.);
#3409=ORIENTED_EDGE('',*,*,#2373,.F.);
#3410=ORIENTED_EDGE('',*,*,#2555,.T.);
#3411=ORIENTED_EDGE('',*,*,#2556,.T.);
#3412=ORIENTED_EDGE('',*,*,#2553,.F.);
#3413=ORIENTED_EDGE('',*,*,#2372,.F.);
#3414=ORIENTED_EDGE('',*,*,#2557,.T.);
#3415=ORIENTED_EDGE('',*,*,#2558,.T.);
#3416=ORIENTED_EDGE('',*,*,#2555,.F.);
#3417=ORIENTED_EDGE('',*,*,#2371,.F.);
#3418=ORIENTED_EDGE('',*,*,#2512,.T.);
#3419=ORIENTED_EDGE('',*,*,#2559,.T.);
#3420=ORIENTED_EDGE('',*,*,#2557,.F.);
#3421=ORIENTED_EDGE('',*,*,#2559,.F.);
#3422=ORIENTED_EDGE('',*,*,#2511,.F.);
#3423=ORIENTED_EDGE('',*,*,#2514,.F.);
#3424=ORIENTED_EDGE('',*,*,#2516,.F.);
#3425=ORIENTED_EDGE('',*,*,#2518,.F.);
#3426=ORIENTED_EDGE('',*,*,#2520,.F.);
#3427=ORIENTED_EDGE('',*,*,#2522,.F.);
#3428=ORIENTED_EDGE('',*,*,#2524,.F.);
#3429=ORIENTED_EDGE('',*,*,#2526,.F.);
#3430=ORIENTED_EDGE('',*,*,#2528,.F.);
#3431=ORIENTED_EDGE('',*,*,#2530,.F.);
#3432=ORIENTED_EDGE('',*,*,#2532,.F.);
#3433=ORIENTED_EDGE('',*,*,#2534,.F.);
#3434=ORIENTED_EDGE('',*,*,#2536,.F.);
#3435=ORIENTED_EDGE('',*,*,#2538,.F.);
#3436=ORIENTED_EDGE('',*,*,#2540,.F.);
#3437=ORIENTED_EDGE('',*,*,#2542,.F.);
#3438=ORIENTED_EDGE('',*,*,#2544,.F.);
#3439=ORIENTED_EDGE('',*,*,#2546,.F.);
#3440=ORIENTED_EDGE('',*,*,#2548,.F.);
#3441=ORIENTED_EDGE('',*,*,#2550,.F.);
#3442=ORIENTED_EDGE('',*,*,#2552,.F.);
#3443=ORIENTED_EDGE('',*,*,#2554,.F.);
#3444=ORIENTED_EDGE('',*,*,#2556,.F.);
#3445=ORIENTED_EDGE('',*,*,#2558,.F.);
#3446=ORIENTED_EDGE('',*,*,#2360,.F.);
#3447=ORIENTED_EDGE('',*,*,#2560,.T.);
#3448=ORIENTED_EDGE('',*,*,#2561,.T.);
#3449=ORIENTED_EDGE('',*,*,#2562,.F.);
#3450=ORIENTED_EDGE('',*,*,#2369,.F.);
#3451=ORIENTED_EDGE('',*,*,#2563,.T.);
#3452=ORIENTED_EDGE('',*,*,#2564,.T.);
#3453=ORIENTED_EDGE('',*,*,#2560,.F.);
#3454=ORIENTED_EDGE('',*,*,#2368,.F.);
#3455=ORIENTED_EDGE('',*,*,#2565,.T.);
#3456=ORIENTED_EDGE('',*,*,#2566,.T.);
#3457=ORIENTED_EDGE('',*,*,#2563,.F.);
#3458=ORIENTED_EDGE('',*,*,#2367,.F.);
#3459=ORIENTED_EDGE('',*,*,#2567,.T.);
#3460=ORIENTED_EDGE('',*,*,#2568,.T.);
#3461=ORIENTED_EDGE('',*,*,#2565,.F.);
#3462=ORIENTED_EDGE('',*,*,#2366,.F.);
#3463=ORIENTED_EDGE('',*,*,#2569,.T.);
#3464=ORIENTED_EDGE('',*,*,#2570,.T.);
#3465=ORIENTED_EDGE('',*,*,#2567,.F.);
#3466=ORIENTED_EDGE('',*,*,#2365,.F.);
#3467=ORIENTED_EDGE('',*,*,#2571,.T.);
#3468=ORIENTED_EDGE('',*,*,#2572,.T.);
#3469=ORIENTED_EDGE('',*,*,#2569,.F.);
#3470=ORIENTED_EDGE('',*,*,#2364,.F.);
#3471=ORIENTED_EDGE('',*,*,#2573,.T.);
#3472=ORIENTED_EDGE('',*,*,#2574,.T.);
#3473=ORIENTED_EDGE('',*,*,#2571,.F.);
#3474=ORIENTED_EDGE('',*,*,#2363,.F.);
#3475=ORIENTED_EDGE('',*,*,#2575,.T.);
#3476=ORIENTED_EDGE('',*,*,#2576,.T.);
#3477=ORIENTED_EDGE('',*,*,#2573,.F.);
#3478=ORIENTED_EDGE('',*,*,#2362,.F.);
#3479=ORIENTED_EDGE('',*,*,#2577,.T.);
#3480=ORIENTED_EDGE('',*,*,#2578,.T.);
#3481=ORIENTED_EDGE('',*,*,#2575,.F.);
#3482=ORIENTED_EDGE('',*,*,#2361,.F.);
#3483=ORIENTED_EDGE('',*,*,#2562,.T.);
#3484=ORIENTED_EDGE('',*,*,#2579,.T.);
#3485=ORIENTED_EDGE('',*,*,#2577,.F.);
#3486=ORIENTED_EDGE('',*,*,#2579,.F.);
#3487=ORIENTED_EDGE('',*,*,#2561,.F.);
#3488=ORIENTED_EDGE('',*,*,#2564,.F.);
#3489=ORIENTED_EDGE('',*,*,#2566,.F.);
#3490=ORIENTED_EDGE('',*,*,#2568,.F.);
#3491=ORIENTED_EDGE('',*,*,#2570,.F.);
#3492=ORIENTED_EDGE('',*,*,#2572,.F.);
#3493=ORIENTED_EDGE('',*,*,#2574,.F.);
#3494=ORIENTED_EDGE('',*,*,#2576,.F.);
#3495=ORIENTED_EDGE('',*,*,#2578,.F.);
#3496=ORIENTED_EDGE('',*,*,#2347,.F.);
#3497=ORIENTED_EDGE('',*,*,#2580,.T.);
#3498=ORIENTED_EDGE('',*,*,#2581,.T.);
#3499=ORIENTED_EDGE('',*,*,#2582,.F.);
#3500=ORIENTED_EDGE('',*,*,#2359,.F.);
#3501=ORIENTED_EDGE('',*,*,#2583,.T.);
#3502=ORIENTED_EDGE('',*,*,#2584,.T.);
#3503=ORIENTED_EDGE('',*,*,#2580,.F.);
#3504=ORIENTED_EDGE('',*,*,#2358,.F.);
#3505=ORIENTED_EDGE('',*,*,#2585,.T.);
#3506=ORIENTED_EDGE('',*,*,#2586,.T.);
#3507=ORIENTED_EDGE('',*,*,#2583,.F.);
#3508=ORIENTED_EDGE('',*,*,#2357,.F.);
#3509=ORIENTED_EDGE('',*,*,#2587,.T.);
#3510=ORIENTED_EDGE('',*,*,#2588,.T.);
#3511=ORIENTED_EDGE('',*,*,#2585,.F.);
#3512=ORIENTED_EDGE('',*,*,#2356,.F.);
#3513=ORIENTED_EDGE('',*,*,#2589,.T.);
#3514=ORIENTED_EDGE('',*,*,#2590,.T.);
#3515=ORIENTED_EDGE('',*,*,#2587,.F.);
#3516=ORIENTED_EDGE('',*,*,#2355,.F.);
#3517=ORIENTED_EDGE('',*,*,#2591,.T.);
#3518=ORIENTED_EDGE('',*,*,#2592,.T.);
#3519=ORIENTED_EDGE('',*,*,#2589,.F.);
#3520=ORIENTED_EDGE('',*,*,#2354,.F.);
#3521=ORIENTED_EDGE('',*,*,#2593,.T.);
#3522=ORIENTED_EDGE('',*,*,#2594,.T.);
#3523=ORIENTED_EDGE('',*,*,#2591,.F.);
#3524=ORIENTED_EDGE('',*,*,#2353,.F.);
#3525=ORIENTED_EDGE('',*,*,#2595,.T.);
#3526=ORIENTED_EDGE('',*,*,#2596,.T.);
#3527=ORIENTED_EDGE('',*,*,#2593,.F.);
#3528=ORIENTED_EDGE('',*,*,#2352,.F.);
#3529=ORIENTED_EDGE('',*,*,#2597,.T.);
#3530=ORIENTED_EDGE('',*,*,#2598,.T.);
#3531=ORIENTED_EDGE('',*,*,#2595,.F.);
#3532=ORIENTED_EDGE('',*,*,#2351,.F.);
#3533=ORIENTED_EDGE('',*,*,#2599,.T.);
#3534=ORIENTED_EDGE('',*,*,#2600,.T.);
#3535=ORIENTED_EDGE('',*,*,#2597,.F.);
#3536=ORIENTED_EDGE('',*,*,#2350,.F.);
#3537=ORIENTED_EDGE('',*,*,#2601,.T.);
#3538=ORIENTED_EDGE('',*,*,#2602,.T.);
#3539=ORIENTED_EDGE('',*,*,#2599,.F.);
#3540=ORIENTED_EDGE('',*,*,#2349,.F.);
#3541=ORIENTED_EDGE('',*,*,#2603,.T.);
#3542=ORIENTED_EDGE('',*,*,#2604,.T.);
#3543=ORIENTED_EDGE('',*,*,#2601,.F.);
#3544=ORIENTED_EDGE('',*,*,#2348,.F.);
#3545=ORIENTED_EDGE('',*,*,#2582,.T.);
#3546=ORIENTED_EDGE('',*,*,#2605,.T.);
#3547=ORIENTED_EDGE('',*,*,#2603,.F.);
#3548=ORIENTED_EDGE('',*,*,#2605,.F.);
#3549=ORIENTED_EDGE('',*,*,#2581,.F.);
#3550=ORIENTED_EDGE('',*,*,#2584,.F.);
#3551=ORIENTED_EDGE('',*,*,#2586,.F.);
#3552=ORIENTED_EDGE('',*,*,#2588,.F.);
#3553=ORIENTED_EDGE('',*,*,#2590,.F.);
#3554=ORIENTED_EDGE('',*,*,#2592,.F.);
#3555=ORIENTED_EDGE('',*,*,#2594,.F.);
#3556=ORIENTED_EDGE('',*,*,#2596,.F.);
#3557=ORIENTED_EDGE('',*,*,#2598,.F.);
#3558=ORIENTED_EDGE('',*,*,#2600,.F.);
#3559=ORIENTED_EDGE('',*,*,#2602,.F.);
#3560=ORIENTED_EDGE('',*,*,#2604,.F.);
#3561=ORIENTED_EDGE('',*,*,#2606,.F.);
#3562=ORIENTED_EDGE('',*,*,#2607,.T.);
#3563=ORIENTED_EDGE('',*,*,#2608,.T.);
#3564=ORIENTED_EDGE('',*,*,#2609,.F.);
#3565=ORIENTED_EDGE('',*,*,#2610,.F.);
#3566=ORIENTED_EDGE('',*,*,#2611,.T.);
#3567=ORIENTED_EDGE('',*,*,#2612,.T.);
#3568=ORIENTED_EDGE('',*,*,#2607,.F.);
#3569=ORIENTED_EDGE('',*,*,#2613,.F.);
#3570=ORIENTED_EDGE('',*,*,#2614,.T.);
#3571=ORIENTED_EDGE('',*,*,#2615,.T.);
#3572=ORIENTED_EDGE('',*,*,#2611,.F.);
#3573=ORIENTED_EDGE('',*,*,#2616,.F.);
#3574=ORIENTED_EDGE('',*,*,#2617,.T.);
#3575=ORIENTED_EDGE('',*,*,#2618,.T.);
#3576=ORIENTED_EDGE('',*,*,#2614,.F.);
#3577=ORIENTED_EDGE('',*,*,#2619,.F.);
#3578=ORIENTED_EDGE('',*,*,#2620,.T.);
#3579=ORIENTED_EDGE('',*,*,#2621,.T.);
#3580=ORIENTED_EDGE('',*,*,#2617,.F.);
#3581=ORIENTED_EDGE('',*,*,#2622,.F.);
#3582=ORIENTED_EDGE('',*,*,#2623,.T.);
#3583=ORIENTED_EDGE('',*,*,#2624,.T.);
#3584=ORIENTED_EDGE('',*,*,#2620,.F.);
#3585=ORIENTED_EDGE('',*,*,#2625,.F.);
#3586=ORIENTED_EDGE('',*,*,#2609,.T.);
#3587=ORIENTED_EDGE('',*,*,#2626,.T.);
#3588=ORIENTED_EDGE('',*,*,#2623,.F.);
#3589=ORIENTED_EDGE('',*,*,#2338,.F.);
#3590=ORIENTED_EDGE('',*,*,#2627,.T.);
#3591=ORIENTED_EDGE('',*,*,#2628,.T.);
#3592=ORIENTED_EDGE('',*,*,#2629,.F.);
#3593=ORIENTED_EDGE('',*,*,#2346,.F.);
#3594=ORIENTED_EDGE('',*,*,#2630,.T.);
#3595=ORIENTED_EDGE('',*,*,#2631,.T.);
#3596=ORIENTED_EDGE('',*,*,#2627,.F.);
#3597=ORIENTED_EDGE('',*,*,#2345,.F.);
#3598=ORIENTED_EDGE('',*,*,#2632,.T.);
#3599=ORIENTED_EDGE('',*,*,#2633,.T.);
#3600=ORIENTED_EDGE('',*,*,#2630,.F.);
#3601=ORIENTED_EDGE('',*,*,#2344,.F.);
#3602=ORIENTED_EDGE('',*,*,#2634,.T.);
#3603=ORIENTED_EDGE('',*,*,#2635,.T.);
#3604=ORIENTED_EDGE('',*,*,#2632,.F.);
#3605=ORIENTED_EDGE('',*,*,#2343,.F.);
#3606=ORIENTED_EDGE('',*,*,#2636,.T.);
#3607=ORIENTED_EDGE('',*,*,#2637,.T.);
#3608=ORIENTED_EDGE('',*,*,#2634,.F.);
#3609=ORIENTED_EDGE('',*,*,#2342,.F.);
#3610=ORIENTED_EDGE('',*,*,#2638,.T.);
#3611=ORIENTED_EDGE('',*,*,#2639,.T.);
#3612=ORIENTED_EDGE('',*,*,#2636,.F.);
#3613=ORIENTED_EDGE('',*,*,#2341,.F.);
#3614=ORIENTED_EDGE('',*,*,#2640,.T.);
#3615=ORIENTED_EDGE('',*,*,#2641,.T.);
#3616=ORIENTED_EDGE('',*,*,#2638,.F.);
#3617=ORIENTED_EDGE('',*,*,#2340,.F.);
#3618=ORIENTED_EDGE('',*,*,#2642,.T.);
#3619=ORIENTED_EDGE('',*,*,#2643,.T.);
#3620=ORIENTED_EDGE('',*,*,#2640,.F.);
#3621=ORIENTED_EDGE('',*,*,#2339,.F.);
#3622=ORIENTED_EDGE('',*,*,#2629,.T.);
#3623=ORIENTED_EDGE('',*,*,#2644,.T.);
#3624=ORIENTED_EDGE('',*,*,#2642,.F.);
#3625=ORIENTED_EDGE('',*,*,#2644,.F.);
#3626=ORIENTED_EDGE('',*,*,#2628,.F.);
#3627=ORIENTED_EDGE('',*,*,#2631,.F.);
#3628=ORIENTED_EDGE('',*,*,#2633,.F.);
#3629=ORIENTED_EDGE('',*,*,#2635,.F.);
#3630=ORIENTED_EDGE('',*,*,#2637,.F.);
#3631=ORIENTED_EDGE('',*,*,#2639,.F.);
#3632=ORIENTED_EDGE('',*,*,#2641,.F.);
#3633=ORIENTED_EDGE('',*,*,#2643,.F.);
#3634=ORIENTED_EDGE('',*,*,#2626,.F.);
#3635=ORIENTED_EDGE('',*,*,#2608,.F.);
#3636=ORIENTED_EDGE('',*,*,#2612,.F.);
#3637=ORIENTED_EDGE('',*,*,#2615,.F.);
#3638=ORIENTED_EDGE('',*,*,#2618,.F.);
#3639=ORIENTED_EDGE('',*,*,#2621,.F.);
#3640=ORIENTED_EDGE('',*,*,#2624,.F.);
#3641=ORIENTED_EDGE('',*,*,#2326,.F.);
#3642=ORIENTED_EDGE('',*,*,#2645,.T.);
#3643=ORIENTED_EDGE('',*,*,#2646,.T.);
#3644=ORIENTED_EDGE('',*,*,#2647,.F.);
#3645=ORIENTED_EDGE('',*,*,#2337,.F.);
#3646=ORIENTED_EDGE('',*,*,#2648,.T.);
#3647=ORIENTED_EDGE('',*,*,#2649,.T.);
#3648=ORIENTED_EDGE('',*,*,#2645,.F.);
#3649=ORIENTED_EDGE('',*,*,#2336,.F.);
#3650=ORIENTED_EDGE('',*,*,#2650,.T.);
#3651=ORIENTED_EDGE('',*,*,#2651,.T.);
#3652=ORIENTED_EDGE('',*,*,#2648,.F.);
#3653=ORIENTED_EDGE('',*,*,#2335,.F.);
#3654=ORIENTED_EDGE('',*,*,#2652,.T.);
#3655=ORIENTED_EDGE('',*,*,#2653,.T.);
#3656=ORIENTED_EDGE('',*,*,#2650,.F.);
#3657=ORIENTED_EDGE('',*,*,#2334,.F.);
#3658=ORIENTED_EDGE('',*,*,#2654,.T.);
#3659=ORIENTED_EDGE('',*,*,#2655,.T.);
#3660=ORIENTED_EDGE('',*,*,#2652,.F.);
#3661=ORIENTED_EDGE('',*,*,#2333,.F.);
#3662=ORIENTED_EDGE('',*,*,#2656,.T.);
#3663=ORIENTED_EDGE('',*,*,#2657,.T.);
#3664=ORIENTED_EDGE('',*,*,#2654,.F.);
#3665=ORIENTED_EDGE('',*,*,#2332,.F.);
#3666=ORIENTED_EDGE('',*,*,#2658,.T.);
#3667=ORIENTED_EDGE('',*,*,#2659,.T.);
#3668=ORIENTED_EDGE('',*,*,#2656,.F.);
#3669=ORIENTED_EDGE('',*,*,#2331,.F.);
#3670=ORIENTED_EDGE('',*,*,#2660,.T.);
#3671=ORIENTED_EDGE('',*,*,#2661,.T.);
#3672=ORIENTED_EDGE('',*,*,#2658,.F.);
#3673=ORIENTED_EDGE('',*,*,#2330,.F.);
#3674=ORIENTED_EDGE('',*,*,#2662,.T.);
#3675=ORIENTED_EDGE('',*,*,#2663,.T.);
#3676=ORIENTED_EDGE('',*,*,#2660,.F.);
#3677=ORIENTED_EDGE('',*,*,#2329,.F.);
#3678=ORIENTED_EDGE('',*,*,#2664,.T.);
#3679=ORIENTED_EDGE('',*,*,#2665,.T.);
#3680=ORIENTED_EDGE('',*,*,#2662,.F.);
#3681=ORIENTED_EDGE('',*,*,#2328,.F.);
#3682=ORIENTED_EDGE('',*,*,#2666,.T.);
#3683=ORIENTED_EDGE('',*,*,#2667,.T.);
#3684=ORIENTED_EDGE('',*,*,#2664,.F.);
#3685=ORIENTED_EDGE('',*,*,#2327,.F.);
#3686=ORIENTED_EDGE('',*,*,#2647,.T.);
#3687=ORIENTED_EDGE('',*,*,#2668,.T.);
#3688=ORIENTED_EDGE('',*,*,#2666,.F.);
#3689=ORIENTED_EDGE('',*,*,#2668,.F.);
#3690=ORIENTED_EDGE('',*,*,#2646,.F.);
#3691=ORIENTED_EDGE('',*,*,#2649,.F.);
#3692=ORIENTED_EDGE('',*,*,#2651,.F.);
#3693=ORIENTED_EDGE('',*,*,#2653,.F.);
#3694=ORIENTED_EDGE('',*,*,#2655,.F.);
#3695=ORIENTED_EDGE('',*,*,#2657,.F.);
#3696=ORIENTED_EDGE('',*,*,#2659,.F.);
#3697=ORIENTED_EDGE('',*,*,#2661,.F.);
#3698=ORIENTED_EDGE('',*,*,#2663,.F.);
#3699=ORIENTED_EDGE('',*,*,#2665,.F.);
#3700=ORIENTED_EDGE('',*,*,#2667,.F.);
#3701=ORIENTED_EDGE('',*,*,#2316,.F.);
#3702=ORIENTED_EDGE('',*,*,#2669,.T.);
#3703=ORIENTED_EDGE('',*,*,#2670,.T.);
#3704=ORIENTED_EDGE('',*,*,#2671,.F.);
#3705=ORIENTED_EDGE('',*,*,#2325,.F.);
#3706=ORIENTED_EDGE('',*,*,#2672,.T.);
#3707=ORIENTED_EDGE('',*,*,#2673,.T.);
#3708=ORIENTED_EDGE('',*,*,#2669,.F.);
#3709=ORIENTED_EDGE('',*,*,#2324,.F.);
#3710=ORIENTED_EDGE('',*,*,#2674,.T.);
#3711=ORIENTED_EDGE('',*,*,#2675,.T.);
#3712=ORIENTED_EDGE('',*,*,#2672,.F.);
#3713=ORIENTED_EDGE('',*,*,#2323,.F.);
#3714=ORIENTED_EDGE('',*,*,#2676,.T.);
#3715=ORIENTED_EDGE('',*,*,#2677,.T.);
#3716=ORIENTED_EDGE('',*,*,#2674,.F.);
#3717=ORIENTED_EDGE('',*,*,#2322,.F.);
#3718=ORIENTED_EDGE('',*,*,#2678,.T.);
#3719=ORIENTED_EDGE('',*,*,#2679,.T.);
#3720=ORIENTED_EDGE('',*,*,#2676,.F.);
#3721=ORIENTED_EDGE('',*,*,#2321,.F.);
#3722=ORIENTED_EDGE('',*,*,#2680,.T.);
#3723=ORIENTED_EDGE('',*,*,#2681,.T.);
#3724=ORIENTED_EDGE('',*,*,#2678,.F.);
#3725=ORIENTED_EDGE('',*,*,#2320,.F.);
#3726=ORIENTED_EDGE('',*,*,#2682,.T.);
#3727=ORIENTED_EDGE('',*,*,#2683,.T.);
#3728=ORIENTED_EDGE('',*,*,#2680,.F.);
#3729=ORIENTED_EDGE('',*,*,#2319,.F.);
#3730=ORIENTED_EDGE('',*,*,#2684,.T.);
#3731=ORIENTED_EDGE('',*,*,#2685,.T.);
#3732=ORIENTED_EDGE('',*,*,#2682,.F.);
#3733=ORIENTED_EDGE('',*,*,#2318,.F.);
#3734=ORIENTED_EDGE('',*,*,#2686,.T.);
#3735=ORIENTED_EDGE('',*,*,#2687,.T.);
#3736=ORIENTED_EDGE('',*,*,#2684,.F.);
#3737=ORIENTED_EDGE('',*,*,#2317,.F.);
#3738=ORIENTED_EDGE('',*,*,#2671,.T.);
#3739=ORIENTED_EDGE('',*,*,#2688,.T.);
#3740=ORIENTED_EDGE('',*,*,#2686,.F.);
#3741=ORIENTED_EDGE('',*,*,#2688,.F.);
#3742=ORIENTED_EDGE('',*,*,#2670,.F.);
#3743=ORIENTED_EDGE('',*,*,#2673,.F.);
#3744=ORIENTED_EDGE('',*,*,#2675,.F.);
#3745=ORIENTED_EDGE('',*,*,#2677,.F.);
#3746=ORIENTED_EDGE('',*,*,#2679,.F.);
#3747=ORIENTED_EDGE('',*,*,#2681,.F.);
#3748=ORIENTED_EDGE('',*,*,#2683,.F.);
#3749=ORIENTED_EDGE('',*,*,#2685,.F.);
#3750=ORIENTED_EDGE('',*,*,#2687,.F.);
#3751=ORIENTED_EDGE('',*,*,#2304,.F.);
#3752=ORIENTED_EDGE('',*,*,#2689,.T.);
#3753=ORIENTED_EDGE('',*,*,#2690,.T.);
#3754=ORIENTED_EDGE('',*,*,#2691,.F.);
#3755=ORIENTED_EDGE('',*,*,#2315,.F.);
#3756=ORIENTED_EDGE('',*,*,#2692,.T.);
#3757=ORIENTED_EDGE('',*,*,#2693,.T.);
#3758=ORIENTED_EDGE('',*,*,#2689,.F.);
#3759=ORIENTED_EDGE('',*,*,#2314,.F.);
#3760=ORIENTED_EDGE('',*,*,#2694,.T.);
#3761=ORIENTED_EDGE('',*,*,#2695,.T.);
#3762=ORIENTED_EDGE('',*,*,#2692,.F.);
#3763=ORIENTED_EDGE('',*,*,#2313,.F.);
#3764=ORIENTED_EDGE('',*,*,#2696,.T.);
#3765=ORIENTED_EDGE('',*,*,#2697,.T.);
#3766=ORIENTED_EDGE('',*,*,#2694,.F.);
#3767=ORIENTED_EDGE('',*,*,#2312,.F.);
#3768=ORIENTED_EDGE('',*,*,#2698,.T.);
#3769=ORIENTED_EDGE('',*,*,#2699,.T.);
#3770=ORIENTED_EDGE('',*,*,#2696,.F.);
#3771=ORIENTED_EDGE('',*,*,#2311,.F.);
#3772=ORIENTED_EDGE('',*,*,#2700,.T.);
#3773=ORIENTED_EDGE('',*,*,#2701,.T.);
#3774=ORIENTED_EDGE('',*,*,#2698,.F.);
#3775=ORIENTED_EDGE('',*,*,#2310,.F.);
#3776=ORIENTED_EDGE('',*,*,#2702,.T.);
#3777=ORIENTED_EDGE('',*,*,#2703,.T.);
#3778=ORIENTED_EDGE('',*,*,#2700,.F.);
#3779=ORIENTED_EDGE('',*,*,#2309,.F.);
#3780=ORIENTED_EDGE('',*,*,#2704,.T.);
#3781=ORIENTED_EDGE('',*,*,#2705,.T.);
#3782=ORIENTED_EDGE('',*,*,#2702,.F.);
#3783=ORIENTED_EDGE('',*,*,#2308,.F.);
#3784=ORIENTED_EDGE('',*,*,#2706,.T.);
#3785=ORIENTED_EDGE('',*,*,#2707,.T.);
#3786=ORIENTED_EDGE('',*,*,#2704,.F.);
#3787=ORIENTED_EDGE('',*,*,#2307,.F.);
#3788=ORIENTED_EDGE('',*,*,#2708,.T.);
#3789=ORIENTED_EDGE('',*,*,#2709,.T.);
#3790=ORIENTED_EDGE('',*,*,#2706,.F.);
#3791=ORIENTED_EDGE('',*,*,#2306,.F.);
#3792=ORIENTED_EDGE('',*,*,#2710,.T.);
#3793=ORIENTED_EDGE('',*,*,#2711,.T.);
#3794=ORIENTED_EDGE('',*,*,#2708,.F.);
#3795=ORIENTED_EDGE('',*,*,#2305,.F.);
#3796=ORIENTED_EDGE('',*,*,#2691,.T.);
#3797=ORIENTED_EDGE('',*,*,#2712,.T.);
#3798=ORIENTED_EDGE('',*,*,#2710,.F.);
#3799=ORIENTED_EDGE('',*,*,#2712,.F.);
#3800=ORIENTED_EDGE('',*,*,#2690,.F.);
#3801=ORIENTED_EDGE('',*,*,#2693,.F.);
#3802=ORIENTED_EDGE('',*,*,#2695,.F.);
#3803=ORIENTED_EDGE('',*,*,#2697,.F.);
#3804=ORIENTED_EDGE('',*,*,#2699,.F.);
#3805=ORIENTED_EDGE('',*,*,#2701,.F.);
#3806=ORIENTED_EDGE('',*,*,#2703,.F.);
#3807=ORIENTED_EDGE('',*,*,#2705,.F.);
#3808=ORIENTED_EDGE('',*,*,#2707,.F.);
#3809=ORIENTED_EDGE('',*,*,#2709,.F.);
#3810=ORIENTED_EDGE('',*,*,#2711,.F.);
#3811=ORIENTED_EDGE('',*,*,#2292,.F.);
#3812=ORIENTED_EDGE('',*,*,#2713,.T.);
#3813=ORIENTED_EDGE('',*,*,#2714,.T.);
#3814=ORIENTED_EDGE('',*,*,#2715,.F.);
#3815=ORIENTED_EDGE('',*,*,#2303,.F.);
#3816=ORIENTED_EDGE('',*,*,#2716,.T.);
#3817=ORIENTED_EDGE('',*,*,#2717,.T.);
#3818=ORIENTED_EDGE('',*,*,#2713,.F.);
#3819=ORIENTED_EDGE('',*,*,#2302,.F.);
#3820=ORIENTED_EDGE('',*,*,#2718,.T.);
#3821=ORIENTED_EDGE('',*,*,#2719,.T.);
#3822=ORIENTED_EDGE('',*,*,#2716,.F.);
#3823=ORIENTED_EDGE('',*,*,#2301,.F.);
#3824=ORIENTED_EDGE('',*,*,#2720,.T.);
#3825=ORIENTED_EDGE('',*,*,#2721,.T.);
#3826=ORIENTED_EDGE('',*,*,#2718,.F.);
#3827=ORIENTED_EDGE('',*,*,#2300,.F.);
#3828=ORIENTED_EDGE('',*,*,#2722,.T.);
#3829=ORIENTED_EDGE('',*,*,#2723,.T.);
#3830=ORIENTED_EDGE('',*,*,#2720,.F.);
#3831=ORIENTED_EDGE('',*,*,#2299,.F.);
#3832=ORIENTED_EDGE('',*,*,#2724,.T.);
#3833=ORIENTED_EDGE('',*,*,#2725,.T.);
#3834=ORIENTED_EDGE('',*,*,#2722,.F.);
#3835=ORIENTED_EDGE('',*,*,#2298,.F.);
#3836=ORIENTED_EDGE('',*,*,#2726,.T.);
#3837=ORIENTED_EDGE('',*,*,#2727,.T.);
#3838=ORIENTED_EDGE('',*,*,#2724,.F.);
#3839=ORIENTED_EDGE('',*,*,#2297,.F.);
#3840=ORIENTED_EDGE('',*,*,#2728,.T.);
#3841=ORIENTED_EDGE('',*,*,#2729,.T.);
#3842=ORIENTED_EDGE('',*,*,#2726,.F.);
#3843=ORIENTED_EDGE('',*,*,#2296,.F.);
#3844=ORIENTED_EDGE('',*,*,#2730,.T.);
#3845=ORIENTED_EDGE('',*,*,#2731,.T.);
#3846=ORIENTED_EDGE('',*,*,#2728,.F.);
#3847=ORIENTED_EDGE('',*,*,#2295,.F.);
#3848=ORIENTED_EDGE('',*,*,#2732,.T.);
#3849=ORIENTED_EDGE('',*,*,#2733,.T.);
#3850=ORIENTED_EDGE('',*,*,#2730,.F.);
#3851=ORIENTED_EDGE('',*,*,#2294,.F.);
#3852=ORIENTED_EDGE('',*,*,#2734,.T.);
#3853=ORIENTED_EDGE('',*,*,#2735,.T.);
#3854=ORIENTED_EDGE('',*,*,#2732,.F.);
#3855=ORIENTED_EDGE('',*,*,#2293,.F.);
#3856=ORIENTED_EDGE('',*,*,#2715,.T.);
#3857=ORIENTED_EDGE('',*,*,#2736,.T.);
#3858=ORIENTED_EDGE('',*,*,#2734,.F.);
#3859=ORIENTED_EDGE('',*,*,#2736,.F.);
#3860=ORIENTED_EDGE('',*,*,#2714,.F.);
#3861=ORIENTED_EDGE('',*,*,#2717,.F.);
#3862=ORIENTED_EDGE('',*,*,#2719,.F.);
#3863=ORIENTED_EDGE('',*,*,#2721,.F.);
#3864=ORIENTED_EDGE('',*,*,#2723,.F.);
#3865=ORIENTED_EDGE('',*,*,#2725,.F.);
#3866=ORIENTED_EDGE('',*,*,#2727,.F.);
#3867=ORIENTED_EDGE('',*,*,#2729,.F.);
#3868=ORIENTED_EDGE('',*,*,#2731,.F.);
#3869=ORIENTED_EDGE('',*,*,#2733,.F.);
#3870=ORIENTED_EDGE('',*,*,#2735,.F.);
#3871=ORIENTED_EDGE('',*,*,#2737,.F.);
#3872=ORIENTED_EDGE('',*,*,#2738,.T.);
#3873=ORIENTED_EDGE('',*,*,#2739,.T.);
#3874=ORIENTED_EDGE('',*,*,#2740,.F.);
#3875=ORIENTED_EDGE('',*,*,#2741,.F.);
#3876=ORIENTED_EDGE('',*,*,#2742,.T.);
#3877=ORIENTED_EDGE('',*,*,#2743,.T.);
#3878=ORIENTED_EDGE('',*,*,#2738,.F.);
#3879=ORIENTED_EDGE('',*,*,#2744,.F.);
#3880=ORIENTED_EDGE('',*,*,#2740,.T.);
#3881=ORIENTED_EDGE('',*,*,#2745,.T.);
#3882=ORIENTED_EDGE('',*,*,#2742,.F.);
#3883=ORIENTED_EDGE('',*,*,#2281,.F.);
#3884=ORIENTED_EDGE('',*,*,#2746,.T.);
#3885=ORIENTED_EDGE('',*,*,#2747,.T.);
#3886=ORIENTED_EDGE('',*,*,#2748,.F.);
#3887=ORIENTED_EDGE('',*,*,#2291,.F.);
#3888=ORIENTED_EDGE('',*,*,#2749,.T.);
#3889=ORIENTED_EDGE('',*,*,#2750,.T.);
#3890=ORIENTED_EDGE('',*,*,#2746,.F.);
#3891=ORIENTED_EDGE('',*,*,#2290,.F.);
#3892=ORIENTED_EDGE('',*,*,#2751,.T.);
#3893=ORIENTED_EDGE('',*,*,#2752,.T.);
#3894=ORIENTED_EDGE('',*,*,#2749,.F.);
#3895=ORIENTED_EDGE('',*,*,#2289,.F.);
#3896=ORIENTED_EDGE('',*,*,#2753,.T.);
#3897=ORIENTED_EDGE('',*,*,#2754,.T.);
#3898=ORIENTED_EDGE('',*,*,#2751,.F.);
#3899=ORIENTED_EDGE('',*,*,#2288,.F.);
#3900=ORIENTED_EDGE('',*,*,#2755,.T.);
#3901=ORIENTED_EDGE('',*,*,#2756,.T.);
#3902=ORIENTED_EDGE('',*,*,#2753,.F.);
#3903=ORIENTED_EDGE('',*,*,#2287,.F.);
#3904=ORIENTED_EDGE('',*,*,#2757,.T.);
#3905=ORIENTED_EDGE('',*,*,#2758,.T.);
#3906=ORIENTED_EDGE('',*,*,#2755,.F.);
#3907=ORIENTED_EDGE('',*,*,#2286,.F.);
#3908=ORIENTED_EDGE('',*,*,#2759,.T.);
#3909=ORIENTED_EDGE('',*,*,#2760,.T.);
#3910=ORIENTED_EDGE('',*,*,#2757,.F.);
#3911=ORIENTED_EDGE('',*,*,#2285,.F.);
#3912=ORIENTED_EDGE('',*,*,#2761,.T.);
#3913=ORIENTED_EDGE('',*,*,#2762,.T.);
#3914=ORIENTED_EDGE('',*,*,#2759,.F.);
#3915=ORIENTED_EDGE('',*,*,#2284,.F.);
#3916=ORIENTED_EDGE('',*,*,#2763,.T.);
#3917=ORIENTED_EDGE('',*,*,#2764,.T.);
#3918=ORIENTED_EDGE('',*,*,#2761,.F.);
#3919=ORIENTED_EDGE('',*,*,#2283,.F.);
#3920=ORIENTED_EDGE('',*,*,#2765,.T.);
#3921=ORIENTED_EDGE('',*,*,#2766,.T.);
#3922=ORIENTED_EDGE('',*,*,#2763,.F.);
#3923=ORIENTED_EDGE('',*,*,#2282,.F.);
#3924=ORIENTED_EDGE('',*,*,#2748,.T.);
#3925=ORIENTED_EDGE('',*,*,#2767,.T.);
#3926=ORIENTED_EDGE('',*,*,#2765,.F.);
#3927=ORIENTED_EDGE('',*,*,#2767,.F.);
#3928=ORIENTED_EDGE('',*,*,#2747,.F.);
#3929=ORIENTED_EDGE('',*,*,#2750,.F.);
#3930=ORIENTED_EDGE('',*,*,#2752,.F.);
#3931=ORIENTED_EDGE('',*,*,#2754,.F.);
#3932=ORIENTED_EDGE('',*,*,#2756,.F.);
#3933=ORIENTED_EDGE('',*,*,#2758,.F.);
#3934=ORIENTED_EDGE('',*,*,#2760,.F.);
#3935=ORIENTED_EDGE('',*,*,#2762,.F.);
#3936=ORIENTED_EDGE('',*,*,#2764,.F.);
#3937=ORIENTED_EDGE('',*,*,#2766,.F.);
#3938=ORIENTED_EDGE('',*,*,#2745,.F.);
#3939=ORIENTED_EDGE('',*,*,#2739,.F.);
#3940=ORIENTED_EDGE('',*,*,#2743,.F.);
#3941=ORIENTED_EDGE('',*,*,#2737,.T.);
#3942=ORIENTED_EDGE('',*,*,#2744,.T.);
#3943=ORIENTED_EDGE('',*,*,#2741,.T.);
#3944=ORIENTED_EDGE('',*,*,#2438,.F.);
#3945=ORIENTED_EDGE('',*,*,#2209,.F.);
#3946=ORIENTED_EDGE('',*,*,#2215,.F.);
#3947=ORIENTED_EDGE('',*,*,#2497,.F.);
#3948=ORIENTED_EDGE('',*,*,#2494,.F.);
#3949=ORIENTED_EDGE('',*,*,#2482,.F.);
#3950=ORIENTED_EDGE('',*,*,#2768,.F.);
#3951=ORIENTED_EDGE('',*,*,#2443,.F.);
#3952=ORIENTED_EDGE('',*,*,#2444,.F.);
#3953=ORIENTED_EDGE('',*,*,#2768,.T.);
#3954=ORIENTED_EDGE('',*,*,#2481,.F.);
#3955=ORIENTED_EDGE('',*,*,#2492,.F.);
#3956=ORIENTED_EDGE('',*,*,#2446,.F.);
#3957=ORIENTED_EDGE('',*,*,#2491,.F.);
#3958=ORIENTED_EDGE('',*,*,#2488,.F.);
#3959=ORIENTED_EDGE('',*,*,#2503,.F.);
#3960=ORIENTED_EDGE('',*,*,#2500,.F.);
#3961=ORIENTED_EDGE('',*,*,#2206,.F.);
#3962=ORIENTED_EDGE('',*,*,#2769,.F.);
#3963=ORIENTED_EDGE('',*,*,#2451,.F.);
#3964=ORIENTED_EDGE('',*,*,#2452,.F.);
#3965=ORIENTED_EDGE('',*,*,#2769,.T.);
#3966=ORIENTED_EDGE('',*,*,#2205,.F.);
#3967=ORIENTED_EDGE('',*,*,#2211,.F.);
#3968=ORIENTED_EDGE('',*,*,#2207,.F.);
#3969=ORIENTED_EDGE('',*,*,#2499,.F.);
#3970=ORIENTED_EDGE('',*,*,#2200,.F.);
#3971=ORIENTED_EDGE('',*,*,#2189,.F.);
#3972=ORIENTED_EDGE('',*,*,#2479,.F.);
#3973=ORIENTED_EDGE('',*,*,#2196,.F.);
#3974=ORIENTED_EDGE('',*,*,#2193,.F.);
#3975=ORIENTED_EDGE('',*,*,#2464,.F.);
#3976=ORIENTED_EDGE('',*,*,#2469,.F.);
#3977=ORIENTED_EDGE('',*,*,#2459,.F.);
#3978=ORIENTED_EDGE('',*,*,#2474,.F.);
#3979=ORIENTED_EDGE('',*,*,#2606,.T.);
#3980=ORIENTED_EDGE('',*,*,#2625,.T.);
#3981=ORIENTED_EDGE('',*,*,#2622,.T.);
#3982=ORIENTED_EDGE('',*,*,#2619,.T.);
#3983=ORIENTED_EDGE('',*,*,#2616,.T.);
#3984=ORIENTED_EDGE('',*,*,#2613,.T.);
#3985=ORIENTED_EDGE('',*,*,#2610,.T.);
#3986=SPHERICAL_SURFACE('',#4251,2.);
#3987=SPHERICAL_SURFACE('',#4255,2.);
#3988=SPHERICAL_SURFACE('',#4263,2.);
#3989=SPHERICAL_SURFACE('',#4267,2.);
#3990=ADVANCED_FACE('',(#1166),#3986,.F.);
#3991=ADVANCED_FACE('',(#1167),#3987,.F.);
#3992=ADVANCED_FACE('',(#1168),#1130,.F.);
#3993=ADVANCED_FACE('',(#1169),#1131,.F.);
#3994=ADVANCED_FACE('',(#1170),#3988,.F.);
#3995=ADVANCED_FACE('',(#1171),#3989,.F.);
#3996=ADVANCED_FACE('',(#1172),#1132,.F.);
#3997=ADVANCED_FACE('',(#1173),#1133,.F.);
#3998=ADVANCED_FACE('',(#1174),#1134,.F.);
#3999=ADVANCED_FACE('',(#1175),#1135,.F.);
#4000=ADVANCED_FACE('',(#1176),#1136,.F.);
#4001=ADVANCED_FACE('',(#1177),#1137,.F.);
#4002=ADVANCED_FACE('',(#1178),#182,.T.);
#4003=ADVANCED_FACE('',(#1179),#183,.T.);
#4004=ADVANCED_FACE('',(#1180),#184,.T.);
#4005=ADVANCED_FACE('',(#1181),#185,.T.);
#4006=ADVANCED_FACE('',(#1182),#186,.T.);
#4007=ADVANCED_FACE('',(#1183),#187,.T.);
#4008=ADVANCED_FACE('',(#1184),#172,.F.);
#4009=ADVANCED_FACE('',(#1185),#152,.T.);
#4010=ADVANCED_FACE('',(#1186),#1138,.T.);
#4011=ADVANCED_FACE('',(#1187),#153,.T.);
#4012=ADVANCED_FACE('',(#1188),#173,.F.);
#4013=ADVANCED_FACE('',(#1189),#154,.T.);
#4014=ADVANCED_FACE('',(#1190),#1139,.T.);
#4015=ADVANCED_FACE('',(#1191),#155,.T.);
#4016=ADVANCED_FACE('',(#1192),#174,.F.);
#4017=ADVANCED_FACE('',(#1193),#156,.T.);
#4018=ADVANCED_FACE('',(#1194),#1140,.T.);
#4019=ADVANCED_FACE('',(#1195),#157,.T.);
#4020=ADVANCED_FACE('',(#1196),#175,.F.);
#4021=ADVANCED_FACE('',(#1197),#158,.T.);
#4022=ADVANCED_FACE('',(#1198),#1141,.T.);
#4023=ADVANCED_FACE('',(#1199),#159,.T.);
#4024=ADVANCED_FACE('',(#1200),#1142,.F.);
#4025=ADVANCED_FACE('',(#1201),#188,.T.);
#4026=ADVANCED_FACE('',(#1202),#1143,.F.);
#4027=ADVANCED_FACE('',(#1203),#1144,.T.);
#4028=ADVANCED_FACE('',(#1204),#1145,.F.);
#4029=ADVANCED_FACE('',(#1205),#189,.T.);
#4030=ADVANCED_FACE('',(#1206),#1146,.F.);
#4031=ADVANCED_FACE('',(#1207),#1147,.T.);
#4032=ADVANCED_FACE('',(#1208,#64,#65,#66,#67,#68,#69,#70,#71,#72),#190,
 .F.);
#4033=ADVANCED_FACE('',(#1209),#1148,.T.);
#4034=ADVANCED_FACE('',(#1210),#160,.T.);
#4035=ADVANCED_FACE('',(#1211),#161,.T.);
#4036=ADVANCED_FACE('',(#1212),#162,.T.);
#4037=ADVANCED_FACE('',(#1213),#1149,.T.);
#4038=ADVANCED_FACE('',(#1214),#163,.T.);
#4039=ADVANCED_FACE('',(#1215),#164,.T.);
#4040=ADVANCED_FACE('',(#1216),#165,.T.);
#4041=ADVANCED_FACE('',(#1217),#1150,.T.);
#4042=ADVANCED_FACE('',(#1218),#166,.T.);
#4043=ADVANCED_FACE('',(#1219),#167,.T.);
#4044=ADVANCED_FACE('',(#1220),#168,.T.);
#4045=ADVANCED_FACE('',(#1221),#1151,.T.);
#4046=ADVANCED_FACE('',(#1222),#169,.T.);
#4047=ADVANCED_FACE('',(#1223),#170,.T.);
#4048=ADVANCED_FACE('',(#1224),#171,.T.);
#4049=ADVANCED_FACE('',(#1225),#1152,.F.);
#4050=ADVANCED_FACE('',(#1226,#73,#74,#75,#76,#77),#191,.T.);
#4051=ADVANCED_FACE('',(#1227),#60,.F.);
#4052=ADVANCED_FACE('',(#1228),#1153,.F.);
#4053=ADVANCED_FACE('',(#1229),#61,.F.);
#4054=ADVANCED_FACE('',(#1230),#1154,.F.);
#4055=ADVANCED_FACE('',(#1231),#62,.F.);
#4056=ADVANCED_FACE('',(#1232),#1155,.F.);
#4057=ADVANCED_FACE('',(#1233),#63,.F.);
#4058=ADVANCED_FACE('',(#1234),#1156,.F.);
#4059=ADVANCED_FACE('',(#1235),#192,.T.);
#4060=ADVANCED_FACE('',(#1236),#193,.T.);
#4061=ADVANCED_FACE('',(#1237),#194,.T.);
#4062=ADVANCED_FACE('',(#1238),#195,.T.);
#4063=ADVANCED_FACE('',(#1239),#196,.T.);
#4064=ADVANCED_FACE('',(#1240),#197,.T.);
#4065=ADVANCED_FACE('',(#1241),#198,.T.);
#4066=ADVANCED_FACE('',(#1242),#1157,.F.);
#4067=ADVANCED_FACE('',(#1243),#199,.T.);
#4068=ADVANCED_FACE('',(#1244),#1158,.F.);
#4069=ADVANCED_FACE('',(#1245),#200,.T.);
#4070=ADVANCED_FACE('',(#1246),#1159,.F.);
#4071=ADVANCED_FACE('',(#1247),#201,.T.);
#4072=ADVANCED_FACE('',(#1248),#1160,.F.);
#4073=ADVANCED_FACE('',(#1249),#202,.T.);
#4074=ADVANCED_FACE('',(#1250),#203,.T.);
#4075=ADVANCED_FACE('',(#1251),#1161,.F.);
#4076=ADVANCED_FACE('',(#1252),#1162,.T.);
#4077=ADVANCED_FACE('',(#1253),#1163,.F.);
#4078=ADVANCED_FACE('',(#1254),#204,.T.);
#4079=ADVANCED_FACE('',(#1255),#1164,.F.);
#4080=ADVANCED_FACE('',(#1256),#1165,.T.);
#4081=ADVANCED_FACE('',(#1257),#24,.F.);
#4082=ADVANCED_FACE('',(#1258),#205,.F.);
#4083=ADVANCED_FACE('',(#1259),#25,.F.);
#4084=ADVANCED_FACE('',(#1260),#26,.F.);
#4085=ADVANCED_FACE('',(#1261),#27,.F.);
#4086=ADVANCED_FACE('',(#1262),#28,.F.);
#4087=ADVANCED_FACE('',(#1263),#29,.F.);
#4088=ADVANCED_FACE('',(#1264),#206,.F.);
#4089=ADVANCED_FACE('',(#1265),#207,.F.);
#4090=ADVANCED_FACE('',(#1266),#208,.F.);
#4091=ADVANCED_FACE('',(#1267),#209,.F.);
#4092=ADVANCED_FACE('',(#1268),#210,.F.);
#4093=ADVANCED_FACE('',(#1269),#176,.F.);
#4094=ADVANCED_FACE('',(#1270),#30,.F.);
#4095=ADVANCED_FACE('',(#1271),#31,.F.);
#4096=ADVANCED_FACE('',(#1272),#32,.F.);
#4097=ADVANCED_FACE('',(#1273),#211,.F.);
#4098=ADVANCED_FACE('',(#1274),#212,.F.);
#4099=ADVANCED_FACE('',(#1275),#213,.F.);
#4100=ADVANCED_FACE('',(#1276),#33,.F.);
#4101=ADVANCED_FACE('',(#1277),#34,.F.);
#4102=ADVANCED_FACE('',(#1278),#35,.F.);
#4103=ADVANCED_FACE('',(#1279),#214,.F.);
#4104=ADVANCED_FACE('',(#1280),#215,.F.);
#4105=ADVANCED_FACE('',(#1281),#216,.F.);
#4106=ADVANCED_FACE('',(#1282),#217,.T.);
#4107=ADVANCED_FACE('',(#1283),#36,.F.);
#4108=ADVANCED_FACE('',(#1284),#218,.F.);
#4109=ADVANCED_FACE('',(#1285),#37,.F.);
#4110=ADVANCED_FACE('',(#1286),#219,.F.);
#4111=ADVANCED_FACE('',(#1287),#220,.F.);
#4112=ADVANCED_FACE('',(#1288),#221,.F.);
#4113=ADVANCED_FACE('',(#1289),#38,.F.);
#4114=ADVANCED_FACE('',(#1290),#222,.F.);
#4115=ADVANCED_FACE('',(#1291),#223,.F.);
#4116=ADVANCED_FACE('',(#1292),#224,.F.);
#4117=ADVANCED_FACE('',(#1293),#225,.T.);
#4118=ADVANCED_FACE('',(#1294),#226,.F.);
#4119=ADVANCED_FACE('',(#1295),#39,.F.);
#4120=ADVANCED_FACE('',(#1296),#227,.F.);
#4121=ADVANCED_FACE('',(#1297),#228,.F.);
#4122=ADVANCED_FACE('',(#1298),#229,.F.);
#4123=ADVANCED_FACE('',(#1299),#230,.F.);
#4124=ADVANCED_FACE('',(#1300),#231,.F.);
#4125=ADVANCED_FACE('',(#1301),#40,.F.);
#4126=ADVANCED_FACE('',(#1302),#232,.F.);
#4127=ADVANCED_FACE('',(#1303),#233,.F.);
#4128=ADVANCED_FACE('',(#1304),#234,.F.);
#4129=ADVANCED_FACE('',(#1305),#235,.F.);
#4130=ADVANCED_FACE('',(#1306),#236,.F.);
#4131=ADVANCED_FACE('',(#1307),#237,.T.);
#4132=ADVANCED_FACE('',(#1308),#177,.F.);
#4133=ADVANCED_FACE('',(#1309),#41,.F.);
#4134=ADVANCED_FACE('',(#1310),#238,.F.);
#4135=ADVANCED_FACE('',(#1311),#42,.F.);
#4136=ADVANCED_FACE('',(#1312),#178,.F.);
#4137=ADVANCED_FACE('',(#1313),#239,.F.);
#4138=ADVANCED_FACE('',(#1314),#43,.F.);
#4139=ADVANCED_FACE('',(#1315),#240,.F.);
#4140=ADVANCED_FACE('',(#1316),#179,.F.);
#4141=ADVANCED_FACE('',(#1317),#44,.F.);
#4142=ADVANCED_FACE('',(#1318),#45,.F.);
#4143=ADVANCED_FACE('',(#1319),#241,.F.);
#4144=ADVANCED_FACE('',(#1320),#46,.F.);
#4145=ADVANCED_FACE('',(#1321),#180,.T.);
#4146=ADVANCED_FACE('',(#1322),#47,.F.);
#4147=ADVANCED_FACE('',(#1323),#48,.F.);
#4148=ADVANCED_FACE('',(#1324,#78),#242,.T.);
#4149=ADVANCED_FACE('',(#1325),#243,.F.);
#4150=ADVANCED_FACE('',(#1326),#244,.F.);
#4151=ADVANCED_FACE('',(#1327),#245,.F.);
#4152=ADVANCED_FACE('',(#1328),#246,.F.);
#4153=ADVANCED_FACE('',(#1329),#247,.F.);
#4154=ADVANCED_FACE('',(#1330),#248,.F.);
#4155=ADVANCED_FACE('',(#1331),#249,.F.);
#4156=ADVANCED_FACE('',(#1332),#250,.F.);
#4157=ADVANCED_FACE('',(#1333),#251,.F.);
#4158=ADVANCED_FACE('',(#1334),#252,.F.);
#4159=ADVANCED_FACE('',(#1335),#253,.F.);
#4160=ADVANCED_FACE('',(#1336),#254,.F.);
#4161=ADVANCED_FACE('',(#1337),#255,.F.);
#4162=ADVANCED_FACE('',(#1338),#49,.F.);
#4163=ADVANCED_FACE('',(#1339),#256,.F.);
#4164=ADVANCED_FACE('',(#1340),#257,.F.);
#4165=ADVANCED_FACE('',(#1341),#258,.F.);
#4166=ADVANCED_FACE('',(#1342),#259,.F.);
#4167=ADVANCED_FACE('',(#1343),#50,.F.);
#4168=ADVANCED_FACE('',(#1344),#260,.F.);
#4169=ADVANCED_FACE('',(#1345),#261,.F.);
#4170=ADVANCED_FACE('',(#1346),#262,.F.);
#4171=ADVANCED_FACE('',(#1347),#263,.F.);
#4172=ADVANCED_FACE('',(#1348),#264,.T.);
#4173=ADVANCED_FACE('',(#1349),#265,.F.);
#4174=ADVANCED_FACE('',(#1350),#266,.F.);
#4175=ADVANCED_FACE('',(#1351),#267,.F.);
#4176=ADVANCED_FACE('',(#1352),#51,.F.);
#4177=ADVANCED_FACE('',(#1353),#268,.F.);
#4178=ADVANCED_FACE('',(#1354),#269,.F.);
#4179=ADVANCED_FACE('',(#1355),#270,.F.);
#4180=ADVANCED_FACE('',(#1356),#271,.F.);
#4181=ADVANCED_FACE('',(#1357),#272,.F.);
#4182=ADVANCED_FACE('',(#1358),#52,.F.);
#4183=ADVANCED_FACE('',(#1359),#273,.F.);
#4184=ADVANCED_FACE('',(#1360),#274,.F.);
#4185=ADVANCED_FACE('',(#1361),#275,.T.);
#4186=ADVANCED_FACE('',(#1362),#276,.F.);
#4187=ADVANCED_FACE('',(#1363),#277,.F.);
#4188=ADVANCED_FACE('',(#1364),#278,.F.);
#4189=ADVANCED_FACE('',(#1365),#279,.F.);
#4190=ADVANCED_FACE('',(#1366),#280,.F.);
#4191=ADVANCED_FACE('',(#1367),#281,.F.);
#4192=ADVANCED_FACE('',(#1368),#282,.F.);
#4193=ADVANCED_FACE('',(#1369),#283,.F.);
#4194=ADVANCED_FACE('',(#1370),#284,.F.);
#4195=ADVANCED_FACE('',(#1371),#285,.F.);
#4196=ADVANCED_FACE('',(#1372),#286,.F.);
#4197=ADVANCED_FACE('',(#1373),#287,.F.);
#4198=ADVANCED_FACE('',(#1374),#288,.F.);
#4199=ADVANCED_FACE('',(#1375),#53,.F.);
#4200=ADVANCED_FACE('',(#1376),#289,.F.);
#4201=ADVANCED_FACE('',(#1377),#54,.F.);
#4202=ADVANCED_FACE('',(#1378),#55,.F.);
#4203=ADVANCED_FACE('',(#1379),#181,.T.);
#4204=ADVANCED_FACE('',(#1380),#56,.F.);
#4205=ADVANCED_FACE('',(#1381),#57,.F.);
#4206=ADVANCED_FACE('',(#1382),#290,.F.);
#4207=ADVANCED_FACE('',(#1383),#291,.F.);
#4208=ADVANCED_FACE('',(#1384),#292,.F.);
#4209=ADVANCED_FACE('',(#1385),#293,.F.);
#4210=ADVANCED_FACE('',(#1386),#294,.F.);
#4211=ADVANCED_FACE('',(#1387),#58,.F.);
#4212=ADVANCED_FACE('',(#1388),#59,.F.);
#4213=ADVANCED_FACE('',(#1389,#79),#295,.T.);
#4214=ADVANCED_FACE('',(#1390),#296,.F.);
#4215=ADVANCED_FACE('',(#1391),#297,.T.);
#4216=ADVANCED_FACE('',(#1392),#298,.T.);
#4217=ADVANCED_FACE('',(#1393),#299,.T.);
#4218=ADVANCED_FACE('',(#1394),#300,.T.);
#4219=ADVANCED_FACE('',(#1395),#301,.T.);
#4220=ADVANCED_FACE('',(#1396),#302,.T.);
#4221=ADVANCED_FACE('',(#1397),#303,.T.);
#4222=ADVANCED_FACE('',(#1398),#304,.T.);
#4223=ADVANCED_FACE('',(#1399),#305,.T.);
#4224=ADVANCED_FACE('',(#1400),#306,.T.);
#4225=ADVANCED_FACE('',(#1401),#307,.T.);
#4226=ADVANCED_FACE('',(#1402),#308,.T.);
#4227=ADVANCED_FACE('',(#1403),#309,.F.);
#4228=CLOSED_SHELL('',(#3990,#3991,#3992,#3993,#3994,#3995,#3996,#3997,
#3998,#3999,#4000,#4001,#4002,#4003,#4004,#4005,#4006,#4007,#4008,#4009,
#4010,#4011,#4012,#4013,#4014,#4015,#4016,#4017,#4018,#4019,#4020,#4021,
#4022,#4023,#4024,#4025,#4026,#4027,#4028,#4029,#4030,#4031,#4032,#4033,
#4034,#4035,#4036,#4037,#4038,#4039,#4040,#4041,#4042,#4043,#4044,#4045,
#4046,#4047,#4048,#4049,#4050,#4051,#4052,#4053,#4054,#4055,#4056,#4057,
#4058,#4059,#4060,#4061,#4062,#4063,#4064,#4065,#4066,#4067,#4068,#4069,
#4070,#4071,#4072,#4073,#4074,#4075,#4076,#4077,#4078,#4079,#4080,#4081,
#4082,#4083,#4084,#4085,#4086,#4087,#4088,#4089,#4090,#4091,#4092,#4093,
#4094,#4095,#4096,#4097,#4098,#4099,#4100,#4101,#4102,#4103,#4104,#4105,
#4106,#4107,#4108,#4109,#4110,#4111,#4112,#4113,#4114,#4115,#4116,#4117,
#4118,#4119,#4120,#4121,#4122,#4123,#4124,#4125,#4126,#4127,#4128,#4129,
#4130,#4131,#4132,#4133,#4134,#4135,#4136,#4137,#4138,#4139,#4140,#4141,
#4142,#4143,#4144,#4145,#4146,#4147,#4148,#4149,#4150,#4151,#4152,#4153,
#4154,#4155,#4156,#4157,#4158,#4159,#4160,#4161,#4162,#4163,#4164,#4165,
#4166,#4167,#4168,#4169,#4170,#4171,#4172,#4173,#4174,#4175,#4176,#4177,
#4178,#4179,#4180,#4181,#4182,#4183,#4184,#4185,#4186,#4187,#4188,#4189,
#4190,#4191,#4192,#4193,#4194,#4195,#4196,#4197,#4198,#4199,#4200,#4201,
#4202,#4203,#4204,#4205,#4206,#4207,#4208,#4209,#4210,#4211,#4212,#4213,
#4214,#4215,#4216,#4217,#4218,#4219,#4220,#4221,#4222,#4223,#4224,#4225,
#4226,#4227));
#4229=DERIVED_UNIT_ELEMENT(#4232,1.);
#4230=DERIVED_UNIT_ELEMENT(#8151,-3.);
#4231=DIMENSIONAL_EXPONENTS(0.,1.,0.,0.,0.,0.,0.);
#4232=(
CONVERSION_BASED_UNIT('gram',#4234)
MASS_UNIT()
NAMED_UNIT(#4231)
);
#4233=(
MASS_UNIT()
NAMED_UNIT(*)
SI_UNIT(.KILO.,.GRAM.)
);
#4234=MASS_MEASURE_WITH_UNIT(MASS_MEASURE(0.001),#4233);
#4235=DERIVED_UNIT((#4229,#4230));
#4236=MEASURE_REPRESENTATION_ITEM('density measure',
POSITIVE_RATIO_MEASURE(0.93),#4235);
#4237=PROPERTY_DEFINITION_REPRESENTATION(#4242,#4239);
#4238=PROPERTY_DEFINITION_REPRESENTATION(#4243,#4240);
#4239=REPRESENTATION('material name',(#4241),#8148);
#4240=REPRESENTATION('density',(#4236),#8148);
#4241=DESCRIPTIVE_REPRESENTATION_ITEM('Gummi','Gummi');
#4242=PROPERTY_DEFINITION('material property','material name',#8158);
#4243=PROPERTY_DEFINITION('material property','density of part',#8158);
#4244=DATE_TIME_ROLE('creation_date');
#4245=APPLIED_DATE_AND_TIME_ASSIGNMENT(#4246,#4244,(#8158));
#4246=DATE_AND_TIME(#4247,#4248);
#4247=CALENDAR_DATE(2025,18,1);
#4248=LOCAL_TIME(0,0,0.,#4249);
#4249=COORDINATED_UNIVERSAL_TIME_OFFSET(0,0,.BEHIND.);
#4250=AXIS2_PLACEMENT_3D('',#5637,#4579,#4580);
#4251=AXIS2_PLACEMENT_3D('',#5638,#4581,#4582);
#4252=AXIS2_PLACEMENT_3D('',#5641,#4583,#4584);
#4253=AXIS2_PLACEMENT_3D('',#5643,#4585,#4586);
#4254=AXIS2_PLACEMENT_3D('',#5644,#4587,#4588);
#4255=AXIS2_PLACEMENT_3D('',#5645,#4589,#4590);
#4256=AXIS2_PLACEMENT_3D('',#5648,#4591,#4592);
#4257=AXIS2_PLACEMENT_3D('',#5650,#4593,#4594);
#4258=AXIS2_PLACEMENT_3D('',#5651,#4595,#4596);
#4259=AXIS2_PLACEMENT_3D('',#5652,#4597,#4598);
#4260=AXIS2_PLACEMENT_3D('',#5655,#4601,#4602);
#4261=AXIS2_PLACEMENT_3D('',#5658,#4603,#4604);
#4262=AXIS2_PLACEMENT_3D('',#5662,#4607,#4608);
#4263=AXIS2_PLACEMENT_3D('',#5663,#4609,#4610);
#4264=AXIS2_PLACEMENT_3D('',#5666,#4611,#4612);
#4265=AXIS2_PLACEMENT_3D('',#5668,#4613,#4614);
#4266=AXIS2_PLACEMENT_3D('',#5669,#4615,#4616);
#4267=AXIS2_PLACEMENT_3D('',#5670,#4617,#4618);
#4268=AXIS2_PLACEMENT_3D('',#5673,#4619,#4620);
#4269=AXIS2_PLACEMENT_3D('',#5675,#4621,#4622);
#4270=AXIS2_PLACEMENT_3D('',#5676,#4623,#4624);
#4271=AXIS2_PLACEMENT_3D('',#5677,#4625,#4626);
#4272=AXIS2_PLACEMENT_3D('',#5680,#4629,#4630);
#4273=AXIS2_PLACEMENT_3D('',#5683,#4633,#4634);
#4274=AXIS2_PLACEMENT_3D('',#5686,#4635,#4636);
#4275=AXIS2_PLACEMENT_3D('',#5690,#4639,#4640);
#4276=AXIS2_PLACEMENT_3D('',#5691,#4641,#4642);
#4277=AXIS2_PLACEMENT_3D('',#5694,#4643,#4644);
#4278=AXIS2_PLACEMENT_3D('',#5698,#4647,#4648);
#4279=AXIS2_PLACEMENT_3D('',#5699,#4649,#4650);
#4280=AXIS2_PLACEMENT_3D('',#5702,#4653,#4654);
#4281=AXIS2_PLACEMENT_3D('',#5705,#4655,#4656);
#4282=AXIS2_PLACEMENT_3D('',#5709,#4659,#4660);
#4283=AXIS2_PLACEMENT_3D('',#5710,#4661,#4662);
#4284=AXIS2_PLACEMENT_3D('',#5712,#4664,#4665);
#4285=AXIS2_PLACEMENT_3D('',#5722,#4671,#4672);
#4286=AXIS2_PLACEMENT_3D('',#5730,#4677,#4678);
#4287=AXIS2_PLACEMENT_3D('',#5738,#4683,#4684);
#4288=AXIS2_PLACEMENT_3D('',#5746,#4689,#4690);
#4289=AXIS2_PLACEMENT_3D('',#5770,#4691,#4692);
#4290=AXIS2_PLACEMENT_3D('',#5772,#4693,#4694);
#4291=AXIS2_PLACEMENT_3D('',#5774,#4695,#4696);
#4292=AXIS2_PLACEMENT_3D('',#5775,#4697,#4698);
#4293=AXIS2_PLACEMENT_3D('',#5776,#4699,#4700);
#4294=AXIS2_PLACEMENT_3D('',#5779,#4701,#4702);
#4295=AXIS2_PLACEMENT_3D('',#5780,#4703,#4704);
#4296=AXIS2_PLACEMENT_3D('',#5781,#4705,#4706);
#4297=AXIS2_PLACEMENT_3D('',#5782,#4707,#4708);
#4298=AXIS2_PLACEMENT_3D('',#5785,#4709,#4710);
#4299=AXIS2_PLACEMENT_3D('',#5788,#4713,#4714);
#4300=AXIS2_PLACEMENT_3D('',#5791,#4715,#4716);
#4301=AXIS2_PLACEMENT_3D('',#5792,#4717,#4718);
#4302=AXIS2_PLACEMENT_3D('',#5793,#4719,#4720);
#4303=AXIS2_PLACEMENT_3D('',#5817,#4721,#4722);
#4304=AXIS2_PLACEMENT_3D('',#5818,#4723,#4724);
#4305=AXIS2_PLACEMENT_3D('',#5819,#4725,#4726);
#4306=AXIS2_PLACEMENT_3D('',#5820,#4727,#4728);
#4307=AXIS2_PLACEMENT_3D('',#5823,#4729,#4730);
#4308=AXIS2_PLACEMENT_3D('',#5824,#4731,#4732);
#4309=AXIS2_PLACEMENT_3D('',#5825,#4733,#4734);
#4310=AXIS2_PLACEMENT_3D('',#5826,#4735,#4736);
#4311=AXIS2_PLACEMENT_3D('',#5829,#4737,#4738);
#4312=AXIS2_PLACEMENT_3D('',#5832,#4741,#4742);
#4313=AXIS2_PLACEMENT_3D('',#5835,#4743,#4744);
#4314=AXIS2_PLACEMENT_3D('',#5836,#4745,#4746);
#4315=AXIS2_PLACEMENT_3D('',#5837,#4747,#4748);
#4316=AXIS2_PLACEMENT_3D('',#5861,#4749,#4750);
#4317=AXIS2_PLACEMENT_3D('',#5862,#4751,#4752);
#4318=AXIS2_PLACEMENT_3D('',#5863,#4753,#4754);
#4319=AXIS2_PLACEMENT_3D('',#5864,#4755,#4756);
#4320=AXIS2_PLACEMENT_3D('',#5867,#4757,#4758);
#4321=AXIS2_PLACEMENT_3D('',#5868,#4759,#4760);
#4322=AXIS2_PLACEMENT_3D('',#5869,#4761,#4762);
#4323=AXIS2_PLACEMENT_3D('',#5870,#4763,#4764);
#4324=AXIS2_PLACEMENT_3D('',#5873,#4765,#4766);
#4325=AXIS2_PLACEMENT_3D('',#5876,#4769,#4770);
#4326=AXIS2_PLACEMENT_3D('',#5879,#4771,#4772);
#4327=AXIS2_PLACEMENT_3D('',#5880,#4773,#4774);
#4328=AXIS2_PLACEMENT_3D('',#5881,#4775,#4776);
#4329=AXIS2_PLACEMENT_3D('',#5905,#4777,#4778);
#4330=AXIS2_PLACEMENT_3D('',#5906,#4779,#4780);
#4331=AXIS2_PLACEMENT_3D('',#5907,#4781,#4782);
#4332=AXIS2_PLACEMENT_3D('',#5908,#4783,#4784);
#4333=AXIS2_PLACEMENT_3D('',#5911,#4785,#4786);
#4334=AXIS2_PLACEMENT_3D('',#5912,#4787,#4788);
#4335=AXIS2_PLACEMENT_3D('',#5913,#4789,#4790);
#4336=AXIS2_PLACEMENT_3D('',#5914,#4791,#4792);
#4337=AXIS2_PLACEMENT_3D('',#5917,#4793,#4794);
#4338=AXIS2_PLACEMENT_3D('',#5920,#4797,#4798);
#4339=AXIS2_PLACEMENT_3D('',#5921,#4799,#4800);
#4340=AXIS2_PLACEMENT_3D('',#5922,#4801,#4802);
#4341=AXIS2_PLACEMENT_3D('',#5923,#4803,#4804);
#4342=AXIS2_PLACEMENT_3D('',#5927,#4806,#4807);
#4343=AXIS2_PLACEMENT_3D('',#5929,#4809,#4810);
#4344=AXIS2_PLACEMENT_3D('',#5933,#4813,#4814);
#4345=AXIS2_PLACEMENT_3D('',#5936,#4816,#4817);
#4346=AXIS2_PLACEMENT_3D('',#5937,#4818,#4819);
#4347=AXIS2_PLACEMENT_3D('',#5940,#4821,#4822);
#4348=AXIS2_PLACEMENT_3D('',#5941,#4823,#4824);
#4349=AXIS2_PLACEMENT_3D('',#5944,#4826,#4827);
#4350=AXIS2_PLACEMENT_3D('',#5945,#4828,#4829);
#4351=AXIS2_PLACEMENT_3D('',#5949,#4832,#4833);
#4352=AXIS2_PLACEMENT_3D('',#5952,#4835,#4836);
#4353=AXIS2_PLACEMENT_3D('',#5953,#4837,#4838);
#4354=AXIS2_PLACEMENT_3D('',#5956,#4840,#4841);
#4355=AXIS2_PLACEMENT_3D('',#5957,#4842,#4843);
#4356=AXIS2_PLACEMENT_3D('',#6006,#4849,#4850);
#4357=AXIS2_PLACEMENT_3D('',#6182,#4894,#4895);
#4358=AXIS2_PLACEMENT_3D('',#6212,#4897,#4898);
#4359=AXIS2_PLACEMENT_3D('',#6374,#4923,#4924);
#4360=AXIS2_PLACEMENT_3D('',#6423,#4931,#4932);
#4361=AXIS2_PLACEMENT_3D('',#6425,#4933,#4934);
#4362=AXIS2_PLACEMENT_3D('',#6427,#4935,#4936);
#4363=AXIS2_PLACEMENT_3D('',#6429,#4938,#4939);
#4364=AXIS2_PLACEMENT_3D('',#6431,#4940,#4941);
#4365=AXIS2_PLACEMENT_3D('',#6432,#4942,#4943);
#4366=AXIS2_PLACEMENT_3D('',#6433,#4944,#4945);
#4367=AXIS2_PLACEMENT_3D('',#6435,#4946,#4947);
#4368=AXIS2_PLACEMENT_3D('',#6436,#4948,#4949);
#4369=AXIS2_PLACEMENT_3D('',#6437,#4950,#4951);
#4370=AXIS2_PLACEMENT_3D('',#6439,#4952,#4953);
#4371=AXIS2_PLACEMENT_3D('',#6440,#4954,#4955);
#4372=AXIS2_PLACEMENT_3D('',#6441,#4956,#4957);
#4373=AXIS2_PLACEMENT_3D('',#6443,#4958,#4959);
#4374=AXIS2_PLACEMENT_3D('',#6445,#4961,#4962);
#4375=AXIS2_PLACEMENT_3D('',#6447,#4963,#4964);
#4376=AXIS2_PLACEMENT_3D('',#6448,#4965,#4966);
#4377=AXIS2_PLACEMENT_3D('',#6449,#4967,#4968);
#4378=AXIS2_PLACEMENT_3D('',#6451,#4969,#4970);
#4379=AXIS2_PLACEMENT_3D('',#6452,#4971,#4972);
#4380=AXIS2_PLACEMENT_3D('',#6453,#4973,#4974);
#4381=AXIS2_PLACEMENT_3D('',#6456,#4975,#4976);
#4382=AXIS2_PLACEMENT_3D('',#6457,#4977,#4978);
#4383=AXIS2_PLACEMENT_3D('',#6458,#4979,#4980);
#4384=AXIS2_PLACEMENT_3D('',#6459,#4981,#4982);
#4385=AXIS2_PLACEMENT_3D('',#6462,#4983,#4984);
#4386=AXIS2_PLACEMENT_3D('',#6465,#4987,#4988);
#4387=AXIS2_PLACEMENT_3D('',#6468,#4989,#4990);
#4388=AXIS2_PLACEMENT_3D('',#6469,#4991,#4992);
#4389=AXIS2_PLACEMENT_3D('',#6470,#4993,#4994);
#4390=AXIS2_PLACEMENT_3D('',#6471,#4995,#4996);
#4391=AXIS2_PLACEMENT_3D('',#6474,#4997,#4998);
#4392=AXIS2_PLACEMENT_3D('',#6475,#4999,#5000);
#4393=AXIS2_PLACEMENT_3D('',#6476,#5001,#5002);
#4394=AXIS2_PLACEMENT_3D('',#6477,#5003,#5004);
#4395=AXIS2_PLACEMENT_3D('',#6480,#5005,#5006);
#4396=AXIS2_PLACEMENT_3D('',#6481,#5007,#5008);
#4397=AXIS2_PLACEMENT_3D('',#6482,#5009,#5010);
#4398=AXIS2_PLACEMENT_3D('',#6483,#5011,#5012);
#4399=AXIS2_PLACEMENT_3D('',#6486,#5013,#5014);
#4400=AXIS2_PLACEMENT_3D('',#6489,#5017,#5018);
#4401=AXIS2_PLACEMENT_3D('',#6492,#5019,#5020);
#4402=AXIS2_PLACEMENT_3D('',#6493,#5021,#5022);
#4403=AXIS2_PLACEMENT_3D('',#6494,#5023,#5024);
#4404=AXIS2_PLACEMENT_3D('',#6495,#5025,#5026);
#4405=AXIS2_PLACEMENT_3D('',#6497,#5027,#5028);
#4406=AXIS2_PLACEMENT_3D('',#6498,#5029,#5030);
#4407=AXIS2_PLACEMENT_3D('',#6499,#5031,#5032);
#4408=AXIS2_PLACEMENT_3D('',#6500,#5033,#5034);
#4409=AXIS2_PLACEMENT_3D('',#6501,#5035,#5036);
#4410=AXIS2_PLACEMENT_3D('',#6502,#5037,#5038);
#4411=AXIS2_PLACEMENT_3D('',#6504,#5040,#5041);
#4412=AXIS2_PLACEMENT_3D('',#6506,#5042,#5043);
#4413=AXIS2_PLACEMENT_3D('',#6508,#5044,#5045);
#4414=AXIS2_PLACEMENT_3D('',#6514,#5048,#5049);
#4415=AXIS2_PLACEMENT_3D('',#6518,#5051,#5052);
#4416=AXIS2_PLACEMENT_3D('',#6530,#5058,#5059);
#4417=AXIS2_PLACEMENT_3D('',#6534,#5061,#5062);
#4418=AXIS2_PLACEMENT_3D('',#6539,#5065,#5066);
#4419=AXIS2_PLACEMENT_3D('',#6541,#5067,#5068);
#4420=AXIS2_PLACEMENT_3D('',#6542,#5069,#5070);
#4421=AXIS2_PLACEMENT_3D('',#6546,#5072,#5073);
#4422=AXIS2_PLACEMENT_3D('',#6547,#5074,#5075);
#4423=AXIS2_PLACEMENT_3D('',#6548,#5076,#5077);
#4424=AXIS2_PLACEMENT_3D('',#6551,#5079,#5080);
#4425=AXIS2_PLACEMENT_3D('',#6552,#5081,#5082);
#4426=AXIS2_PLACEMENT_3D('',#6556,#5084,#5085);
#4427=AXIS2_PLACEMENT_3D('',#6557,#5086,#5087);
#4428=AXIS2_PLACEMENT_3D('',#6558,#5088,#5089);
#4429=AXIS2_PLACEMENT_3D('',#6561,#5091,#5092);
#4430=AXIS2_PLACEMENT_3D('',#6562,#5093,#5094);
#4431=AXIS2_PLACEMENT_3D('',#6566,#5096,#5097);
#4432=AXIS2_PLACEMENT_3D('',#6567,#5098,#5099);
#4433=AXIS2_PLACEMENT_3D('',#6568,#5100,#5101);
#4434=AXIS2_PLACEMENT_3D('',#6571,#5103,#5104);
#4435=AXIS2_PLACEMENT_3D('',#6572,#5105,#5106);
#4436=AXIS2_PLACEMENT_3D('',#6576,#5108,#5109);
#4437=AXIS2_PLACEMENT_3D('',#6577,#5110,#5111);
#4438=AXIS2_PLACEMENT_3D('',#6578,#5112,#5113);
#4439=AXIS2_PLACEMENT_3D('',#6581,#5115,#5116);
#4440=AXIS2_PLACEMENT_3D('',#6582,#5117,#5118);
#4441=AXIS2_PLACEMENT_3D('',#6591,#5124,#5125);
#4442=AXIS2_PLACEMENT_3D('',#6599,#5130,#5131);
#4443=AXIS2_PLACEMENT_3D('',#6600,#5132,#5133);
#4444=AXIS2_PLACEMENT_3D('',#6601,#5134,#5135);
#4445=AXIS2_PLACEMENT_3D('',#6602,#5136,#5137);
#4446=AXIS2_PLACEMENT_3D('',#6603,#5138,#5139);
#4447=AXIS2_PLACEMENT_3D('',#6611,#5144,#5145);
#4448=AXIS2_PLACEMENT_3D('',#6612,#5146,#5147);
#4449=AXIS2_PLACEMENT_3D('',#6613,#5148,#5149);
#4450=AXIS2_PLACEMENT_3D('',#6616,#5152,#5153);
#4451=AXIS2_PLACEMENT_3D('',#6619,#5156,#5157);
#4452=AXIS2_PLACEMENT_3D('',#6621,#5159,#5160);
#4453=AXIS2_PLACEMENT_3D('',#6623,#5162,#5163);
#4454=AXIS2_PLACEMENT_3D('',#6625,#5165,#5166);
#4455=AXIS2_PLACEMENT_3D('',#6627,#5168,#5169);
#4456=AXIS2_PLACEMENT_3D('',#6629,#5171,#5172);
#4457=AXIS2_PLACEMENT_3D('',#6631,#5174,#5175);
#4458=AXIS2_PLACEMENT_3D('',#6633,#5177,#5178);
#4459=AXIS2_PLACEMENT_3D('',#6635,#5180,#5181);
#4460=AXIS2_PLACEMENT_3D('',#6637,#5183,#5184);
#4461=AXIS2_PLACEMENT_3D('',#6639,#5186,#5187);
#4462=AXIS2_PLACEMENT_3D('',#6641,#5189,#5190);
#4463=AXIS2_PLACEMENT_3D('',#6643,#5192,#5193);
#4464=AXIS2_PLACEMENT_3D('',#6645,#5195,#5196);
#4465=AXIS2_PLACEMENT_3D('',#6647,#5198,#5199);
#4466=AXIS2_PLACEMENT_3D('',#6673,#5202,#5203);
#4467=AXIS2_PLACEMENT_3D('',#6783,#5211,#5212);
#4468=AXIS2_PLACEMENT_3D('',#6787,#5215,#5216);
#4469=AXIS2_PLACEMENT_3D('',#6791,#5219,#5220);
#4470=AXIS2_PLACEMENT_3D('',#6795,#5223,#5224);
#4471=AXIS2_PLACEMENT_3D('',#6799,#5227,#5228);
#4472=AXIS2_PLACEMENT_3D('',#6811,#5232,#5233);
#4473=AXIS2_PLACEMENT_3D('',#6863,#5237,#5238);
#4474=AXIS2_PLACEMENT_3D('',#6867,#5241,#5242);
#4475=AXIS2_PLACEMENT_3D('',#6871,#5245,#5246);
#4476=AXIS2_PLACEMENT_3D('',#6935,#5252,#5253);
#4477=AXIS2_PLACEMENT_3D('',#6939,#5256,#5257);
#4478=AXIS2_PLACEMENT_3D('',#6943,#5260,#5261);
#4479=AXIS2_PLACEMENT_3D('',#6945,#5263,#5264);
#4480=AXIS2_PLACEMENT_3D('',#6980,#5267,#5268);
#4481=AXIS2_PLACEMENT_3D('',#6998,#5272,#5273);
#4482=AXIS2_PLACEMENT_3D('',#7002,#5276,#5277);
#4483=AXIS2_PLACEMENT_3D('',#7006,#5280,#5281);
#4484=AXIS2_PLACEMENT_3D('',#7051,#5285,#5286);
#4485=AXIS2_PLACEMENT_3D('',#7055,#5289,#5290);
#4486=AXIS2_PLACEMENT_3D('',#7059,#5293,#5294);
#4487=AXIS2_PLACEMENT_3D('',#7061,#5296,#5297);
#4488=AXIS2_PLACEMENT_3D('',#7062,#5298,#5299);
#4489=AXIS2_PLACEMENT_3D('',#7118,#5304,#5305);
#4490=AXIS2_PLACEMENT_3D('',#7122,#5308,#5309);
#4491=AXIS2_PLACEMENT_3D('',#7126,#5312,#5313);
#4492=AXIS2_PLACEMENT_3D('',#7130,#5316,#5317);
#4493=AXIS2_PLACEMENT_3D('',#7134,#5320,#5321);
#4494=AXIS2_PLACEMENT_3D('',#7188,#5325,#5326);
#4495=AXIS2_PLACEMENT_3D('',#7192,#5329,#5330);
#4496=AXIS2_PLACEMENT_3D('',#7196,#5333,#5334);
#4497=AXIS2_PLACEMENT_3D('',#7200,#5337,#5338);
#4498=AXIS2_PLACEMENT_3D('',#7204,#5341,#5342);
#4499=AXIS2_PLACEMENT_3D('',#7206,#5344,#5345);
#4500=AXIS2_PLACEMENT_3D('',#7215,#5346,#5347);
#4501=AXIS2_PLACEMENT_3D('',#7219,#5349,#5350);
#4502=AXIS2_PLACEMENT_3D('',#7240,#5353,#5354);
#4503=AXIS2_PLACEMENT_3D('',#7272,#5359,#5360);
#4504=AXIS2_PLACEMENT_3D('',#7275,#5362,#5363);
#4505=AXIS2_PLACEMENT_3D('',#7276,#5364,#5365);
#4506=AXIS2_PLACEMENT_3D('',#7310,#5369,#5370);
#4507=AXIS2_PLACEMENT_3D('',#7324,#5375,#5376);
#4508=AXIS2_PLACEMENT_3D('',#7371,#5379,#5380);
#4509=AXIS2_PLACEMENT_3D('',#7415,#5385,#5386);
#4510=AXIS2_PLACEMENT_3D('',#7505,#5388,#5389);
#4511=AXIS2_PLACEMENT_3D('',#7506,#5390,#5391);
#4512=AXIS2_PLACEMENT_3D('',#7512,#5395,#5396);
#4513=AXIS2_PLACEMENT_3D('',#7516,#5399,#5400);
#4514=AXIS2_PLACEMENT_3D('',#7520,#5403,#5404);
#4515=AXIS2_PLACEMENT_3D('',#7524,#5407,#5408);
#4516=AXIS2_PLACEMENT_3D('',#7528,#5411,#5412);
#4517=AXIS2_PLACEMENT_3D('',#7532,#5415,#5416);
#4518=AXIS2_PLACEMENT_3D('',#7536,#5419,#5420);
#4519=AXIS2_PLACEMENT_3D('',#7540,#5423,#5424);
#4520=AXIS2_PLACEMENT_3D('',#7544,#5427,#5428);
#4521=AXIS2_PLACEMENT_3D('',#7548,#5431,#5432);
#4522=AXIS2_PLACEMENT_3D('',#7552,#5435,#5436);
#4523=AXIS2_PLACEMENT_3D('',#7554,#5438,#5439);
#4524=AXIS2_PLACEMENT_3D('',#7598,#5442,#5443);
#4525=AXIS2_PLACEMENT_3D('',#7602,#5446,#5447);
#4526=AXIS2_PLACEMENT_3D('',#7606,#5450,#5451);
#4527=AXIS2_PLACEMENT_3D('',#7610,#5454,#5455);
#4528=AXIS2_PLACEMENT_3D('',#7655,#5459,#5460);
#4529=AXIS2_PLACEMENT_3D('',#7659,#5463,#5464);
#4530=AXIS2_PLACEMENT_3D('',#7663,#5467,#5468);
#4531=AXIS2_PLACEMENT_3D('',#7667,#5471,#5472);
#4532=AXIS2_PLACEMENT_3D('',#7669,#5474,#5475);
#4533=AXIS2_PLACEMENT_3D('',#7670,#5476,#5477);
#4534=AXIS2_PLACEMENT_3D('',#7676,#5481,#5482);
#4535=AXIS2_PLACEMENT_3D('',#7680,#5485,#5486);
#4536=AXIS2_PLACEMENT_3D('',#7725,#5490,#5491);
#4537=AXIS2_PLACEMENT_3D('',#7729,#5494,#5495);
#4538=AXIS2_PLACEMENT_3D('',#7733,#5498,#5499);
#4539=AXIS2_PLACEMENT_3D('',#7737,#5502,#5503);
#4540=AXIS2_PLACEMENT_3D('',#7741,#5506,#5507);
#4541=AXIS2_PLACEMENT_3D('',#7786,#5511,#5512);
#4542=AXIS2_PLACEMENT_3D('',#7790,#5515,#5516);
#4543=AXIS2_PLACEMENT_3D('',#7792,#5518,#5519);
#4544=AXIS2_PLACEMENT_3D('',#7793,#5520,#5521);
#4545=AXIS2_PLACEMENT_3D('',#7799,#5525,#5526);
#4546=AXIS2_PLACEMENT_3D('',#7803,#5529,#5530);
#4547=AXIS2_PLACEMENT_3D('',#7807,#5533,#5534);
#4548=AXIS2_PLACEMENT_3D('',#7811,#5537,#5538);
#4549=AXIS2_PLACEMENT_3D('',#7815,#5541,#5542);
#4550=AXIS2_PLACEMENT_3D('',#7819,#5545,#5546);
#4551=AXIS2_PLACEMENT_3D('',#7823,#5549,#5550);
#4552=AXIS2_PLACEMENT_3D('',#7827,#5553,#5554);
#4553=AXIS2_PLACEMENT_3D('',#7831,#5557,#5558);
#4554=AXIS2_PLACEMENT_3D('',#7835,#5561,#5562);
#4555=AXIS2_PLACEMENT_3D('',#7839,#5565,#5566);
#4556=AXIS2_PLACEMENT_3D('',#7841,#5568,#5569);
#4557=AXIS2_PLACEMENT_3D('',#7876,#5572,#5573);
#4558=AXIS2_PLACEMENT_3D('',#8027,#5580,#5581);
#4559=AXIS2_PLACEMENT_3D('',#8065,#5584,#5585);
#4560=AXIS2_PLACEMENT_3D('',#8069,#5588,#5589);
#4561=AXIS2_PLACEMENT_3D('',#8073,#5592,#5593);
#4562=AXIS2_PLACEMENT_3D('',#8077,#5596,#5597);
#4563=AXIS2_PLACEMENT_3D('',#8081,#5600,#5601);
#4564=AXIS2_PLACEMENT_3D('',#8129,#5605,#5606);
#4565=AXIS2_PLACEMENT_3D('',#8130,#5607,#5608);
#4566=AXIS2_PLACEMENT_3D('',#8131,#5609,#5610);
#4567=AXIS2_PLACEMENT_3D('',#8132,#5611,#5612);
#4568=AXIS2_PLACEMENT_3D('',#8134,#5614,#5615);
#4569=AXIS2_PLACEMENT_3D('',#8135,#5616,#5617);
#4570=AXIS2_PLACEMENT_3D('',#8136,#5618,#5619);
#4571=AXIS2_PLACEMENT_3D('',#8138,#5621,#5622);
#4572=AXIS2_PLACEMENT_3D('',#8139,#5623,#5624);
#4573=AXIS2_PLACEMENT_3D('',#8140,#5625,#5626);
#4574=AXIS2_PLACEMENT_3D('',#8141,#5627,#5628);
#4575=AXIS2_PLACEMENT_3D('',#8142,#5629,#5630);
#4576=AXIS2_PLACEMENT_3D('',#8143,#5631,#5632);
#4577=AXIS2_PLACEMENT_3D('',#8144,#5633,#5634);
#4578=AXIS2_PLACEMENT_3D('',#8145,#5635,#5636);
#4579=DIRECTION('axis',(0.,0.,1.));
#4580=DIRECTION('refdir',(1.,0.,0.));
#4581=DIRECTION('center_axis',(-0.408248290463865,0.40824829046386,-0.816496580927727));
#4582=DIRECTION('ref_axis',(0.577350269189629,-0.577350269189622,-0.577350269189626));
#4583=DIRECTION('center_axis',(0.,1.,0.));
#4584=DIRECTION('ref_axis',(0.,0.,-1.));
#4585=DIRECTION('center_axis',(-1.,0.,-2.22044604925031E-15));
#4586=DIRECTION('ref_axis',(0.,-1.,0.));
#4587=DIRECTION('center_axis',(0.,0.,1.));
#4588=DIRECTION('ref_axis',(1.,0.,0.));
#4589=DIRECTION('center_axis',(-0.816496580927727,0.408248290463863,-0.40824829046386));
#4590=DIRECTION('ref_axis',(0.577350269189624,0.577350269189629,-0.577350269189624));
#4591=DIRECTION('center_axis',(-1.,0.,0.));
#4592=DIRECTION('ref_axis',(0.,0.,-1.));
#4593=DIRECTION('center_axis',(0.,-1.,-4.44089209850063E-15));
#4594=DIRECTION('ref_axis',(1.,0.,0.));
#4595=DIRECTION('center_axis',(0.,0.,1.));
#4596=DIRECTION('ref_axis',(0.,1.,0.));
#4597=DIRECTION('center_axis',(-1.09395051077734E-16,1.,0.));
#4598=DIRECTION('ref_axis',(0.707106781186548,0.,-0.707106781186547));
#4599=DIRECTION('',(1.09395051077734E-16,-1.,0.));
#4600=DIRECTION('',(-1.09395051077734E-16,1.,0.));
#4601=DIRECTION('center_axis',(0.,0.,1.));
#4602=DIRECTION('ref_axis',(0.707106781186546,0.707106781186549,0.));
#4603=DIRECTION('center_axis',(4.07639755608077E-16,-0.707106781186549,
-0.707106781186546));
#4604=DIRECTION('ref_axis',(-3.92523114670943E-16,0.707106781186546,-0.707106781186549));
#4605=DIRECTION('',(0.,0.,-1.));
#4606=DIRECTION('',(0.,0.,1.));
#4607=DIRECTION('center_axis',(-0.707106781186548,-7.73539824453147E-17,
-0.707106781186548));
#4608=DIRECTION('ref_axis',(0.707106781186548,4.9065389333868E-17,-0.707106781186547));
#4609=DIRECTION('center_axis',(0.408248290463866,0.408248290463863,-0.816496580927725));
#4610=DIRECTION('ref_axis',(-0.577350269189629,-0.577350269189622,-0.577350269189627));
#4611=DIRECTION('center_axis',(1.,-2.22044604925031E-15,0.));
#4612=DIRECTION('ref_axis',(0.,0.,-1.));
#4613=DIRECTION('center_axis',(0.,1.,4.44089209850063E-15));
#4614=DIRECTION('ref_axis',(-1.,0.,0.));
#4615=DIRECTION('center_axis',(0.,0.,1.));
#4616=DIRECTION('ref_axis',(0.,-1.,0.));
#4617=DIRECTION('center_axis',(0.408248290463872,-0.40824829046386,-0.816496580927723));
#4618=DIRECTION('ref_axis',(-0.577350269189632,0.577350269189616,-0.577350269189631));
#4619=DIRECTION('center_axis',(0.,0.,1.));
#4620=DIRECTION('ref_axis',(-1.,0.,0.));
#4621=DIRECTION('center_axis',(8.88178419700124E-15,-1.,0.));
#4622=DIRECTION('ref_axis',(0.,0.,-1.));
#4623=DIRECTION('center_axis',(1.,0.,0.));
#4624=DIRECTION('ref_axis',(0.,1.,0.));
#4625=DIRECTION('center_axis',(1.09395051077734E-16,-1.,0.));
#4626=DIRECTION('ref_axis',(-0.707106781186548,0.,-0.707106781186547));
#4627=DIRECTION('',(-1.09395051077734E-16,1.,0.));
#4628=DIRECTION('',(1.09395051077734E-16,-1.,0.));
#4629=DIRECTION('center_axis',(-1.,-5.76489670943396E-16,0.));
#4630=DIRECTION('ref_axis',(0.,0.707106781186549,-0.707106781186546));
#4631=DIRECTION('',(1.,5.76489670943396E-16,0.));
#4632=DIRECTION('',(-1.,-5.76489670943396E-16,0.));
#4633=DIRECTION('center_axis',(0.,0.,1.));
#4634=DIRECTION('ref_axis',(-0.707106781186549,0.707106781186546,0.));
#4635=DIRECTION('center_axis',(0.707106781186548,7.73539824453147E-17,-0.707106781186548));
#4636=DIRECTION('ref_axis',(-0.707106781186547,-9.81307786677359E-17,-0.707106781186547));
#4637=DIRECTION('',(0.,0.,-1.));
#4638=DIRECTION('',(0.,0.,1.));
#4639=DIRECTION('center_axis',(4.07639755608077E-16,-0.707106781186549,
-0.707106781186546));
#4640=DIRECTION('ref_axis',(-4.41588504004811E-16,0.707106781186546,-0.707106781186549));
#4641=DIRECTION('center_axis',(0.,0.,1.));
#4642=DIRECTION('ref_axis',(-0.707106781186549,-0.707106781186546,0.));
#4643=DIRECTION('center_axis',(4.07639755608077E-16,0.707106781186548,-0.707106781186548));
#4644=DIRECTION('ref_axis',(-3.92523114670944E-16,-0.707106781186547,-0.707106781186547));
#4645=DIRECTION('',(0.,0.,-1.));
#4646=DIRECTION('',(0.,0.,1.));
#4647=DIRECTION('center_axis',(0.707106781186548,7.73539824453148E-17,-0.707106781186547));
#4648=DIRECTION('ref_axis',(-0.707106781186547,-9.81307786677359E-17,-0.707106781186548));
#4649=DIRECTION('center_axis',(1.,-5.76489670943396E-16,0.));
#4650=DIRECTION('ref_axis',(0.,-0.707106781186546,-0.707106781186549));
#4651=DIRECTION('',(-1.,5.76489670943396E-16,0.));
#4652=DIRECTION('',(1.,-5.76489670943396E-16,0.));
#4653=DIRECTION('center_axis',(0.,0.,1.));
#4654=DIRECTION('ref_axis',(0.707106781186548,-0.707106781186548,0.));
#4655=DIRECTION('center_axis',(-0.707106781186548,-7.73539824453147E-17,
-0.707106781186548));
#4656=DIRECTION('ref_axis',(0.707106781186548,1.96261557335472E-16,-0.707106781186547));
#4657=DIRECTION('',(0.,0.,-1.));
#4658=DIRECTION('',(0.,0.,1.));
#4659=DIRECTION('center_axis',(4.07639755608077E-16,0.707106781186548,-0.707106781186548));
#4660=DIRECTION('ref_axis',(-4.41588504004812E-16,-0.707106781186548,-0.707106781186548));
#4661=DIRECTION('center_axis',(5.76489670943396E-16,-1.,0.));
#4662=DIRECTION('ref_axis',(1.,5.76489670943396E-16,0.));
#4663=DIRECTION('',(1.,5.76489670943396E-16,0.));
#4664=DIRECTION('center_axis',(4.07639755608077E-16,-0.707106781186549,
-0.707106781186546));
#4665=DIRECTION('ref_axis',(-1.,0.,-5.76489670943398E-16));
#4666=DIRECTION('',(-0.577350269189626,-0.577350269189624,0.577350269189626));
#4667=DIRECTION('',(-1.,-5.76489670943396E-16,0.));
#4668=DIRECTION('',(-1.,-4.30945375885395E-16,0.));
#4669=DIRECTION('',(-1.,-5.76489670943396E-16,0.));
#4670=DIRECTION('',(-0.577350269189626,0.577350269189624,-0.577350269189626));
#4671=DIRECTION('center_axis',(-0.707106781186548,-7.73539824453147E-17,
-0.707106781186548));
#4672=DIRECTION('ref_axis',(-0.707106781186548,0.,0.707106781186548));
#4673=DIRECTION('',(1.09395051077734E-16,-1.,0.));
#4674=DIRECTION('',(-0.707106781186548,0.,0.707106781186548));
#4675=DIRECTION('',(-3.8026219964027E-17,1.,0.));
#4676=DIRECTION('',(-1.09395051077734E-16,1.,0.));
#4677=DIRECTION('center_axis',(-1.,-1.09395051077734E-16,0.));
#4678=DIRECTION('ref_axis',(1.09395051077734E-16,-1.,0.));
#4679=DIRECTION('',(1.09395051077734E-16,-1.,0.));
#4680=DIRECTION('',(0.,0.,1.));
#4681=DIRECTION('',(1.09395051077734E-16,-1.,0.));
#4682=DIRECTION('',(0.,0.,-1.));
#4683=DIRECTION('center_axis',(-0.707106781186548,-7.73539824453147E-17,
-0.707106781186548));
#4684=DIRECTION('ref_axis',(-0.707106781186548,0.,0.707106781186548));
#4685=DIRECTION('',(0.577350269189626,-0.577350269189626,-0.577350269189626));
#4686=DIRECTION('',(-1.09395051077734E-16,1.,0.));
#4687=DIRECTION('',(-3.8026219964027E-17,1.,0.));
#4688=DIRECTION('',(0.707106781186548,6.28036983473511E-16,-0.707106781186548));
#4689=DIRECTION('center_axis',(0.,0.,1.));
#4690=DIRECTION('ref_axis',(1.,0.,0.));
#4691=DIRECTION('center_axis',(0.883330876568911,-0.46875,0.));
#4692=DIRECTION('ref_axis',(0.,0.,-1.));
#4693=DIRECTION('center_axis',(0.,0.,-1.));
#4694=DIRECTION('ref_axis',(0.707106781186546,-0.707106781186549,0.));
#4695=DIRECTION('center_axis',(0.468749999999997,-0.883330876568913,0.));
#4696=DIRECTION('ref_axis',(-0.883330876568913,-0.468749999999997,0.));
#4697=DIRECTION('center_axis',(0.,0.,1.));
#4698=DIRECTION('ref_axis',(0.707106781186546,-0.707106781186549,0.));
#4699=DIRECTION('center_axis',(0.,0.,-1.));
#4700=DIRECTION('ref_axis',(-1.,0.,0.));
#4701=DIRECTION('center_axis',(1.,0.,0.));
#4702=DIRECTION('ref_axis',(0.,-1.,0.));
#4703=DIRECTION('center_axis',(0.,0.,-1.));
#4704=DIRECTION('ref_axis',(0.515388203202207,0.856956825050131,0.));
#4705=DIRECTION('center_axis',(0.,0.,1.));
#4706=DIRECTION('ref_axis',(0.515388203202208,0.856956825050131,0.));
#4707=DIRECTION('center_axis',(-1.,-5.20213834264032E-16,0.));
#4708=DIRECTION('ref_axis',(0.,-0.707106781186549,-0.707106781186546));
#4709=DIRECTION('center_axis',(1.,0.,0.));
#4710=DIRECTION('ref_axis',(0.,-1.,0.));
#4711=DIRECTION('',(1.,5.20213834264032E-16,0.));
#4712=DIRECTION('',(-1.,-5.20213834264032E-16,0.));
#4713=DIRECTION('center_axis',(0.,0.,-1.));
#4714=DIRECTION('ref_axis',(-1.,0.,0.));
#4715=DIRECTION('center_axis',(0.46875,0.883330876568911,0.));
#4716=DIRECTION('ref_axis',(0.883330876568911,-0.46875,0.));
#4717=DIRECTION('center_axis',(0.,0.,-1.));
#4718=DIRECTION('ref_axis',(-0.515388203202208,0.85695682505013,0.));
#4719=DIRECTION('center_axis',(0.,0.,1.));
#4720=DIRECTION('ref_axis',(-0.515388203202208,0.85695682505013,0.));
#4721=DIRECTION('center_axis',(-0.883330876568911,-0.46875,0.));
#4722=DIRECTION('ref_axis',(-0.46875,0.883330876568911,0.));
#4723=DIRECTION('center_axis',(0.,0.,1.));
#4724=DIRECTION('ref_axis',(-0.707106781186547,-0.707106781186548,0.));
#4725=DIRECTION('center_axis',(0.,0.,-1.));
#4726=DIRECTION('ref_axis',(-0.707106781186547,-0.707106781186548,0.));
#4727=DIRECTION('center_axis',(0.,0.,-1.));
#4728=DIRECTION('ref_axis',(-1.,0.,0.));
#4729=DIRECTION('center_axis',(0.,-1.,0.));
#4730=DIRECTION('ref_axis',(-1.,0.,0.));
#4731=DIRECTION('center_axis',(0.,0.,-1.));
#4732=DIRECTION('ref_axis',(0.856956825050132,-0.515388203202205,0.));
#4733=DIRECTION('center_axis',(0.,0.,1.));
#4734=DIRECTION('ref_axis',(0.856956825050132,-0.515388203202205,0.));
#4735=DIRECTION('center_axis',(-1.01578160552525E-15,1.,0.));
#4736=DIRECTION('ref_axis',(-0.707106781186548,0.,-0.707106781186547));
#4737=DIRECTION('center_axis',(-4.44089209850062E-15,-1.,0.));
#4738=DIRECTION('ref_axis',(-1.,4.44089209850062E-15,0.));
#4739=DIRECTION('',(1.01578160552525E-15,-1.,0.));
#4740=DIRECTION('',(-1.01578160552525E-15,1.,0.));
#4741=DIRECTION('center_axis',(0.,0.,-1.));
#4742=DIRECTION('ref_axis',(-1.,0.,0.));
#4743=DIRECTION('center_axis',(0.883330876568904,-0.468750000000012,0.));
#4744=DIRECTION('ref_axis',(-0.468750000000012,-0.883330876568904,0.));
#4745=DIRECTION('center_axis',(0.,0.,-1.));
#4746=DIRECTION('ref_axis',(0.856956825050135,0.515388203202201,0.));
#4747=DIRECTION('center_axis',(0.,0.,1.));
#4748=DIRECTION('ref_axis',(0.856956825050135,0.515388203202201,0.));
#4749=DIRECTION('center_axis',(-0.468749999999995,0.883330876568914,0.));
#4750=DIRECTION('ref_axis',(0.883330876568913,0.468749999999995,0.));
#4751=DIRECTION('center_axis',(0.,0.,1.));
#4752=DIRECTION('ref_axis',(-0.70710678118654,0.707106781186555,0.));
#4753=DIRECTION('center_axis',(0.,0.,-1.));
#4754=DIRECTION('ref_axis',(-0.70710678118654,0.707106781186555,0.));
#4755=DIRECTION('center_axis',(0.,0.,-1.));
#4756=DIRECTION('ref_axis',(-1.,0.,0.));
#4757=DIRECTION('center_axis',(-1.,0.,0.));
#4758=DIRECTION('ref_axis',(0.,1.,0.));
#4759=DIRECTION('center_axis',(0.,0.,-1.));
#4760=DIRECTION('ref_axis',(-0.515388203202212,-0.856956825050128,0.));
#4761=DIRECTION('center_axis',(0.,0.,1.));
#4762=DIRECTION('ref_axis',(-0.515388203202212,-0.856956825050128,0.));
#4763=DIRECTION('center_axis',(1.,5.2021383426403E-16,0.));
#4764=DIRECTION('ref_axis',(0.,0.707106781186546,-0.707106781186549));
#4765=DIRECTION('center_axis',(-1.,0.,0.));
#4766=DIRECTION('ref_axis',(0.,1.,0.));
#4767=DIRECTION('',(-1.,-5.2021383426403E-16,0.));
#4768=DIRECTION('',(1.,5.2021383426403E-16,0.));
#4769=DIRECTION('center_axis',(0.,0.,-1.));
#4770=DIRECTION('ref_axis',(-1.,0.,0.));
#4771=DIRECTION('center_axis',(-0.46875,-0.883330876568911,0.));
#4772=DIRECTION('ref_axis',(-0.883330876568911,0.46875,0.));
#4773=DIRECTION('center_axis',(0.,0.,-1.));
#4774=DIRECTION('ref_axis',(0.515388203202208,-0.85695682505013,0.));
#4775=DIRECTION('center_axis',(0.,0.,1.));
#4776=DIRECTION('ref_axis',(0.515388203202208,-0.85695682505013,0.));
#4777=DIRECTION('center_axis',(0.883330876568911,0.46875,0.));
#4778=DIRECTION('ref_axis',(0.46875,-0.883330876568911,0.));
#4779=DIRECTION('center_axis',(0.,0.,1.));
#4780=DIRECTION('ref_axis',(0.707106781186547,0.707106781186548,0.));
#4781=DIRECTION('center_axis',(0.,0.,-1.));
#4782=DIRECTION('ref_axis',(0.707106781186547,0.707106781186548,0.));
#4783=DIRECTION('center_axis',(0.,0.,-1.));
#4784=DIRECTION('ref_axis',(-1.,0.,0.));
#4785=DIRECTION('center_axis',(0.,1.,0.));
#4786=DIRECTION('ref_axis',(1.,0.,0.));
#4787=DIRECTION('center_axis',(0.,0.,-1.));
#4788=DIRECTION('ref_axis',(-0.856956825050131,0.515388203202207,0.));
#4789=DIRECTION('center_axis',(0.,0.,1.));
#4790=DIRECTION('ref_axis',(-0.856956825050131,0.515388203202208,0.));
#4791=DIRECTION('center_axis',(1.05080855743991E-16,-1.,0.));
#4792=DIRECTION('ref_axis',(0.707106781186548,0.,-0.707106781186547));
#4793=DIRECTION('center_axis',(0.,1.,0.));
#4794=DIRECTION('ref_axis',(1.,0.,0.));
#4795=DIRECTION('',(-1.05080855743991E-16,1.,0.));
#4796=DIRECTION('',(1.05080855743991E-16,-1.,0.));
#4797=DIRECTION('center_axis',(0.,0.,-1.));
#4798=DIRECTION('ref_axis',(-1.,0.,0.));
#4799=DIRECTION('center_axis',(0.,0.,1.));
#4800=DIRECTION('ref_axis',(-0.856956825050129,-0.515388203202209,0.));
#4801=DIRECTION('center_axis',(0.,0.,-1.));
#4802=DIRECTION('ref_axis',(-0.85695682505013,-0.515388203202209,0.));
#4803=DIRECTION('center_axis',(0.,0.,1.));
#4804=DIRECTION('ref_axis',(0.856956825050133,0.515388203202203,0.));
#4805=DIRECTION('',(0.,0.,1.));
#4806=DIRECTION('center_axis',(0.,0.,-1.));
#4807=DIRECTION('ref_axis',(0.856956825050135,0.515388203202201,0.));
#4808=DIRECTION('',(0.,0.,-1.));
#4809=DIRECTION('center_axis',(-1.,-1.01578160552525E-15,0.));
#4810=DIRECTION('ref_axis',(-1.01578160552525E-15,1.,0.));
#4811=DIRECTION('',(0.,0.,-1.));
#4812=DIRECTION('',(1.01578160552525E-15,-1.,0.));
#4813=DIRECTION('center_axis',(0.,0.,1.));
#4814=DIRECTION('ref_axis',(0.856956825050131,-0.515388203202207,0.));
#4815=DIRECTION('',(0.,0.,1.));
#4816=DIRECTION('center_axis',(0.,0.,-1.));
#4817=DIRECTION('ref_axis',(0.856956825050132,-0.515388203202205,0.));
#4818=DIRECTION('center_axis',(0.,0.,-1.));
#4819=DIRECTION('ref_axis',(-0.707106781186547,-0.707106781186549,0.));
#4820=DIRECTION('',(0.,0.,-1.));
#4821=DIRECTION('center_axis',(0.,0.,1.));
#4822=DIRECTION('ref_axis',(-0.707106781186547,-0.707106781186548,0.));
#4823=DIRECTION('center_axis',(0.,0.,1.));
#4824=DIRECTION('ref_axis',(-0.515388203202207,0.856956825050131,0.));
#4825=DIRECTION('',(0.,0.,1.));
#4826=DIRECTION('center_axis',(0.,0.,-1.));
#4827=DIRECTION('ref_axis',(-0.515388203202208,0.85695682505013,0.));
#4828=DIRECTION('center_axis',(5.20213834264032E-16,-1.,0.));
#4829=DIRECTION('ref_axis',(-1.,-5.20213834264032E-16,0.));
#4830=DIRECTION('',(0.,0.,-1.));
#4831=DIRECTION('',(1.,5.20213834264032E-16,0.));
#4832=DIRECTION('center_axis',(0.,0.,-1.));
#4833=DIRECTION('ref_axis',(0.515388203202207,0.856956825050131,0.));
#4834=DIRECTION('',(0.,0.,1.));
#4835=DIRECTION('center_axis',(0.,0.,-1.));
#4836=DIRECTION('ref_axis',(0.515388203202207,0.856956825050131,0.));
#4837=DIRECTION('center_axis',(0.,0.,-1.));
#4838=DIRECTION('ref_axis',(0.707106781186547,-0.707106781186548,0.));
#4839=DIRECTION('',(0.,0.,-1.));
#4840=DIRECTION('center_axis',(0.,0.,1.));
#4841=DIRECTION('ref_axis',(0.707106781186546,-0.707106781186549,0.));
#4842=DIRECTION('center_axis',(0.,0.,1.));
#4843=DIRECTION('ref_axis',(1.,0.,0.));
#4844=DIRECTION('',(1.,5.75005652064874E-14,0.));
#4845=DIRECTION('',(-5.20978275360801E-15,1.,0.));
#4846=DIRECTION('',(-1.,0.,0.));
#4847=DIRECTION('',(7.81467413041185E-15,-1.,0.));
#4848=DIRECTION('',(1.,0.,0.));
#4849=DIRECTION('center_axis',(0.,0.,1.));
#4850=DIRECTION('ref_axis',(0.724145718675041,0.68964699529876,0.));
#4851=DIRECTION('',(-0.807445709529852,0.589941883715535,0.));
#4852=DIRECTION('',(0.817385595545164,0.576090954793839,0.));
#4853=DIRECTION('',(-4.5131257574861E-15,1.,0.));
#4854=DIRECTION('',(-0.804866982773448,-0.593455255298297,0.));
#4855=DIRECTION('',(-0.809694291064427,0.586851902116433,0.));
#4856=DIRECTION('',(-1.09024948074101E-14,-1.,0.));
#4857=DIRECTION('',(0.814765579319974,-0.579790523167969,0.));
#4858=DIRECTION('',(-0.814765579319974,-0.57979052316797,0.));
#4859=DIRECTION('',(0.,-1.,0.));
#4860=DIRECTION('',(0.803129098056203,0.595805045174535,0.));
#4861=DIRECTION('',(0.80165334781687,-0.597789185193246,0.));
#4862=DIRECTION('',(-1.30463467275225E-14,1.,0.));
#4863=DIRECTION('',(-7.87003620027769E-16,1.,0.));
#4864=DIRECTION('',(-0.707106781186552,0.707106781186543,0.));
#4865=DIRECTION('',(-1.,4.76025671385222E-15,0.));
#4866=DIRECTION('',(1.,0.,0.));
#4867=DIRECTION('',(0.707106781186549,-0.707106781186546,0.));
#4868=DIRECTION('',(3.93501810013886E-16,-1.,0.));
#4869=DIRECTION('',(0.707106781186547,-0.707106781186548,0.));
#4870=DIRECTION('',(1.,0.,0.));
#4871=DIRECTION('',(-1.,-5.66642606419989E-15,0.));
#4872=DIRECTION('',(-0.707106781186549,0.707106781186546,0.));
#4873=DIRECTION('',(-2.55605088765542E-15,1.,0.));
#4874=DIRECTION('',(-0.707106781187587,0.707106781185508,0.));
#4875=DIRECTION('',(0.70710678118655,0.707106781186545,0.));
#4876=DIRECTION('',(1.,-5.13442536384928E-15,0.));
#4877=DIRECTION('',(-1.,0.,0.));
#4878=DIRECTION('',(-0.707106781186548,-0.707106781186547,0.));
#4879=DIRECTION('',(0.707106781186548,-0.707106781186547,0.));
#4880=DIRECTION('',(2.90556031710416E-15,-1.,0.));
#4881=DIRECTION('',(1.35788506755845E-14,1.,0.));
#4882=DIRECTION('',(-0.804866982773444,-0.593455255298301,0.));
#4883=DIRECTION('',(-0.809694291064417,0.586851902116446,0.));
#4884=DIRECTION('',(0.,-1.,0.));
#4885=DIRECTION('',(0.814765579319984,-0.579790523167955,0.));
#4886=DIRECTION('',(-0.81476557931997,-0.579790523167974,0.));
#4887=DIRECTION('',(-2.23705368958955E-15,-1.,0.));
#4888=DIRECTION('',(0.802647540820089,0.596453623692122,0.));
#4889=DIRECTION('',(0.801653347816874,-0.59778918519324,0.));
#4890=DIRECTION('',(4.36099792296403E-15,1.,0.));
#4891=DIRECTION('',(-0.807445709529845,0.589941883715544,0.));
#4892=DIRECTION('',(0.816675449707348,0.577097227376203,0.));
#4893=DIRECTION('',(-0.712623615676496,0.701546564655659,0.));
#4894=DIRECTION('center_axis',(0.,0.,1.));
#4895=DIRECTION('ref_axis',(0.740671146176295,0.671867734916548,0.));
#4896=DIRECTION('',(1.91826432525765E-15,-1.,0.));
#4897=DIRECTION('center_axis',(0.,0.,-1.));
#4898=DIRECTION('ref_axis',(0.838408971827443,-0.545041646077847,0.));
#4899=DIRECTION('',(0.707106781186545,0.707106781186551,0.));
#4900=DIRECTION('',(-5.51234603057425E-16,1.,0.));
#4901=DIRECTION('',(-0.707106781186544,0.707106781186551,0.));
#4902=DIRECTION('',(-5.8789170416075E-13,1.,0.));
#4903=DIRECTION('',(-1.,-1.81168475858473E-15,0.));
#4904=DIRECTION('',(-0.70710678118655,-0.707106781186545,0.));
#4905=DIRECTION('',(0.707106781186553,0.707106781186542,0.));
#4906=DIRECTION('',(1.,0.,0.));
#4907=DIRECTION('',(0.707106781186548,-0.707106781186547,0.));
#4908=DIRECTION('',(0.,-1.,0.));
#4909=DIRECTION('',(-0.708335460904413,-0.705875962776275,0.));
#4910=DIRECTION('',(3.54151629012496E-15,-1.,0.));
#4911=DIRECTION('',(-0.705940902635127,-0.708270740597621,0.));
#4912=DIRECTION('',(-1.,1.48833342825508E-14,0.));
#4913=DIRECTION('',(1.,-1.95150773165392E-14,0.));
#4914=DIRECTION('',(0.707106781186546,0.707106781186548,0.));
#4915=DIRECTION('',(-3.26909196011534E-15,1.,0.));
#4916=DIRECTION('',(-1.,2.351566816643E-12,0.));
#4917=DIRECTION('',(-1.,0.,0.));
#4918=DIRECTION('',(7.81467413041226E-15,-1.,0.));
#4919=DIRECTION('',(1.,-1.3226967076253E-14,0.));
#4920=DIRECTION('',(-1.,1.3184842977284E-14,0.));
#4921=DIRECTION('',(-5.28066415161613E-15,-1.,0.));
#4922=DIRECTION('',(1.,-3.30674176906324E-15,0.));
#4923=DIRECTION('center_axis',(0.,0.,-1.));
#4924=DIRECTION('ref_axis',(0.603279288116102,-0.797529999768115,0.));
#4925=DIRECTION('',(-1.,0.,0.));
#4926=DIRECTION('',(2.64033207580809E-15,-1.,0.));
#4927=DIRECTION('',(1.,3.99617827689882E-15,0.));
#4928=DIRECTION('',(0.,1.,0.));
#4929=DIRECTION('',(-1.,0.,0.));
#4930=DIRECTION('',(-1.,-6.210061042266E-12,0.));
#4931=DIRECTION('center_axis',(1.01578160552525E-15,-1.,0.));
#4932=DIRECTION('ref_axis',(-0.707106781186549,0.,0.707106781186546));
#4933=DIRECTION('center_axis',(-8.88178419700124E-15,-1.,0.));
#4934=DIRECTION('ref_axis',(0.,0.,1.));
#4935=DIRECTION('center_axis',(0.,1.,0.));
#4936=DIRECTION('ref_axis',(-1.,0.,0.));
#4937=DIRECTION('',(-1.01578160552525E-15,1.,0.));
#4938=DIRECTION('center_axis',(0.,0.,1.));
#4939=DIRECTION('ref_axis',(1.,0.,0.));
#4940=DIRECTION('center_axis',(0.883330876568911,0.46875,0.));
#4941=DIRECTION('ref_axis',(-0.46875,0.883330876568911,0.));
#4942=DIRECTION('center_axis',(0.,0.,1.));
#4943=DIRECTION('ref_axis',(0.856956825050132,-0.515388203202205,0.));
#4944=DIRECTION('center_axis',(0.,0.,1.));
#4945=DIRECTION('ref_axis',(-0.707106781186545,-0.70710678118655,0.));
#4946=DIRECTION('center_axis',(-0.46875,-0.883330876568911,0.));
#4947=DIRECTION('ref_axis',(0.883330876568911,-0.46875,0.));
#4948=DIRECTION('center_axis',(0.,0.,-1.));
#4949=DIRECTION('ref_axis',(-0.707106781186547,-0.707106781186548,0.));
#4950=DIRECTION('center_axis',(0.,0.,1.));
#4951=DIRECTION('ref_axis',(1.,0.,0.));
#4952=DIRECTION('center_axis',(-1.,2.22044604925034E-15,0.));
#4953=DIRECTION('ref_axis',(-2.22044604925034E-15,-1.,0.));
#4954=DIRECTION('center_axis',(0.,0.,1.));
#4955=DIRECTION('ref_axis',(-0.515388203202208,0.85695682505013,0.));
#4956=DIRECTION('center_axis',(1.,5.20213834264032E-16,0.));
#4957=DIRECTION('ref_axis',(0.,-0.707106781186546,0.707106781186549));
#4958=DIRECTION('center_axis',(-1.,0.,0.));
#4959=DIRECTION('ref_axis',(0.,-1.,0.));
#4960=DIRECTION('',(-1.,-5.20213834264032E-16,0.));
#4961=DIRECTION('center_axis',(0.,0.,1.));
#4962=DIRECTION('ref_axis',(1.,0.,0.));
#4963=DIRECTION('center_axis',(-0.46875,0.883330876568911,0.));
#4964=DIRECTION('ref_axis',(-0.883330876568911,-0.46875,0.));
#4965=DIRECTION('center_axis',(0.,0.,1.));
#4966=DIRECTION('ref_axis',(0.515388203202207,0.856956825050131,0.));
#4967=DIRECTION('center_axis',(0.,0.,1.));
#4968=DIRECTION('ref_axis',(1.,0.,0.));
#4969=DIRECTION('center_axis',(0.883330876568911,-0.46875,0.));
#4970=DIRECTION('ref_axis',(0.46875,0.883330876568911,0.));
#4971=DIRECTION('center_axis',(0.,0.,-1.));
#4972=DIRECTION('ref_axis',(0.707106781186546,-0.707106781186549,0.));
#4973=DIRECTION('center_axis',(0.,0.,1.));
#4974=DIRECTION('ref_axis',(1.,0.,0.));
#4975=DIRECTION('center_axis',(0.,-1.,0.));
#4976=DIRECTION('ref_axis',(1.,0.,0.));
#4977=DIRECTION('center_axis',(0.,0.,1.));
#4978=DIRECTION('ref_axis',(-0.85695682505013,-0.515388203202209,0.));
#4979=DIRECTION('center_axis',(0.,0.,-1.));
#4980=DIRECTION('ref_axis',(-0.856956825050129,-0.515388203202209,0.));
#4981=DIRECTION('center_axis',(-1.05080855743991E-16,1.,0.));
#4982=DIRECTION('ref_axis',(0.707106781186549,0.,0.707106781186546));
#4983=DIRECTION('center_axis',(0.,-1.,0.));
#4984=DIRECTION('ref_axis',(1.,0.,0.));
#4985=DIRECTION('',(1.05080855743991E-16,-1.,0.));
#4986=DIRECTION('',(-1.05080855743991E-16,1.,0.));
#4987=DIRECTION('center_axis',(0.,0.,1.));
#4988=DIRECTION('ref_axis',(1.,0.,0.));
#4989=DIRECTION('center_axis',(-0.883330876568909,-0.468750000000004,0.));
#4990=DIRECTION('ref_axis',(0.468750000000004,-0.883330876568909,0.));
#4991=DIRECTION('center_axis',(0.,0.,1.));
#4992=DIRECTION('ref_axis',(-0.856956825050131,0.515388203202207,0.));
#4993=DIRECTION('center_axis',(0.,0.,-1.));
#4994=DIRECTION('ref_axis',(-0.856956825050131,0.515388203202207,0.));
#4995=DIRECTION('center_axis',(0.,0.,1.));
#4996=DIRECTION('ref_axis',(1.,0.,0.));
#4997=DIRECTION('center_axis',(0.46875,0.883330876568911,0.));
#4998=DIRECTION('ref_axis',(-0.883330876568911,0.46875,0.));
#4999=DIRECTION('center_axis',(0.,0.,-1.));
#5000=DIRECTION('ref_axis',(0.707106781186547,0.707106781186548,0.));
#5001=DIRECTION('center_axis',(0.,0.,1.));
#5002=DIRECTION('ref_axis',(0.707106781186547,0.707106781186548,0.));
#5003=DIRECTION('center_axis',(0.,0.,1.));
#5004=DIRECTION('ref_axis',(1.,0.,0.));
#5005=DIRECTION('center_axis',(1.,-2.22044604925034E-15,0.));
#5006=DIRECTION('ref_axis',(2.22044604925034E-15,1.,0.));
#5007=DIRECTION('center_axis',(0.,0.,1.));
#5008=DIRECTION('ref_axis',(0.515388203202208,-0.85695682505013,0.));
#5009=DIRECTION('center_axis',(0.,0.,-1.));
#5010=DIRECTION('ref_axis',(0.515388203202208,-0.85695682505013,0.));
#5011=DIRECTION('center_axis',(-1.,-5.2021383426403E-16,0.));
#5012=DIRECTION('ref_axis',(0.,0.707106781186552,0.707106781186543));
#5013=DIRECTION('center_axis',(1.,0.,0.));
#5014=DIRECTION('ref_axis',(0.,1.,0.));
#5015=DIRECTION('',(1.,5.2021383426403E-16,0.));
#5016=DIRECTION('',(-1.,-5.2021383426403E-16,0.));
#5017=DIRECTION('center_axis',(0.,0.,1.));
#5018=DIRECTION('ref_axis',(1.,0.,0.));
#5019=DIRECTION('center_axis',(0.468749999999998,-0.883330876568912,0.));
#5020=DIRECTION('ref_axis',(0.883330876568912,0.468749999999998,0.));
#5021=DIRECTION('center_axis',(0.,0.,1.));
#5022=DIRECTION('ref_axis',(-0.515388203202212,-0.856956825050128,0.));
#5023=DIRECTION('center_axis',(0.,0.,-1.));
#5024=DIRECTION('ref_axis',(-0.515388203202212,-0.856956825050128,0.));
#5025=DIRECTION('center_axis',(0.,0.,1.));
#5026=DIRECTION('ref_axis',(-0.70710678118654,0.707106781186555,0.));
#5027=DIRECTION('center_axis',(-0.883330876568903,0.468750000000014,0.));
#5028=DIRECTION('ref_axis',(-0.468750000000014,-0.883330876568903,0.));
#5029=DIRECTION('center_axis',(0.,0.,-1.));
#5030=DIRECTION('ref_axis',(-0.70710678118654,0.707106781186555,0.));
#5031=DIRECTION('center_axis',(0.,0.,1.));
#5032=DIRECTION('ref_axis',(-0.70710678118654,0.707106781186555,0.));
#5033=DIRECTION('center_axis',(0.,0.,1.));
#5034=DIRECTION('ref_axis',(1.,0.,0.));
#5035=DIRECTION('center_axis',(0.,0.,1.));
#5036=DIRECTION('ref_axis',(0.856956825050135,0.515388203202201,0.));
#5037=DIRECTION('center_axis',(0.,0.,1.));
#5038=DIRECTION('ref_axis',(-0.85695682505013,-0.515388203202209,0.));
#5039=DIRECTION('',(0.,0.,1.));
#5040=DIRECTION('center_axis',(0.,0.,1.));
#5041=DIRECTION('ref_axis',(1.,0.,0.));
#5042=DIRECTION('center_axis',(0.,0.,1.));
#5043=DIRECTION('ref_axis',(-1.,0.,0.));
#5044=DIRECTION('center_axis',(0.,0.,1.));
#5045=DIRECTION('ref_axis',(-1.,0.,0.));
#5046=DIRECTION('',(-1.,-8.88178419700127E-16,0.));
#5047=DIRECTION('',(3.8026219964027E-17,-1.,0.));
#5048=DIRECTION('center_axis',(0.,0.,1.));
#5049=DIRECTION('ref_axis',(0.707106781186547,-0.707106781186548,0.));
#5050=DIRECTION('',(-1.,4.30945375885395E-16,0.));
#5051=DIRECTION('center_axis',(0.,0.,1.));
#5052=DIRECTION('ref_axis',(-0.707106781186548,-0.707106781186548,0.));
#5053=DIRECTION('',(-7.60524399280541E-17,1.,0.));
#5054=DIRECTION('',(-1.,0.,0.));
#5055=DIRECTION('',(-1.09395051077734E-16,1.,0.));
#5056=DIRECTION('',(1.,0.,0.));
#5057=DIRECTION('',(-7.60524399280541E-17,1.,0.));
#5058=DIRECTION('center_axis',(0.,0.,1.));
#5059=DIRECTION('ref_axis',(-0.707106781186548,0.707106781186548,0.));
#5060=DIRECTION('',(1.,4.30945375885395E-16,0.));
#5061=DIRECTION('center_axis',(0.,0.,1.));
#5062=DIRECTION('ref_axis',(0.707106781186547,0.707106781186548,0.));
#5063=DIRECTION('',(3.8026219964027E-17,-1.,0.));
#5064=DIRECTION('',(1.,0.,0.));
#5065=DIRECTION('center_axis',(0.,0.,1.));
#5066=DIRECTION('ref_axis',(-1.,0.,0.));
#5067=DIRECTION('center_axis',(0.,0.,1.));
#5068=DIRECTION('ref_axis',(-1.,0.,0.));
#5069=DIRECTION('center_axis',(0.,0.,1.));
#5070=DIRECTION('ref_axis',(-1.,0.,0.));
#5071=DIRECTION('',(-0.707106781186546,-8.65956056235492E-17,-0.707106781186549));
#5072=DIRECTION('center_axis',(0.,0.,-1.));
#5073=DIRECTION('ref_axis',(-1.,0.,0.));
#5074=DIRECTION('center_axis',(0.,0.,-1.));
#5075=DIRECTION('ref_axis',(-1.,0.,0.));
#5076=DIRECTION('center_axis',(0.,0.,-1.));
#5077=DIRECTION('ref_axis',(1.,0.,0.));
#5078=DIRECTION('',(0.,0.,-1.));
#5079=DIRECTION('center_axis',(0.,0.,-1.));
#5080=DIRECTION('ref_axis',(1.,0.,0.));
#5081=DIRECTION('center_axis',(0.,0.,1.));
#5082=DIRECTION('ref_axis',(-1.,0.,0.));
#5083=DIRECTION('',(-0.707106781186546,-8.65956056235492E-17,-0.707106781186549));
#5084=DIRECTION('center_axis',(0.,0.,-1.));
#5085=DIRECTION('ref_axis',(-1.,0.,0.));
#5086=DIRECTION('center_axis',(0.,0.,-1.));
#5087=DIRECTION('ref_axis',(-1.,0.,0.));
#5088=DIRECTION('center_axis',(0.,0.,-1.));
#5089=DIRECTION('ref_axis',(1.,0.,0.));
#5090=DIRECTION('',(0.,0.,-1.));
#5091=DIRECTION('center_axis',(0.,0.,-1.));
#5092=DIRECTION('ref_axis',(1.,0.,0.));
#5093=DIRECTION('center_axis',(0.,0.,1.));
#5094=DIRECTION('ref_axis',(-1.,0.,0.));
#5095=DIRECTION('',(-0.707106781186546,-8.65956056235492E-17,-0.707106781186549));
#5096=DIRECTION('center_axis',(0.,0.,-1.));
#5097=DIRECTION('ref_axis',(-1.,0.,0.));
#5098=DIRECTION('center_axis',(0.,0.,-1.));
#5099=DIRECTION('ref_axis',(-1.,0.,0.));
#5100=DIRECTION('center_axis',(0.,0.,-1.));
#5101=DIRECTION('ref_axis',(1.,0.,0.));
#5102=DIRECTION('',(0.,0.,-1.));
#5103=DIRECTION('center_axis',(0.,0.,-1.));
#5104=DIRECTION('ref_axis',(1.,0.,0.));
#5105=DIRECTION('center_axis',(0.,0.,1.));
#5106=DIRECTION('ref_axis',(-1.,0.,0.));
#5107=DIRECTION('',(-0.707106781186546,-8.65956056235492E-17,-0.707106781186549));
#5108=DIRECTION('center_axis',(0.,0.,-1.));
#5109=DIRECTION('ref_axis',(-1.,0.,0.));
#5110=DIRECTION('center_axis',(0.,0.,-1.));
#5111=DIRECTION('ref_axis',(-1.,0.,0.));
#5112=DIRECTION('center_axis',(0.,0.,-1.));
#5113=DIRECTION('ref_axis',(1.,0.,0.));
#5114=DIRECTION('',(0.,0.,-1.));
#5115=DIRECTION('center_axis',(0.,0.,-1.));
#5116=DIRECTION('ref_axis',(1.,0.,0.));
#5117=DIRECTION('center_axis',(4.07639755608077E-16,0.707106781186548,-0.707106781186548));
#5118=DIRECTION('ref_axis',(-1.,0.,-5.76489670943396E-16));
#5119=DIRECTION('',(0.577350269189625,0.577350269189626,0.577350269189626));
#5120=DIRECTION('',(1.,-5.76489670943396E-16,0.));
#5121=DIRECTION('',(1.,-4.30945375885395E-16,0.));
#5122=DIRECTION('',(1.,-5.76489670943396E-16,0.));
#5123=DIRECTION('',(-1.,5.76489670943396E-16,0.));
#5124=DIRECTION('center_axis',(0.707106781186548,7.73539824453148E-17,-0.707106781186547));
#5125=DIRECTION('ref_axis',(-0.707106781186547,0.,-0.707106781186548));
#5126=DIRECTION('',(-1.09395051077734E-16,1.,0.));
#5127=DIRECTION('',(0.707106781186547,0.,0.707106781186548));
#5128=DIRECTION('',(7.60524399280541E-17,-1.,0.));
#5129=DIRECTION('',(1.09395051077734E-16,-1.,0.));
#5130=DIRECTION('center_axis',(0.,0.,-1.));
#5131=DIRECTION('ref_axis',(-1.,0.,0.));
#5132=DIRECTION('center_axis',(0.,0.,-1.));
#5133=DIRECTION('ref_axis',(-0.707106781186548,-0.707106781186548,0.));
#5134=DIRECTION('center_axis',(0.,0.,-1.));
#5135=DIRECTION('ref_axis',(-1.,0.,0.));
#5136=DIRECTION('center_axis',(0.,0.,-1.));
#5137=DIRECTION('ref_axis',(0.707106781186547,-0.707106781186548,0.));
#5138=DIRECTION('center_axis',(0.707106781186548,7.73539824453147E-17,-0.707106781186548));
#5139=DIRECTION('ref_axis',(-0.707106781186548,0.,-0.707106781186548));
#5140=DIRECTION('',(1.09395051077734E-16,-1.,0.));
#5141=DIRECTION('',(7.60524399280541E-17,-1.,0.));
#5142=DIRECTION('',(-0.707106781186548,0.,-0.707106781186548));
#5143=DIRECTION('',(-1.09395051077734E-16,1.,0.));
#5144=DIRECTION('center_axis',(0.,0.,-1.));
#5145=DIRECTION('ref_axis',(-1.,0.,0.));
#5146=DIRECTION('center_axis',(0.,0.,-1.));
#5147=DIRECTION('ref_axis',(-0.707106781186548,0.707106781186548,0.));
#5148=DIRECTION('center_axis',(1.,1.09395051077734E-16,0.));
#5149=DIRECTION('ref_axis',(-1.09395051077734E-16,1.,0.));
#5150=DIRECTION('',(0.,0.,1.));
#5151=DIRECTION('',(0.,0.,-1.));
#5152=DIRECTION('center_axis',(0.,0.,-1.));
#5153=DIRECTION('ref_axis',(-0.707106781186548,-0.707106781186548,0.));
#5154=DIRECTION('',(0.,0.,-1.));
#5155=DIRECTION('',(0.,0.,1.));
#5156=DIRECTION('center_axis',(4.30945375885395E-16,1.,0.));
#5157=DIRECTION('ref_axis',(1.,-4.30945375885395E-16,0.));
#5158=DIRECTION('',(0.,0.,1.));
#5159=DIRECTION('center_axis',(0.,0.,-1.));
#5160=DIRECTION('ref_axis',(0.707106781186547,-0.707106781186548,0.));
#5161=DIRECTION('',(0.,0.,-1.));
#5162=DIRECTION('center_axis',(-1.,-3.8026219964027E-17,0.));
#5163=DIRECTION('ref_axis',(-3.8026219964027E-17,1.,0.));
#5164=DIRECTION('',(0.,0.,-1.));
#5165=DIRECTION('center_axis',(0.,0.,-1.));
#5166=DIRECTION('ref_axis',(0.707106781186547,0.707106781186548,0.));
#5167=DIRECTION('',(0.,0.,-1.));
#5168=DIRECTION('center_axis',(0.,0.,-1.));
#5169=DIRECTION('ref_axis',(0.707106781186547,0.707106781186548,0.));
#5170=DIRECTION('',(0.,0.,1.));
#5171=DIRECTION('center_axis',(4.30945375885395E-16,-1.,0.));
#5172=DIRECTION('ref_axis',(-1.,-4.30945375885395E-16,0.));
#5173=DIRECTION('',(0.,0.,1.));
#5174=DIRECTION('center_axis',(0.,0.,-1.));
#5175=DIRECTION('ref_axis',(-0.707106781186548,0.707106781186548,0.));
#5176=DIRECTION('',(0.,0.,-1.));
#5177=DIRECTION('center_axis',(1.,7.60524399280541E-17,0.));
#5178=DIRECTION('ref_axis',(7.60524399280541E-17,-1.,0.));
#5179=DIRECTION('',(0.,0.,-1.));
#5180=DIRECTION('center_axis',(1.,1.05080855743991E-16,0.));
#5181=DIRECTION('ref_axis',(1.05080855743991E-16,-1.,0.));
#5182=DIRECTION('',(0.,0.,-1.));
#5183=DIRECTION('center_axis',(0.,0.,1.));
#5184=DIRECTION('ref_axis',(-0.856956825050131,0.515388203202207,0.));
#5185=DIRECTION('',(0.,0.,1.));
#5186=DIRECTION('center_axis',(0.,0.,-1.));
#5187=DIRECTION('ref_axis',(0.707106781186547,0.707106781186548,0.));
#5188=DIRECTION('',(0.,0.,-1.));
#5189=DIRECTION('center_axis',(0.,0.,1.));
#5190=DIRECTION('ref_axis',(0.515388203202208,-0.85695682505013,0.));
#5191=DIRECTION('',(0.,0.,1.));
#5192=DIRECTION('center_axis',(-5.2021383426403E-16,1.,0.));
#5193=DIRECTION('ref_axis',(1.,5.2021383426403E-16,0.));
#5194=DIRECTION('',(0.,0.,-1.));
#5195=DIRECTION('center_axis',(0.,0.,1.));
#5196=DIRECTION('ref_axis',(-0.515388203202211,-0.856956825050129,0.));
#5197=DIRECTION('',(0.,0.,1.));
#5198=DIRECTION('center_axis',(0.,0.,-1.));
#5199=DIRECTION('ref_axis',(-0.70710678118654,0.707106781186555,0.));
#5200=DIRECTION('',(0.,0.,1.));
#5201=DIRECTION('',(0.,0.,1.));
#5202=DIRECTION('center_axis',(-6.210061042266E-12,1.,0.));
#5203=DIRECTION('ref_axis',(-1.,-6.210061042266E-12,0.));
#5204=DIRECTION('',(0.,0.,1.));
#5205=DIRECTION('',(-1.,-6.210061042266E-12,0.));
#5206=DIRECTION('',(0.,0.,1.));
#5207=DIRECTION('',(0.,0.,1.));
#5208=DIRECTION('',(0.,0.,1.));
#5209=DIRECTION('',(0.,0.,1.));
#5210=DIRECTION('',(0.,0.,1.));
#5211=DIRECTION('center_axis',(0.,1.,0.));
#5212=DIRECTION('ref_axis',(-1.,0.,0.));
#5213=DIRECTION('',(0.,0.,1.));
#5214=DIRECTION('',(-1.,0.,0.));
#5215=DIRECTION('center_axis',(1.,0.,0.));
#5216=DIRECTION('ref_axis',(0.,1.,0.));
#5217=DIRECTION('',(0.,0.,1.));
#5218=DIRECTION('',(0.,1.,0.));
#5219=DIRECTION('center_axis',(3.99617827689882E-15,-1.,0.));
#5220=DIRECTION('ref_axis',(1.,3.99617827689882E-15,0.));
#5221=DIRECTION('',(0.,0.,1.));
#5222=DIRECTION('',(1.,3.99617827689882E-15,0.));
#5223=DIRECTION('center_axis',(-1.,-2.64033207580809E-15,0.));
#5224=DIRECTION('ref_axis',(2.64033207580809E-15,-1.,0.));
#5225=DIRECTION('',(0.,0.,1.));
#5226=DIRECTION('',(2.64033207580809E-15,-1.,0.));
#5227=DIRECTION('center_axis',(0.,1.,0.));
#5228=DIRECTION('ref_axis',(-1.,0.,0.));
#5229=DIRECTION('',(0.,0.,1.));
#5230=DIRECTION('',(-1.,0.,0.));
#5231=DIRECTION('',(0.,0.,1.));
#5232=DIRECTION('center_axis',(0.,0.,-1.));
#5233=DIRECTION('ref_axis',(0.603279288116102,-0.797529999768115,0.));
#5234=DIRECTION('',(0.,0.,1.));
#5235=DIRECTION('',(0.,0.,1.));
#5236=DIRECTION('',(0.,0.,1.));
#5237=DIRECTION('center_axis',(-3.30674176906324E-15,-1.,0.));
#5238=DIRECTION('ref_axis',(1.,-3.30674176906324E-15,0.));
#5239=DIRECTION('',(0.,0.,1.));
#5240=DIRECTION('',(1.,-3.30674176906324E-15,0.));
#5241=DIRECTION('center_axis',(-1.,5.28066415161613E-15,0.));
#5242=DIRECTION('ref_axis',(-5.28066415161613E-15,-1.,0.));
#5243=DIRECTION('',(0.,0.,1.));
#5244=DIRECTION('',(-5.28066415161613E-15,-1.,0.));
#5245=DIRECTION('center_axis',(1.3184842977284E-14,1.,0.));
#5246=DIRECTION('ref_axis',(-1.,1.3184842977284E-14,0.));
#5247=DIRECTION('',(0.,0.,1.));
#5248=DIRECTION('',(-1.,1.3184842977284E-14,0.));
#5249=DIRECTION('',(0.,0.,1.));
#5250=DIRECTION('',(0.,0.,1.));
#5251=DIRECTION('',(0.,0.,1.));
#5252=DIRECTION('center_axis',(-1.3226967076253E-14,-1.,0.));
#5253=DIRECTION('ref_axis',(1.,-1.3226967076253E-14,0.));
#5254=DIRECTION('',(0.,0.,1.));
#5255=DIRECTION('',(1.,-1.3226967076253E-14,0.));
#5256=DIRECTION('center_axis',(-1.,-7.81467413041226E-15,0.));
#5257=DIRECTION('ref_axis',(7.81467413041226E-15,-1.,0.));
#5258=DIRECTION('',(0.,0.,1.));
#5259=DIRECTION('',(7.81467413041226E-15,-1.,0.));
#5260=DIRECTION('center_axis',(0.,1.,0.));
#5261=DIRECTION('ref_axis',(-1.,0.,0.));
#5262=DIRECTION('',(-1.,0.,0.));
#5263=DIRECTION('center_axis',(0.,0.,-1.));
#5264=DIRECTION('ref_axis',(-1.,0.,0.));
#5265=DIRECTION('',(0.,0.,1.));
#5266=DIRECTION('',(0.,0.,1.));
#5267=DIRECTION('center_axis',(2.351566816643E-12,1.,0.));
#5268=DIRECTION('ref_axis',(-1.,2.351566816643E-12,0.));
#5269=DIRECTION('',(0.,0.,1.));
#5270=DIRECTION('',(-1.,2.351566816643E-12,0.));
#5271=DIRECTION('',(0.,0.,1.));
#5272=DIRECTION('center_axis',(1.,3.26909196011534E-15,0.));
#5273=DIRECTION('ref_axis',(-3.26909196011534E-15,1.,0.));
#5274=DIRECTION('',(0.,0.,1.));
#5275=DIRECTION('',(-3.26909196011534E-15,1.,0.));
#5276=DIRECTION('center_axis',(0.707106781186549,-0.707106781186547,0.));
#5277=DIRECTION('ref_axis',(0.707106781186546,0.707106781186548,0.));
#5278=DIRECTION('',(0.,0.,1.));
#5279=DIRECTION('',(0.707106781186546,0.707106781186548,0.));
#5280=DIRECTION('center_axis',(-1.95150773165392E-14,-1.,0.));
#5281=DIRECTION('ref_axis',(1.,-1.95150773165392E-14,0.));
#5282=DIRECTION('',(0.,0.,1.));
#5283=DIRECTION('',(1.,-1.95150773165392E-14,0.));
#5284=DIRECTION('',(0.,0.,1.));
#5285=DIRECTION('center_axis',(1.48833342825508E-14,1.,0.));
#5286=DIRECTION('ref_axis',(-1.,1.48833342825508E-14,0.));
#5287=DIRECTION('',(0.,0.,1.));
#5288=DIRECTION('',(-1.,1.48833342825508E-14,0.));
#5289=DIRECTION('center_axis',(-0.708270740597621,0.705940902635127,0.));
#5290=DIRECTION('ref_axis',(-0.705940902635127,-0.708270740597621,0.));
#5291=DIRECTION('',(0.,0.,1.));
#5292=DIRECTION('',(-0.705940902635127,-0.708270740597621,0.));
#5293=DIRECTION('center_axis',(-1.,-3.54151629012496E-15,0.));
#5294=DIRECTION('ref_axis',(3.54151629012496E-15,-1.,0.));
#5295=DIRECTION('',(3.54151629012496E-15,-1.,0.));
#5296=DIRECTION('center_axis',(0.,0.,-1.));
#5297=DIRECTION('ref_axis',(-1.,0.,0.));
#5298=DIRECTION('center_axis',(0.707106781186551,-0.707106781186545,0.));
#5299=DIRECTION('ref_axis',(0.707106781186545,0.707106781186551,0.));
#5300=DIRECTION('',(0.,0.,1.));
#5301=DIRECTION('',(0.707106781186545,0.707106781186551,0.));
#5302=DIRECTION('',(0.,0.,1.));
#5303=DIRECTION('',(0.,0.,1.));
#5304=DIRECTION('center_axis',(-0.705875962776275,0.708335460904413,0.));
#5305=DIRECTION('ref_axis',(-0.708335460904413,-0.705875962776275,0.));
#5306=DIRECTION('',(0.,0.,1.));
#5307=DIRECTION('',(-0.708335460904413,-0.705875962776275,0.));
#5308=DIRECTION('center_axis',(-1.,0.,0.));
#5309=DIRECTION('ref_axis',(0.,-1.,0.));
#5310=DIRECTION('',(0.,0.,1.));
#5311=DIRECTION('',(0.,-1.,0.));
#5312=DIRECTION('center_axis',(-0.707106781186547,-0.707106781186548,0.));
#5313=DIRECTION('ref_axis',(0.707106781186548,-0.707106781186547,0.));
#5314=DIRECTION('',(0.,0.,1.));
#5315=DIRECTION('',(0.707106781186548,-0.707106781186547,0.));
#5316=DIRECTION('center_axis',(0.,-1.,0.));
#5317=DIRECTION('ref_axis',(1.,0.,0.));
#5318=DIRECTION('',(0.,0.,1.));
#5319=DIRECTION('',(1.,0.,0.));
#5320=DIRECTION('center_axis',(0.707106781186542,-0.707106781186553,0.));
#5321=DIRECTION('ref_axis',(0.707106781186553,0.707106781186542,0.));
#5322=DIRECTION('',(0.,0.,1.));
#5323=DIRECTION('',(0.707106781186553,0.707106781186542,0.));
#5324=DIRECTION('',(0.,0.,1.));
#5325=DIRECTION('center_axis',(-0.707106781186545,0.70710678118655,0.));
#5326=DIRECTION('ref_axis',(-0.70710678118655,-0.707106781186545,0.));
#5327=DIRECTION('',(0.,0.,1.));
#5328=DIRECTION('',(-0.70710678118655,-0.707106781186545,0.));
#5329=DIRECTION('center_axis',(-1.81168475858473E-15,1.,0.));
#5330=DIRECTION('ref_axis',(-1.,-1.81168475858473E-15,0.));
#5331=DIRECTION('',(0.,0.,1.));
#5332=DIRECTION('',(-1.,-1.81168475858473E-15,0.));
#5333=DIRECTION('center_axis',(1.,5.8789170416075E-13,0.));
#5334=DIRECTION('ref_axis',(-5.8789170416075E-13,1.,0.));
#5335=DIRECTION('',(0.,0.,1.));
#5336=DIRECTION('',(-5.8789170416075E-13,1.,0.));
#5337=DIRECTION('center_axis',(0.707106781186551,0.707106781186544,0.));
#5338=DIRECTION('ref_axis',(-0.707106781186544,0.707106781186551,0.));
#5339=DIRECTION('',(0.,0.,1.));
#5340=DIRECTION('',(-0.707106781186544,0.707106781186551,0.));
#5341=DIRECTION('center_axis',(1.,5.51234603057425E-16,0.));
#5342=DIRECTION('ref_axis',(-5.51234603057425E-16,1.,0.));
#5343=DIRECTION('',(-5.51234603057425E-16,1.,0.));
#5344=DIRECTION('center_axis',(0.,0.,-1.));
#5345=DIRECTION('ref_axis',(-1.,0.,0.));
#5346=DIRECTION('center_axis',(0.,0.,-1.));
#5347=DIRECTION('ref_axis',(0.738924253670859,0.673788503417033,0.));
#5348=DIRECTION('',(0.,0.,1.));
#5349=DIRECTION('center_axis',(0.,0.,-1.));
#5350=DIRECTION('ref_axis',(0.738924253670859,0.673788503417033,0.));
#5351=DIRECTION('',(0.,0.,1.));
#5352=DIRECTION('',(0.,0.,1.));
#5353=DIRECTION('center_axis',(1.,6.60644791734122E-15,0.));
#5354=DIRECTION('ref_axis',(-6.60644791734122E-15,1.,0.));
#5355=DIRECTION('',(-6.60644791734122E-15,1.,0.));
#5356=DIRECTION('',(0.,0.,1.));
#5357=DIRECTION('',(-6.60644791734122E-15,1.,0.));
#5358=DIRECTION('',(0.,0.,1.));
#5359=DIRECTION('center_axis',(0.,0.,-1.));
#5360=DIRECTION('ref_axis',(0.740647288826159,-0.671894034468576,0.));
#5361=DIRECTION('',(0.,0.,1.));
#5362=DIRECTION('center_axis',(0.,0.,-1.));
#5363=DIRECTION('ref_axis',(0.740647288826159,-0.671894034468576,0.));
#5364=DIRECTION('center_axis',(-0.894427190999777,0.447213595500236,0.));
#5365=DIRECTION('ref_axis',(-0.447213595500236,-0.894427190999777,0.));
#5366=DIRECTION('',(-0.447213595500236,-0.894427190999777,0.));
#5367=DIRECTION('',(0.,0.,1.));
#5368=DIRECTION('',(-0.447213595500236,-0.894427190999777,0.));
#5369=DIRECTION('center_axis',(0.701546564655659,0.712623615676496,0.));
#5370=DIRECTION('ref_axis',(-0.712623615676496,0.701546564655659,0.));
#5371=DIRECTION('',(0.,0.,1.));
#5372=DIRECTION('',(-0.712623615676496,0.701546564655659,0.));
#5373=DIRECTION('',(0.,0.,1.));
#5374=DIRECTION('',(0.,0.,1.));
#5375=DIRECTION('center_axis',(0.,0.,-1.));
#5376=DIRECTION('ref_axis',(0.838408971827443,-0.545041646077847,0.));
#5377=DIRECTION('',(0.,0.,1.));
#5378=DIRECTION('',(0.,0.,1.));
#5379=DIRECTION('center_axis',(-1.,-1.91826432525765E-15,0.));
#5380=DIRECTION('ref_axis',(1.91826432525765E-15,-1.,0.));
#5381=DIRECTION('',(0.,0.,1.));
#5382=DIRECTION('',(1.91826432525765E-15,-1.,0.));
#5383=DIRECTION('',(0.,0.,1.));
#5384=DIRECTION('',(0.,0.,1.));
#5385=DIRECTION('center_axis',(0.,0.,1.));
#5386=DIRECTION('ref_axis',(0.740671146176295,0.671867734916548,0.));
#5387=DIRECTION('',(0.,0.,1.));
#5388=DIRECTION('center_axis',(0.,0.,-1.));
#5389=DIRECTION('ref_axis',(-1.,0.,0.));
#5390=DIRECTION('center_axis',(1.,-1.35788506755845E-14,0.));
#5391=DIRECTION('ref_axis',(1.35788506755845E-14,1.,0.));
#5392=DIRECTION('',(0.,0.,1.));
#5393=DIRECTION('',(1.35788506755845E-14,1.,0.));
#5394=DIRECTION('',(0.,0.,1.));
#5395=DIRECTION('center_axis',(0.577097227376203,-0.816675449707348,0.));
#5396=DIRECTION('ref_axis',(0.816675449707348,0.577097227376203,0.));
#5397=DIRECTION('',(0.,0.,1.));
#5398=DIRECTION('',(0.816675449707348,0.577097227376203,0.));
#5399=DIRECTION('center_axis',(0.589941883715544,0.807445709529845,0.));
#5400=DIRECTION('ref_axis',(-0.807445709529845,0.589941883715544,0.));
#5401=DIRECTION('',(0.,0.,1.));
#5402=DIRECTION('',(-0.807445709529845,0.589941883715544,0.));
#5403=DIRECTION('center_axis',(1.,-4.36099792296403E-15,0.));
#5404=DIRECTION('ref_axis',(4.36099792296403E-15,1.,0.));
#5405=DIRECTION('',(0.,0.,1.));
#5406=DIRECTION('',(4.36099792296403E-15,1.,0.));
#5407=DIRECTION('center_axis',(-0.59778918519324,-0.801653347816875,0.));
#5408=DIRECTION('ref_axis',(0.801653347816874,-0.59778918519324,0.));
#5409=DIRECTION('',(0.,0.,1.));
#5410=DIRECTION('',(0.801653347816874,-0.59778918519324,0.));
#5411=DIRECTION('center_axis',(0.596453623692122,-0.802647540820089,0.));
#5412=DIRECTION('ref_axis',(0.802647540820089,0.596453623692122,0.));
#5413=DIRECTION('',(0.,0.,1.));
#5414=DIRECTION('',(0.802647540820089,0.596453623692122,0.));
#5415=DIRECTION('center_axis',(-1.,2.23705368958955E-15,0.));
#5416=DIRECTION('ref_axis',(-2.23705368958955E-15,-1.,0.));
#5417=DIRECTION('',(0.,0.,1.));
#5418=DIRECTION('',(-2.23705368958955E-15,-1.,0.));
#5419=DIRECTION('center_axis',(-0.579790523167974,0.81476557931997,0.));
#5420=DIRECTION('ref_axis',(-0.81476557931997,-0.579790523167974,0.));
#5421=DIRECTION('',(0.,0.,1.));
#5422=DIRECTION('',(-0.81476557931997,-0.579790523167974,0.));
#5423=DIRECTION('center_axis',(-0.579790523167955,-0.814765579319984,0.));
#5424=DIRECTION('ref_axis',(0.814765579319984,-0.579790523167955,0.));
#5425=DIRECTION('',(0.,0.,1.));
#5426=DIRECTION('',(0.814765579319984,-0.579790523167955,0.));
#5427=DIRECTION('center_axis',(-1.,0.,0.));
#5428=DIRECTION('ref_axis',(0.,-1.,0.));
#5429=DIRECTION('',(0.,0.,1.));
#5430=DIRECTION('',(0.,-1.,0.));
#5431=DIRECTION('center_axis',(0.586851902116446,0.809694291064417,0.));
#5432=DIRECTION('ref_axis',(-0.809694291064417,0.586851902116446,0.));
#5433=DIRECTION('',(0.,0.,1.));
#5434=DIRECTION('',(-0.809694291064417,0.586851902116446,0.));
#5435=DIRECTION('center_axis',(-0.593455255298301,0.804866982773444,0.));
#5436=DIRECTION('ref_axis',(-0.804866982773444,-0.593455255298301,0.));
#5437=DIRECTION('',(-0.804866982773444,-0.593455255298301,0.));
#5438=DIRECTION('center_axis',(0.,0.,1.));
#5439=DIRECTION('ref_axis',(1.,0.,0.));
#5440=DIRECTION('',(0.,0.,1.));
#5441=DIRECTION('',(0.,0.,1.));
#5442=DIRECTION('center_axis',(-1.,-2.90556031710416E-15,0.));
#5443=DIRECTION('ref_axis',(2.90556031710416E-15,-1.,0.));
#5444=DIRECTION('',(0.,0.,1.));
#5445=DIRECTION('',(2.90556031710416E-15,-1.,0.));
#5446=DIRECTION('center_axis',(-0.707106781186547,-0.707106781186548,0.));
#5447=DIRECTION('ref_axis',(0.707106781186548,-0.707106781186547,0.));
#5448=DIRECTION('',(0.,0.,1.));
#5449=DIRECTION('',(0.707106781186548,-0.707106781186547,0.));
#5450=DIRECTION('center_axis',(-0.707106781186547,0.707106781186548,0.));
#5451=DIRECTION('ref_axis',(-0.707106781186548,-0.707106781186547,0.));
#5452=DIRECTION('',(0.,0.,1.));
#5453=DIRECTION('',(-0.707106781186548,-0.707106781186547,0.));
#5454=DIRECTION('center_axis',(0.,1.,0.));
#5455=DIRECTION('ref_axis',(-1.,0.,0.));
#5456=DIRECTION('',(0.,0.,1.));
#5457=DIRECTION('',(-1.,0.,0.));
#5458=DIRECTION('',(0.,0.,1.));
#5459=DIRECTION('center_axis',(-5.13442536384928E-15,-1.,0.));
#5460=DIRECTION('ref_axis',(1.,-5.13442536384928E-15,0.));
#5461=DIRECTION('',(0.,0.,1.));
#5462=DIRECTION('',(1.,-5.13442536384928E-15,0.));
#5463=DIRECTION('center_axis',(0.707106781186545,-0.70710678118655,0.));
#5464=DIRECTION('ref_axis',(0.70710678118655,0.707106781186545,0.));
#5465=DIRECTION('',(0.,0.,1.));
#5466=DIRECTION('',(0.70710678118655,0.707106781186545,0.));
#5467=DIRECTION('center_axis',(0.707106781185508,0.707106781187587,0.));
#5468=DIRECTION('ref_axis',(-0.707106781187587,0.707106781185508,0.));
#5469=DIRECTION('',(0.,0.,1.));
#5470=DIRECTION('',(-0.707106781187587,0.707106781185508,0.));
#5471=DIRECTION('center_axis',(1.,2.55605088765542E-15,0.));
#5472=DIRECTION('ref_axis',(-2.55605088765542E-15,1.,0.));
#5473=DIRECTION('',(-2.55605088765542E-15,1.,0.));
#5474=DIRECTION('center_axis',(0.,0.,-1.));
#5475=DIRECTION('ref_axis',(-1.,0.,0.));
#5476=DIRECTION('center_axis',(1.,7.87003620027769E-16,0.));
#5477=DIRECTION('ref_axis',(-7.87003620027769E-16,1.,0.));
#5478=DIRECTION('',(0.,0.,1.));
#5479=DIRECTION('',(-7.87003620027769E-16,1.,0.));
#5480=DIRECTION('',(0.,0.,1.));
#5481=DIRECTION('center_axis',(0.707106781186546,0.707106781186549,0.));
#5482=DIRECTION('ref_axis',(-0.707106781186549,0.707106781186546,0.));
#5483=DIRECTION('',(0.,0.,1.));
#5484=DIRECTION('',(-0.707106781186549,0.707106781186546,0.));
#5485=DIRECTION('center_axis',(-5.66642606419989E-15,1.,0.));
#5486=DIRECTION('ref_axis',(-1.,-5.66642606419989E-15,0.));
#5487=DIRECTION('',(0.,0.,1.));
#5488=DIRECTION('',(-1.,-5.66642606419989E-15,0.));
#5489=DIRECTION('',(0.,0.,1.));
#5490=DIRECTION('center_axis',(0.,-1.,0.));
#5491=DIRECTION('ref_axis',(1.,0.,0.));
#5492=DIRECTION('',(0.,0.,1.));
#5493=DIRECTION('',(1.,0.,0.));
#5494=DIRECTION('center_axis',(-0.707106781186548,-0.707106781186547,0.));
#5495=DIRECTION('ref_axis',(0.707106781186547,-0.707106781186548,0.));
#5496=DIRECTION('',(0.,0.,1.));
#5497=DIRECTION('',(0.707106781186547,-0.707106781186548,0.));
#5498=DIRECTION('center_axis',(-1.,-3.93501810013886E-16,0.));
#5499=DIRECTION('ref_axis',(3.93501810013886E-16,-1.,0.));
#5500=DIRECTION('',(0.,0.,1.));
#5501=DIRECTION('',(3.93501810013886E-16,-1.,0.));
#5502=DIRECTION('center_axis',(-0.707106781186546,-0.707106781186549,0.));
#5503=DIRECTION('ref_axis',(0.707106781186549,-0.707106781186546,0.));
#5504=DIRECTION('',(0.,0.,1.));
#5505=DIRECTION('',(0.707106781186549,-0.707106781186546,0.));
#5506=DIRECTION('center_axis',(0.,-1.,0.));
#5507=DIRECTION('ref_axis',(1.,0.,0.));
#5508=DIRECTION('',(0.,0.,1.));
#5509=DIRECTION('',(1.,0.,0.));
#5510=DIRECTION('',(0.,0.,1.));
#5511=DIRECTION('center_axis',(4.76025671385222E-15,1.,0.));
#5512=DIRECTION('ref_axis',(-1.,4.76025671385222E-15,0.));
#5513=DIRECTION('',(0.,0.,1.));
#5514=DIRECTION('',(-1.,4.76025671385222E-15,0.));
#5515=DIRECTION('center_axis',(0.707106781186543,0.707106781186552,0.));
#5516=DIRECTION('ref_axis',(-0.707106781186552,0.707106781186543,0.));
#5517=DIRECTION('',(-0.707106781186552,0.707106781186543,0.));
#5518=DIRECTION('center_axis',(0.,0.,-1.));
#5519=DIRECTION('ref_axis',(-1.,0.,0.));
#5520=DIRECTION('center_axis',(0.589941883715535,0.807445709529852,0.));
#5521=DIRECTION('ref_axis',(-0.807445709529852,0.589941883715535,0.));
#5522=DIRECTION('',(0.,0.,1.));
#5523=DIRECTION('',(-0.807445709529852,0.589941883715535,0.));
#5524=DIRECTION('',(0.,0.,1.));
#5525=DIRECTION('center_axis',(1.,1.30463467275225E-14,0.));
#5526=DIRECTION('ref_axis',(-1.30463467275225E-14,1.,0.));
#5527=DIRECTION('',(0.,0.,1.));
#5528=DIRECTION('',(-1.30463467275225E-14,1.,0.));
#5529=DIRECTION('center_axis',(-0.597789185193246,-0.80165334781687,0.));
#5530=DIRECTION('ref_axis',(0.80165334781687,-0.597789185193246,0.));
#5531=DIRECTION('',(0.,0.,1.));
#5532=DIRECTION('',(0.80165334781687,-0.597789185193246,0.));
#5533=DIRECTION('center_axis',(0.595805045174535,-0.803129098056203,0.));
#5534=DIRECTION('ref_axis',(0.803129098056203,0.595805045174535,0.));
#5535=DIRECTION('',(0.,0.,1.));
#5536=DIRECTION('',(0.803129098056203,0.595805045174535,0.));
#5537=DIRECTION('center_axis',(-1.,0.,0.));
#5538=DIRECTION('ref_axis',(0.,-1.,0.));
#5539=DIRECTION('',(0.,0.,1.));
#5540=DIRECTION('',(0.,-1.,0.));
#5541=DIRECTION('center_axis',(-0.57979052316797,0.814765579319974,0.));
#5542=DIRECTION('ref_axis',(-0.814765579319974,-0.57979052316797,0.));
#5543=DIRECTION('',(0.,0.,1.));
#5544=DIRECTION('',(-0.814765579319974,-0.57979052316797,0.));
#5545=DIRECTION('center_axis',(-0.579790523167969,-0.814765579319974,0.));
#5546=DIRECTION('ref_axis',(0.814765579319974,-0.579790523167969,0.));
#5547=DIRECTION('',(0.,0.,1.));
#5548=DIRECTION('',(0.814765579319974,-0.579790523167969,0.));
#5549=DIRECTION('center_axis',(-1.,1.09024948074101E-14,0.));
#5550=DIRECTION('ref_axis',(-1.09024948074101E-14,-1.,0.));
#5551=DIRECTION('',(0.,0.,1.));
#5552=DIRECTION('',(-1.09024948074101E-14,-1.,0.));
#5553=DIRECTION('center_axis',(0.586851902116433,0.809694291064427,0.));
#5554=DIRECTION('ref_axis',(-0.809694291064427,0.586851902116433,0.));
#5555=DIRECTION('',(0.,0.,1.));
#5556=DIRECTION('',(-0.809694291064427,0.586851902116433,0.));
#5557=DIRECTION('center_axis',(-0.593455255298297,0.804866982773448,0.));
#5558=DIRECTION('ref_axis',(-0.804866982773448,-0.593455255298297,0.));
#5559=DIRECTION('',(0.,0.,1.));
#5560=DIRECTION('',(-0.804866982773448,-0.593455255298297,0.));
#5561=DIRECTION('center_axis',(1.,4.5131257574861E-15,0.));
#5562=DIRECTION('ref_axis',(-4.5131257574861E-15,1.,0.));
#5563=DIRECTION('',(0.,0.,1.));
#5564=DIRECTION('',(-4.5131257574861E-15,1.,0.));
#5565=DIRECTION('center_axis',(0.576090954793839,-0.817385595545164,0.));
#5566=DIRECTION('ref_axis',(0.817385595545164,0.576090954793839,0.));
#5567=DIRECTION('',(0.817385595545164,0.576090954793839,0.));
#5568=DIRECTION('center_axis',(0.,0.,1.));
#5569=DIRECTION('ref_axis',(1.,0.,0.));
#5570=DIRECTION('',(0.,0.,1.));
#5571=DIRECTION('',(0.,0.,1.));
#5572=DIRECTION('center_axis',(-6.21006104231421E-12,1.,0.));
#5573=DIRECTION('ref_axis',(-1.,-6.21006104231421E-12,0.));
#5574=DIRECTION('',(-1.,-6.21006104231421E-12,0.));
#5575=DIRECTION('',(0.,0.,1.));
#5576=DIRECTION('',(-1.,-6.21006104231421E-12,0.));
#5577=DIRECTION('',(0.,0.,1.));
#5578=DIRECTION('',(0.,0.,1.));
#5579=DIRECTION('',(0.,0.,1.));
#5580=DIRECTION('center_axis',(0.,0.,1.));
#5581=DIRECTION('ref_axis',(0.724145718675041,0.68964699529876,0.));
#5582=DIRECTION('',(0.,0.,1.));
#5583=DIRECTION('',(0.,0.,1.));
#5584=DIRECTION('center_axis',(0.,-1.,0.));
#5585=DIRECTION('ref_axis',(1.,0.,0.));
#5586=DIRECTION('',(0.,0.,1.));
#5587=DIRECTION('',(1.,0.,0.));
#5588=DIRECTION('center_axis',(-1.,-7.81467413041185E-15,0.));
#5589=DIRECTION('ref_axis',(7.81467413041185E-15,-1.,0.));
#5590=DIRECTION('',(0.,0.,1.));
#5591=DIRECTION('',(7.81467413041185E-15,-1.,0.));
#5592=DIRECTION('center_axis',(0.,1.,0.));
#5593=DIRECTION('ref_axis',(-1.,0.,0.));
#5594=DIRECTION('',(0.,0.,1.));
#5595=DIRECTION('',(-1.,0.,0.));
#5596=DIRECTION('center_axis',(1.,5.20978275360801E-15,0.));
#5597=DIRECTION('ref_axis',(-5.20978275360801E-15,1.,0.));
#5598=DIRECTION('',(0.,0.,1.));
#5599=DIRECTION('',(-5.20978275360801E-15,1.,0.));
#5600=DIRECTION('center_axis',(5.75005652064874E-14,-1.,0.));
#5601=DIRECTION('ref_axis',(1.,5.75005652064874E-14,0.));
#5602=DIRECTION('',(0.,0.,1.));
#5603=DIRECTION('',(1.,5.75005652064874E-14,0.));
#5604=DIRECTION('',(0.,0.,1.));
#5605=DIRECTION('center_axis',(0.,0.,-1.));
#5606=DIRECTION('ref_axis',(-1.,0.,0.));
#5607=DIRECTION('center_axis',(0.,0.,1.));
#5608=DIRECTION('ref_axis',(1.,0.,0.));
#5609=DIRECTION('center_axis',(-8.88178419700127E-16,1.,0.));
#5610=DIRECTION('ref_axis',(1.,8.88178419700127E-16,0.));
#5611=DIRECTION('center_axis',(1.,7.60524399280541E-17,0.));
#5612=DIRECTION('ref_axis',(7.60524399280541E-17,-1.,0.));
#5613=DIRECTION('',(0.,0.,-1.));
#5614=DIRECTION('center_axis',(0.,1.,0.));
#5615=DIRECTION('ref_axis',(1.,0.,0.));
#5616=DIRECTION('center_axis',(0.,-1.,0.));
#5617=DIRECTION('ref_axis',(-1.,0.,0.));
#5618=DIRECTION('center_axis',(-1.,-3.8026219964027E-17,0.));
#5619=DIRECTION('ref_axis',(-3.8026219964027E-17,1.,0.));
#5620=DIRECTION('',(0.,0.,-1.));
#5621=DIRECTION('center_axis',(0.,-1.,0.));
#5622=DIRECTION('ref_axis',(-1.,0.,0.));
#5623=DIRECTION('center_axis',(0.,0.,-1.));
#5624=DIRECTION('ref_axis',(-1.,0.,0.));
#5625=DIRECTION('center_axis',(5.76489670943396E-16,1.,0.));
#5626=DIRECTION('ref_axis',(-1.,5.76489670943396E-16,0.));
#5627=DIRECTION('center_axis',(0.,0.,1.));
#5628=DIRECTION('ref_axis',(1.,0.,0.));
#5629=DIRECTION('center_axis',(0.,0.,1.));
#5630=DIRECTION('ref_axis',(1.,0.,0.));
#5631=DIRECTION('center_axis',(0.,0.,1.));
#5632=DIRECTION('ref_axis',(1.,0.,0.));
#5633=DIRECTION('center_axis',(0.,0.,1.));
#5634=DIRECTION('ref_axis',(1.,0.,0.));
#5635=DIRECTION('center_axis',(0.,0.,1.));
#5636=DIRECTION('ref_axis',(1.,0.,0.));
#5637=CARTESIAN_POINT('',(0.,0.,0.));
#5638=CARTESIAN_POINT('Origin',(21.11,-58.8925,2.));
#5639=CARTESIAN_POINT('',(21.11,-58.8925,0.));
#5640=CARTESIAN_POINT('',(23.11,-58.8925,2.));
#5641=CARTESIAN_POINT('Origin',(21.11,-58.8925,2.));
#5642=CARTESIAN_POINT('',(21.11,-60.8925,2.));
#5643=CARTESIAN_POINT('Origin',(21.11,-58.8925,2.));
#5644=CARTESIAN_POINT('Origin',(21.11,-58.8925,2.));
#5645=CARTESIAN_POINT('Origin',(21.11,58.8925,2.));
#5646=CARTESIAN_POINT('',(21.11,58.8925,0.));
#5647=CARTESIAN_POINT('',(21.11,60.8925,2.));
#5648=CARTESIAN_POINT('Origin',(21.11,58.8925,2.));
#5649=CARTESIAN_POINT('',(23.11,58.8925,2.));
#5650=CARTESIAN_POINT('Origin',(21.11,58.8925,2.));
#5651=CARTESIAN_POINT('Origin',(21.11,58.8925,2.));
#5652=CARTESIAN_POINT('Origin',(21.11,30.44625,2.));
#5653=CARTESIAN_POINT('',(21.11,30.44625,0.));
#5654=CARTESIAN_POINT('',(23.11,30.44625,2.));
#5655=CARTESIAN_POINT('Origin',(21.11,58.8925,0.));
#5656=CARTESIAN_POINT('',(21.11,60.8925,11.));
#5657=CARTESIAN_POINT('',(22.5242135623731,60.3067135623731,11.5857864376269));
#5658=CARTESIAN_POINT('Origin',(21.11,58.8925,13.));
#5659=CARTESIAN_POINT('',(21.11,60.8925,0.));
#5660=CARTESIAN_POINT('',(23.11,58.8925,11.));
#5661=CARTESIAN_POINT('',(23.11,58.8925,0.));
#5662=CARTESIAN_POINT('Origin',(21.11,58.8925,13.));
#5663=CARTESIAN_POINT('Origin',(-21.11,-58.8925,2.));
#5664=CARTESIAN_POINT('',(-21.11,-58.8925,0.));
#5665=CARTESIAN_POINT('',(-21.11,-60.8925,2.));
#5666=CARTESIAN_POINT('Origin',(-21.11,-58.8925,2.));
#5667=CARTESIAN_POINT('',(-23.11,-58.8925,2.));
#5668=CARTESIAN_POINT('Origin',(-21.11,-58.8925,2.));
#5669=CARTESIAN_POINT('Origin',(-21.11,-58.8925,2.));
#5670=CARTESIAN_POINT('Origin',(-21.11,58.8925,2.));
#5671=CARTESIAN_POINT('',(-23.11,58.8925,2.));
#5672=CARTESIAN_POINT('',(-21.11,60.8925,2.));
#5673=CARTESIAN_POINT('Origin',(-21.11,58.8925,2.));
#5674=CARTESIAN_POINT('',(-21.11,58.8925,0.));
#5675=CARTESIAN_POINT('Origin',(-21.11,58.8925,2.));
#5676=CARTESIAN_POINT('Origin',(-21.11,58.8925,2.));
#5677=CARTESIAN_POINT('Origin',(-21.11,-30.44625,2.));
#5678=CARTESIAN_POINT('',(-21.11,-30.44625,0.));
#5679=CARTESIAN_POINT('',(-23.11,-30.44625,2.));
#5680=CARTESIAN_POINT('Origin',(-11.555,58.8925,2.));
#5681=CARTESIAN_POINT('',(-11.555,58.8925,0.));
#5682=CARTESIAN_POINT('',(-11.555,60.8925,2.));
#5683=CARTESIAN_POINT('Origin',(-21.11,58.8925,0.));
#5684=CARTESIAN_POINT('',(-23.11,58.8925,11.));
#5685=CARTESIAN_POINT('',(-22.5242135623731,60.3067135623731,11.5857864376269));
#5686=CARTESIAN_POINT('Origin',(-21.11,58.8925,13.));
#5687=CARTESIAN_POINT('',(-23.11,58.8925,0.));
#5688=CARTESIAN_POINT('',(-21.11,60.8925,11.));
#5689=CARTESIAN_POINT('',(-21.11,60.8925,0.));
#5690=CARTESIAN_POINT('Origin',(-21.11,58.8925,13.));
#5691=CARTESIAN_POINT('Origin',(-21.11,-58.8925,0.));
#5692=CARTESIAN_POINT('',(-21.11,-60.8925,11.));
#5693=CARTESIAN_POINT('',(-22.5242135623731,-60.3067135623731,11.5857864376269));
#5694=CARTESIAN_POINT('Origin',(-21.11,-58.8925,13.));
#5695=CARTESIAN_POINT('',(-21.11,-60.8925,0.));
#5696=CARTESIAN_POINT('',(-23.11,-58.8925,11.));
#5697=CARTESIAN_POINT('',(-23.11,-58.8925,0.));
#5698=CARTESIAN_POINT('Origin',(-21.11,-58.8925,13.));
#5699=CARTESIAN_POINT('Origin',(11.555,-58.8925,2.));
#5700=CARTESIAN_POINT('',(11.555,-58.8925,0.));
#5701=CARTESIAN_POINT('',(11.555,-60.8925,2.));
#5702=CARTESIAN_POINT('Origin',(21.11,-58.8925,0.));
#5703=CARTESIAN_POINT('',(23.11,-58.8925,11.));
#5704=CARTESIAN_POINT('',(22.5242135623731,-60.3067135623731,11.5857864376269));
#5705=CARTESIAN_POINT('Origin',(21.11,-58.8925,13.));
#5706=CARTESIAN_POINT('',(23.11,-58.8925,0.));
#5707=CARTESIAN_POINT('',(21.11,-60.8925,11.));
#5708=CARTESIAN_POINT('',(21.11,-60.8925,0.));
#5709=CARTESIAN_POINT('Origin',(21.11,-58.8925,13.));
#5710=CARTESIAN_POINT('Origin',(-23.11,60.8925,0.));
#5711=CARTESIAN_POINT('',(-11.555,60.8925,11.));
#5712=CARTESIAN_POINT('Origin',(-11.555,59.6425,12.25));
#5713=CARTESIAN_POINT('',(20.61,58.3925,13.5));
#5714=CARTESIAN_POINT('',(23.11,60.8925,11.));
#5715=CARTESIAN_POINT('',(16.6100000000075,58.3925000000227,13.5));
#5716=CARTESIAN_POINT('',(-11.555,58.3925,13.5));
#5717=CARTESIAN_POINT('',(-16.6100000000076,58.3925000000227,13.5));
#5718=CARTESIAN_POINT('',(-20.6100000000076,58.3925000000227,13.5));
#5719=CARTESIAN_POINT('',(-20.61,58.3925,13.5));
#5720=CARTESIAN_POINT('',(-11.555,58.3925,13.5));
#5721=CARTESIAN_POINT('',(-20.61,58.3925,13.5));
#5722=CARTESIAN_POINT('Origin',(21.86,50.669375,12.25));
#5723=CARTESIAN_POINT('',(23.11,20.,11.));
#5724=CARTESIAN_POINT('',(23.11,50.669375,11.));
#5725=CARTESIAN_POINT('',(20.6100000000075,20.,13.5));
#5726=CARTESIAN_POINT('',(21.2350000000019,20.,12.8749999999981));
#5727=CARTESIAN_POINT('',(20.6100000000075,54.3925000000227,13.5));
#5728=CARTESIAN_POINT('',(20.6100000000075,58.3925000000227,13.5));
#5729=CARTESIAN_POINT('',(20.61,50.669375,13.5));
#5730=CARTESIAN_POINT('Origin',(23.11,60.8925,0.));
#5731=CARTESIAN_POINT('',(23.11,-20.,11.));
#5732=CARTESIAN_POINT('',(23.11,10.223125,11.));
#5733=CARTESIAN_POINT('',(23.1100000000075,-20.,16.));
#5734=CARTESIAN_POINT('',(23.11,-20.,8.));
#5735=CARTESIAN_POINT('',(23.1100000000075,20.,16.));
#5736=CARTESIAN_POINT('',(23.11,60.8925,16.));
#5737=CARTESIAN_POINT('',(23.11,20.,8.));
#5738=CARTESIAN_POINT('Origin',(21.86,10.223125,12.25));
#5739=CARTESIAN_POINT('',(20.61,-58.3925,13.5));
#5740=CARTESIAN_POINT('',(20.61,-58.3925,13.5));
#5741=CARTESIAN_POINT('',(20.6100000000076,-54.3925000000227,13.5));
#5742=CARTESIAN_POINT('',(20.61,10.223125,13.5));
#5743=CARTESIAN_POINT('',(20.6100000000075,-20.,13.5));
#5744=CARTESIAN_POINT('',(20.6100000000075,58.3925000000227,13.5));
#5745=CARTESIAN_POINT('',(20.6100000000019,-20.,13.4999999999981));
#5746=CARTESIAN_POINT('Origin',(2.88657986402541E-14,0.,0.));
#5747=CARTESIAN_POINT('Ctrl Pts',(27.7350000000001,-60.1091764937243,-0.5));
#5748=CARTESIAN_POINT('Ctrl Pts',(30.2722930311787,-61.455621115908,-0.5));
#5749=CARTESIAN_POINT('Ctrl Pts',(29.8072226571853,-64.2901366995498,-0.5));
#5750=CARTESIAN_POINT('Ctrl Pts',(29.3421522831918,-67.1246522831917,-0.5));
#5751=CARTESIAN_POINT('Ctrl Pts',(26.50763669955,-67.5897226571851,-0.5));
#5752=CARTESIAN_POINT('Ctrl Pts',(23.6731211159081,-68.0547930311786,-0.5));
#5753=CARTESIAN_POINT('Ctrl Pts',(22.3266764937244,-65.5175,-0.5));
#5754=CARTESIAN_POINT('Ctrl Pts',(27.7350000000001,-60.1091764937243,-2.5));
#5755=CARTESIAN_POINT('Ctrl Pts',(30.2722930311787,-61.455621115908,-2.5));
#5756=CARTESIAN_POINT('Ctrl Pts',(29.8072226571853,-64.2901366995498,-2.5));
#5757=CARTESIAN_POINT('Ctrl Pts',(29.3421522831918,-67.1246522831917,-2.5));
#5758=CARTESIAN_POINT('Ctrl Pts',(26.50763669955,-67.5897226571851,-2.5));
#5759=CARTESIAN_POINT('Ctrl Pts',(23.6731211159081,-68.0547930311786,-2.5));
#5760=CARTESIAN_POINT('Ctrl Pts',(22.3266764937244,-65.5175,-2.5));
#5761=CARTESIAN_POINT('Ctrl Pts',(26.7975000000001,-61.8758382468621,-2.5));
#5762=CARTESIAN_POINT('Ctrl Pts',(28.0661465155894,-62.549060557954,-2.5));
#5763=CARTESIAN_POINT('Ctrl Pts',(27.8336113285927,-63.9663183497749,-2.5));
#5764=CARTESIAN_POINT('Ctrl Pts',(27.601076141596,-65.3835761415958,-2.5));
#5765=CARTESIAN_POINT('Ctrl Pts',(26.183818349775,-65.6161113285926,-2.5));
#5766=CARTESIAN_POINT('Ctrl Pts',(24.7665605579541,-65.8486465155893,-2.5));
#5767=CARTESIAN_POINT('Ctrl Pts',(24.0933382468623,-64.58,-2.5));
#5768=CARTESIAN_POINT('',(26.7975000000001,-61.8758382468621,-2.5));
#5769=CARTESIAN_POINT('',(27.7350000000001,-60.1091764937243,-0.5));
#5770=CARTESIAN_POINT('Origin',(26.7975000000001,-61.8758382468621,-0.5));
#5771=CARTESIAN_POINT('',(22.3266764937244,-65.5175,-0.5));
#5772=CARTESIAN_POINT('Origin',(25.8600000000001,-63.6425,-0.5));
#5773=CARTESIAN_POINT('',(24.0933382468623,-64.58,-2.5));
#5774=CARTESIAN_POINT('Origin',(24.0933382468623,-64.58,-0.5));
#5775=CARTESIAN_POINT('Origin',(25.8600000000001,-63.6425,-2.5));
#5776=CARTESIAN_POINT('Origin',(18.7933529874488,-67.3925,-0.5));
#5777=CARTESIAN_POINT('',(18.7933529874488,-63.3925,-0.5));
#5778=CARTESIAN_POINT('',(18.7933529874488,-61.3925,-2.5));
#5779=CARTESIAN_POINT('Origin',(18.7933529874488,-61.3925,-0.5));
#5780=CARTESIAN_POINT('Origin',(18.7933529874488,-67.3925,-2.5));
#5781=CARTESIAN_POINT('Origin',(18.7933529874488,-67.3925,-0.5));
#5782=CARTESIAN_POINT('Origin',(10.9339100721661,-61.3925,-0.5));
#5783=CARTESIAN_POINT('',(-18.7933529874487,-63.3925,-0.5));
#5784=CARTESIAN_POINT('',(-18.7933529874487,-61.3925,-2.5));
#5785=CARTESIAN_POINT('Origin',(-18.7933529874487,-61.3925,-0.5));
#5786=CARTESIAN_POINT('',(10.9339100721661,-61.3925,-2.5));
#5787=CARTESIAN_POINT('',(10.9339100721661,-63.3925,-0.5));
#5788=CARTESIAN_POINT('Origin',(-18.7933529874487,-67.3925,-0.5));
#5789=CARTESIAN_POINT('',(-22.3266764937244,-65.5175,-0.5));
#5790=CARTESIAN_POINT('',(-24.0933382468622,-64.58,-2.5));
#5791=CARTESIAN_POINT('Origin',(-24.0933382468622,-64.58,-0.5));
#5792=CARTESIAN_POINT('Origin',(-18.7933529874487,-67.3925,-2.5));
#5793=CARTESIAN_POINT('Origin',(-18.7933529874487,-67.3925,-0.5));
#5794=CARTESIAN_POINT('Ctrl Pts',(-22.3266764937244,-65.5175,-0.5));
#5795=CARTESIAN_POINT('Ctrl Pts',(-23.673121115908,-68.0547930311786,-0.5));
#5796=CARTESIAN_POINT('Ctrl Pts',(-26.5076366995499,-67.5897226571852,-0.5));
#5797=CARTESIAN_POINT('Ctrl Pts',(-29.3421522831918,-67.1246522831918,-0.5));
#5798=CARTESIAN_POINT('Ctrl Pts',(-29.8072226571852,-64.2901366995499,-0.5));
#5799=CARTESIAN_POINT('Ctrl Pts',(-30.2722930311787,-61.455621115908,-0.5));
#5800=CARTESIAN_POINT('Ctrl Pts',(-27.735,-60.1091764937243,-0.5));
#5801=CARTESIAN_POINT('Ctrl Pts',(-22.3266764937244,-65.5175,-2.5));
#5802=CARTESIAN_POINT('Ctrl Pts',(-23.673121115908,-68.0547930311786,-2.5));
#5803=CARTESIAN_POINT('Ctrl Pts',(-26.5076366995499,-67.5897226571852,-2.5));
#5804=CARTESIAN_POINT('Ctrl Pts',(-29.3421522831918,-67.1246522831918,-2.5));
#5805=CARTESIAN_POINT('Ctrl Pts',(-29.8072226571852,-64.2901366995499,-2.5));
#5806=CARTESIAN_POINT('Ctrl Pts',(-30.2722930311787,-61.455621115908,-2.5));
#5807=CARTESIAN_POINT('Ctrl Pts',(-27.735,-60.1091764937243,-2.5));
#5808=CARTESIAN_POINT('Ctrl Pts',(-24.0933382468622,-64.58,-2.5));
#5809=CARTESIAN_POINT('Ctrl Pts',(-24.766560557954,-65.8486465155893,-2.5));
#5810=CARTESIAN_POINT('Ctrl Pts',(-26.183818349775,-65.6161113285926,-2.5));
#5811=CARTESIAN_POINT('Ctrl Pts',(-27.6010761415959,-65.3835761415959,-2.5));
#5812=CARTESIAN_POINT('Ctrl Pts',(-27.8336113285926,-63.9663183497749,-2.5));
#5813=CARTESIAN_POINT('Ctrl Pts',(-28.0661465155893,-62.549060557954,-2.5));
#5814=CARTESIAN_POINT('Ctrl Pts',(-26.7975,-61.8758382468622,-2.5));
#5815=CARTESIAN_POINT('',(-27.735,-60.1091764937243,-0.5));
#5816=CARTESIAN_POINT('',(-26.7975,-61.8758382468622,-2.5));
#5817=CARTESIAN_POINT('Origin',(-26.7975,-61.8758382468622,-0.5));
#5818=CARTESIAN_POINT('Origin',(-25.86,-63.6425,-2.5));
#5819=CARTESIAN_POINT('Origin',(-25.86,-63.6425,-0.5));
#5820=CARTESIAN_POINT('Origin',(-29.61,-56.5758529874487,-0.5));
#5821=CARTESIAN_POINT('',(-25.61,-56.5758529874487,-0.5));
#5822=CARTESIAN_POINT('',(-23.61,-56.5758529874487,-2.5));
#5823=CARTESIAN_POINT('Origin',(-23.61,-56.5758529874487,-0.5));
#5824=CARTESIAN_POINT('Origin',(-29.61,-56.5758529874487,-2.5));
#5825=CARTESIAN_POINT('Origin',(-29.61,-56.5758529874487,-0.5));
#5826=CARTESIAN_POINT('Origin',(-23.61,-29.8251600721661,-0.5));
#5827=CARTESIAN_POINT('',(-25.6100000000001,56.5758529874488,-0.5));
#5828=CARTESIAN_POINT('',(-23.6100000000001,56.5758529874488,-2.5));
#5829=CARTESIAN_POINT('Origin',(-23.6100000000001,56.5758529874488,-0.5));
#5830=CARTESIAN_POINT('',(-23.61,-29.8251600721661,-2.5));
#5831=CARTESIAN_POINT('',(-25.6100000000001,-29.8251600721661,-0.5));
#5832=CARTESIAN_POINT('Origin',(-29.6100000000001,56.5758529874488,-0.5));
#5833=CARTESIAN_POINT('',(-27.7350000000001,60.1091764937244,-0.5));
#5834=CARTESIAN_POINT('',(-26.7975000000001,61.8758382468622,-2.5));
#5835=CARTESIAN_POINT('Origin',(-26.7975000000001,61.8758382468622,-0.5));
#5836=CARTESIAN_POINT('Origin',(-29.6100000000001,56.5758529874488,-2.5));
#5837=CARTESIAN_POINT('Origin',(-29.6100000000001,56.5758529874488,-0.5));
#5838=CARTESIAN_POINT('Ctrl Pts',(-27.7350000000001,60.1091764937244,-0.5));
#5839=CARTESIAN_POINT('Ctrl Pts',(-30.2722930311787,61.4556211159081,-0.5));
#5840=CARTESIAN_POINT('Ctrl Pts',(-29.8072226571852,64.2901366995499,-0.5));
#5841=CARTESIAN_POINT('Ctrl Pts',(-29.3421522831917,67.1246522831918,-0.5));
#5842=CARTESIAN_POINT('Ctrl Pts',(-26.5076366995499,67.5897226571852,-0.5));
#5843=CARTESIAN_POINT('Ctrl Pts',(-23.673121115908,68.0547930311786,-0.5));
#5844=CARTESIAN_POINT('Ctrl Pts',(-22.3266764937244,65.5175,-0.5));
#5845=CARTESIAN_POINT('Ctrl Pts',(-27.7350000000001,60.1091764937244,-2.5));
#5846=CARTESIAN_POINT('Ctrl Pts',(-30.2722930311787,61.4556211159081,-2.5));
#5847=CARTESIAN_POINT('Ctrl Pts',(-29.8072226571852,64.2901366995499,-2.5));
#5848=CARTESIAN_POINT('Ctrl Pts',(-29.3421522831917,67.1246522831918,-2.5));
#5849=CARTESIAN_POINT('Ctrl Pts',(-26.5076366995499,67.5897226571852,-2.5));
#5850=CARTESIAN_POINT('Ctrl Pts',(-23.673121115908,68.0547930311786,-2.5));
#5851=CARTESIAN_POINT('Ctrl Pts',(-22.3266764937244,65.5175,-2.5));
#5852=CARTESIAN_POINT('Ctrl Pts',(-26.7975000000001,61.8758382468622,-2.5));
#5853=CARTESIAN_POINT('Ctrl Pts',(-28.0661465155894,62.549060557954,-2.5));
#5854=CARTESIAN_POINT('Ctrl Pts',(-27.8336113285926,63.966318349775,-2.5));
#5855=CARTESIAN_POINT('Ctrl Pts',(-27.6010761415959,65.3835761415959,-2.5));
#5856=CARTESIAN_POINT('Ctrl Pts',(-26.183818349775,65.6161113285926,-2.5));
#5857=CARTESIAN_POINT('Ctrl Pts',(-24.766560557954,65.8486465155893,-2.5));
#5858=CARTESIAN_POINT('Ctrl Pts',(-24.0933382468622,64.58,-2.5));
#5859=CARTESIAN_POINT('',(-22.3266764937244,65.5175,-0.5));
#5860=CARTESIAN_POINT('',(-24.0933382468622,64.58,-2.5));
#5861=CARTESIAN_POINT('Origin',(-24.0933382468622,64.58,-0.5));
#5862=CARTESIAN_POINT('Origin',(-25.86,63.6425,-2.5));
#5863=CARTESIAN_POINT('Origin',(-25.86,63.6425,-0.5));
#5864=CARTESIAN_POINT('Origin',(-18.7933529874487,67.3924999999999,-0.5));
#5865=CARTESIAN_POINT('',(-18.7933529874487,63.3924999999999,-0.5));
#5866=CARTESIAN_POINT('',(-18.7933529874487,61.3924999999999,-2.5));
#5867=CARTESIAN_POINT('Origin',(-18.7933529874487,61.3924999999999,-0.5));
#5868=CARTESIAN_POINT('Origin',(-18.7933529874487,67.3924999999999,-2.5));
#5869=CARTESIAN_POINT('Origin',(-18.7933529874487,67.3924999999999,-0.5));
#5870=CARTESIAN_POINT('Origin',(-10.9339100721661,61.3924999999999,-0.5));
#5871=CARTESIAN_POINT('',(18.7933529874488,63.3924999999999,-0.5));
#5872=CARTESIAN_POINT('',(18.7933529874488,61.3925,-2.5));
#5873=CARTESIAN_POINT('Origin',(18.7933529874488,61.3925,-0.5));
#5874=CARTESIAN_POINT('',(-10.9339100721661,61.3924999999999,-2.5));
#5875=CARTESIAN_POINT('',(-10.9339100721661,63.3924999999999,-0.5));
#5876=CARTESIAN_POINT('Origin',(18.7933529874488,67.3925,-0.5));
#5877=CARTESIAN_POINT('',(22.3266764937244,65.5175,-0.5));
#5878=CARTESIAN_POINT('',(24.0933382468623,64.58,-2.5));
#5879=CARTESIAN_POINT('Origin',(24.0933382468623,64.58,-0.5));
#5880=CARTESIAN_POINT('Origin',(18.7933529874488,67.3925,-2.5));
#5881=CARTESIAN_POINT('Origin',(18.7933529874488,67.3925,-0.5));
#5882=CARTESIAN_POINT('Ctrl Pts',(22.3266764937244,65.5175,-0.5));
#5883=CARTESIAN_POINT('Ctrl Pts',(23.6731211159081,68.0547930311786,-0.5));
#5884=CARTESIAN_POINT('Ctrl Pts',(26.5076366995499,67.5897226571851,-0.5));
#5885=CARTESIAN_POINT('Ctrl Pts',(29.3421522831918,67.1246522831917,-0.5));
#5886=CARTESIAN_POINT('Ctrl Pts',(29.8072226571853,64.2901366995498,-0.5));
#5887=CARTESIAN_POINT('Ctrl Pts',(30.2722930311787,61.455621115908,-0.5));
#5888=CARTESIAN_POINT('Ctrl Pts',(27.7350000000001,60.1091764937243,-0.5));
#5889=CARTESIAN_POINT('Ctrl Pts',(22.3266764937244,65.5175,-2.5));
#5890=CARTESIAN_POINT('Ctrl Pts',(23.6731211159081,68.0547930311786,-2.5));
#5891=CARTESIAN_POINT('Ctrl Pts',(26.5076366995499,67.5897226571851,-2.5));
#5892=CARTESIAN_POINT('Ctrl Pts',(29.3421522831918,67.1246522831917,-2.5));
#5893=CARTESIAN_POINT('Ctrl Pts',(29.8072226571853,64.2901366995498,-2.5));
#5894=CARTESIAN_POINT('Ctrl Pts',(30.2722930311787,61.455621115908,-2.5));
#5895=CARTESIAN_POINT('Ctrl Pts',(27.7350000000001,60.1091764937243,-2.5));
#5896=CARTESIAN_POINT('Ctrl Pts',(24.0933382468623,64.58,-2.5));
#5897=CARTESIAN_POINT('Ctrl Pts',(24.7665605579541,65.8486465155893,-2.5));
#5898=CARTESIAN_POINT('Ctrl Pts',(26.183818349775,65.6161113285926,-2.5));
#5899=CARTESIAN_POINT('Ctrl Pts',(27.6010761415959,65.3835761415958,-2.5));
#5900=CARTESIAN_POINT('Ctrl Pts',(27.8336113285927,63.9663183497749,-2.5));
#5901=CARTESIAN_POINT('Ctrl Pts',(28.0661465155894,62.549060557954,-2.5));
#5902=CARTESIAN_POINT('Ctrl Pts',(26.7975000000001,61.8758382468622,-2.5));
#5903=CARTESIAN_POINT('',(27.7350000000001,60.1091764937243,-0.5));
#5904=CARTESIAN_POINT('',(26.7975000000001,61.8758382468621,-2.5));
#5905=CARTESIAN_POINT('Origin',(26.7975000000001,61.8758382468621,-0.5));
#5906=CARTESIAN_POINT('Origin',(25.8600000000001,63.6425,-2.5));
#5907=CARTESIAN_POINT('Origin',(25.8600000000001,63.6425,-0.5));
#5908=CARTESIAN_POINT('Origin',(29.6100000000001,56.5758529874487,-0.5));
#5909=CARTESIAN_POINT('',(25.6100000000001,56.5758529874487,-0.5));
#5910=CARTESIAN_POINT('',(23.6100000000001,56.5758529874487,-2.5));
#5911=CARTESIAN_POINT('Origin',(23.6100000000001,56.5758529874487,-0.5));
#5912=CARTESIAN_POINT('Origin',(29.6100000000001,56.5758529874487,-2.5));
#5913=CARTESIAN_POINT('Origin',(29.6100000000001,56.5758529874487,-0.5));
#5914=CARTESIAN_POINT('Origin',(23.6100000000001,29.8251600721661,-0.5));
#5915=CARTESIAN_POINT('',(25.6100000000001,-56.5758529874487,-0.5));
#5916=CARTESIAN_POINT('',(23.6100000000001,-56.5758529874487,-2.5));
#5917=CARTESIAN_POINT('Origin',(23.6100000000001,-56.5758529874487,-0.5));
#5918=CARTESIAN_POINT('',(23.6100000000001,29.8251600721661,-2.5));
#5919=CARTESIAN_POINT('',(25.6100000000001,29.8251600721661,-0.5));
#5920=CARTESIAN_POINT('Origin',(29.6100000000001,-56.5758529874487,-0.5));
#5921=CARTESIAN_POINT('Origin',(29.6100000000001,-56.5758529874487,-0.5));
#5922=CARTESIAN_POINT('Origin',(29.6100000000001,-56.5758529874487,-2.5));
#5923=CARTESIAN_POINT('Origin',(-29.6100000000001,56.5758529874488,0.));
#5924=CARTESIAN_POINT('',(-25.6100000000001,56.5758529874488,15.));
#5925=CARTESIAN_POINT('',(-25.6100000000001,56.5758529874488,0.));
#5926=CARTESIAN_POINT('',(-27.7350000000001,60.1091764937244,15.));
#5927=CARTESIAN_POINT('Origin',(-29.6100000000001,56.5758529874488,15.));
#5928=CARTESIAN_POINT('',(-27.7350000000001,60.1091764937244,0.));
#5929=CARTESIAN_POINT('Origin',(-25.61,-59.6503201443322,0.));
#5930=CARTESIAN_POINT('',(-25.61,-56.5758529874487,15.));
#5931=CARTESIAN_POINT('',(-25.61,-56.5758529874487,0.));
#5932=CARTESIAN_POINT('',(-25.6100000000001,-29.8251600721661,15.));
#5933=CARTESIAN_POINT('Origin',(-29.61,-56.5758529874487,0.));
#5934=CARTESIAN_POINT('',(-27.735,-60.1091764937243,15.));
#5935=CARTESIAN_POINT('',(-27.735,-60.1091764937243,0.));
#5936=CARTESIAN_POINT('Origin',(-29.61,-56.5758529874487,15.));
#5937=CARTESIAN_POINT('Origin',(-25.86,-63.6425,0.));
#5938=CARTESIAN_POINT('',(-22.3266764937244,-65.5175,15.));
#5939=CARTESIAN_POINT('',(-22.3266764937244,-65.5175,0.));
#5940=CARTESIAN_POINT('Origin',(-25.86,-63.6425,15.));
#5941=CARTESIAN_POINT('Origin',(-18.7933529874487,-67.3925,0.));
#5942=CARTESIAN_POINT('',(-18.7933529874487,-63.3925,15.));
#5943=CARTESIAN_POINT('',(-18.7933529874487,-63.3925,0.));
#5944=CARTESIAN_POINT('Origin',(-18.7933529874487,-67.3925,15.));
#5945=CARTESIAN_POINT('Origin',(21.8678201443321,-63.3925,0.));
#5946=CARTESIAN_POINT('',(18.7933529874488,-63.3925,15.));
#5947=CARTESIAN_POINT('',(18.7933529874488,-63.3925,0.));
#5948=CARTESIAN_POINT('',(10.9339100721661,-63.3925,15.));
#5949=CARTESIAN_POINT('Origin',(18.7933529874488,-67.3925,0.));
#5950=CARTESIAN_POINT('',(22.3266764937244,-65.5175,15.));
#5951=CARTESIAN_POINT('',(22.3266764937244,-65.5175,0.));
#5952=CARTESIAN_POINT('Origin',(18.7933529874488,-67.3925,15.));
#5953=CARTESIAN_POINT('Origin',(25.8600000000001,-63.6425,0.));
#5954=CARTESIAN_POINT('',(27.7350000000001,-60.1091764937243,15.));
#5955=CARTESIAN_POINT('',(27.7350000000001,-60.1091764937243,0.));
#5956=CARTESIAN_POINT('Origin',(25.8600000000001,-63.6425,15.));
#5957=CARTESIAN_POINT('Origin',(2.88657986402541E-14,0.,-2.5));
#5958=CARTESIAN_POINT('',(1.85252490325503,24.9317305829093,-2.5));
#5959=CARTESIAN_POINT('',(6.56654631365813,24.9317305829092,-2.5));
#5960=CARTESIAN_POINT('Ctrl Pts',(1.85252490325503,24.9317305829093,-2.5));
#5961=CARTESIAN_POINT('Ctrl Pts',(2.55047467518364,24.5484302983255,-2.5));
#5962=CARTESIAN_POINT('Ctrl Pts',(3.33995884343077,24.3596406059184,-2.5));
#5963=CARTESIAN_POINT('Ctrl Pts',(4.20953560845659,24.3596406059185,-2.5));
#5964=CARTESIAN_POINT('Ctrl Pts',(5.07911237348245,24.3596406059186,-2.5));
#5965=CARTESIAN_POINT('Ctrl Pts',(5.86859654172951,24.5484302983255,-2.5));
#5966=CARTESIAN_POINT('Ctrl Pts',(6.56654631365813,24.9317305829092,-2.5));
#5967=CARTESIAN_POINT('',(8.42583873887784,30.5096078585683,-2.5));
#5968=CARTESIAN_POINT('Ctrl Pts',(6.56654631365813,24.9317305829092,-2.5));
#5969=CARTESIAN_POINT('Ctrl Pts',(7.26449608558676,25.3093099677231,-2.5));
#5970=CARTESIAN_POINT('Ctrl Pts',(7.81942336326771,25.8241909470147,-2.5));
#5971=CARTESIAN_POINT('Ctrl Pts',(8.231328146701,26.482094420554,-2.5));
#5972=CARTESIAN_POINT('Ctrl Pts',(8.64323293013429,27.1399978940932,-2.5));
#5973=CARTESIAN_POINT('Ctrl Pts',(8.8491853218509,27.8779939644113,-2.5));
#5974=CARTESIAN_POINT('Ctrl Pts',(8.84918532185091,28.7018035312778,-2.5));
#5975=CARTESIAN_POINT('Ctrl Pts',(8.84918532185092,29.3768697041268,-2.5));
#5976=CARTESIAN_POINT('Ctrl Pts',(8.70616282760325,29.977564179967,-2.5));
#5977=CARTESIAN_POINT('Ctrl Pts',(8.42583873887783,30.5096078585682,-2.5));
#5978=CARTESIAN_POINT('',(7.41896037937423,31.6595087123195,-2.5));
#5979=CARTESIAN_POINT('Ctrl Pts',(8.42583873887784,30.5096078585683,-2.5));
#5980=CARTESIAN_POINT('Ctrl Pts',(8.17984004877184,30.9787216397007,-2.5));
#5981=CARTESIAN_POINT('Ctrl Pts',(7.83086516280753,31.3505801247446,-2.5));
#5982=CARTESIAN_POINT('Ctrl Pts',(7.41896037937423,31.6595087123195,-2.5));
#5983=CARTESIAN_POINT('',(8.6546747296741,31.6595087123196,-2.5));
#5984=CARTESIAN_POINT('',(3.70948018968622,31.6595087123193,-2.5));
#5985=CARTESIAN_POINT('',(8.65467472967409,33.3643368437518,-2.5));
#5986=CARTESIAN_POINT('',(8.65467472967418,15.8297543561598,-2.5));
#5987=CARTESIAN_POINT('',(-0.224161713221127,33.3643368437518,-2.5));
#5988=CARTESIAN_POINT('',(4.32733736483706,33.3643368437518,-2.5));
#5989=CARTESIAN_POINT('',(-0.224161713221114,31.6595087123195,-2.5));
#5990=CARTESIAN_POINT('',(-0.224161713220997,16.6821684218759,-2.5));
#5991=CARTESIAN_POINT('',(1.01155263707876,31.6595087123195,-2.5));
#5992=CARTESIAN_POINT('',(-0.112080856610542,31.6595087123195,-2.5));
#5993=CARTESIAN_POINT('',(0.0103951773450684,30.5267705578781,-2.5));
#5994=CARTESIAN_POINT('Ctrl Pts',(1.01155263707876,31.6595087123195,-2.5));
#5995=CARTESIAN_POINT('Ctrl Pts',(0.599647853645449,31.3563010245145,-2.5));
#5996=CARTESIAN_POINT('Ctrl Pts',(0.256393867451061,30.9901634392405,-2.5));
#5997=CARTESIAN_POINT('Ctrl Pts',(0.0103951773450683,30.5267705578781,-2.5));
#5998=CARTESIAN_POINT('',(0.193463969982077,26.4935362200939,-2.5));
#5999=CARTESIAN_POINT('Ctrl Pts',(0.0103951773450683,30.5267705578781,-2.5));
#6000=CARTESIAN_POINT('Ctrl Pts',(-0.269928911380348,29.9947268792768,-2.5));
#6001=CARTESIAN_POINT('Ctrl Pts',(-0.412951405628044,29.3883115036666,-2.5));
#6002=CARTESIAN_POINT('Ctrl Pts',(-0.412951405628035,28.7018035312778,-2.5));
#6003=CARTESIAN_POINT('Ctrl Pts',(-0.412951405628026,27.8894357639511,-2.5));
#6004=CARTESIAN_POINT('Ctrl Pts',(-0.21271991368129,27.1514396936331,-2.5));
#6005=CARTESIAN_POINT('Ctrl Pts',(0.193463969982086,26.4935362200939,-2.5));
#6006=CARTESIAN_POINT('Origin',(64.838659000219,86.8062470468624,-2.5));
#6007=CARTESIAN_POINT('',(8.65467472967409,-8.96460055378794,-2.5));
#6008=CARTESIAN_POINT('',(5.55394705438467,-6.69912424490491,-2.5));
#6009=CARTESIAN_POINT('',(3.69826075951497,-5.34330916599643,-2.5));
#6010=CARTESIAN_POINT('',(8.65467472967409,-4.5137405328005,-2.5));
#6011=CARTESIAN_POINT('',(5.27586780009285,-6.89511368243162,-2.5));
#6012=CARTESIAN_POINT('',(8.65467472967408,-2.54575101195263,-2.5));
#6013=CARTESIAN_POINT('',(8.65467472967408,-2.25687026640023,-2.5));
#6014=CARTESIAN_POINT('',(4.3639999022441,-5.70940858471104,-2.5));
#6015=CARTESIAN_POINT('',(6.45937080950612,-4.16442176908983,-2.5));
#6016=CARTESIAN_POINT('',(-0.229882612990995,-2.37984491862534,-2.5));
#6017=CARTESIAN_POINT('',(1.5769985116469,-3.68943995541146,-2.5));
#6018=CARTESIAN_POINT('',(-0.229882612991017,-4.41648523671212,-2.5));
#6019=CARTESIAN_POINT('',(-0.229882612990982,-1.18992245931267,-2.5));
#6020=CARTESIAN_POINT('',(3.12256465217431,-6.80210044076322,-2.5));
#6021=CARTESIAN_POINT('',(-1.19673879057472,-3.72846642092303,-2.5));
#6022=CARTESIAN_POINT('',(-0.229882612991008,-9.18771564481432,-2.5));
#6023=CARTESIAN_POINT('',(3.69275193443433,-6.39635283546897,-2.5));
#6024=CARTESIAN_POINT('',(-0.229882612991008,-11.172867864972,-2.5));
#6025=CARTESIAN_POINT('',(-0.229882612991008,-4.59385782240716,-2.5));
#6026=CARTESIAN_POINT('',(4.33539540339455,-7.78609520118716,-2.5));
#6027=CARTESIAN_POINT('',(2.51741179581277,-9.13477476971903,-2.5));
#6028=CARTESIAN_POINT('',(8.65467472967412,-11.0069617716447,-2.5));
#6029=CARTESIAN_POINT('',(1.07670350609165,-5.3561037598871,-2.5));
#6030=CARTESIAN_POINT('',(8.65467472967405,-5.50348088582227,-2.5));
#6031=CARTESIAN_POINT('',(-2.17175454132589,-38.5765511041632,-2.5));
#6032=CARTESIAN_POINT('',(-2.17175454132589,-27.2909814181078,-2.5));
#6033=CARTESIAN_POINT('',(-2.1717545413259,-19.2882755520816,-2.5));
#6034=CARTESIAN_POINT('',(-6.90806792362627,-22.5546680358075,-2.5));
#6035=CARTESIAN_POINT('',(-8.45156126052136,-21.0111746989124,-2.5));
#6036=CARTESIAN_POINT('',(-10.6397087702871,-22.5546680358075,-2.5));
#6037=CARTESIAN_POINT('',(-3.45403396181317,-22.5546680358075,-2.5));
#6038=CARTESIAN_POINT('',(-10.6397087702871,-24.0654538036864,-2.5));
#6039=CARTESIAN_POINT('Ctrl Pts',(-10.6397087702871,-22.5546680358075,-2.5));
#6040=CARTESIAN_POINT('Ctrl Pts',(-10.9192041373447,-21.9956773016923,-2.5));
#6041=CARTESIAN_POINT('Ctrl Pts',(-11.4857488002993,-21.6104269308832,-2.5));
#6042=CARTESIAN_POINT('Ctrl Pts',(-12.150494538166,-21.6104269308831,-2.5));
#6043=CARTESIAN_POINT('Ctrl Pts',(-13.0871817142509,-21.6104269308831,-2.5));
#6044=CARTESIAN_POINT('Ctrl Pts',(-13.8501285270298,-22.373373743662,-2.5));
#6045=CARTESIAN_POINT('Ctrl Pts',(-13.8501285270298,-23.3100609197469,-2.5));
#6046=CARTESIAN_POINT('Ctrl Pts',(-13.8501285270298,-24.2467480958318,-2.5));
#6047=CARTESIAN_POINT('Ctrl Pts',(-13.0871817142509,-25.0096949086107,-2.5));
#6048=CARTESIAN_POINT('Ctrl Pts',(-12.150494538166,-25.0096949086107,-2.5));
#6049=CARTESIAN_POINT('Ctrl Pts',(-11.4857488002993,-25.0096949086107,-2.5));
#6050=CARTESIAN_POINT('Ctrl Pts',(-10.9192041373447,-24.6244445378016,-2.5));
#6051=CARTESIAN_POINT('Ctrl Pts',(-10.6397087702871,-24.0654538036864,-2.5));
#6052=CARTESIAN_POINT('',(-7.53504401729599,-24.0654538036864,-2.5));
#6053=CARTESIAN_POINT('',(-5.31985438514355,-24.0654538036864,-2.5));
#6054=CARTESIAN_POINT('',(-3.68254030920478,-27.9179575117776,-2.5));
#6055=CARTESIAN_POINT('',(-11.6676464638936,-19.9328513570888,-2.5));
#6056=CARTESIAN_POINT('',(-3.68254030920478,-39.2035271978329,-2.5));
#6057=CARTESIAN_POINT('',(-3.68254030920479,-13.9589787558888,-2.5));
#6058=CARTESIAN_POINT('',(-0.139747683528753,-42.746319823509,-2.5));
#6059=CARTESIAN_POINT('',(-12.5627870313618,-30.3232804756759,-2.5));
#6060=CARTESIAN_POINT('',(3.62210887848971,-42.746319823509,-2.5));
#6061=CARTESIAN_POINT('',(-0.0698738417643618,-42.746319823509,-2.5));
#6062=CARTESIAN_POINT('',(3.62210887848973,-41.23553405563,-2.5));
#6063=CARTESIAN_POINT('Ctrl Pts',(3.62210887848971,-42.746319823509,-2.5));
#6064=CARTESIAN_POINT('Ctrl Pts',(3.90160424554731,-43.3053105576242,-2.5));
#6065=CARTESIAN_POINT('Ctrl Pts',(4.46814890850189,-43.6905609284333,-2.5));
#6066=CARTESIAN_POINT('Ctrl Pts',(5.13289464636862,-43.6905609284333,-2.5));
#6067=CARTESIAN_POINT('Ctrl Pts',(6.06958182245354,-43.6905609284332,-2.5));
#6068=CARTESIAN_POINT('Ctrl Pts',(6.83252863523235,-42.9276141156544,-2.5));
#6069=CARTESIAN_POINT('Ctrl Pts',(6.83252863523237,-41.9909269395695,-2.5));
#6070=CARTESIAN_POINT('Ctrl Pts',(6.8325286352324,-41.0542397634846,-2.5));
#6071=CARTESIAN_POINT('Ctrl Pts',(6.06958182245352,-40.2912929507058,-2.5));
#6072=CARTESIAN_POINT('Ctrl Pts',(5.1328946463686,-40.2912929507058,-2.5));
#6073=CARTESIAN_POINT('Ctrl Pts',(4.46814890850189,-40.2912929507058,-2.5));
#6074=CARTESIAN_POINT('Ctrl Pts',(3.9016042455473,-40.6765433215149,-2.5));
#6075=CARTESIAN_POINT('Ctrl Pts',(3.62210887848973,-41.23553405563,-2.5));
#6076=CARTESIAN_POINT('',(0.487228410140985,-41.2355340556301,-2.5));
#6077=CARTESIAN_POINT('',(1.811054439245,-41.2355340556301,-2.5));
#6078=CARTESIAN_POINT('',(-9.94346220630177,-30.8048434391874,-2.5));
#6079=CARTESIAN_POINT('',(1.14442021916832,-31.3021176318263,-2.5));
#6080=CARTESIAN_POINT('',(2.6627599158866,-31.3096715606657,-2.5));
#6081=CARTESIAN_POINT('Ctrl Pts',(1.14442021916832,-31.3021176318263,-2.5));
#6082=CARTESIAN_POINT('Ctrl Pts',(0.585429485053113,-31.5816129988839,-2.5));
#6083=CARTESIAN_POINT('Ctrl Pts',(0.200179114243966,-32.1557115906779,-2.5));
#6084=CARTESIAN_POINT('Ctrl Pts',(0.200179114243979,-32.8204573285446,-2.5));
#6085=CARTESIAN_POINT('Ctrl Pts',(0.200179114243997,-33.7571445046295,-2.5));
#6086=CARTESIAN_POINT('Ctrl Pts',(0.963125927022848,-34.5200913174083,-2.5));
#6087=CARTESIAN_POINT('Ctrl Pts',(1.89981310310776,-34.5200913174083,-2.5));
#6088=CARTESIAN_POINT('Ctrl Pts',(2.83650027919265,-34.5200913174084,-2.5));
#6089=CARTESIAN_POINT('Ctrl Pts',(3.59944709197154,-33.7571445046295,-2.5));
#6090=CARTESIAN_POINT('Ctrl Pts',(3.59944709197153,-32.8204573285446,-2.5));
#6091=CARTESIAN_POINT('Ctrl Pts',(3.59944709197151,-32.1557115906778,-2.5));
#6092=CARTESIAN_POINT('Ctrl Pts',(3.21419672116241,-31.5891669277233,-2.5));
#6093=CARTESIAN_POINT('Ctrl Pts',(2.6627599158866,-31.3096715606657,-2.5));
#6094=CARTESIAN_POINT('',(2.66275991588659,-26.0974606614835,-2.5));
#6095=CARTESIAN_POINT('',(2.66275991588656,-15.6548357803328,-2.5));
#6096=CARTESIAN_POINT('',(-0.441904837104548,-22.9927959084923,-2.5));
#6097=CARTESIAN_POINT('',(-4.52729522845331,-18.9074055171556,-2.5));
#6098=CARTESIAN_POINT('',(1.4314695150653,-21.1194215563225,-2.5));
#6099=CARTESIAN_POINT('',(5.41677034929468,-17.1341207220932,-2.5));
#6100=CARTESIAN_POINT('',(4.89116892350798,-21.1194215563225,-2.5));
#6101=CARTESIAN_POINT('',(0.715734757532611,-21.1194215563225,-2.5));
#6102=CARTESIAN_POINT('',(4.89116892350796,-19.6086357884436,-2.5));
#6103=CARTESIAN_POINT('Ctrl Pts',(4.89116892350798,-21.1194215563225,-2.5));
#6104=CARTESIAN_POINT('Ctrl Pts',(5.17066429056559,-21.6784122904377,-2.5));
#6105=CARTESIAN_POINT('Ctrl Pts',(5.73720895352017,-22.0636626612468,-2.5));
#6106=CARTESIAN_POINT('Ctrl Pts',(6.40195469138689,-22.0636626612468,-2.5));
#6107=CARTESIAN_POINT('Ctrl Pts',(7.33864186747181,-22.0636626612468,-2.5));
#6108=CARTESIAN_POINT('Ctrl Pts',(8.10158868025065,-21.300715848468,-2.5));
#6109=CARTESIAN_POINT('Ctrl Pts',(8.10158868025065,-20.364028672383,-2.5));
#6110=CARTESIAN_POINT('Ctrl Pts',(8.10158868025065,-19.4273414962981,-2.5));
#6111=CARTESIAN_POINT('Ctrl Pts',(7.33864186747178,-18.6643946835193,-2.5));
#6112=CARTESIAN_POINT('Ctrl Pts',(6.40195469138687,-18.6643946835193,-2.5));
#6113=CARTESIAN_POINT('Ctrl Pts',(5.73720895352018,-18.6643946835193,-2.5));
#6114=CARTESIAN_POINT('Ctrl Pts',(5.17066429056558,-19.0496450543284,-2.5));
#6115=CARTESIAN_POINT('Ctrl Pts',(4.89116892350799,-19.6086357884436,-2.5));
#6116=CARTESIAN_POINT('',(0.80449342139556,-19.6086357884436,-2.5));
#6117=CARTESIAN_POINT('',(2.445584461754,-19.6086357884436,-2.5));
#6118=CARTESIAN_POINT('',(-2.57966669865318,-22.9927959084923,-2.5));
#6119=CARTESIAN_POINT('',(5.50552901315758,-14.9076001966816,-2.5));
#6120=CARTESIAN_POINT('',(1.14442021916831,-26.7168828263138,-2.5));
#6121=CARTESIAN_POINT('',(-7.68294900111296,-17.8895136060326,-2.5));
#6122=CARTESIAN_POINT('',(1.14442021916827,-13.3584414131569,-2.5));
#6123=CARTESIAN_POINT('',(8.65467472967409,41.5623862140281,-2.5));
#6124=CARTESIAN_POINT('',(8.65467472967412,43.5246548351061,-2.5));
#6125=CARTESIAN_POINT('',(8.65467472967381,20.781193107014,-2.5));
#6126=CARTESIAN_POINT('',(4.36399990224407,40.3609972623476,-2.5));
#6127=CARTESIAN_POINT('',(-4.54345239344793,33.7932357696572,-2.5));
#6128=CARTESIAN_POINT('',(-0.229882612991017,43.6905609284334,-2.5));
#6129=CARTESIAN_POINT('',(12.5226505085802,34.4477536099344,-2.5));
#6130=CARTESIAN_POINT('',(-0.229882612991017,41.6539206103466,-2.5));
#6131=CARTESIAN_POINT('',(-0.229882612991017,21.8452804642167,-2.5));
#6132=CARTESIAN_POINT('',(3.12256465217433,39.2683054062955,-2.5));
#6133=CARTESIAN_POINT('',(9.68493815114874,34.5984935478105,-2.5));
#6134=CARTESIAN_POINT('',(-0.229882612990999,36.8826902022444,-2.5));
#6135=CARTESIAN_POINT('',(-7.18892500728929,31.9306071332641,-2.5));
#6136=CARTESIAN_POINT('',(-0.229882612991004,34.8975379820867,-2.5));
#6137=CARTESIAN_POINT('',(-0.22988261299104,18.4413451011222,-2.5));
#6138=CARTESIAN_POINT('',(4.33539540339452,38.2900315456414,-2.5));
#6139=CARTESIAN_POINT('',(-8.50929163454896,28.7450448119315,-2.5));
#6140=CARTESIAN_POINT('',(8.65467472967409,35.069164975184,-2.5));
#6141=CARTESIAN_POINT('',(12.1169973613154,32.4873270392714,-2.5));
#6142=CARTESIAN_POINT('',(8.6546747296741,37.1058052932707,-2.5));
#6143=CARTESIAN_POINT('',(8.65467472967401,17.534582487592,-2.5));
#6144=CARTESIAN_POINT('',(5.55394705438463,39.3712816021539,-2.5));
#6145=CARTESIAN_POINT('',(14.6709885190316,32.7101221556589,-2.5));
#6146=CARTESIAN_POINT('',(-5.57604475535316,31.506361190476,-2.5));
#6147=CARTESIAN_POINT('',(2.21866248852904,5.4635086659167,-2.5));
#6148=CARTESIAN_POINT('',(1.11452883293706,6.55047962219903,-2.5));
#6149=CARTESIAN_POINT('',(3.02101769271692,4.67362530428092,-2.5));
#6150=CARTESIAN_POINT('',(6.57798811319798,-1.07547977108663,-2.5));
#6151=CARTESIAN_POINT('Ctrl Pts',(1.11452883293706,6.55047962219903,-2.5));
#6152=CARTESIAN_POINT('Ctrl Pts',(0.616810552955185,6.12713303922591,-2.5));
#6153=CARTESIAN_POINT('Ctrl Pts',(0.239231168141365,5.60653116016439,-2.5));
#6154=CARTESIAN_POINT('Ctrl Pts',(-0.0239302212743597,4.98867398501448,
-2.5));
#6155=CARTESIAN_POINT('Ctrl Pts',(-0.287091610690067,4.37081680986459,-2.5));
#6156=CARTESIAN_POINT('Ctrl Pts',(-0.418672305397934,3.71291333632529,-2.5));
#6157=CARTESIAN_POINT('Ctrl Pts',(-0.418672305397925,3.01496356439669,-2.5));
#6158=CARTESIAN_POINT('Ctrl Pts',(-0.418672305397916,2.12822410006112,-2.5));
#6159=CARTESIAN_POINT('Ctrl Pts',(-0.218440813451193,1.32729813227424,-2.5));
#6160=CARTESIAN_POINT('Ctrl Pts',(0.18774307021217,0.61790656080575,-2.5));
#6161=CARTESIAN_POINT('Ctrl Pts',(0.593926953875505,-0.0914850106626997,
-2.5));
#6162=CARTESIAN_POINT('Ctrl Pts',(1.14885423155648,-0.652133188113559,-2.5));
#6163=CARTESIAN_POINT('Ctrl Pts',(1.84680400348511,-1.0640379715468,-2.5));
#6164=CARTESIAN_POINT('Ctrl Pts',(2.54475377541377,-1.47594275498006,-2.5));
#6165=CARTESIAN_POINT('Ctrl Pts',(3.3456797432007,-1.6818951466967,-2.5));
#6166=CARTESIAN_POINT('Ctrl Pts',(4.22097740799642,-1.6818951466967,-2.5));
#6167=CARTESIAN_POINT('Ctrl Pts',(5.09627507279213,-1.6818951466967,-2.5));
#6168=CARTESIAN_POINT('Ctrl Pts',(5.88003834126936,-1.48166365475001,-2.5));
#6169=CARTESIAN_POINT('Ctrl Pts',(6.57798811319798,-1.07547977108661,-2.5));
#6170=CARTESIAN_POINT('',(8.28281624463017,5.08020838133298,-2.5));
#6171=CARTESIAN_POINT('Ctrl Pts',(6.57798811319798,-1.07547977108663,-2.5));
#6172=CARTESIAN_POINT('Ctrl Pts',(7.28165878489649,-0.669295887423242,-2.5));
#6173=CARTESIAN_POINT('Ctrl Pts',(7.83086516280757,-0.120089509512251,-2.5));
#6174=CARTESIAN_POINT('Ctrl Pts',(8.23704904647091,0.572139362646471,-2.5));
#6175=CARTESIAN_POINT('Ctrl Pts',(8.64323293013426,1.2643682348052,-2.5));
#6176=CARTESIAN_POINT('Ctrl Pts',(8.84346442208097,2.07673600213196,-2.5));
#6177=CARTESIAN_POINT('Ctrl Pts',(8.84346442208099,2.90054556899852,-2.5));
#6178=CARTESIAN_POINT('Ctrl Pts',(8.84346442208102,3.72435513586513,-2.5));
#6179=CARTESIAN_POINT('Ctrl Pts',(8.6546747296741,4.45090940664331,-2.5));
#6180=CARTESIAN_POINT('Ctrl Pts',(8.28281624463017,5.08020838133298,-2.5));
#6181=CARTESIAN_POINT('',(6.73245240698545,6.56192142173884,-2.5));
#6182=CARTESIAN_POINT('Origin',(-62.8286265474594,-58.3477357098105,-2.5));
#6183=CARTESIAN_POINT('',(3.58595753353675,7.00243070402164,-2.5));
#6184=CARTESIAN_POINT('Ctrl Pts',(6.73245240698545,6.56192142173884,-2.5));
#6185=CARTESIAN_POINT('Ctrl Pts',(6.06882803367625,6.91661720747302,-2.5));
#6186=CARTESIAN_POINT('Ctrl Pts',(5.31939016381848,7.09396510034001,-2.5));
#6187=CARTESIAN_POINT('Ctrl Pts',(4.48413879741211,7.09396510034013,-2.5));
#6188=CARTESIAN_POINT('Ctrl Pts',(4.36399990224408,7.09396510034015,-2.5));
#6189=CARTESIAN_POINT('Ctrl Pts',(4.22669830776629,7.08824420057017,-2.5));
#6190=CARTESIAN_POINT('Ctrl Pts',(4.08367581351863,7.07680240103038,-2.5));
#6191=CARTESIAN_POINT('Ctrl Pts',(3.94065331927097,7.06536060149059,-2.5));
#6192=CARTESIAN_POINT('Ctrl Pts',(3.77474722594368,7.0367561026411,-2.5));
#6193=CARTESIAN_POINT('Ctrl Pts',(3.58595753353675,7.00243070402164,-2.5));
#6194=CARTESIAN_POINT('',(3.58595753353676,0.057258383354899,-2.5));
#6195=CARTESIAN_POINT('',(3.58595753353675,3.50121535201083,-2.5));
#6196=CARTESIAN_POINT('',(2.64200907150216,0.360466071159973,-2.5));
#6197=CARTESIAN_POINT('Ctrl Pts',(3.58595753353676,0.057258383354899,-2.5));
#6198=CARTESIAN_POINT('Ctrl Pts',(3.24842444711226,0.120188280823914,-2.5));
#6199=CARTESIAN_POINT('Ctrl Pts',(2.9280540599975,0.211722677142383,-2.5));
#6200=CARTESIAN_POINT('Ctrl Pts',(2.64200907150216,0.360466071159973,-2.5));
#6201=CARTESIAN_POINT('',(1.43489922005184,4.38797950917428,-2.5));
#6202=CARTESIAN_POINT('Ctrl Pts',(2.64200907150216,0.360466071159973,-2.5));
#6203=CARTESIAN_POINT('Ctrl Pts',(2.17289529036983,0.606464761265979,-2.5));
#6204=CARTESIAN_POINT('Ctrl Pts',(1.81247860486569,0.961160547000173,-2.5));
#6205=CARTESIAN_POINT('Ctrl Pts',(1.5550381152199,1.42455342836261,-2.5));
#6206=CARTESIAN_POINT('Ctrl Pts',(1.29759762557411,1.88794630972504,-2.5));
#6207=CARTESIAN_POINT('Ctrl Pts',(1.17173783063619,2.41426908855647,-2.5));
#6208=CARTESIAN_POINT('Ctrl Pts',(1.17173783063615,3.01496356439667,-2.5));
#6209=CARTESIAN_POINT('Ctrl Pts',(1.17173783063612,3.51268184437855,-2.5));
#6210=CARTESIAN_POINT('Ctrl Pts',(1.25755132718473,3.97035382597107,-2.5));
#6211=CARTESIAN_POINT('Ctrl Pts',(1.43489922005184,4.38797950917428,-2.5));
#6212=CARTESIAN_POINT('Origin',(13.0022827489104,-2.51366699976771,-2.5));
#6213=CARTESIAN_POINT('',(11.2364691485994,-39.1053261229208,-2.5));
#6214=CARTESIAN_POINT('',(13.8501285270299,-36.4916667444903,-2.5));
#6215=CARTESIAN_POINT('',(18.2036833921798,-32.1381118793404,-2.5));
#6216=CARTESIAN_POINT('',(13.8501285270298,-20.3791365300618,-2.5));
#6217=CARTESIAN_POINT('',(13.8501285270298,-18.2458333722452,-2.5));
#6218=CARTESIAN_POINT('',(8.67568727204465,-15.2046952750766,-2.5));
#6219=CARTESIAN_POINT('',(5.29281226275697,-11.8218202657889,-2.5));
#6220=CARTESIAN_POINT('',(8.67568727204464,-15.1895874173978,-2.5));
#6221=CARTESIAN_POINT('',(8.67568727204018,-7.60234763753575,-2.5));
#6222=CARTESIAN_POINT('',(-1.12931236148943,-15.1895874173978,-2.5));
#6223=CARTESIAN_POINT('',(4.33784363602235,-15.1895874173978,-2.5));
#6224=CARTESIAN_POINT('',(-4.51347248153818,-18.5737475374466,-2.5));
#6225=CARTESIAN_POINT('',(2.95041258323239,-11.109862472676,-2.5));
#6226=CARTESIAN_POINT('',(-3.44081458634417,-19.6464054326406,-2.5));
#6227=CARTESIAN_POINT('Ctrl Pts',(-4.51347248153819,-18.5737475374466,-2.5));
#6228=CARTESIAN_POINT('Ctrl Pts',(-4.68721284484426,-18.5208700355708,-2.5));
#6229=CARTESIAN_POINT('Ctrl Pts',(-4.86095320815034,-18.4831003913738,-2.5));
#6230=CARTESIAN_POINT('Ctrl Pts',(-5.0498014291352,-18.4831003913738,-2.5));
#6231=CARTESIAN_POINT('Ctrl Pts',(-5.98648860522013,-18.4831003913738,-2.5));
#6232=CARTESIAN_POINT('Ctrl Pts',(-6.74943541799896,-19.2460472041527,-2.5));
#6233=CARTESIAN_POINT('Ctrl Pts',(-6.74943541799897,-20.1827343802376,-2.5));
#6234=CARTESIAN_POINT('Ctrl Pts',(-6.74943541799897,-21.1194215563225,-2.5));
#6235=CARTESIAN_POINT('Ctrl Pts',(-5.98648860522012,-21.8823683691013,-2.5));
#6236=CARTESIAN_POINT('Ctrl Pts',(-5.0498014291352,-21.8823683691013,-2.5));
#6237=CARTESIAN_POINT('Ctrl Pts',(-4.11311425305028,-21.8823683691014,-2.5));
#6238=CARTESIAN_POINT('Ctrl Pts',(-3.35016744027151,-21.1194215563225,-2.5));
#6239=CARTESIAN_POINT('Ctrl Pts',(-3.35016744027143,-20.1827343802376,-2.5));
#6240=CARTESIAN_POINT('Ctrl Pts',(-3.35016744027142,-19.9938861592527,-2.5));
#6241=CARTESIAN_POINT('Ctrl Pts',(-3.38793708446839,-19.8125918671073,-2.5));
#6242=CARTESIAN_POINT('Ctrl Pts',(-3.44081458634417,-19.6464054326406,-2.5));
#6243=CARTESIAN_POINT('',(-0.502336267819703,-16.7079271141161,-2.5));
#6244=CARTESIAN_POINT('',(2.33099041840203,-13.8746004278944,-2.5));
#6245=CARTESIAN_POINT('',(8.05626510721428,-16.7079271141161,-2.5));
#6246=CARTESIAN_POINT('',(-0.251168133909837,-16.7079271141161,-2.5));
#6247=CARTESIAN_POINT('',(12.3468966879904,-20.9985586948922,-2.5));
#6248=CARTESIAN_POINT('',(1.86521705188168,-10.5168790587835,-2.5));
#6249=CARTESIAN_POINT('',(12.3468966879904,-35.8646906508206,-2.5));
#6250=CARTESIAN_POINT('',(12.3468966879904,-10.4992793474461,-2.5));
#6251=CARTESIAN_POINT('',(10.1713651822448,-38.0326682277268,-2.5));
#6252=CARTESIAN_POINT('',(18.215554541715,-30.0164100813102,-2.5));
#6253=CARTESIAN_POINT('Ctrl Pts',(10.1713651822448,-38.0326682277268,-2.5));
#6254=CARTESIAN_POINT('Ctrl Pts',(9.99762481893866,-37.9797907258511,-2.5));
#6255=CARTESIAN_POINT('Ctrl Pts',(9.82388445563258,-37.9420210816541,-2.5));
#6256=CARTESIAN_POINT('Ctrl Pts',(9.63503623464772,-37.9420210816541,-2.5));
#6257=CARTESIAN_POINT('Ctrl Pts',(8.6983490585628,-37.9420210816541,-2.5));
#6258=CARTESIAN_POINT('Ctrl Pts',(7.93540224578397,-38.7049678944329,-2.5));
#6259=CARTESIAN_POINT('Ctrl Pts',(7.93540224578397,-39.6416550705178,-2.5));
#6260=CARTESIAN_POINT('Ctrl Pts',(7.93540224578398,-40.5783422466028,-2.5));
#6261=CARTESIAN_POINT('Ctrl Pts',(8.6983490585628,-41.3412890593816,-2.5));
#6262=CARTESIAN_POINT('Ctrl Pts',(9.63503623464772,-41.3412890593816,-2.5));
#6263=CARTESIAN_POINT('Ctrl Pts',(10.5717234107326,-41.3412890593816,-2.5));
#6264=CARTESIAN_POINT('Ctrl Pts',(11.3346702235114,-40.5783422466027,-2.5));
#6265=CARTESIAN_POINT('Ctrl Pts',(11.3346702235115,-39.6416550705178,-2.5));
#6266=CARTESIAN_POINT('Ctrl Pts',(11.3346702235115,-39.452806849533,-2.5));
#6267=CARTESIAN_POINT('Ctrl Pts',(11.2893466504751,-39.2715125573875,-2.5));
#6268=CARTESIAN_POINT('Ctrl Pts',(11.2364691485994,-39.1053261229208,-2.5));
#6269=CARTESIAN_POINT('',(10.0656101784932,-25.2438667026319,-2.5));
#6270=CARTESIAN_POINT('',(7.61058330568999,-26.7546524705108,-2.5));
#6271=CARTESIAN_POINT('Ctrl Pts',(10.0656101784932,-25.2438667026319,-2.5));
#6272=CARTESIAN_POINT('Ctrl Pts',(10.0656101784932,-24.307179526547,-2.5));
#6273=CARTESIAN_POINT('Ctrl Pts',(9.30266336571437,-23.5442327137681,-2.5));
#6274=CARTESIAN_POINT('Ctrl Pts',(8.36597618962945,-23.5442327137681,-2.5));
#6275=CARTESIAN_POINT('Ctrl Pts',(7.42928901354454,-23.5442327137681,-2.5));
#6276=CARTESIAN_POINT('Ctrl Pts',(6.66634220076564,-24.307179526547,-2.5));
#6277=CARTESIAN_POINT('Ctrl Pts',(6.66634220076567,-25.2438667026319,-2.5));
#6278=CARTESIAN_POINT('Ctrl Pts',(6.6663422007657,-25.9086124404986,-2.5));
#6279=CARTESIAN_POINT('Ctrl Pts',(7.05159257157481,-26.4751571034532,-2.5));
#6280=CARTESIAN_POINT('Ctrl Pts',(7.61058330568999,-26.7546524705108,-2.5));
#6281=CARTESIAN_POINT('',(7.61058330569,-34.2783655945477,-2.5));
#6282=CARTESIAN_POINT('',(7.61058330568994,-13.3773262352554,-2.5));
#6283=CARTESIAN_POINT('',(5.32174286735346,-36.5747599617237,-2.5));
#6284=CARTESIAN_POINT('',(14.2837513581609,-27.583173885138,-2.5));
#6285=CARTESIAN_POINT('',(4.12822211072914,-36.5747599617237,-2.5));
#6286=CARTESIAN_POINT('',(2.66087143367647,-36.5747599617236,-2.5));
#6287=CARTESIAN_POINT('',(4.12822211072913,-38.0855457296025,-2.5));
#6288=CARTESIAN_POINT('Ctrl Pts',(4.12822211072914,-36.5747599617237,-2.5));
#6289=CARTESIAN_POINT('Ctrl Pts',(3.84872674367154,-36.0157692276085,-2.5));
#6290=CARTESIAN_POINT('Ctrl Pts',(3.28218208071693,-35.6305188567993,-2.5));
#6291=CARTESIAN_POINT('Ctrl Pts',(2.61743634285025,-35.6305188567993,-2.5));
#6292=CARTESIAN_POINT('Ctrl Pts',(1.68074916676534,-35.6305188567993,-2.5));
#6293=CARTESIAN_POINT('Ctrl Pts',(0.917802353986468,-36.3934656695782,-2.5));
#6294=CARTESIAN_POINT('Ctrl Pts',(0.917802353986468,-37.3301528456631,-2.5));
#6295=CARTESIAN_POINT('Ctrl Pts',(0.917802353986468,-38.266840021748,-2.5));
#6296=CARTESIAN_POINT('Ctrl Pts',(1.68074916676532,-39.0297868345269,-2.5));
#6297=CARTESIAN_POINT('Ctrl Pts',(2.61743634285024,-39.0297868345269,-2.5));
#6298=CARTESIAN_POINT('Ctrl Pts',(3.28218208071695,-39.0297868345269,-2.5));
#6299=CARTESIAN_POINT('Ctrl Pts',(3.84872674367153,-38.6445364637178,-2.5));
#6300=CARTESIAN_POINT('Ctrl Pts',(4.12822211072913,-38.0855457296025,-2.5));
#6301=CARTESIAN_POINT('',(5.94871896102322,-38.0855457296026,-2.5));
#6302=CARTESIAN_POINT('',(2.06411105536421,-38.0855457296025,-2.5));
#6303=CARTESIAN_POINT('',(9.12892300240832,-34.9053416882175,-2.5));
#6304=CARTESIAN_POINT('',(13.9829256531681,-30.0513390374577,-2.5));
#6305=CARTESIAN_POINT('',(9.12892300240829,-26.7546524705108,-2.5));
#6306=CARTESIAN_POINT('',(9.12892300240826,-17.4526708441087,-2.5));
#6307=CARTESIAN_POINT('',(10.0731641073326,-25.2438667026319,-2.5));
#6308=CARTESIAN_POINT('Ctrl Pts',(9.12892300240829,-26.7546524705108,-2.5));
#6309=CARTESIAN_POINT('Ctrl Pts',(9.68791373652349,-26.4751571034532,-2.5));
#6310=CARTESIAN_POINT('Ctrl Pts',(10.0731641073326,-25.9086124404986,-2.5));
#6311=CARTESIAN_POINT('Ctrl Pts',(10.0731641073326,-25.2438667026319,-2.5));
#6312=CARTESIAN_POINT('',(5.03658205363664,-25.24386670262,-2.5));
#6313=CARTESIAN_POINT('',(8.4258387388778,20.9557052428241,-2.5));
#6314=CARTESIAN_POINT('',(5.46813355783607,22.6376497751767,-2.5));
#6315=CARTESIAN_POINT('Ctrl Pts',(8.4258387388778,20.9557052428241,-2.5));
#6316=CARTESIAN_POINT('Ctrl Pts',(8.15123554992228,21.4648653223458,-2.5));
#6317=CARTESIAN_POINT('Ctrl Pts',(7.76221436556866,21.8767701057791,-2.5));
#6318=CARTESIAN_POINT('Ctrl Pts',(7.26449608558676,22.1799777935842,-2.5));
#6319=CARTESIAN_POINT('Ctrl Pts',(6.76677780560488,22.4831854813892,-2.5));
#6320=CARTESIAN_POINT('Ctrl Pts',(6.16608332976465,22.6376497751767,-2.5));
#6321=CARTESIAN_POINT('Ctrl Pts',(5.46813355783606,22.6376497751767,-2.5));
#6322=CARTESIAN_POINT('',(-0.241324412530837,22.6376497751767,-2.5));
#6323=CARTESIAN_POINT('',(2.73406677891805,22.6376497751767,-2.5));
#6324=CARTESIAN_POINT('',(-0.241324412530823,20.9328216437445,-2.5));
#6325=CARTESIAN_POINT('',(-0.241324412530748,11.3188248875883,-2.5));
#6326=CARTESIAN_POINT('',(5.13060047141154,20.9328216437445,-2.5));
#6327=CARTESIAN_POINT('',(-0.120662206265259,20.9328216437445,-2.5));
#6328=CARTESIAN_POINT('',(6.6924061085961,20.3264062681343,-2.5));
#6329=CARTESIAN_POINT('Ctrl Pts',(5.13060047141154,20.9328216437445,-2.5));
#6330=CARTESIAN_POINT('Ctrl Pts',(5.79422484472074,20.9328216437445,-2.5));
#6331=CARTESIAN_POINT('Ctrl Pts',(6.31482672378225,20.7325901517978,-2.5));
#6332=CARTESIAN_POINT('Ctrl Pts',(6.6924061085961,20.3264062681343,-2.5));
#6333=CARTESIAN_POINT('',(7.00133469617108,17.7062341735171,-2.5));
#6334=CARTESIAN_POINT('Ctrl Pts',(6.6924061085961,20.3264062681343,-2.5));
#6335=CARTESIAN_POINT('Ctrl Pts',(7.07570639317986,19.9202223844711,-2.5));
#6336=CARTESIAN_POINT('Ctrl Pts',(7.26449608558677,19.4225041044892,-2.5));
#6337=CARTESIAN_POINT('Ctrl Pts',(7.26449608558677,18.821809628649,-2.5));
#6338=CARTESIAN_POINT('Ctrl Pts',(7.26449608558677,18.4099048452157,-2.5));
#6339=CARTESIAN_POINT('Ctrl Pts',(7.17296168926824,18.0380463601717,-2.5));
#6340=CARTESIAN_POINT('Ctrl Pts',(7.00133469617108,17.7062341735171,-2.5));
#6341=CARTESIAN_POINT('',(5.14776317072131,16.6135423174649,-2.5));
#6342=CARTESIAN_POINT('Ctrl Pts',(7.00133469617108,17.7062341735171,-2.5));
#6343=CARTESIAN_POINT('Ctrl Pts',(6.82398680330394,17.3744219868624,-2.5));
#6344=CARTESIAN_POINT('Ctrl Pts',(6.57798811319797,17.1112605974468,-2.5));
#6345=CARTESIAN_POINT('Ctrl Pts',(6.269059525623,16.9110291055001,-2.5));
#6346=CARTESIAN_POINT('Ctrl Pts',(5.96013093804805,16.7107976135533,-2.5));
#6347=CARTESIAN_POINT('Ctrl Pts',(5.5825515532342,16.6135423174649,-2.5));
#6348=CARTESIAN_POINT('Ctrl Pts',(5.14776317072131,16.6135423174649,-2.5));
#6349=CARTESIAN_POINT('',(-0.241324412530814,16.613542317465,-2.5));
#6350=CARTESIAN_POINT('',(2.57388158536078,16.6135423174649,-2.5));
#6351=CARTESIAN_POINT('',(-0.241324412530823,14.9315977851123,-2.5));
#6352=CARTESIAN_POINT('',(-0.241324412530858,8.30677115873249,-2.5));
#6353=CARTESIAN_POINT('',(5.13060047141156,14.9315977851123,-2.5));
#6354=CARTESIAN_POINT('',(-0.120662206265373,14.9315977851123,-2.5));
#6355=CARTESIAN_POINT('',(6.69240610859608,14.3251824095022,-2.5));
#6356=CARTESIAN_POINT('Ctrl Pts',(5.13060047141156,14.9315977851123,-2.5));
#6357=CARTESIAN_POINT('Ctrl Pts',(5.79422484472075,14.9315977851123,-2.5));
#6358=CARTESIAN_POINT('Ctrl Pts',(6.31482672378224,14.7313662931656,-2.5));
#6359=CARTESIAN_POINT('Ctrl Pts',(6.69240610859609,14.3251824095022,-2.5));
#6360=CARTESIAN_POINT('',(7.00133469617108,11.6935685153452,-2.5));
#6361=CARTESIAN_POINT('Ctrl Pts',(6.69240610859608,14.3251824095022,-2.5));
#6362=CARTESIAN_POINT('Ctrl Pts',(7.07570639317988,13.9189985258389,-2.5));
#6363=CARTESIAN_POINT('Ctrl Pts',(7.26449608558671,13.4098384463172,-2.5));
#6364=CARTESIAN_POINT('Ctrl Pts',(7.26449608558675,12.7977021709371,-2.5));
#6365=CARTESIAN_POINT('Ctrl Pts',(7.26449608558677,12.3857973875038,-2.5));
#6366=CARTESIAN_POINT('Ctrl Pts',(7.17296168926826,12.0196598022298,-2.5));
#6367=CARTESIAN_POINT('Ctrl Pts',(7.00133469617108,11.6935685153452,-2.5));
#6368=CARTESIAN_POINT('',(6.26905952562302,10.9098052468679,-2.5));
#6369=CARTESIAN_POINT('Ctrl Pts',(7.00133469617108,11.6935685153452,-2.5));
#6370=CARTESIAN_POINT('Ctrl Pts',(6.82398680330397,11.3731981282304,-2.5));
#6371=CARTESIAN_POINT('Ctrl Pts',(6.58370901296786,11.1100367388146,-2.5));
#6372=CARTESIAN_POINT('Ctrl Pts',(6.26905952562301,10.9098052468679,-2.5));
#6373=CARTESIAN_POINT('',(5.14776317072128,10.6123184588328,-2.5));
#6374=CARTESIAN_POINT('Origin',(2.6024284215251,16.0046743332587,-2.5));
#6375=CARTESIAN_POINT('',(-0.241324412530828,10.6123184588328,-2.5));
#6376=CARTESIAN_POINT('',(2.57388158536066,10.6123184588328,-2.5));
#6377=CARTESIAN_POINT('',(-0.241324412530823,8.93037392648017,-2.5));
#6378=CARTESIAN_POINT('',(-0.241324412530814,5.30615922941639,-2.5));
#6379=CARTESIAN_POINT('',(8.64895382990419,8.9303739264802,-2.5));
#6380=CARTESIAN_POINT('',(-0.120662206265415,8.93037392648017,-2.5));
#6381=CARTESIAN_POINT('',(8.64895382990419,10.6123184588328,-2.5));
#6382=CARTESIAN_POINT('',(8.64895382990419,4.4651869632401,-2.5));
#6383=CARTESIAN_POINT('',(7.56770377339183,10.6123184588328,-2.5));
#6384=CARTESIAN_POINT('',(4.32447691495211,10.6123184588328,-2.5));
#6385=CARTESIAN_POINT('',(8.41439693933801,11.5677087204072,-2.5));
#6386=CARTESIAN_POINT('Ctrl Pts',(7.56770377339183,10.6123184588328,-2.5));
#6387=CARTESIAN_POINT('Ctrl Pts',(7.90523685981634,10.8754798482484,-2.5));
#6388=CARTESIAN_POINT('Ctrl Pts',(8.20272364785144,11.1786875360535,-2.5));
#6389=CARTESIAN_POINT('Ctrl Pts',(8.41439693933801,11.5677087204072,-2.5));
#6390=CARTESIAN_POINT('',(7.26449608558676,16.178753934952,-2.5));
#6391=CARTESIAN_POINT('Ctrl Pts',(8.41439693933801,11.5677087204072,-2.5));
#6392=CARTESIAN_POINT('Ctrl Pts',(8.69472102806342,12.0768687999288,-2.5));
#6393=CARTESIAN_POINT('Ctrl Pts',(8.83774352231112,12.6661214762293,-2.5));
#6394=CARTESIAN_POINT('Ctrl Pts',(8.83774352231112,13.2896995511491,-2.5));
#6395=CARTESIAN_POINT('Ctrl Pts',(8.83774352231112,13.9132776260689,-2.5));
#6396=CARTESIAN_POINT('Ctrl Pts',(8.70044192783336,14.4796467032898,-2.5));
#6397=CARTESIAN_POINT('Ctrl Pts',(8.42583873887783,14.9830858830416,-2.5));
#6398=CARTESIAN_POINT('Ctrl Pts',(8.1512355499223,15.4865250627933,-2.5));
#6399=CARTESIAN_POINT('Ctrl Pts',(7.76221436556863,15.8869880466868,-2.5));
#6400=CARTESIAN_POINT('Ctrl Pts',(7.26449608558676,16.178753934952,-2.5));
#6401=CARTESIAN_POINT('',(7.2187288874275,16.1959166342617,-2.5));
#6402=CARTESIAN_POINT('Ctrl Pts',(7.26449608558676,16.178753934952,-2.5));
#6403=CARTESIAN_POINT('Ctrl Pts',(7.25305428604697,16.1844748347219,-2.5));
#6404=CARTESIAN_POINT('Ctrl Pts',(7.23589158673724,16.1901957344918,-2.5));
#6405=CARTESIAN_POINT('Ctrl Pts',(7.2187288874275,16.1959166342617,-2.5));
#6406=CARTESIAN_POINT('',(7.25877518581686,16.2130793335714,-2.5));
#6407=CARTESIAN_POINT('Ctrl Pts',(7.2187288874275,16.1959166342617,-2.5));
#6408=CARTESIAN_POINT('Ctrl Pts',(7.2301706869673,16.2016375340316,-2.5));
#6409=CARTESIAN_POINT('Ctrl Pts',(7.24733338627706,16.2073584338015,-2.5));
#6410=CARTESIAN_POINT('Ctrl Pts',(7.25877518581684,16.2130793335715,-2.5));
#6411=CARTESIAN_POINT('',(8.43155963864774,20.9557052428242,-2.5));
#6412=CARTESIAN_POINT('Ctrl Pts',(7.25877518581686,16.2130793335714,-2.5));
#6413=CARTESIAN_POINT('Ctrl Pts',(7.75077256602887,16.5448915202261,-2.5));
#6414=CARTESIAN_POINT('Ctrl Pts',(8.13979375038248,16.9682381031991,-2.5));
#6415=CARTESIAN_POINT('Ctrl Pts',(8.42011783910789,17.4945608820305,-2.5));
#6416=CARTESIAN_POINT('Ctrl Pts',(8.70044192783335,18.020883660862,-2.5));
#6417=CARTESIAN_POINT('Ctrl Pts',(8.84346442208097,18.570090038773,-2.5));
#6418=CARTESIAN_POINT('Ctrl Pts',(8.84346442208099,19.2165517127725,-2.5));
#6419=CARTESIAN_POINT('Ctrl Pts',(8.84346442208102,19.8630133867719,-2.5));
#6420=CARTESIAN_POINT('Ctrl Pts',(8.70616282760326,20.4465451633025,-2.5));
#6421=CARTESIAN_POINT('Ctrl Pts',(8.43155963864774,20.9557052428242,-2.5));
#6422=CARTESIAN_POINT('',(4.21577981925882,20.955705242798,-2.5));
#6423=CARTESIAN_POINT('Origin',(-24.6100000000001,-29.8251600721661,15.));
#6424=CARTESIAN_POINT('',(-24.6100000000001,56.5758529874488,16.));
#6425=CARTESIAN_POINT('Origin',(-24.6100000000001,56.5758529874488,15.));
#6426=CARTESIAN_POINT('',(-24.61,-56.5758529874487,16.));
#6427=CARTESIAN_POINT('Origin',(-24.61,-56.5758529874487,15.));
#6428=CARTESIAN_POINT('',(-24.6100000000001,-29.8251600721661,16.));
#6429=CARTESIAN_POINT('Origin',(-29.61,-56.5758529874487,15.));
#6430=CARTESIAN_POINT('',(-27.26625,-60.9925073702933,16.));
#6431=CARTESIAN_POINT('Origin',(-27.26625,-60.9925073702933,15.));
#6432=CARTESIAN_POINT('Origin',(-29.61,-56.5758529874487,16.));
#6433=CARTESIAN_POINT('Origin',(-25.86,-63.6425,15.));
#6434=CARTESIAN_POINT('',(-23.2100073702933,-65.04875,16.));
#6435=CARTESIAN_POINT('Origin',(-23.2100073702933,-65.04875,15.));
#6436=CARTESIAN_POINT('Origin',(-25.86,-63.6425,16.));
#6437=CARTESIAN_POINT('Origin',(-18.7933529874487,-67.3925,15.));
#6438=CARTESIAN_POINT('',(-18.7933529874487,-62.3925,16.));
#6439=CARTESIAN_POINT('Origin',(-18.7933529874487,-62.3925,15.));
#6440=CARTESIAN_POINT('Origin',(-18.7933529874487,-67.3925,16.));
#6441=CARTESIAN_POINT('Origin',(10.9339100721661,-62.3925,15.));
#6442=CARTESIAN_POINT('',(18.7933529874488,-62.3925,16.));
#6443=CARTESIAN_POINT('Origin',(18.7933529874488,-62.3925,15.));
#6444=CARTESIAN_POINT('',(10.9339100721661,-62.3925,16.));
#6445=CARTESIAN_POINT('Origin',(18.7933529874488,-67.3925,15.));
#6446=CARTESIAN_POINT('',(23.2100073702934,-65.04875,16.));
#6447=CARTESIAN_POINT('Origin',(23.2100073702934,-65.04875,15.));
#6448=CARTESIAN_POINT('Origin',(18.7933529874488,-67.3925,16.));
#6449=CARTESIAN_POINT('Origin',(25.8600000000001,-63.6425,15.));
#6450=CARTESIAN_POINT('',(27.2662500000001,-60.9925073702932,16.));
#6451=CARTESIAN_POINT('Origin',(27.2662500000001,-60.9925073702932,15.));
#6452=CARTESIAN_POINT('Origin',(25.8600000000001,-63.6425,16.));
#6453=CARTESIAN_POINT('Origin',(29.6100000000001,-56.5758529874487,15.));
#6454=CARTESIAN_POINT('',(25.6100000000001,-56.5758529874487,15.));
#6455=CARTESIAN_POINT('',(24.6100000000001,-56.5758529874487,16.));
#6456=CARTESIAN_POINT('Origin',(24.6100000000001,-56.5758529874487,15.));
#6457=CARTESIAN_POINT('Origin',(29.6100000000001,-56.5758529874487,16.));
#6458=CARTESIAN_POINT('Origin',(29.6100000000001,-56.5758529874487,15.));
#6459=CARTESIAN_POINT('Origin',(24.6100000000001,29.8251600721661,15.));
#6460=CARTESIAN_POINT('',(25.6100000000001,56.5758529874487,15.));
#6461=CARTESIAN_POINT('',(24.6100000000001,56.5758529874487,16.));
#6462=CARTESIAN_POINT('Origin',(24.6100000000001,56.5758529874487,15.));
#6463=CARTESIAN_POINT('',(24.6100000000001,29.8251600721661,16.));
#6464=CARTESIAN_POINT('',(25.6100000000001,29.8251600721661,15.));
#6465=CARTESIAN_POINT('Origin',(29.6100000000001,56.5758529874487,15.));
#6466=CARTESIAN_POINT('',(27.7350000000001,60.1091764937243,15.));
#6467=CARTESIAN_POINT('',(27.2662500000001,60.9925073702932,16.));
#6468=CARTESIAN_POINT('Origin',(27.2662500000001,60.9925073702932,15.));
#6469=CARTESIAN_POINT('Origin',(29.6100000000001,56.5758529874487,16.));
#6470=CARTESIAN_POINT('Origin',(29.6100000000001,56.5758529874487,15.));
#6471=CARTESIAN_POINT('Origin',(25.8600000000001,63.6425,15.));
#6472=CARTESIAN_POINT('',(22.3266764937244,65.5175,15.));
#6473=CARTESIAN_POINT('',(23.2100073702933,65.04875,16.));
#6474=CARTESIAN_POINT('Origin',(23.2100073702933,65.04875,15.));
#6475=CARTESIAN_POINT('Origin',(25.8600000000001,63.6425,16.));
#6476=CARTESIAN_POINT('Origin',(25.8600000000001,63.6425,15.));
#6477=CARTESIAN_POINT('Origin',(18.7933529874488,67.3925,15.));
#6478=CARTESIAN_POINT('',(18.7933529874488,63.3924999999999,15.));
#6479=CARTESIAN_POINT('',(18.7933529874488,62.3925,16.));
#6480=CARTESIAN_POINT('Origin',(18.7933529874488,62.3925,15.));
#6481=CARTESIAN_POINT('Origin',(18.7933529874488,67.3925,16.));
#6482=CARTESIAN_POINT('Origin',(18.7933529874488,67.3925,15.));
#6483=CARTESIAN_POINT('Origin',(-10.9339100721661,62.3924999999999,15.));
#6484=CARTESIAN_POINT('',(-18.7933529874487,63.3924999999999,15.));
#6485=CARTESIAN_POINT('',(-18.7933529874487,62.3924999999999,16.));
#6486=CARTESIAN_POINT('Origin',(-18.7933529874487,62.3924999999999,15.));
#6487=CARTESIAN_POINT('',(-10.9339100721661,62.3924999999999,16.));
#6488=CARTESIAN_POINT('',(-10.9339100721661,63.3924999999999,15.));
#6489=CARTESIAN_POINT('Origin',(-18.7933529874487,67.3924999999999,15.));
#6490=CARTESIAN_POINT('',(-22.3266764937244,65.5175,15.));
#6491=CARTESIAN_POINT('',(-23.2100073702933,65.04875,16.));
#6492=CARTESIAN_POINT('Origin',(-23.2100073702933,65.04875,15.));
#6493=CARTESIAN_POINT('Origin',(-18.7933529874487,67.3924999999999,16.));
#6494=CARTESIAN_POINT('Origin',(-18.7933529874487,67.3924999999999,15.));
#6495=CARTESIAN_POINT('Origin',(-25.86,63.6425,15.));
#6496=CARTESIAN_POINT('',(-27.2662500000001,60.9925073702933,16.));
#6497=CARTESIAN_POINT('Origin',(-27.2662500000001,60.9925073702933,15.));
#6498=CARTESIAN_POINT('Origin',(-25.86,63.6425,16.));
#6499=CARTESIAN_POINT('Origin',(-25.86,63.6425,15.));
#6500=CARTESIAN_POINT('Origin',(-29.6100000000001,56.5758529874488,15.));
#6501=CARTESIAN_POINT('Origin',(-29.6100000000001,56.5758529874488,16.));
#6502=CARTESIAN_POINT('Origin',(29.6100000000001,-56.5758529874487,0.));
#6503=CARTESIAN_POINT('',(25.6100000000001,-56.5758529874487,0.));
#6504=CARTESIAN_POINT('Origin',(2.88657986402541E-14,0.,16.));
#6505=CARTESIAN_POINT('',(-23.36,-63.6425,16.));
#6506=CARTESIAN_POINT('Origin',(-25.86,-63.6425,16.));
#6507=CARTESIAN_POINT('',(28.3600000000001,63.6425,16.));
#6508=CARTESIAN_POINT('Origin',(25.8600000000001,63.6425,16.));
#6509=CARTESIAN_POINT('',(20.6100000000075,-20.,16.));
#6510=CARTESIAN_POINT('',(23.1100000000075,-20.,16.));
#6511=CARTESIAN_POINT('',(20.6100000000076,-54.3925000000227,16.));
#6512=CARTESIAN_POINT('',(20.6100000000075,58.3925000000227,16.));
#6513=CARTESIAN_POINT('',(16.6100000000076,-58.3925000000227,16.));
#6514=CARTESIAN_POINT('Origin',(16.6100000000076,-54.3925000000227,16.));
#6515=CARTESIAN_POINT('',(-16.6100000000076,-58.3925000000227,16.));
#6516=CARTESIAN_POINT('',(20.6100000000076,-58.3925000000227,16.));
#6517=CARTESIAN_POINT('',(-20.6100000000076,-54.3925000000227,16.));
#6518=CARTESIAN_POINT('Origin',(-16.6100000000076,-54.3925000000227,16.));
#6519=CARTESIAN_POINT('',(-20.6100000000076,-20.,16.));
#6520=CARTESIAN_POINT('',(-20.6100000000076,-58.3925000000227,16.));
#6521=CARTESIAN_POINT('',(-23.1100000000076,-20.,16.));
#6522=CARTESIAN_POINT('',(-20.6100000000076,-20.,16.));
#6523=CARTESIAN_POINT('',(-23.1100000000076,20.,16.));
#6524=CARTESIAN_POINT('',(-23.11,-60.8925,16.));
#6525=CARTESIAN_POINT('',(-20.6100000000076,20.,16.));
#6526=CARTESIAN_POINT('',(-23.1100000000076,20.,16.));
#6527=CARTESIAN_POINT('',(-20.6100000000076,54.3925000000227,16.));
#6528=CARTESIAN_POINT('',(-20.6100000000076,-58.3925000000227,16.));
#6529=CARTESIAN_POINT('',(-16.6100000000076,58.3925000000227,16.));
#6530=CARTESIAN_POINT('Origin',(-16.6100000000076,54.3925000000227,16.));
#6531=CARTESIAN_POINT('',(16.6100000000075,58.3925000000227,16.));
#6532=CARTESIAN_POINT('',(-20.6100000000076,58.3925000000227,16.));
#6533=CARTESIAN_POINT('',(20.6100000000075,54.3925000000227,16.));
#6534=CARTESIAN_POINT('Origin',(16.6100000000075,54.3925000000227,16.));
#6535=CARTESIAN_POINT('',(20.6100000000075,20.,16.));
#6536=CARTESIAN_POINT('',(20.6100000000075,58.3925000000227,16.));
#6537=CARTESIAN_POINT('',(20.6100000000075,20.,16.));
#6538=CARTESIAN_POINT('',(-23.36,63.6425,16.));
#6539=CARTESIAN_POINT('Origin',(-25.86,63.6425,16.));
#6540=CARTESIAN_POINT('',(28.3600000000001,-63.6425,16.));
#6541=CARTESIAN_POINT('Origin',(25.8600000000001,-63.6425,16.));
#6542=CARTESIAN_POINT('Origin',(-25.86,-63.6425,15.75));
#6543=CARTESIAN_POINT('',(-23.86,-63.6425,15.5));
#6544=CARTESIAN_POINT('',(-23.61,-63.6425,15.75));
#6545=CARTESIAN_POINT('',(-27.86,-63.6425,15.5));
#6546=CARTESIAN_POINT('Origin',(-25.86,-63.6425,15.5));
#6547=CARTESIAN_POINT('Origin',(-25.86,-63.6425,15.5));
#6548=CARTESIAN_POINT('Origin',(-25.86,-63.6425,16.));
#6549=CARTESIAN_POINT('',(-27.86,-63.6425,10.));
#6550=CARTESIAN_POINT('',(-27.86,-63.6425,16.));
#6551=CARTESIAN_POINT('Origin',(-25.86,-63.6425,10.));
#6552=CARTESIAN_POINT('Origin',(25.8600000000001,-63.6425,15.75));
#6553=CARTESIAN_POINT('',(27.8600000000001,-63.6425,15.5));
#6554=CARTESIAN_POINT('',(28.1100000000001,-63.6425,15.75));
#6555=CARTESIAN_POINT('',(23.8600000000001,-63.6425,15.5));
#6556=CARTESIAN_POINT('Origin',(25.8600000000001,-63.6425,15.5));
#6557=CARTESIAN_POINT('Origin',(25.8600000000001,-63.6425,15.5));
#6558=CARTESIAN_POINT('Origin',(25.8600000000001,-63.6425,16.));
#6559=CARTESIAN_POINT('',(23.8600000000001,-63.6425,10.));
#6560=CARTESIAN_POINT('',(23.8600000000001,-63.6425,16.));
#6561=CARTESIAN_POINT('Origin',(25.8600000000001,-63.6425,10.));
#6562=CARTESIAN_POINT('Origin',(25.8600000000001,63.6425,15.75));
#6563=CARTESIAN_POINT('',(27.8600000000001,63.6425,15.5));
#6564=CARTESIAN_POINT('',(28.1100000000001,63.6425,15.75));
#6565=CARTESIAN_POINT('',(23.8600000000001,63.6425,15.5));
#6566=CARTESIAN_POINT('Origin',(25.8600000000001,63.6425,15.5));
#6567=CARTESIAN_POINT('Origin',(25.8600000000001,63.6425,15.5));
#6568=CARTESIAN_POINT('Origin',(25.8600000000001,63.6425,16.));
#6569=CARTESIAN_POINT('',(23.8600000000001,63.6425,10.));
#6570=CARTESIAN_POINT('',(23.8600000000001,63.6425,16.));
#6571=CARTESIAN_POINT('Origin',(25.8600000000001,63.6425,10.));
#6572=CARTESIAN_POINT('Origin',(-25.86,63.6425,15.75));
#6573=CARTESIAN_POINT('',(-23.86,63.6425,15.5));
#6574=CARTESIAN_POINT('',(-23.61,63.6425,15.75));
#6575=CARTESIAN_POINT('',(-27.86,63.6425,15.5));
#6576=CARTESIAN_POINT('Origin',(-25.86,63.6425,15.5));
#6577=CARTESIAN_POINT('Origin',(-25.86,63.6425,15.5));
#6578=CARTESIAN_POINT('Origin',(-25.86,63.6425,16.));
#6579=CARTESIAN_POINT('',(-27.86,63.6425,10.));
#6580=CARTESIAN_POINT('',(-27.86,63.6425,16.));
#6581=CARTESIAN_POINT('Origin',(-25.86,63.6425,10.));
#6582=CARTESIAN_POINT('Origin',(11.555,-59.6425,12.25));
#6583=CARTESIAN_POINT('',(-20.61,-58.3925,13.5));
#6584=CARTESIAN_POINT('',(-23.11,-60.8925,11.));
#6585=CARTESIAN_POINT('',(-16.6100000000076,-58.3925000000227,13.5));
#6586=CARTESIAN_POINT('',(11.555,-58.3925,13.5));
#6587=CARTESIAN_POINT('',(16.6100000000076,-58.3925000000227,13.5));
#6588=CARTESIAN_POINT('',(20.6100000000076,-58.3925000000227,13.5));
#6589=CARTESIAN_POINT('',(11.555,-58.3925,13.5));
#6590=CARTESIAN_POINT('',(11.555,-60.8925,11.));
#6591=CARTESIAN_POINT('Origin',(-21.86,-50.669375,12.25));
#6592=CARTESIAN_POINT('',(-23.11,-20.,11.));
#6593=CARTESIAN_POINT('',(-23.11,-50.669375,11.));
#6594=CARTESIAN_POINT('',(-20.6100000000076,-20.,13.5));
#6595=CARTESIAN_POINT('',(-21.2350000000019,-20.,12.8749999999981));
#6596=CARTESIAN_POINT('',(-20.6100000000076,-54.3925000000227,13.5));
#6597=CARTESIAN_POINT('',(-20.6100000000076,-58.3925000000227,13.5));
#6598=CARTESIAN_POINT('',(-20.61,-50.669375,13.5));
#6599=CARTESIAN_POINT('Origin',(-2.22044604925031E-14,-40.44625,13.5));
#6600=CARTESIAN_POINT('Origin',(-16.6100000000076,-54.3925000000227,13.5));
#6601=CARTESIAN_POINT('Origin',(-2.22044604925031E-14,-40.44625,13.5));
#6602=CARTESIAN_POINT('Origin',(16.6100000000076,-54.3925000000227,13.5));
#6603=CARTESIAN_POINT('Origin',(-21.86,-10.223125,12.25));
#6604=CARTESIAN_POINT('',(-20.6100000000076,54.3925000000227,13.5));
#6605=CARTESIAN_POINT('',(-20.61,-10.223125,13.5));
#6606=CARTESIAN_POINT('',(-20.6100000000076,20.,13.5));
#6607=CARTESIAN_POINT('',(-20.6100000000076,-58.3925000000227,13.5));
#6608=CARTESIAN_POINT('',(-23.11,20.,11.));
#6609=CARTESIAN_POINT('',(-20.6100000000019,20.,13.4999999999981));
#6610=CARTESIAN_POINT('',(-23.11,-10.223125,11.));
#6611=CARTESIAN_POINT('Origin',(-3.10862446895044E-14,40.44625,13.5));
#6612=CARTESIAN_POINT('Origin',(-16.6100000000076,54.3925000000227,13.5));
#6613=CARTESIAN_POINT('Origin',(-23.11,-60.8925,0.));
#6614=CARTESIAN_POINT('',(-23.11,20.,8.));
#6615=CARTESIAN_POINT('',(-23.11,-20.,8.));
#6616=CARTESIAN_POINT('Origin',(-16.6100000000076,-54.3925000000227,16.));
#6617=CARTESIAN_POINT('',(-16.6100000000076,-58.3925000000227,16.));
#6618=CARTESIAN_POINT('',(-20.6100000000076,-54.3925000000227,16.));
#6619=CARTESIAN_POINT('Origin',(-20.6100000000076,-58.3925000000227,16.));
#6620=CARTESIAN_POINT('',(16.6100000000076,-58.3925000000227,16.));
#6621=CARTESIAN_POINT('Origin',(16.6100000000076,-54.3925000000227,16.));
#6622=CARTESIAN_POINT('',(20.6100000000076,-54.3925000000227,16.));
#6623=CARTESIAN_POINT('Origin',(20.6100000000076,-58.3925000000227,16.));
#6624=CARTESIAN_POINT('',(20.6100000000075,-20.,16.));
#6625=CARTESIAN_POINT('Origin',(16.6100000000075,54.3925000000227,16.));
#6626=CARTESIAN_POINT('',(16.6100000000075,58.3925000000227,16.));
#6627=CARTESIAN_POINT('Origin',(16.6100000000075,54.3925000000227,13.5));
#6628=CARTESIAN_POINT('',(20.6100000000075,54.3925000000227,16.));
#6629=CARTESIAN_POINT('Origin',(20.6100000000075,58.3925000000227,16.));
#6630=CARTESIAN_POINT('',(-16.6100000000076,58.3925000000227,16.));
#6631=CARTESIAN_POINT('Origin',(-16.6100000000076,54.3925000000227,16.));
#6632=CARTESIAN_POINT('',(-20.6100000000076,54.3925000000227,16.));
#6633=CARTESIAN_POINT('Origin',(-20.6100000000076,58.3925000000227,16.));
#6634=CARTESIAN_POINT('',(-20.6100000000076,20.,16.));
#6635=CARTESIAN_POINT('Origin',(25.6100000000001,59.6503201443322,0.));
#6636=CARTESIAN_POINT('',(25.6100000000001,56.5758529874487,0.));
#6637=CARTESIAN_POINT('Origin',(29.6100000000001,56.5758529874487,0.));
#6638=CARTESIAN_POINT('',(27.7350000000001,60.1091764937243,0.));
#6639=CARTESIAN_POINT('Origin',(25.8600000000001,63.6425,0.));
#6640=CARTESIAN_POINT('',(22.3266764937244,65.5175,0.));
#6641=CARTESIAN_POINT('Origin',(18.7933529874488,67.3925,0.));
#6642=CARTESIAN_POINT('',(18.7933529874488,63.3924999999999,0.));
#6643=CARTESIAN_POINT('Origin',(-21.8678201443322,63.3924999999999,0.));
#6644=CARTESIAN_POINT('',(-18.7933529874487,63.3924999999999,0.));
#6645=CARTESIAN_POINT('Origin',(-18.7933529874487,67.3924999999999,0.));
#6646=CARTESIAN_POINT('',(-22.3266764937244,65.5175,0.));
#6647=CARTESIAN_POINT('Origin',(-25.86,63.6425,0.));
#6648=CARTESIAN_POINT('Ctrl Pts',(8.4258387388778,20.9557052428241,-2.5));
#6649=CARTESIAN_POINT('Ctrl Pts',(8.4258387388778,20.9557052428241,-2.49));
#6650=CARTESIAN_POINT('Ctrl Pts',(8.15123554992228,21.4648653223458,-2.5));
#6651=CARTESIAN_POINT('Ctrl Pts',(8.15123554992228,21.4648653223458,-2.49));
#6652=CARTESIAN_POINT('Ctrl Pts',(7.76221436556866,21.8767701057791,-2.5));
#6653=CARTESIAN_POINT('Ctrl Pts',(7.76221436556866,21.8767701057791,-2.49));
#6654=CARTESIAN_POINT('Ctrl Pts',(7.26449608558676,22.1799777935842,-2.5));
#6655=CARTESIAN_POINT('Ctrl Pts',(7.26449608558676,22.1799777935842,-2.49));
#6656=CARTESIAN_POINT('Ctrl Pts',(6.76677780560488,22.4831854813892,-2.5));
#6657=CARTESIAN_POINT('Ctrl Pts',(6.76677780560488,22.4831854813892,-2.49));
#6658=CARTESIAN_POINT('Ctrl Pts',(6.16608332976465,22.6376497751767,-2.5));
#6659=CARTESIAN_POINT('Ctrl Pts',(6.16608332976465,22.6376497751767,-2.49));
#6660=CARTESIAN_POINT('Ctrl Pts',(5.46813355783606,22.6376497751767,-2.5));
#6661=CARTESIAN_POINT('Ctrl Pts',(5.46813355783606,22.6376497751767,-2.49));
#6662=CARTESIAN_POINT('',(8.4258387388778,20.9557052428241,-2.49));
#6663=CARTESIAN_POINT('',(8.4258387388778,20.9557052428241,-2.5));
#6664=CARTESIAN_POINT('',(5.46813355783607,22.6376497751767,-2.49));
#6665=CARTESIAN_POINT('Ctrl Pts',(8.4258387388778,20.9557052428241,-2.49));
#6666=CARTESIAN_POINT('Ctrl Pts',(8.15123554992228,21.4648653223458,-2.49));
#6667=CARTESIAN_POINT('Ctrl Pts',(7.76221436556866,21.8767701057791,-2.49));
#6668=CARTESIAN_POINT('Ctrl Pts',(7.26449608558676,22.1799777935842,-2.49));
#6669=CARTESIAN_POINT('Ctrl Pts',(6.76677780560488,22.4831854813892,-2.49));
#6670=CARTESIAN_POINT('Ctrl Pts',(6.16608332976465,22.6376497751767,-2.49));
#6671=CARTESIAN_POINT('Ctrl Pts',(5.46813355783606,22.6376497751767,-2.49));
#6672=CARTESIAN_POINT('',(5.46813355783607,22.6376497751767,-2.5));
#6673=CARTESIAN_POINT('Origin',(8.43155963864774,20.9557052428242,-2.5));
#6674=CARTESIAN_POINT('',(8.43155963864774,20.9557052428242,-2.49));
#6675=CARTESIAN_POINT('',(8.43155963864774,20.9557052428242,-2.5));
#6676=CARTESIAN_POINT('',(8.4258387388778,20.9557052428241,-2.49));
#6677=CARTESIAN_POINT('Ctrl Pts',(7.25877518581686,16.2130793335714,-2.5));
#6678=CARTESIAN_POINT('Ctrl Pts',(7.25877518581686,16.2130793335714,-2.49));
#6679=CARTESIAN_POINT('Ctrl Pts',(7.75077256602887,16.5448915202261,-2.5));
#6680=CARTESIAN_POINT('Ctrl Pts',(7.75077256602887,16.5448915202261,-2.49));
#6681=CARTESIAN_POINT('Ctrl Pts',(8.13979375038248,16.9682381031991,-2.5));
#6682=CARTESIAN_POINT('Ctrl Pts',(8.13979375038248,16.9682381031991,-2.49));
#6683=CARTESIAN_POINT('Ctrl Pts',(8.42011783910789,17.4945608820305,-2.5));
#6684=CARTESIAN_POINT('Ctrl Pts',(8.42011783910789,17.4945608820305,-2.49));
#6685=CARTESIAN_POINT('Ctrl Pts',(8.70044192783335,18.020883660862,-2.5));
#6686=CARTESIAN_POINT('Ctrl Pts',(8.70044192783335,18.020883660862,-2.49));
#6687=CARTESIAN_POINT('Ctrl Pts',(8.84346442208097,18.570090038773,-2.5));
#6688=CARTESIAN_POINT('Ctrl Pts',(8.84346442208097,18.570090038773,-2.49));
#6689=CARTESIAN_POINT('Ctrl Pts',(8.84346442208099,19.2165517127725,-2.5));
#6690=CARTESIAN_POINT('Ctrl Pts',(8.84346442208099,19.2165517127725,-2.49));
#6691=CARTESIAN_POINT('Ctrl Pts',(8.84346442208102,19.8630133867719,-2.5));
#6692=CARTESIAN_POINT('Ctrl Pts',(8.84346442208102,19.8630133867719,-2.49));
#6693=CARTESIAN_POINT('Ctrl Pts',(8.70616282760326,20.4465451633025,-2.5));
#6694=CARTESIAN_POINT('Ctrl Pts',(8.70616282760326,20.4465451633025,-2.49));
#6695=CARTESIAN_POINT('Ctrl Pts',(8.43155963864774,20.9557052428242,-2.5));
#6696=CARTESIAN_POINT('Ctrl Pts',(8.43155963864774,20.9557052428242,-2.49));
#6697=CARTESIAN_POINT('',(7.25877518581686,16.2130793335714,-2.49));
#6698=CARTESIAN_POINT('',(7.25877518581686,16.2130793335714,-2.5));
#6699=CARTESIAN_POINT('Ctrl Pts',(7.25877518581686,16.2130793335714,-2.49));
#6700=CARTESIAN_POINT('Ctrl Pts',(7.75077256602887,16.5448915202261,-2.49));
#6701=CARTESIAN_POINT('Ctrl Pts',(8.13979375038248,16.9682381031991,-2.49));
#6702=CARTESIAN_POINT('Ctrl Pts',(8.42011783910789,17.4945608820305,-2.49));
#6703=CARTESIAN_POINT('Ctrl Pts',(8.70044192783335,18.020883660862,-2.49));
#6704=CARTESIAN_POINT('Ctrl Pts',(8.84346442208097,18.570090038773,-2.49));
#6705=CARTESIAN_POINT('Ctrl Pts',(8.84346442208099,19.2165517127725,-2.49));
#6706=CARTESIAN_POINT('Ctrl Pts',(8.84346442208102,19.8630133867719,-2.49));
#6707=CARTESIAN_POINT('Ctrl Pts',(8.70616282760326,20.4465451633025,-2.49));
#6708=CARTESIAN_POINT('Ctrl Pts',(8.43155963864774,20.9557052428242,-2.49));
#6709=CARTESIAN_POINT('Ctrl Pts',(7.2187288874275,16.1959166342617,-2.5));
#6710=CARTESIAN_POINT('Ctrl Pts',(7.2187288874275,16.1959166342617,-2.49));
#6711=CARTESIAN_POINT('Ctrl Pts',(7.2301706869673,16.2016375340316,-2.5));
#6712=CARTESIAN_POINT('Ctrl Pts',(7.2301706869673,16.2016375340316,-2.49));
#6713=CARTESIAN_POINT('Ctrl Pts',(7.24733338627706,16.2073584338015,-2.5));
#6714=CARTESIAN_POINT('Ctrl Pts',(7.24733338627706,16.2073584338015,-2.49));
#6715=CARTESIAN_POINT('Ctrl Pts',(7.25877518581684,16.2130793335715,-2.5));
#6716=CARTESIAN_POINT('Ctrl Pts',(7.25877518581684,16.2130793335715,-2.49));
#6717=CARTESIAN_POINT('',(7.2187288874275,16.1959166342617,-2.49));
#6718=CARTESIAN_POINT('',(7.2187288874275,16.1959166342617,-2.5));
#6719=CARTESIAN_POINT('Ctrl Pts',(7.2187288874275,16.1959166342617,-2.49));
#6720=CARTESIAN_POINT('Ctrl Pts',(7.2301706869673,16.2016375340316,-2.49));
#6721=CARTESIAN_POINT('Ctrl Pts',(7.24733338627706,16.2073584338015,-2.49));
#6722=CARTESIAN_POINT('Ctrl Pts',(7.25877518581684,16.2130793335715,-2.49));
#6723=CARTESIAN_POINT('Ctrl Pts',(7.26449608558676,16.178753934952,-2.5));
#6724=CARTESIAN_POINT('Ctrl Pts',(7.26449608558676,16.178753934952,-2.49));
#6725=CARTESIAN_POINT('Ctrl Pts',(7.25305428604697,16.1844748347219,-2.5));
#6726=CARTESIAN_POINT('Ctrl Pts',(7.25305428604697,16.1844748347219,-2.49));
#6727=CARTESIAN_POINT('Ctrl Pts',(7.23589158673724,16.1901957344918,-2.5));
#6728=CARTESIAN_POINT('Ctrl Pts',(7.23589158673724,16.1901957344918,-2.49));
#6729=CARTESIAN_POINT('Ctrl Pts',(7.2187288874275,16.1959166342617,-2.5));
#6730=CARTESIAN_POINT('Ctrl Pts',(7.2187288874275,16.1959166342617,-2.49));
#6731=CARTESIAN_POINT('',(7.26449608558676,16.178753934952,-2.49));
#6732=CARTESIAN_POINT('',(7.26449608558676,16.178753934952,-2.5));
#6733=CARTESIAN_POINT('Ctrl Pts',(7.26449608558676,16.178753934952,-2.49));
#6734=CARTESIAN_POINT('Ctrl Pts',(7.25305428604697,16.1844748347219,-2.49));
#6735=CARTESIAN_POINT('Ctrl Pts',(7.23589158673724,16.1901957344918,-2.49));
#6736=CARTESIAN_POINT('Ctrl Pts',(7.2187288874275,16.1959166342617,-2.49));
#6737=CARTESIAN_POINT('Ctrl Pts',(8.41439693933801,11.5677087204072,-2.5));
#6738=CARTESIAN_POINT('Ctrl Pts',(8.41439693933801,11.5677087204072,-2.49));
#6739=CARTESIAN_POINT('Ctrl Pts',(8.69472102806342,12.0768687999288,-2.5));
#6740=CARTESIAN_POINT('Ctrl Pts',(8.69472102806342,12.0768687999288,-2.49));
#6741=CARTESIAN_POINT('Ctrl Pts',(8.83774352231112,12.6661214762293,-2.5));
#6742=CARTESIAN_POINT('Ctrl Pts',(8.83774352231112,12.6661214762293,-2.49));
#6743=CARTESIAN_POINT('Ctrl Pts',(8.83774352231112,13.2896995511491,-2.5));
#6744=CARTESIAN_POINT('Ctrl Pts',(8.83774352231112,13.2896995511491,-2.49));
#6745=CARTESIAN_POINT('Ctrl Pts',(8.83774352231112,13.9132776260689,-2.5));
#6746=CARTESIAN_POINT('Ctrl Pts',(8.83774352231112,13.9132776260689,-2.49));
#6747=CARTESIAN_POINT('Ctrl Pts',(8.70044192783336,14.4796467032898,-2.5));
#6748=CARTESIAN_POINT('Ctrl Pts',(8.70044192783336,14.4796467032898,-2.49));
#6749=CARTESIAN_POINT('Ctrl Pts',(8.42583873887783,14.9830858830416,-2.5));
#6750=CARTESIAN_POINT('Ctrl Pts',(8.42583873887783,14.9830858830416,-2.49));
#6751=CARTESIAN_POINT('Ctrl Pts',(8.1512355499223,15.4865250627933,-2.5));
#6752=CARTESIAN_POINT('Ctrl Pts',(8.1512355499223,15.4865250627933,-2.49));
#6753=CARTESIAN_POINT('Ctrl Pts',(7.76221436556863,15.8869880466868,-2.5));
#6754=CARTESIAN_POINT('Ctrl Pts',(7.76221436556863,15.8869880466868,-2.49));
#6755=CARTESIAN_POINT('Ctrl Pts',(7.26449608558676,16.178753934952,-2.5));
#6756=CARTESIAN_POINT('Ctrl Pts',(7.26449608558676,16.178753934952,-2.49));
#6757=CARTESIAN_POINT('',(8.41439693933801,11.5677087204072,-2.49));
#6758=CARTESIAN_POINT('',(8.41439693933801,11.5677087204072,-2.5));
#6759=CARTESIAN_POINT('Ctrl Pts',(8.41439693933801,11.5677087204072,-2.49));
#6760=CARTESIAN_POINT('Ctrl Pts',(8.69472102806342,12.0768687999288,-2.49));
#6761=CARTESIAN_POINT('Ctrl Pts',(8.83774352231112,12.6661214762293,-2.49));
#6762=CARTESIAN_POINT('Ctrl Pts',(8.83774352231112,13.2896995511491,-2.49));
#6763=CARTESIAN_POINT('Ctrl Pts',(8.83774352231112,13.9132776260689,-2.49));
#6764=CARTESIAN_POINT('Ctrl Pts',(8.70044192783336,14.4796467032898,-2.49));
#6765=CARTESIAN_POINT('Ctrl Pts',(8.42583873887783,14.9830858830416,-2.49));
#6766=CARTESIAN_POINT('Ctrl Pts',(8.1512355499223,15.4865250627933,-2.49));
#6767=CARTESIAN_POINT('Ctrl Pts',(7.76221436556863,15.8869880466868,-2.49));
#6768=CARTESIAN_POINT('Ctrl Pts',(7.26449608558676,16.178753934952,-2.49));
#6769=CARTESIAN_POINT('Ctrl Pts',(7.56770377339183,10.6123184588328,-2.5));
#6770=CARTESIAN_POINT('Ctrl Pts',(7.56770377339183,10.6123184588328,-2.49));
#6771=CARTESIAN_POINT('Ctrl Pts',(7.90523685981634,10.8754798482484,-2.5));
#6772=CARTESIAN_POINT('Ctrl Pts',(7.90523685981634,10.8754798482484,-2.49));
#6773=CARTESIAN_POINT('Ctrl Pts',(8.20272364785144,11.1786875360535,-2.5));
#6774=CARTESIAN_POINT('Ctrl Pts',(8.20272364785144,11.1786875360535,-2.49));
#6775=CARTESIAN_POINT('Ctrl Pts',(8.41439693933801,11.5677087204072,-2.5));
#6776=CARTESIAN_POINT('Ctrl Pts',(8.41439693933801,11.5677087204072,-2.49));
#6777=CARTESIAN_POINT('',(7.56770377339183,10.6123184588328,-2.49));
#6778=CARTESIAN_POINT('',(7.56770377339183,10.6123184588328,-2.5));
#6779=CARTESIAN_POINT('Ctrl Pts',(7.56770377339183,10.6123184588328,-2.49));
#6780=CARTESIAN_POINT('Ctrl Pts',(7.90523685981634,10.8754798482484,-2.49));
#6781=CARTESIAN_POINT('Ctrl Pts',(8.20272364785144,11.1786875360535,-2.49));
#6782=CARTESIAN_POINT('Ctrl Pts',(8.41439693933801,11.5677087204072,-2.49));
#6783=CARTESIAN_POINT('Origin',(8.64895382990419,10.6123184588328,-2.5));
#6784=CARTESIAN_POINT('',(8.64895382990419,10.6123184588328,-2.49));
#6785=CARTESIAN_POINT('',(8.64895382990419,10.6123184588328,-2.5));
#6786=CARTESIAN_POINT('',(7.56770377339183,10.6123184588328,-2.49));
#6787=CARTESIAN_POINT('Origin',(8.64895382990419,8.9303739264802,-2.5));
#6788=CARTESIAN_POINT('',(8.64895382990419,8.9303739264802,-2.49));
#6789=CARTESIAN_POINT('',(8.64895382990419,8.9303739264802,-2.5));
#6790=CARTESIAN_POINT('',(8.64895382990419,10.6123184588328,-2.49));
#6791=CARTESIAN_POINT('Origin',(-0.241324412530823,8.93037392648017,-2.5));
#6792=CARTESIAN_POINT('',(-0.241324412530823,8.93037392648017,-2.49));
#6793=CARTESIAN_POINT('',(-0.241324412530823,8.93037392648017,-2.5));
#6794=CARTESIAN_POINT('',(8.64895382990419,8.9303739264802,-2.49));
#6795=CARTESIAN_POINT('Origin',(-0.241324412530828,10.6123184588328,-2.5));
#6796=CARTESIAN_POINT('',(-0.241324412530828,10.6123184588328,-2.49));
#6797=CARTESIAN_POINT('',(-0.241324412530828,10.6123184588328,-2.5));
#6798=CARTESIAN_POINT('',(-0.241324412530823,8.93037392648017,-2.49));
#6799=CARTESIAN_POINT('Origin',(5.14776317072128,10.6123184588328,-2.5));
#6800=CARTESIAN_POINT('',(5.14776317072128,10.6123184588328,-2.49));
#6801=CARTESIAN_POINT('',(5.14776317072128,10.6123184588328,-2.5));
#6802=CARTESIAN_POINT('',(-0.241324412530828,10.6123184588328,-2.49));
#6803=CARTESIAN_POINT('Ctrl Pts',(5.14776317072128,10.6123184588328,-2.5));
#6804=CARTESIAN_POINT('Ctrl Pts',(5.79652683006923,10.6123026833685,-2.5));
#6805=CARTESIAN_POINT('Ctrl Pts',(6.26905952562302,10.9098052468679,-2.5));
#6806=CARTESIAN_POINT('Ctrl Pts',(5.14776317072128,10.6123184588328,-2.49));
#6807=CARTESIAN_POINT('Ctrl Pts',(5.79652683006923,10.6123026833685,-2.49));
#6808=CARTESIAN_POINT('Ctrl Pts',(6.26905952562302,10.9098052468679,-2.49));
#6809=CARTESIAN_POINT('',(6.26905952562302,10.9098052468679,-2.49));
#6810=CARTESIAN_POINT('',(6.26905952562302,10.9098052468679,-2.5));
#6811=CARTESIAN_POINT('Origin',(2.6024284215251,16.0046743332587,-2.49));
#6812=CARTESIAN_POINT('Ctrl Pts',(7.00133469617108,11.6935685153452,-2.5));
#6813=CARTESIAN_POINT('Ctrl Pts',(7.00133469617108,11.6935685153452,-2.49));
#6814=CARTESIAN_POINT('Ctrl Pts',(6.82398680330397,11.3731981282304,-2.5));
#6815=CARTESIAN_POINT('Ctrl Pts',(6.82398680330397,11.3731981282304,-2.49));
#6816=CARTESIAN_POINT('Ctrl Pts',(6.58370901296786,11.1100367388146,-2.5));
#6817=CARTESIAN_POINT('Ctrl Pts',(6.58370901296786,11.1100367388146,-2.49));
#6818=CARTESIAN_POINT('Ctrl Pts',(6.26905952562301,10.9098052468679,-2.5));
#6819=CARTESIAN_POINT('Ctrl Pts',(6.26905952562301,10.9098052468679,-2.49));
#6820=CARTESIAN_POINT('',(7.00133469617108,11.6935685153452,-2.49));
#6821=CARTESIAN_POINT('',(7.00133469617108,11.6935685153452,-2.5));
#6822=CARTESIAN_POINT('Ctrl Pts',(7.00133469617108,11.6935685153452,-2.49));
#6823=CARTESIAN_POINT('Ctrl Pts',(6.82398680330397,11.3731981282304,-2.49));
#6824=CARTESIAN_POINT('Ctrl Pts',(6.58370901296786,11.1100367388146,-2.49));
#6825=CARTESIAN_POINT('Ctrl Pts',(6.26905952562301,10.9098052468679,-2.49));
#6826=CARTESIAN_POINT('Ctrl Pts',(6.69240610859608,14.3251824095022,-2.5));
#6827=CARTESIAN_POINT('Ctrl Pts',(6.69240610859608,14.3251824095022,-2.49));
#6828=CARTESIAN_POINT('Ctrl Pts',(7.07570639317988,13.9189985258389,-2.5));
#6829=CARTESIAN_POINT('Ctrl Pts',(7.07570639317988,13.9189985258389,-2.49));
#6830=CARTESIAN_POINT('Ctrl Pts',(7.26449608558671,13.4098384463172,-2.5));
#6831=CARTESIAN_POINT('Ctrl Pts',(7.26449608558671,13.4098384463172,-2.49));
#6832=CARTESIAN_POINT('Ctrl Pts',(7.26449608558675,12.7977021709371,-2.5));
#6833=CARTESIAN_POINT('Ctrl Pts',(7.26449608558675,12.7977021709371,-2.49));
#6834=CARTESIAN_POINT('Ctrl Pts',(7.26449608558677,12.3857973875038,-2.5));
#6835=CARTESIAN_POINT('Ctrl Pts',(7.26449608558677,12.3857973875038,-2.49));
#6836=CARTESIAN_POINT('Ctrl Pts',(7.17296168926826,12.0196598022298,-2.5));
#6837=CARTESIAN_POINT('Ctrl Pts',(7.17296168926826,12.0196598022298,-2.49));
#6838=CARTESIAN_POINT('Ctrl Pts',(7.00133469617108,11.6935685153452,-2.5));
#6839=CARTESIAN_POINT('Ctrl Pts',(7.00133469617108,11.6935685153452,-2.49));
#6840=CARTESIAN_POINT('',(6.69240610859608,14.3251824095022,-2.49));
#6841=CARTESIAN_POINT('',(6.69240610859608,14.3251824095022,-2.5));
#6842=CARTESIAN_POINT('Ctrl Pts',(6.69240610859608,14.3251824095022,-2.49));
#6843=CARTESIAN_POINT('Ctrl Pts',(7.07570639317988,13.9189985258389,-2.49));
#6844=CARTESIAN_POINT('Ctrl Pts',(7.26449608558671,13.4098384463172,-2.49));
#6845=CARTESIAN_POINT('Ctrl Pts',(7.26449608558675,12.7977021709371,-2.49));
#6846=CARTESIAN_POINT('Ctrl Pts',(7.26449608558677,12.3857973875038,-2.49));
#6847=CARTESIAN_POINT('Ctrl Pts',(7.17296168926826,12.0196598022298,-2.49));
#6848=CARTESIAN_POINT('Ctrl Pts',(7.00133469617108,11.6935685153452,-2.49));
#6849=CARTESIAN_POINT('Ctrl Pts',(5.13060047141156,14.9315977851123,-2.5));
#6850=CARTESIAN_POINT('Ctrl Pts',(5.13060047141156,14.9315977851123,-2.49));
#6851=CARTESIAN_POINT('Ctrl Pts',(5.79422484472075,14.9315977851123,-2.5));
#6852=CARTESIAN_POINT('Ctrl Pts',(5.79422484472075,14.9315977851123,-2.49));
#6853=CARTESIAN_POINT('Ctrl Pts',(6.31482672378224,14.7313662931656,-2.5));
#6854=CARTESIAN_POINT('Ctrl Pts',(6.31482672378224,14.7313662931656,-2.49));
#6855=CARTESIAN_POINT('Ctrl Pts',(6.69240610859609,14.3251824095022,-2.5));
#6856=CARTESIAN_POINT('Ctrl Pts',(6.69240610859609,14.3251824095022,-2.49));
#6857=CARTESIAN_POINT('',(5.13060047141156,14.9315977851123,-2.49));
#6858=CARTESIAN_POINT('',(5.13060047141156,14.9315977851123,-2.5));
#6859=CARTESIAN_POINT('Ctrl Pts',(5.13060047141156,14.9315977851123,-2.49));
#6860=CARTESIAN_POINT('Ctrl Pts',(5.79422484472075,14.9315977851123,-2.49));
#6861=CARTESIAN_POINT('Ctrl Pts',(6.31482672378224,14.7313662931656,-2.49));
#6862=CARTESIAN_POINT('Ctrl Pts',(6.69240610859609,14.3251824095022,-2.49));
#6863=CARTESIAN_POINT('Origin',(-0.241324412530823,14.9315977851123,-2.5));
#6864=CARTESIAN_POINT('',(-0.241324412530823,14.9315977851123,-2.49));
#6865=CARTESIAN_POINT('',(-0.241324412530823,14.9315977851123,-2.5));
#6866=CARTESIAN_POINT('',(5.13060047141157,14.9315977851123,-2.49));
#6867=CARTESIAN_POINT('Origin',(-0.241324412530814,16.613542317465,-2.5));
#6868=CARTESIAN_POINT('',(-0.241324412530814,16.613542317465,-2.49));
#6869=CARTESIAN_POINT('',(-0.241324412530814,16.613542317465,-2.5));
#6870=CARTESIAN_POINT('',(-0.241324412530823,14.9315977851123,-2.49));
#6871=CARTESIAN_POINT('Origin',(5.14776317072131,16.6135423174649,-2.5));
#6872=CARTESIAN_POINT('',(5.14776317072131,16.6135423174649,-2.49));
#6873=CARTESIAN_POINT('',(5.14776317072131,16.6135423174649,-2.5));
#6874=CARTESIAN_POINT('',(-0.241324412530814,16.613542317465,-2.49));
#6875=CARTESIAN_POINT('Ctrl Pts',(7.00133469617108,17.7062341735171,-2.5));
#6876=CARTESIAN_POINT('Ctrl Pts',(7.00133469617108,17.7062341735171,-2.49));
#6877=CARTESIAN_POINT('Ctrl Pts',(6.82398680330394,17.3744219868624,-2.5));
#6878=CARTESIAN_POINT('Ctrl Pts',(6.82398680330394,17.3744219868624,-2.49));
#6879=CARTESIAN_POINT('Ctrl Pts',(6.57798811319797,17.1112605974468,-2.5));
#6880=CARTESIAN_POINT('Ctrl Pts',(6.57798811319797,17.1112605974468,-2.49));
#6881=CARTESIAN_POINT('Ctrl Pts',(6.269059525623,16.9110291055001,-2.5));
#6882=CARTESIAN_POINT('Ctrl Pts',(6.269059525623,16.9110291055001,-2.49));
#6883=CARTESIAN_POINT('Ctrl Pts',(5.96013093804805,16.7107976135533,-2.5));
#6884=CARTESIAN_POINT('Ctrl Pts',(5.96013093804805,16.7107976135533,-2.49));
#6885=CARTESIAN_POINT('Ctrl Pts',(5.5825515532342,16.6135423174649,-2.5));
#6886=CARTESIAN_POINT('Ctrl Pts',(5.5825515532342,16.6135423174649,-2.49));
#6887=CARTESIAN_POINT('Ctrl Pts',(5.14776317072131,16.6135423174649,-2.5));
#6888=CARTESIAN_POINT('Ctrl Pts',(5.14776317072131,16.6135423174649,-2.49));
#6889=CARTESIAN_POINT('',(7.00133469617108,17.7062341735171,-2.49));
#6890=CARTESIAN_POINT('',(7.00133469617108,17.7062341735171,-2.5));
#6891=CARTESIAN_POINT('Ctrl Pts',(7.00133469617108,17.7062341735171,-2.49));
#6892=CARTESIAN_POINT('Ctrl Pts',(6.82398680330394,17.3744219868624,-2.49));
#6893=CARTESIAN_POINT('Ctrl Pts',(6.57798811319797,17.1112605974468,-2.49));
#6894=CARTESIAN_POINT('Ctrl Pts',(6.269059525623,16.9110291055001,-2.49));
#6895=CARTESIAN_POINT('Ctrl Pts',(5.96013093804805,16.7107976135533,-2.49));
#6896=CARTESIAN_POINT('Ctrl Pts',(5.5825515532342,16.6135423174649,-2.49));
#6897=CARTESIAN_POINT('Ctrl Pts',(5.14776317072131,16.6135423174649,-2.49));
#6898=CARTESIAN_POINT('Ctrl Pts',(6.6924061085961,20.3264062681343,-2.5));
#6899=CARTESIAN_POINT('Ctrl Pts',(6.6924061085961,20.3264062681343,-2.49));
#6900=CARTESIAN_POINT('Ctrl Pts',(7.07570639317986,19.9202223844711,-2.5));
#6901=CARTESIAN_POINT('Ctrl Pts',(7.07570639317986,19.9202223844711,-2.49));
#6902=CARTESIAN_POINT('Ctrl Pts',(7.26449608558677,19.4225041044892,-2.5));
#6903=CARTESIAN_POINT('Ctrl Pts',(7.26449608558677,19.4225041044892,-2.49));
#6904=CARTESIAN_POINT('Ctrl Pts',(7.26449608558677,18.821809628649,-2.5));
#6905=CARTESIAN_POINT('Ctrl Pts',(7.26449608558677,18.821809628649,-2.49));
#6906=CARTESIAN_POINT('Ctrl Pts',(7.26449608558677,18.4099048452157,-2.5));
#6907=CARTESIAN_POINT('Ctrl Pts',(7.26449608558677,18.4099048452157,-2.49));
#6908=CARTESIAN_POINT('Ctrl Pts',(7.17296168926824,18.0380463601717,-2.5));
#6909=CARTESIAN_POINT('Ctrl Pts',(7.17296168926824,18.0380463601717,-2.49));
#6910=CARTESIAN_POINT('Ctrl Pts',(7.00133469617108,17.7062341735171,-2.5));
#6911=CARTESIAN_POINT('Ctrl Pts',(7.00133469617108,17.7062341735171,-2.49));
#6912=CARTESIAN_POINT('',(6.6924061085961,20.3264062681343,-2.49));
#6913=CARTESIAN_POINT('',(6.6924061085961,20.3264062681343,-2.5));
#6914=CARTESIAN_POINT('Ctrl Pts',(6.6924061085961,20.3264062681343,-2.49));
#6915=CARTESIAN_POINT('Ctrl Pts',(7.07570639317986,19.9202223844711,-2.49));
#6916=CARTESIAN_POINT('Ctrl Pts',(7.26449608558677,19.4225041044892,-2.49));
#6917=CARTESIAN_POINT('Ctrl Pts',(7.26449608558677,18.821809628649,-2.49));
#6918=CARTESIAN_POINT('Ctrl Pts',(7.26449608558677,18.4099048452157,-2.49));
#6919=CARTESIAN_POINT('Ctrl Pts',(7.17296168926824,18.0380463601717,-2.49));
#6920=CARTESIAN_POINT('Ctrl Pts',(7.00133469617108,17.7062341735171,-2.49));
#6921=CARTESIAN_POINT('Ctrl Pts',(5.13060047141154,20.9328216437445,-2.5));
#6922=CARTESIAN_POINT('Ctrl Pts',(5.13060047141154,20.9328216437445,-2.49));
#6923=CARTESIAN_POINT('Ctrl Pts',(5.79422484472074,20.9328216437445,-2.5));
#6924=CARTESIAN_POINT('Ctrl Pts',(5.79422484472074,20.9328216437445,-2.49));
#6925=CARTESIAN_POINT('Ctrl Pts',(6.31482672378225,20.7325901517978,-2.5));
#6926=CARTESIAN_POINT('Ctrl Pts',(6.31482672378225,20.7325901517978,-2.49));
#6927=CARTESIAN_POINT('Ctrl Pts',(6.6924061085961,20.3264062681343,-2.5));
#6928=CARTESIAN_POINT('Ctrl Pts',(6.6924061085961,20.3264062681343,-2.49));
#6929=CARTESIAN_POINT('',(5.13060047141154,20.9328216437445,-2.49));
#6930=CARTESIAN_POINT('',(5.13060047141154,20.9328216437445,-2.5));
#6931=CARTESIAN_POINT('Ctrl Pts',(5.13060047141154,20.9328216437445,-2.49));
#6932=CARTESIAN_POINT('Ctrl Pts',(5.79422484472074,20.9328216437445,-2.49));
#6933=CARTESIAN_POINT('Ctrl Pts',(6.31482672378225,20.7325901517978,-2.49));
#6934=CARTESIAN_POINT('Ctrl Pts',(6.6924061085961,20.3264062681343,-2.49));
#6935=CARTESIAN_POINT('Origin',(-0.241324412530823,20.9328216437445,-2.5));
#6936=CARTESIAN_POINT('',(-0.241324412530823,20.9328216437445,-2.49));
#6937=CARTESIAN_POINT('',(-0.241324412530823,20.9328216437445,-2.5));
#6938=CARTESIAN_POINT('',(5.13060047141155,20.9328216437445,-2.49));
#6939=CARTESIAN_POINT('Origin',(-0.241324412530837,22.6376497751767,-2.5));
#6940=CARTESIAN_POINT('',(-0.241324412530837,22.6376497751767,-2.49));
#6941=CARTESIAN_POINT('',(-0.241324412530837,22.6376497751767,-2.5));
#6942=CARTESIAN_POINT('',(-0.241324412530823,20.9328216437445,-2.49));
#6943=CARTESIAN_POINT('Origin',(5.46813355783607,22.6376497751767,-2.5));
#6944=CARTESIAN_POINT('',(-0.241324412530837,22.6376497751767,-2.49));
#6945=CARTESIAN_POINT('Origin',(4.30107000477509,15.7840118508284,-2.49));
#6946=CARTESIAN_POINT('Ctrl Pts',(10.0656101784932,-25.2438667026319,-2.5));
#6947=CARTESIAN_POINT('Ctrl Pts',(10.0656101784932,-25.2438667026319,-2.49));
#6948=CARTESIAN_POINT('Ctrl Pts',(10.0656101784932,-24.307179526547,-2.5));
#6949=CARTESIAN_POINT('Ctrl Pts',(10.0656101784932,-24.307179526547,-2.49));
#6950=CARTESIAN_POINT('Ctrl Pts',(9.30266336571437,-23.5442327137681,-2.5));
#6951=CARTESIAN_POINT('Ctrl Pts',(9.30266336571437,-23.5442327137681,-2.49));
#6952=CARTESIAN_POINT('Ctrl Pts',(8.36597618962945,-23.5442327137681,-2.5));
#6953=CARTESIAN_POINT('Ctrl Pts',(8.36597618962945,-23.5442327137681,-2.49));
#6954=CARTESIAN_POINT('Ctrl Pts',(7.42928901354454,-23.5442327137681,-2.5));
#6955=CARTESIAN_POINT('Ctrl Pts',(7.42928901354454,-23.5442327137681,-2.49));
#6956=CARTESIAN_POINT('Ctrl Pts',(6.66634220076564,-24.307179526547,-2.5));
#6957=CARTESIAN_POINT('Ctrl Pts',(6.66634220076564,-24.307179526547,-2.49));
#6958=CARTESIAN_POINT('Ctrl Pts',(6.66634220076567,-25.2438667026319,-2.5));
#6959=CARTESIAN_POINT('Ctrl Pts',(6.66634220076567,-25.2438667026319,-2.49));
#6960=CARTESIAN_POINT('Ctrl Pts',(6.6663422007657,-25.9086124404986,-2.5));
#6961=CARTESIAN_POINT('Ctrl Pts',(6.6663422007657,-25.9086124404986,-2.49));
#6962=CARTESIAN_POINT('Ctrl Pts',(7.05159257157481,-26.4751571034532,-2.5));
#6963=CARTESIAN_POINT('Ctrl Pts',(7.05159257157481,-26.4751571034532,-2.49));
#6964=CARTESIAN_POINT('Ctrl Pts',(7.61058330568999,-26.7546524705108,-2.5));
#6965=CARTESIAN_POINT('Ctrl Pts',(7.61058330568999,-26.7546524705108,-2.49));
#6966=CARTESIAN_POINT('',(10.0656101784932,-25.2438667026319,-2.49));
#6967=CARTESIAN_POINT('',(10.0656101784932,-25.2438667026319,-2.5));
#6968=CARTESIAN_POINT('',(7.61058330568999,-26.7546524705108,-2.49));
#6969=CARTESIAN_POINT('Ctrl Pts',(10.0656101784932,-25.2438667026319,-2.49));
#6970=CARTESIAN_POINT('Ctrl Pts',(10.0656101784932,-24.307179526547,-2.49));
#6971=CARTESIAN_POINT('Ctrl Pts',(9.30266336571437,-23.5442327137681,-2.49));
#6972=CARTESIAN_POINT('Ctrl Pts',(8.36597618962945,-23.5442327137681,-2.49));
#6973=CARTESIAN_POINT('Ctrl Pts',(7.42928901354454,-23.5442327137681,-2.49));
#6974=CARTESIAN_POINT('Ctrl Pts',(6.66634220076564,-24.307179526547,-2.49));
#6975=CARTESIAN_POINT('Ctrl Pts',(6.66634220076567,-25.2438667026319,-2.49));
#6976=CARTESIAN_POINT('Ctrl Pts',(6.6663422007657,-25.9086124404986,-2.49));
#6977=CARTESIAN_POINT('Ctrl Pts',(7.05159257157481,-26.4751571034532,-2.49));
#6978=CARTESIAN_POINT('Ctrl Pts',(7.61058330568999,-26.7546524705108,-2.49));
#6979=CARTESIAN_POINT('',(7.61058330568999,-26.7546524705108,-2.5));
#6980=CARTESIAN_POINT('Origin',(10.0731641073326,-25.2438667026319,-2.5));
#6981=CARTESIAN_POINT('',(10.0731641073326,-25.2438667026319,-2.49));
#6982=CARTESIAN_POINT('',(10.0731641073326,-25.2438667026319,-2.5));
#6983=CARTESIAN_POINT('',(10.0656101784932,-25.2438667026319,-2.49));
#6984=CARTESIAN_POINT('Ctrl Pts',(9.12892300240829,-26.7546524705108,-2.5));
#6985=CARTESIAN_POINT('Ctrl Pts',(9.12892300240829,-26.7546524705108,-2.49));
#6986=CARTESIAN_POINT('Ctrl Pts',(9.68791373652349,-26.4751571034532,-2.5));
#6987=CARTESIAN_POINT('Ctrl Pts',(9.68791373652349,-26.4751571034532,-2.49));
#6988=CARTESIAN_POINT('Ctrl Pts',(10.0731641073326,-25.9086124404986,-2.5));
#6989=CARTESIAN_POINT('Ctrl Pts',(10.0731641073326,-25.9086124404986,-2.49));
#6990=CARTESIAN_POINT('Ctrl Pts',(10.0731641073326,-25.2438667026319,-2.5));
#6991=CARTESIAN_POINT('Ctrl Pts',(10.0731641073326,-25.2438667026319,-2.49));
#6992=CARTESIAN_POINT('',(9.12892300240829,-26.7546524705108,-2.49));
#6993=CARTESIAN_POINT('',(9.12892300240829,-26.7546524705108,-2.5));
#6994=CARTESIAN_POINT('Ctrl Pts',(9.12892300240829,-26.7546524705108,-2.49));
#6995=CARTESIAN_POINT('Ctrl Pts',(9.68791373652349,-26.4751571034532,-2.49));
#6996=CARTESIAN_POINT('Ctrl Pts',(10.0731641073326,-25.9086124404986,-2.49));
#6997=CARTESIAN_POINT('Ctrl Pts',(10.0731641073326,-25.2438667026319,-2.49));
#6998=CARTESIAN_POINT('Origin',(9.12892300240832,-34.9053416882175,-2.5));
#6999=CARTESIAN_POINT('',(9.12892300240832,-34.9053416882175,-2.49));
#7000=CARTESIAN_POINT('',(9.12892300240832,-34.9053416882175,-2.5));
#7001=CARTESIAN_POINT('',(9.12892300240829,-26.7546524705108,-2.49));
#7002=CARTESIAN_POINT('Origin',(5.94871896102322,-38.0855457296026,-2.5));
#7003=CARTESIAN_POINT('',(5.94871896102322,-38.0855457296026,-2.49));
#7004=CARTESIAN_POINT('',(5.94871896102322,-38.0855457296026,-2.5));
#7005=CARTESIAN_POINT('',(9.12892300240831,-34.9053416882175,-2.49));
#7006=CARTESIAN_POINT('Origin',(4.12822211072913,-38.0855457296025,-2.5));
#7007=CARTESIAN_POINT('',(4.12822211072913,-38.0855457296025,-2.49));
#7008=CARTESIAN_POINT('',(4.12822211072913,-38.0855457296025,-2.5));
#7009=CARTESIAN_POINT('',(5.94871896102321,-38.0855457296026,-2.49));
#7010=CARTESIAN_POINT('Ctrl Pts',(4.12822211072914,-36.5747599617237,-2.5));
#7011=CARTESIAN_POINT('Ctrl Pts',(4.12822211072914,-36.5747599617237,-2.49));
#7012=CARTESIAN_POINT('Ctrl Pts',(3.84872674367154,-36.0157692276085,-2.5));
#7013=CARTESIAN_POINT('Ctrl Pts',(3.84872674367154,-36.0157692276085,-2.49));
#7014=CARTESIAN_POINT('Ctrl Pts',(3.28218208071693,-35.6305188567993,-2.5));
#7015=CARTESIAN_POINT('Ctrl Pts',(3.28218208071693,-35.6305188567993,-2.49));
#7016=CARTESIAN_POINT('Ctrl Pts',(2.61743634285025,-35.6305188567993,-2.5));
#7017=CARTESIAN_POINT('Ctrl Pts',(2.61743634285025,-35.6305188567993,-2.49));
#7018=CARTESIAN_POINT('Ctrl Pts',(1.68074916676534,-35.6305188567993,-2.5));
#7019=CARTESIAN_POINT('Ctrl Pts',(1.68074916676534,-35.6305188567993,-2.49));
#7020=CARTESIAN_POINT('Ctrl Pts',(0.917802353986468,-36.3934656695782,-2.5));
#7021=CARTESIAN_POINT('Ctrl Pts',(0.917802353986468,-36.3934656695782,-2.49));
#7022=CARTESIAN_POINT('Ctrl Pts',(0.917802353986468,-37.3301528456631,-2.5));
#7023=CARTESIAN_POINT('Ctrl Pts',(0.917802353986468,-37.3301528456631,-2.49));
#7024=CARTESIAN_POINT('Ctrl Pts',(0.917802353986468,-38.266840021748,-2.5));
#7025=CARTESIAN_POINT('Ctrl Pts',(0.917802353986468,-38.266840021748,-2.49));
#7026=CARTESIAN_POINT('Ctrl Pts',(1.68074916676532,-39.0297868345269,-2.5));
#7027=CARTESIAN_POINT('Ctrl Pts',(1.68074916676532,-39.0297868345269,-2.49));
#7028=CARTESIAN_POINT('Ctrl Pts',(2.61743634285024,-39.0297868345269,-2.5));
#7029=CARTESIAN_POINT('Ctrl Pts',(2.61743634285024,-39.0297868345269,-2.49));
#7030=CARTESIAN_POINT('Ctrl Pts',(3.28218208071695,-39.0297868345269,-2.5));
#7031=CARTESIAN_POINT('Ctrl Pts',(3.28218208071695,-39.0297868345269,-2.49));
#7032=CARTESIAN_POINT('Ctrl Pts',(3.84872674367153,-38.6445364637178,-2.5));
#7033=CARTESIAN_POINT('Ctrl Pts',(3.84872674367153,-38.6445364637178,-2.49));
#7034=CARTESIAN_POINT('Ctrl Pts',(4.12822211072913,-38.0855457296025,-2.5));
#7035=CARTESIAN_POINT('Ctrl Pts',(4.12822211072913,-38.0855457296025,-2.49));
#7036=CARTESIAN_POINT('',(4.12822211072914,-36.5747599617237,-2.49));
#7037=CARTESIAN_POINT('',(4.12822211072914,-36.5747599617237,-2.5));
#7038=CARTESIAN_POINT('Ctrl Pts',(4.12822211072914,-36.5747599617237,-2.49));
#7039=CARTESIAN_POINT('Ctrl Pts',(3.84872674367154,-36.0157692276085,-2.49));
#7040=CARTESIAN_POINT('Ctrl Pts',(3.28218208071693,-35.6305188567993,-2.49));
#7041=CARTESIAN_POINT('Ctrl Pts',(2.61743634285025,-35.6305188567993,-2.49));
#7042=CARTESIAN_POINT('Ctrl Pts',(1.68074916676534,-35.6305188567993,-2.49));
#7043=CARTESIAN_POINT('Ctrl Pts',(0.917802353986468,-36.3934656695782,-2.49));
#7044=CARTESIAN_POINT('Ctrl Pts',(0.917802353986468,-37.3301528456631,-2.49));
#7045=CARTESIAN_POINT('Ctrl Pts',(0.917802353986468,-38.266840021748,-2.49));
#7046=CARTESIAN_POINT('Ctrl Pts',(1.68074916676532,-39.0297868345269,-2.49));
#7047=CARTESIAN_POINT('Ctrl Pts',(2.61743634285024,-39.0297868345269,-2.49));
#7048=CARTESIAN_POINT('Ctrl Pts',(3.28218208071695,-39.0297868345269,-2.49));
#7049=CARTESIAN_POINT('Ctrl Pts',(3.84872674367153,-38.6445364637178,-2.49));
#7050=CARTESIAN_POINT('Ctrl Pts',(4.12822211072913,-38.0855457296025,-2.49));
#7051=CARTESIAN_POINT('Origin',(5.32174286735346,-36.5747599617237,-2.5));
#7052=CARTESIAN_POINT('',(5.32174286735346,-36.5747599617237,-2.49));
#7053=CARTESIAN_POINT('',(5.32174286735346,-36.5747599617237,-2.5));
#7054=CARTESIAN_POINT('',(4.12822211072915,-36.5747599617237,-2.49));
#7055=CARTESIAN_POINT('Origin',(7.61058330569,-34.2783655945477,-2.5));
#7056=CARTESIAN_POINT('',(7.61058330569,-34.2783655945477,-2.49));
#7057=CARTESIAN_POINT('',(7.61058330569,-34.2783655945477,-2.5));
#7058=CARTESIAN_POINT('',(5.32174286735346,-36.5747599617237,-2.49));
#7059=CARTESIAN_POINT('Origin',(7.61058330568999,-26.7546524705108,-2.5));
#7060=CARTESIAN_POINT('',(7.61058330569001,-34.2783655945477,-2.49));
#7061=CARTESIAN_POINT('Origin',(5.49548323065954,-31.2870097741475,-2.49));
#7062=CARTESIAN_POINT('Origin',(11.2364691485994,-39.1053261229208,-2.5));
#7063=CARTESIAN_POINT('',(11.2364691485994,-39.1053261229208,-2.49));
#7064=CARTESIAN_POINT('',(11.2364691485994,-39.1053261229208,-2.5));
#7065=CARTESIAN_POINT('',(13.8501285270299,-36.4916667444903,-2.49));
#7066=CARTESIAN_POINT('',(13.8501285270299,-36.4916667444903,-2.49));
#7067=CARTESIAN_POINT('',(13.8501285270299,-36.4916667444903,-2.5));
#7068=CARTESIAN_POINT('Ctrl Pts',(10.1713651822448,-38.0326682277268,-2.5));
#7069=CARTESIAN_POINT('Ctrl Pts',(10.1713651822448,-38.0326682277268,-2.49));
#7070=CARTESIAN_POINT('Ctrl Pts',(9.99762481893866,-37.9797907258511,-2.5));
#7071=CARTESIAN_POINT('Ctrl Pts',(9.99762481893866,-37.9797907258511,-2.49));
#7072=CARTESIAN_POINT('Ctrl Pts',(9.82388445563258,-37.9420210816541,-2.5));
#7073=CARTESIAN_POINT('Ctrl Pts',(9.82388445563258,-37.9420210816541,-2.49));
#7074=CARTESIAN_POINT('Ctrl Pts',(9.63503623464772,-37.9420210816541,-2.5));
#7075=CARTESIAN_POINT('Ctrl Pts',(9.63503623464772,-37.9420210816541,-2.49));
#7076=CARTESIAN_POINT('Ctrl Pts',(8.6983490585628,-37.9420210816541,-2.5));
#7077=CARTESIAN_POINT('Ctrl Pts',(8.6983490585628,-37.9420210816541,-2.49));
#7078=CARTESIAN_POINT('Ctrl Pts',(7.93540224578397,-38.7049678944329,-2.5));
#7079=CARTESIAN_POINT('Ctrl Pts',(7.93540224578397,-38.7049678944329,-2.49));
#7080=CARTESIAN_POINT('Ctrl Pts',(7.93540224578397,-39.6416550705178,-2.5));
#7081=CARTESIAN_POINT('Ctrl Pts',(7.93540224578397,-39.6416550705178,-2.49));
#7082=CARTESIAN_POINT('Ctrl Pts',(7.93540224578398,-40.5783422466028,-2.5));
#7083=CARTESIAN_POINT('Ctrl Pts',(7.93540224578398,-40.5783422466028,-2.49));
#7084=CARTESIAN_POINT('Ctrl Pts',(8.6983490585628,-41.3412890593816,-2.5));
#7085=CARTESIAN_POINT('Ctrl Pts',(8.6983490585628,-41.3412890593816,-2.49));
#7086=CARTESIAN_POINT('Ctrl Pts',(9.63503623464772,-41.3412890593816,-2.5));
#7087=CARTESIAN_POINT('Ctrl Pts',(9.63503623464772,-41.3412890593816,-2.49));
#7088=CARTESIAN_POINT('Ctrl Pts',(10.5717234107326,-41.3412890593816,-2.5));
#7089=CARTESIAN_POINT('Ctrl Pts',(10.5717234107326,-41.3412890593816,-2.49));
#7090=CARTESIAN_POINT('Ctrl Pts',(11.3346702235114,-40.5783422466027,-2.5));
#7091=CARTESIAN_POINT('Ctrl Pts',(11.3346702235114,-40.5783422466027,-2.49));
#7092=CARTESIAN_POINT('Ctrl Pts',(11.3346702235115,-39.6416550705178,-2.5));
#7093=CARTESIAN_POINT('Ctrl Pts',(11.3346702235115,-39.6416550705178,-2.49));
#7094=CARTESIAN_POINT('Ctrl Pts',(11.3346702235115,-39.452806849533,-2.5));
#7095=CARTESIAN_POINT('Ctrl Pts',(11.3346702235115,-39.452806849533,-2.49));
#7096=CARTESIAN_POINT('Ctrl Pts',(11.2893466504751,-39.2715125573875,-2.5));
#7097=CARTESIAN_POINT('Ctrl Pts',(11.2893466504751,-39.2715125573875,-2.49));
#7098=CARTESIAN_POINT('Ctrl Pts',(11.2364691485994,-39.1053261229208,-2.5));
#7099=CARTESIAN_POINT('Ctrl Pts',(11.2364691485994,-39.1053261229208,-2.49));
#7100=CARTESIAN_POINT('',(10.1713651822448,-38.0326682277268,-2.49));
#7101=CARTESIAN_POINT('',(10.1713651822448,-38.0326682277268,-2.5));
#7102=CARTESIAN_POINT('Ctrl Pts',(10.1713651822448,-38.0326682277268,-2.49));
#7103=CARTESIAN_POINT('Ctrl Pts',(9.99762481893866,-37.9797907258511,-2.49));
#7104=CARTESIAN_POINT('Ctrl Pts',(9.82388445563258,-37.9420210816541,-2.49));
#7105=CARTESIAN_POINT('Ctrl Pts',(9.63503623464772,-37.9420210816541,-2.49));
#7106=CARTESIAN_POINT('Ctrl Pts',(8.6983490585628,-37.9420210816541,-2.49));
#7107=CARTESIAN_POINT('Ctrl Pts',(7.93540224578397,-38.7049678944329,-2.49));
#7108=CARTESIAN_POINT('Ctrl Pts',(7.93540224578397,-39.6416550705178,-2.49));
#7109=CARTESIAN_POINT('Ctrl Pts',(7.93540224578398,-40.5783422466028,-2.49));
#7110=CARTESIAN_POINT('Ctrl Pts',(8.6983490585628,-41.3412890593816,-2.49));
#7111=CARTESIAN_POINT('Ctrl Pts',(9.63503623464772,-41.3412890593816,-2.49));
#7112=CARTESIAN_POINT('Ctrl Pts',(10.5717234107326,-41.3412890593816,-2.49));
#7113=CARTESIAN_POINT('Ctrl Pts',(11.3346702235114,-40.5783422466027,-2.49));
#7114=CARTESIAN_POINT('Ctrl Pts',(11.3346702235115,-39.6416550705178,-2.49));
#7115=CARTESIAN_POINT('Ctrl Pts',(11.3346702235115,-39.452806849533,-2.49));
#7116=CARTESIAN_POINT('Ctrl Pts',(11.2893466504751,-39.2715125573875,-2.49));
#7117=CARTESIAN_POINT('Ctrl Pts',(11.2364691485994,-39.1053261229208,-2.49));
#7118=CARTESIAN_POINT('Origin',(12.3468966879904,-35.8646906508206,-2.5));
#7119=CARTESIAN_POINT('',(12.3468966879904,-35.8646906508206,-2.49));
#7120=CARTESIAN_POINT('',(12.3468966879904,-35.8646906508206,-2.5));
#7121=CARTESIAN_POINT('',(10.1713651822448,-38.0326682277268,-2.49));
#7122=CARTESIAN_POINT('Origin',(12.3468966879904,-20.9985586948922,-2.5));
#7123=CARTESIAN_POINT('',(12.3468966879904,-20.9985586948922,-2.49));
#7124=CARTESIAN_POINT('',(12.3468966879904,-20.9985586948922,-2.5));
#7125=CARTESIAN_POINT('',(12.3468966879904,-35.8646906508206,-2.49));
#7126=CARTESIAN_POINT('Origin',(8.05626510721428,-16.7079271141161,-2.5));
#7127=CARTESIAN_POINT('',(8.05626510721428,-16.7079271141161,-2.49));
#7128=CARTESIAN_POINT('',(8.05626510721428,-16.7079271141161,-2.5));
#7129=CARTESIAN_POINT('',(12.3468966879904,-20.9985586948922,-2.49));
#7130=CARTESIAN_POINT('Origin',(-0.502336267819703,-16.7079271141161,-2.5));
#7131=CARTESIAN_POINT('',(-0.502336267819703,-16.7079271141161,-2.49));
#7132=CARTESIAN_POINT('',(-0.502336267819703,-16.7079271141161,-2.5));
#7133=CARTESIAN_POINT('',(8.05626510721428,-16.7079271141161,-2.49));
#7134=CARTESIAN_POINT('Origin',(-3.44081458634417,-19.6464054326406,-2.5));
#7135=CARTESIAN_POINT('',(-3.44081458634417,-19.6464054326406,-2.49));
#7136=CARTESIAN_POINT('',(-3.44081458634417,-19.6464054326406,-2.5));
#7137=CARTESIAN_POINT('',(-0.502336267819703,-16.7079271141161,-2.49));
#7138=CARTESIAN_POINT('Ctrl Pts',(-4.51347248153819,-18.5737475374466,-2.5));
#7139=CARTESIAN_POINT('Ctrl Pts',(-4.51347248153819,-18.5737475374466,-2.49));
#7140=CARTESIAN_POINT('Ctrl Pts',(-4.68721284484426,-18.5208700355708,-2.5));
#7141=CARTESIAN_POINT('Ctrl Pts',(-4.68721284484426,-18.5208700355708,-2.49));
#7142=CARTESIAN_POINT('Ctrl Pts',(-4.86095320815034,-18.4831003913738,-2.5));
#7143=CARTESIAN_POINT('Ctrl Pts',(-4.86095320815034,-18.4831003913738,-2.49));
#7144=CARTESIAN_POINT('Ctrl Pts',(-5.0498014291352,-18.4831003913738,-2.5));
#7145=CARTESIAN_POINT('Ctrl Pts',(-5.0498014291352,-18.4831003913738,-2.49));
#7146=CARTESIAN_POINT('Ctrl Pts',(-5.98648860522013,-18.4831003913738,-2.5));
#7147=CARTESIAN_POINT('Ctrl Pts',(-5.98648860522013,-18.4831003913738,-2.49));
#7148=CARTESIAN_POINT('Ctrl Pts',(-6.74943541799896,-19.2460472041527,-2.5));
#7149=CARTESIAN_POINT('Ctrl Pts',(-6.74943541799896,-19.2460472041527,-2.49));
#7150=CARTESIAN_POINT('Ctrl Pts',(-6.74943541799897,-20.1827343802376,-2.5));
#7151=CARTESIAN_POINT('Ctrl Pts',(-6.74943541799897,-20.1827343802376,-2.49));
#7152=CARTESIAN_POINT('Ctrl Pts',(-6.74943541799897,-21.1194215563225,-2.5));
#7153=CARTESIAN_POINT('Ctrl Pts',(-6.74943541799897,-21.1194215563225,-2.49));
#7154=CARTESIAN_POINT('Ctrl Pts',(-5.98648860522012,-21.8823683691013,-2.5));
#7155=CARTESIAN_POINT('Ctrl Pts',(-5.98648860522012,-21.8823683691013,-2.49));
#7156=CARTESIAN_POINT('Ctrl Pts',(-5.0498014291352,-21.8823683691013,-2.5));
#7157=CARTESIAN_POINT('Ctrl Pts',(-5.0498014291352,-21.8823683691013,-2.49));
#7158=CARTESIAN_POINT('Ctrl Pts',(-4.11311425305028,-21.8823683691014,-2.5));
#7159=CARTESIAN_POINT('Ctrl Pts',(-4.11311425305028,-21.8823683691014,-2.49));
#7160=CARTESIAN_POINT('Ctrl Pts',(-3.35016744027151,-21.1194215563225,-2.5));
#7161=CARTESIAN_POINT('Ctrl Pts',(-3.35016744027151,-21.1194215563225,-2.49));
#7162=CARTESIAN_POINT('Ctrl Pts',(-3.35016744027143,-20.1827343802376,-2.5));
#7163=CARTESIAN_POINT('Ctrl Pts',(-3.35016744027143,-20.1827343802376,-2.49));
#7164=CARTESIAN_POINT('Ctrl Pts',(-3.35016744027142,-19.9938861592527,-2.5));
#7165=CARTESIAN_POINT('Ctrl Pts',(-3.35016744027142,-19.9938861592527,-2.49));
#7166=CARTESIAN_POINT('Ctrl Pts',(-3.38793708446839,-19.8125918671073,-2.5));
#7167=CARTESIAN_POINT('Ctrl Pts',(-3.38793708446839,-19.8125918671073,-2.49));
#7168=CARTESIAN_POINT('Ctrl Pts',(-3.44081458634417,-19.6464054326406,-2.5));
#7169=CARTESIAN_POINT('Ctrl Pts',(-3.44081458634417,-19.6464054326406,-2.49));
#7170=CARTESIAN_POINT('',(-4.51347248153819,-18.5737475374466,-2.49));
#7171=CARTESIAN_POINT('',(-4.51347248153818,-18.5737475374466,-2.5));
#7172=CARTESIAN_POINT('Ctrl Pts',(-4.51347248153819,-18.5737475374466,-2.49));
#7173=CARTESIAN_POINT('Ctrl Pts',(-4.68721284484426,-18.5208700355708,-2.49));
#7174=CARTESIAN_POINT('Ctrl Pts',(-4.86095320815034,-18.4831003913738,-2.49));
#7175=CARTESIAN_POINT('Ctrl Pts',(-5.0498014291352,-18.4831003913738,-2.49));
#7176=CARTESIAN_POINT('Ctrl Pts',(-5.98648860522013,-18.4831003913738,-2.49));
#7177=CARTESIAN_POINT('Ctrl Pts',(-6.74943541799896,-19.2460472041527,-2.49));
#7178=CARTESIAN_POINT('Ctrl Pts',(-6.74943541799897,-20.1827343802376,-2.49));
#7179=CARTESIAN_POINT('Ctrl Pts',(-6.74943541799897,-21.1194215563225,-2.49));
#7180=CARTESIAN_POINT('Ctrl Pts',(-5.98648860522012,-21.8823683691013,-2.49));
#7181=CARTESIAN_POINT('Ctrl Pts',(-5.0498014291352,-21.8823683691013,-2.49));
#7182=CARTESIAN_POINT('Ctrl Pts',(-4.11311425305028,-21.8823683691014,-2.49));
#7183=CARTESIAN_POINT('Ctrl Pts',(-3.35016744027151,-21.1194215563225,-2.49));
#7184=CARTESIAN_POINT('Ctrl Pts',(-3.35016744027143,-20.1827343802376,-2.49));
#7185=CARTESIAN_POINT('Ctrl Pts',(-3.35016744027142,-19.9938861592527,-2.49));
#7186=CARTESIAN_POINT('Ctrl Pts',(-3.38793708446839,-19.8125918671073,-2.49));
#7187=CARTESIAN_POINT('Ctrl Pts',(-3.44081458634417,-19.6464054326406,-2.49));
#7188=CARTESIAN_POINT('Origin',(-1.12931236148943,-15.1895874173978,-2.5));
#7189=CARTESIAN_POINT('',(-1.12931236148943,-15.1895874173978,-2.49));
#7190=CARTESIAN_POINT('',(-1.12931236148943,-15.1895874173978,-2.5));
#7191=CARTESIAN_POINT('',(-4.51347248153819,-18.5737475374466,-2.49));
#7192=CARTESIAN_POINT('Origin',(8.67568727204464,-15.1895874173978,-2.5));
#7193=CARTESIAN_POINT('',(8.67568727204464,-15.1895874173978,-2.49));
#7194=CARTESIAN_POINT('',(8.67568727204464,-15.1895874173978,-2.5));
#7195=CARTESIAN_POINT('',(-1.12931236148943,-15.1895874173978,-2.49));
#7196=CARTESIAN_POINT('Origin',(8.67568727204465,-15.2046952750766,-2.5));
#7197=CARTESIAN_POINT('',(8.67568727204465,-15.2046952750766,-2.49));
#7198=CARTESIAN_POINT('',(8.67568727204465,-15.2046952750766,-2.5));
#7199=CARTESIAN_POINT('',(8.67568727204464,-15.1895874173978,-2.49));
#7200=CARTESIAN_POINT('Origin',(13.8501285270298,-20.3791365300618,-2.5));
#7201=CARTESIAN_POINT('',(13.8501285270298,-20.3791365300618,-2.49));
#7202=CARTESIAN_POINT('',(13.8501285270298,-20.3791365300618,-2.5));
#7203=CARTESIAN_POINT('',(8.67568727204465,-15.2046952750766,-2.49));
#7204=CARTESIAN_POINT('Origin',(13.8501285270299,-36.4916667444903,-2.5));
#7205=CARTESIAN_POINT('',(13.8501285270298,-20.3791365300618,-2.49));
#7206=CARTESIAN_POINT('Origin',(3.55034655451544,-28.2654382383897,-2.49));
#7207=CARTESIAN_POINT('Ctrl Pts',(6.93840479870211,4.26211971423636,-2.5));
#7208=CARTESIAN_POINT('Ctrl Pts',(6.59148001501565,4.84320885373482,-2.5));
#7209=CARTESIAN_POINT('Ctrl Pts',(5.96585183781795,5.16030097811173,-2.5));
#7210=CARTESIAN_POINT('Ctrl Pts',(6.93840479870211,4.26211971423636,-2.49));
#7211=CARTESIAN_POINT('Ctrl Pts',(6.59148001501565,4.84320885373482,-2.49));
#7212=CARTESIAN_POINT('Ctrl Pts',(5.96585183781795,5.16030097811173,-2.49));
#7213=CARTESIAN_POINT('',(5.96585183781796,5.16030097811173,-2.5));
#7214=CARTESIAN_POINT('',(6.93840479870212,4.26211971423637,-2.5));
#7215=CARTESIAN_POINT('Origin',(-1.00437071201185,-2.35183062526311,-2.5));
#7216=CARTESIAN_POINT('',(5.96585183781796,5.16030097811173,-2.49));
#7217=CARTESIAN_POINT('',(5.96585183781796,5.16030097811173,-2.5));
#7218=CARTESIAN_POINT('',(6.93840479870212,4.26211971423637,-2.49));
#7219=CARTESIAN_POINT('Origin',(-1.00437071201185,-2.35183062526311,-2.49));
#7220=CARTESIAN_POINT('',(6.93840479870212,4.26211971423637,-2.5));
#7221=CARTESIAN_POINT('Ctrl Pts',(4.98185707739398,5.4234623675274,-2.5));
#7222=CARTESIAN_POINT('Ctrl Pts',(4.98185707739398,5.4234623675274,-2.49));
#7223=CARTESIAN_POINT('Ctrl Pts',(5.34799466266803,5.37769516936816,-2.5));
#7224=CARTESIAN_POINT('Ctrl Pts',(5.34799466266803,5.37769516936816,-2.49));
#7225=CARTESIAN_POINT('Ctrl Pts',(5.68552774909254,5.30332347235941,-2.5));
#7226=CARTESIAN_POINT('Ctrl Pts',(5.68552774909254,5.30332347235941,-2.49));
#7227=CARTESIAN_POINT('Ctrl Pts',(5.96585183781796,5.16030097811173,-2.5));
#7228=CARTESIAN_POINT('Ctrl Pts',(5.96585183781796,5.16030097811173,-2.49));
#7229=CARTESIAN_POINT('',(4.98185707739398,5.4234623675274,-2.5));
#7230=CARTESIAN_POINT('Ctrl Pts',(4.98185707739398,5.4234623675274,-2.5));
#7231=CARTESIAN_POINT('Ctrl Pts',(5.34799466266803,5.37769516936816,-2.5));
#7232=CARTESIAN_POINT('Ctrl Pts',(5.68552774909254,5.30332347235941,-2.5));
#7233=CARTESIAN_POINT('Ctrl Pts',(5.96585183781796,5.16030097811173,-2.5));
#7234=CARTESIAN_POINT('',(4.98185707739398,5.4234623675274,-2.49));
#7235=CARTESIAN_POINT('',(4.98185707739398,5.4234623675274,-2.5));
#7236=CARTESIAN_POINT('Ctrl Pts',(4.98185707739398,5.4234623675274,-2.49));
#7237=CARTESIAN_POINT('Ctrl Pts',(5.34799466266803,5.37769516936816,-2.49));
#7238=CARTESIAN_POINT('Ctrl Pts',(5.68552774909254,5.30332347235941,-2.49));
#7239=CARTESIAN_POINT('Ctrl Pts',(5.96585183781796,5.16030097811173,-2.49));
#7240=CARTESIAN_POINT('Origin',(4.98185707739402,0.0458165838150926,-2.5));
#7241=CARTESIAN_POINT('',(4.98185707739402,0.0458165838150926,-2.5));
#7242=CARTESIAN_POINT('',(4.98185707739402,0.0229082919075627,-2.5));
#7243=CARTESIAN_POINT('',(4.98185707739402,0.0458165838150926,-2.49));
#7244=CARTESIAN_POINT('',(4.98185707739402,0.0458165838150926,-2.5));
#7245=CARTESIAN_POINT('',(4.98185707739398,5.4234623675274,-2.49));
#7246=CARTESIAN_POINT('Ctrl Pts',(5.86287564195963,0.3261406725405,-2.5));
#7247=CARTESIAN_POINT('Ctrl Pts',(5.86287564195963,0.3261406725405,-2.49));
#7248=CARTESIAN_POINT('Ctrl Pts',(5.59971425254392,0.188839078062788,-2.5));
#7249=CARTESIAN_POINT('Ctrl Pts',(5.59971425254392,0.188839078062788,-2.49));
#7250=CARTESIAN_POINT('Ctrl Pts',(5.30222746450877,0.103025581514142,-2.5));
#7251=CARTESIAN_POINT('Ctrl Pts',(5.30222746450877,0.103025581514142,-2.49));
#7252=CARTESIAN_POINT('Ctrl Pts',(4.98185707739402,0.0458165838150926,-2.5));
#7253=CARTESIAN_POINT('Ctrl Pts',(4.98185707739402,0.0458165838150926,-2.49));
#7254=CARTESIAN_POINT('',(5.86287564195963,0.3261406725405,-2.5));
#7255=CARTESIAN_POINT('Ctrl Pts',(5.86287564195963,0.3261406725405,-2.5));
#7256=CARTESIAN_POINT('Ctrl Pts',(5.59971425254392,0.188839078062788,-2.5));
#7257=CARTESIAN_POINT('Ctrl Pts',(5.30222746450877,0.103025581514142,-2.5));
#7258=CARTESIAN_POINT('Ctrl Pts',(4.98185707739402,0.0458165838150926,-2.5));
#7259=CARTESIAN_POINT('',(5.86287564195963,0.3261406725405,-2.49));
#7260=CARTESIAN_POINT('',(5.86287564195963,0.3261406725405,-2.5));
#7261=CARTESIAN_POINT('Ctrl Pts',(5.86287564195963,0.3261406725405,-2.49));
#7262=CARTESIAN_POINT('Ctrl Pts',(5.59971425254392,0.188839078062788,-2.49));
#7263=CARTESIAN_POINT('Ctrl Pts',(5.30222746450877,0.103025581514142,-2.49));
#7264=CARTESIAN_POINT('Ctrl Pts',(4.98185707739402,0.0458165838150926,-2.49));
#7265=CARTESIAN_POINT('Ctrl Pts',(5.86287564195963,0.3261406725405,-2.5));
#7266=CARTESIAN_POINT('Ctrl Pts',(6.54216164405739,0.683212914274845,-2.5));
#7267=CARTESIAN_POINT('Ctrl Pts',(6.90980029985255,1.33301903204412,-2.5));
#7268=CARTESIAN_POINT('Ctrl Pts',(5.86287564195963,0.3261406725405,-2.49));
#7269=CARTESIAN_POINT('Ctrl Pts',(6.54216164405739,0.683212914274845,-2.49));
#7270=CARTESIAN_POINT('Ctrl Pts',(6.90980029985255,1.33301903204412,-2.49));
#7271=CARTESIAN_POINT('',(6.90980029985255,1.33301903204412,-2.5));
#7272=CARTESIAN_POINT('Origin',(-0.654505248428504,7.44312349578214,-2.5));
#7273=CARTESIAN_POINT('',(6.90980029985255,1.33301903204412,-2.49));
#7274=CARTESIAN_POINT('',(6.90980029985255,1.33301903204412,-2.5));
#7275=CARTESIAN_POINT('Origin',(-0.654505248428504,7.44312349578214,-2.49));
#7276=CARTESIAN_POINT('Origin',(6.91552119962246,1.34446083158394,-2.5));
#7277=CARTESIAN_POINT('',(6.91552119962246,1.34446083158394,-2.5));
#7278=CARTESIAN_POINT('',(5.95507691334245,-0.576427740974597,-2.5));
#7279=CARTESIAN_POINT('',(6.91552119962246,1.34446083158394,-2.49));
#7280=CARTESIAN_POINT('',(6.91552119962246,1.34446083158394,-2.5));
#7281=CARTESIAN_POINT('',(6.90980029985255,1.33301903204414,-2.49));
#7282=CARTESIAN_POINT('Ctrl Pts',(6.93840479870212,4.26211971423637,-2.5));
#7283=CARTESIAN_POINT('Ctrl Pts',(6.93840479870212,4.26211971423637,-2.49));
#7284=CARTESIAN_POINT('Ctrl Pts',(7.17296168926829,3.87881942965262,-2.5));
#7285=CARTESIAN_POINT('Ctrl Pts',(7.17296168926829,3.87881942965262,-2.49));
#7286=CARTESIAN_POINT('Ctrl Pts',(7.2873796846664,3.43258924759992,-2.5));
#7287=CARTESIAN_POINT('Ctrl Pts',(7.2873796846664,3.43258924759992,-2.49));
#7288=CARTESIAN_POINT('Ctrl Pts',(7.2873796846664,2.86049927060922,-2.5));
#7289=CARTESIAN_POINT('Ctrl Pts',(7.2873796846664,2.86049927060922,-2.49));
#7290=CARTESIAN_POINT('Ctrl Pts',(7.28737968466639,2.28840929361857,-2.5));
#7291=CARTESIAN_POINT('Ctrl Pts',(7.28737968466639,2.28840929361857,-2.49));
#7292=CARTESIAN_POINT('Ctrl Pts',(7.16724078949836,1.77924921409685,-2.5));
#7293=CARTESIAN_POINT('Ctrl Pts',(7.16724078949836,1.77924921409685,-2.49));
#7294=CARTESIAN_POINT('Ctrl Pts',(6.91552119962246,1.34446083158394,-2.5));
#7295=CARTESIAN_POINT('Ctrl Pts',(6.91552119962246,1.34446083158394,-2.49));
#7296=CARTESIAN_POINT('Ctrl Pts',(6.93840479870212,4.26211971423637,-2.5));
#7297=CARTESIAN_POINT('Ctrl Pts',(7.17296168926829,3.87881942965262,-2.5));
#7298=CARTESIAN_POINT('Ctrl Pts',(7.2873796846664,3.43258924759992,-2.5));
#7299=CARTESIAN_POINT('Ctrl Pts',(7.2873796846664,2.86049927060922,-2.5));
#7300=CARTESIAN_POINT('Ctrl Pts',(7.28737968466639,2.28840929361857,-2.5));
#7301=CARTESIAN_POINT('Ctrl Pts',(7.16724078949836,1.77924921409685,-2.5));
#7302=CARTESIAN_POINT('Ctrl Pts',(6.91552119962246,1.34446083158394,-2.5));
#7303=CARTESIAN_POINT('Ctrl Pts',(6.93840479870212,4.26211971423637,-2.49));
#7304=CARTESIAN_POINT('Ctrl Pts',(7.17296168926829,3.87881942965262,-2.49));
#7305=CARTESIAN_POINT('Ctrl Pts',(7.2873796846664,3.43258924759992,-2.49));
#7306=CARTESIAN_POINT('Ctrl Pts',(7.2873796846664,2.86049927060922,-2.49));
#7307=CARTESIAN_POINT('Ctrl Pts',(7.28737968466639,2.28840929361857,-2.49));
#7308=CARTESIAN_POINT('Ctrl Pts',(7.16724078949836,1.77924921409685,-2.49));
#7309=CARTESIAN_POINT('Ctrl Pts',(6.91552119962246,1.34446083158394,-2.49));
#7310=CARTESIAN_POINT('Origin',(2.21866248852904,5.4635086659167,-2.5));
#7311=CARTESIAN_POINT('',(2.21866248852904,5.4635086659167,-2.49));
#7312=CARTESIAN_POINT('',(2.21866248852904,5.4635086659167,-2.5));
#7313=CARTESIAN_POINT('',(1.11452883293706,6.55047962219903,-2.49));
#7314=CARTESIAN_POINT('',(1.11452883293707,6.55047962219902,-2.49));
#7315=CARTESIAN_POINT('',(1.11452883293706,6.55047962219903,-2.5));
#7316=CARTESIAN_POINT('Ctrl Pts',(2.21866248852904,5.4635086659167,-2.5));
#7317=CARTESIAN_POINT('Ctrl Pts',(1.69260387271161,5.01506425713003,-2.5));
#7318=CARTESIAN_POINT('Ctrl Pts',(1.43489922005184,4.38797950917427,-2.5));
#7319=CARTESIAN_POINT('Ctrl Pts',(2.21866248852904,5.4635086659167,-2.49));
#7320=CARTESIAN_POINT('Ctrl Pts',(1.69260387271161,5.01506425713003,-2.49));
#7321=CARTESIAN_POINT('Ctrl Pts',(1.43489922005184,4.38797950917427,-2.49));
#7322=CARTESIAN_POINT('',(1.43489922005184,4.38797950917428,-2.49));
#7323=CARTESIAN_POINT('',(1.43489922005184,4.38797950917428,-2.5));
#7324=CARTESIAN_POINT('Origin',(13.0022827489104,-2.51366699976771,-2.49));
#7325=CARTESIAN_POINT('Ctrl Pts',(2.64200907150216,0.360466071159973,-2.5));
#7326=CARTESIAN_POINT('Ctrl Pts',(2.64200907150216,0.360466071159973,-2.49));
#7327=CARTESIAN_POINT('Ctrl Pts',(2.17289529036983,0.606464761265979,-2.5));
#7328=CARTESIAN_POINT('Ctrl Pts',(2.17289529036983,0.606464761265979,-2.49));
#7329=CARTESIAN_POINT('Ctrl Pts',(1.81247860486569,0.961160547000173,-2.5));
#7330=CARTESIAN_POINT('Ctrl Pts',(1.81247860486569,0.961160547000173,-2.49));
#7331=CARTESIAN_POINT('Ctrl Pts',(1.5550381152199,1.42455342836261,-2.5));
#7332=CARTESIAN_POINT('Ctrl Pts',(1.5550381152199,1.42455342836261,-2.49));
#7333=CARTESIAN_POINT('Ctrl Pts',(1.29759762557411,1.88794630972504,-2.5));
#7334=CARTESIAN_POINT('Ctrl Pts',(1.29759762557411,1.88794630972504,-2.49));
#7335=CARTESIAN_POINT('Ctrl Pts',(1.17173783063619,2.41426908855647,-2.5));
#7336=CARTESIAN_POINT('Ctrl Pts',(1.17173783063619,2.41426908855647,-2.49));
#7337=CARTESIAN_POINT('Ctrl Pts',(1.17173783063615,3.01496356439667,-2.5));
#7338=CARTESIAN_POINT('Ctrl Pts',(1.17173783063615,3.01496356439667,-2.49));
#7339=CARTESIAN_POINT('Ctrl Pts',(1.17173783063612,3.51268184437855,-2.5));
#7340=CARTESIAN_POINT('Ctrl Pts',(1.17173783063612,3.51268184437855,-2.49));
#7341=CARTESIAN_POINT('Ctrl Pts',(1.25755132718473,3.97035382597107,-2.5));
#7342=CARTESIAN_POINT('Ctrl Pts',(1.25755132718473,3.97035382597107,-2.49));
#7343=CARTESIAN_POINT('Ctrl Pts',(1.43489922005184,4.38797950917428,-2.5));
#7344=CARTESIAN_POINT('Ctrl Pts',(1.43489922005184,4.38797950917428,-2.49));
#7345=CARTESIAN_POINT('',(2.64200907150216,0.360466071159973,-2.49));
#7346=CARTESIAN_POINT('',(2.64200907150216,0.360466071159973,-2.5));
#7347=CARTESIAN_POINT('Ctrl Pts',(2.64200907150216,0.360466071159973,-2.49));
#7348=CARTESIAN_POINT('Ctrl Pts',(2.17289529036983,0.606464761265979,-2.49));
#7349=CARTESIAN_POINT('Ctrl Pts',(1.81247860486569,0.961160547000173,-2.49));
#7350=CARTESIAN_POINT('Ctrl Pts',(1.5550381152199,1.42455342836261,-2.49));
#7351=CARTESIAN_POINT('Ctrl Pts',(1.29759762557411,1.88794630972504,-2.49));
#7352=CARTESIAN_POINT('Ctrl Pts',(1.17173783063619,2.41426908855647,-2.49));
#7353=CARTESIAN_POINT('Ctrl Pts',(1.17173783063615,3.01496356439667,-2.49));
#7354=CARTESIAN_POINT('Ctrl Pts',(1.17173783063612,3.51268184437855,-2.49));
#7355=CARTESIAN_POINT('Ctrl Pts',(1.25755132718473,3.97035382597107,-2.49));
#7356=CARTESIAN_POINT('Ctrl Pts',(1.43489922005184,4.38797950917428,-2.49));
#7357=CARTESIAN_POINT('Ctrl Pts',(3.58595753353676,0.057258383354899,-2.5));
#7358=CARTESIAN_POINT('Ctrl Pts',(3.58595753353676,0.057258383354899,-2.49));
#7359=CARTESIAN_POINT('Ctrl Pts',(3.24842444711226,0.120188280823914,-2.5));
#7360=CARTESIAN_POINT('Ctrl Pts',(3.24842444711226,0.120188280823914,-2.49));
#7361=CARTESIAN_POINT('Ctrl Pts',(2.9280540599975,0.211722677142383,-2.5));
#7362=CARTESIAN_POINT('Ctrl Pts',(2.9280540599975,0.211722677142383,-2.49));
#7363=CARTESIAN_POINT('Ctrl Pts',(2.64200907150216,0.360466071159973,-2.5));
#7364=CARTESIAN_POINT('Ctrl Pts',(2.64200907150216,0.360466071159973,-2.49));
#7365=CARTESIAN_POINT('',(3.58595753353676,0.057258383354899,-2.49));
#7366=CARTESIAN_POINT('',(3.58595753353676,0.057258383354899,-2.5));
#7367=CARTESIAN_POINT('Ctrl Pts',(3.58595753353676,0.057258383354899,-2.49));
#7368=CARTESIAN_POINT('Ctrl Pts',(3.24842444711226,0.120188280823914,-2.49));
#7369=CARTESIAN_POINT('Ctrl Pts',(2.9280540599975,0.211722677142383,-2.49));
#7370=CARTESIAN_POINT('Ctrl Pts',(2.64200907150216,0.360466071159973,-2.49));
#7371=CARTESIAN_POINT('Origin',(3.58595753353675,7.00243070402164,-2.5));
#7372=CARTESIAN_POINT('',(3.58595753353675,7.00243070402164,-2.49));
#7373=CARTESIAN_POINT('',(3.58595753353675,7.00243070402164,-2.5));
#7374=CARTESIAN_POINT('',(3.58595753353676,0.057258383354899,-2.49));
#7375=CARTESIAN_POINT('Ctrl Pts',(6.73245240698545,6.56192142173884,-2.5));
#7376=CARTESIAN_POINT('Ctrl Pts',(6.73245240698545,6.56192142173884,-2.49));
#7377=CARTESIAN_POINT('Ctrl Pts',(6.06882803367625,6.91661720747302,-2.5));
#7378=CARTESIAN_POINT('Ctrl Pts',(6.06882803367625,6.91661720747302,-2.49));
#7379=CARTESIAN_POINT('Ctrl Pts',(5.31939016381848,7.09396510034001,-2.5));
#7380=CARTESIAN_POINT('Ctrl Pts',(5.31939016381848,7.09396510034001,-2.49));
#7381=CARTESIAN_POINT('Ctrl Pts',(4.48413879741211,7.09396510034013,-2.5));
#7382=CARTESIAN_POINT('Ctrl Pts',(4.48413879741211,7.09396510034013,-2.49));
#7383=CARTESIAN_POINT('Ctrl Pts',(4.36399990224408,7.09396510034015,-2.5));
#7384=CARTESIAN_POINT('Ctrl Pts',(4.36399990224408,7.09396510034015,-2.49));
#7385=CARTESIAN_POINT('Ctrl Pts',(4.22669830776629,7.08824420057017,-2.5));
#7386=CARTESIAN_POINT('Ctrl Pts',(4.22669830776629,7.08824420057017,-2.49));
#7387=CARTESIAN_POINT('Ctrl Pts',(4.08367581351863,7.07680240103038,-2.5));
#7388=CARTESIAN_POINT('Ctrl Pts',(4.08367581351863,7.07680240103038,-2.49));
#7389=CARTESIAN_POINT('Ctrl Pts',(3.94065331927097,7.06536060149059,-2.5));
#7390=CARTESIAN_POINT('Ctrl Pts',(3.94065331927097,7.06536060149059,-2.49));
#7391=CARTESIAN_POINT('Ctrl Pts',(3.77474722594368,7.0367561026411,-2.5));
#7392=CARTESIAN_POINT('Ctrl Pts',(3.77474722594368,7.0367561026411,-2.49));
#7393=CARTESIAN_POINT('Ctrl Pts',(3.58595753353675,7.00243070402164,-2.5));
#7394=CARTESIAN_POINT('Ctrl Pts',(3.58595753353675,7.00243070402164,-2.49));
#7395=CARTESIAN_POINT('',(6.73245240698545,6.56192142173884,-2.49));
#7396=CARTESIAN_POINT('',(6.73245240698545,6.56192142173884,-2.5));
#7397=CARTESIAN_POINT('Ctrl Pts',(6.73245240698545,6.56192142173884,-2.49));
#7398=CARTESIAN_POINT('Ctrl Pts',(6.06882803367625,6.91661720747302,-2.49));
#7399=CARTESIAN_POINT('Ctrl Pts',(5.31939016381848,7.09396510034001,-2.49));
#7400=CARTESIAN_POINT('Ctrl Pts',(4.48413879741211,7.09396510034013,-2.49));
#7401=CARTESIAN_POINT('Ctrl Pts',(4.36399990224408,7.09396510034015,-2.49));
#7402=CARTESIAN_POINT('Ctrl Pts',(4.22669830776629,7.08824420057017,-2.49));
#7403=CARTESIAN_POINT('Ctrl Pts',(4.08367581351863,7.07680240103038,-2.49));
#7404=CARTESIAN_POINT('Ctrl Pts',(3.94065331927097,7.06536060149059,-2.49));
#7405=CARTESIAN_POINT('Ctrl Pts',(3.77474722594368,7.0367561026411,-2.49));
#7406=CARTESIAN_POINT('Ctrl Pts',(3.58595753353675,7.00243070402164,-2.49));
#7407=CARTESIAN_POINT('Ctrl Pts',(8.28281624463016,5.08020838133298,-2.5));
#7408=CARTESIAN_POINT('Ctrl Pts',(7.73012261955492,6.02404422944676,-2.5));
#7409=CARTESIAN_POINT('Ctrl Pts',(6.73245240698544,6.56192142173884,-2.5));
#7410=CARTESIAN_POINT('Ctrl Pts',(8.28281624463016,5.08020838133298,-2.49));
#7411=CARTESIAN_POINT('Ctrl Pts',(7.73012261955492,6.02404422944676,-2.49));
#7412=CARTESIAN_POINT('Ctrl Pts',(6.73245240698544,6.56192142173884,-2.49));
#7413=CARTESIAN_POINT('',(8.28281624463017,5.08020838133298,-2.49));
#7414=CARTESIAN_POINT('',(8.28281624463017,5.08020838133298,-2.5));
#7415=CARTESIAN_POINT('Origin',(-62.8286265474594,-58.3477357098105,-2.49));
#7416=CARTESIAN_POINT('Ctrl Pts',(6.57798811319798,-1.07547977108663,-2.5));
#7417=CARTESIAN_POINT('Ctrl Pts',(6.57798811319798,-1.07547977108663,-2.49));
#7418=CARTESIAN_POINT('Ctrl Pts',(7.28165878489649,-0.669295887423242,-2.5));
#7419=CARTESIAN_POINT('Ctrl Pts',(7.28165878489649,-0.669295887423242,-2.49));
#7420=CARTESIAN_POINT('Ctrl Pts',(7.83086516280757,-0.120089509512251,-2.5));
#7421=CARTESIAN_POINT('Ctrl Pts',(7.83086516280757,-0.120089509512251,-2.49));
#7422=CARTESIAN_POINT('Ctrl Pts',(8.23704904647091,0.572139362646471,-2.5));
#7423=CARTESIAN_POINT('Ctrl Pts',(8.23704904647091,0.572139362646471,-2.49));
#7424=CARTESIAN_POINT('Ctrl Pts',(8.64323293013426,1.2643682348052,-2.5));
#7425=CARTESIAN_POINT('Ctrl Pts',(8.64323293013426,1.2643682348052,-2.49));
#7426=CARTESIAN_POINT('Ctrl Pts',(8.84346442208097,2.07673600213196,-2.5));
#7427=CARTESIAN_POINT('Ctrl Pts',(8.84346442208097,2.07673600213196,-2.49));
#7428=CARTESIAN_POINT('Ctrl Pts',(8.84346442208099,2.90054556899852,-2.5));
#7429=CARTESIAN_POINT('Ctrl Pts',(8.84346442208099,2.90054556899852,-2.49));
#7430=CARTESIAN_POINT('Ctrl Pts',(8.84346442208102,3.72435513586513,-2.5));
#7431=CARTESIAN_POINT('Ctrl Pts',(8.84346442208102,3.72435513586513,-2.49));
#7432=CARTESIAN_POINT('Ctrl Pts',(8.6546747296741,4.45090940664331,-2.5));
#7433=CARTESIAN_POINT('Ctrl Pts',(8.6546747296741,4.45090940664331,-2.49));
#7434=CARTESIAN_POINT('Ctrl Pts',(8.28281624463017,5.08020838133298,-2.5));
#7435=CARTESIAN_POINT('Ctrl Pts',(8.28281624463017,5.08020838133298,-2.49));
#7436=CARTESIAN_POINT('',(6.57798811319798,-1.07547977108663,-2.49));
#7437=CARTESIAN_POINT('',(6.57798811319798,-1.07547977108663,-2.5));
#7438=CARTESIAN_POINT('Ctrl Pts',(6.57798811319798,-1.07547977108663,-2.49));
#7439=CARTESIAN_POINT('Ctrl Pts',(7.28165878489649,-0.669295887423242,-2.49));
#7440=CARTESIAN_POINT('Ctrl Pts',(7.83086516280757,-0.120089509512251,-2.49));
#7441=CARTESIAN_POINT('Ctrl Pts',(8.23704904647091,0.572139362646471,-2.49));
#7442=CARTESIAN_POINT('Ctrl Pts',(8.64323293013426,1.2643682348052,-2.49));
#7443=CARTESIAN_POINT('Ctrl Pts',(8.84346442208097,2.07673600213196,-2.49));
#7444=CARTESIAN_POINT('Ctrl Pts',(8.84346442208099,2.90054556899852,-2.49));
#7445=CARTESIAN_POINT('Ctrl Pts',(8.84346442208102,3.72435513586513,-2.49));
#7446=CARTESIAN_POINT('Ctrl Pts',(8.6546747296741,4.45090940664331,-2.49));
#7447=CARTESIAN_POINT('Ctrl Pts',(8.28281624463017,5.08020838133298,-2.49));
#7448=CARTESIAN_POINT('Ctrl Pts',(1.11452883293706,6.55047962219903,-2.5));
#7449=CARTESIAN_POINT('Ctrl Pts',(1.11452883293706,6.55047962219903,-2.49));
#7450=CARTESIAN_POINT('Ctrl Pts',(0.616810552955185,6.12713303922591,-2.5));
#7451=CARTESIAN_POINT('Ctrl Pts',(0.616810552955185,6.12713303922591,-2.49));
#7452=CARTESIAN_POINT('Ctrl Pts',(0.239231168141365,5.60653116016439,-2.5));
#7453=CARTESIAN_POINT('Ctrl Pts',(0.239231168141365,5.60653116016439,-2.49));
#7454=CARTESIAN_POINT('Ctrl Pts',(-0.0239302212743597,4.98867398501448,
-2.5));
#7455=CARTESIAN_POINT('Ctrl Pts',(-0.0239302212743597,4.98867398501448,
-2.49));
#7456=CARTESIAN_POINT('Ctrl Pts',(-0.287091610690067,4.37081680986459,-2.5));
#7457=CARTESIAN_POINT('Ctrl Pts',(-0.287091610690067,4.37081680986459,-2.49));
#7458=CARTESIAN_POINT('Ctrl Pts',(-0.418672305397934,3.71291333632529,-2.5));
#7459=CARTESIAN_POINT('Ctrl Pts',(-0.418672305397934,3.71291333632529,-2.49));
#7460=CARTESIAN_POINT('Ctrl Pts',(-0.418672305397925,3.01496356439669,-2.5));
#7461=CARTESIAN_POINT('Ctrl Pts',(-0.418672305397925,3.01496356439669,-2.49));
#7462=CARTESIAN_POINT('Ctrl Pts',(-0.418672305397916,2.12822410006112,-2.5));
#7463=CARTESIAN_POINT('Ctrl Pts',(-0.418672305397916,2.12822410006112,-2.49));
#7464=CARTESIAN_POINT('Ctrl Pts',(-0.218440813451193,1.32729813227424,-2.5));
#7465=CARTESIAN_POINT('Ctrl Pts',(-0.218440813451193,1.32729813227424,-2.49));
#7466=CARTESIAN_POINT('Ctrl Pts',(0.18774307021217,0.61790656080575,-2.5));
#7467=CARTESIAN_POINT('Ctrl Pts',(0.18774307021217,0.61790656080575,-2.49));
#7468=CARTESIAN_POINT('Ctrl Pts',(0.593926953875505,-0.0914850106626997,
-2.5));
#7469=CARTESIAN_POINT('Ctrl Pts',(0.593926953875505,-0.0914850106626997,
-2.49));
#7470=CARTESIAN_POINT('Ctrl Pts',(1.14885423155648,-0.652133188113559,-2.5));
#7471=CARTESIAN_POINT('Ctrl Pts',(1.14885423155648,-0.652133188113559,-2.49));
#7472=CARTESIAN_POINT('Ctrl Pts',(1.84680400348511,-1.0640379715468,-2.5));
#7473=CARTESIAN_POINT('Ctrl Pts',(1.84680400348511,-1.0640379715468,-2.49));
#7474=CARTESIAN_POINT('Ctrl Pts',(2.54475377541377,-1.47594275498006,-2.5));
#7475=CARTESIAN_POINT('Ctrl Pts',(2.54475377541377,-1.47594275498006,-2.49));
#7476=CARTESIAN_POINT('Ctrl Pts',(3.3456797432007,-1.6818951466967,-2.5));
#7477=CARTESIAN_POINT('Ctrl Pts',(3.3456797432007,-1.6818951466967,-2.49));
#7478=CARTESIAN_POINT('Ctrl Pts',(4.22097740799642,-1.6818951466967,-2.5));
#7479=CARTESIAN_POINT('Ctrl Pts',(4.22097740799642,-1.6818951466967,-2.49));
#7480=CARTESIAN_POINT('Ctrl Pts',(5.09627507279213,-1.6818951466967,-2.5));
#7481=CARTESIAN_POINT('Ctrl Pts',(5.09627507279213,-1.6818951466967,-2.49));
#7482=CARTESIAN_POINT('Ctrl Pts',(5.88003834126936,-1.48166365475001,-2.5));
#7483=CARTESIAN_POINT('Ctrl Pts',(5.88003834126936,-1.48166365475001,-2.49));
#7484=CARTESIAN_POINT('Ctrl Pts',(6.57798811319798,-1.07547977108661,-2.5));
#7485=CARTESIAN_POINT('Ctrl Pts',(6.57798811319798,-1.07547977108661,-2.49));
#7486=CARTESIAN_POINT('Ctrl Pts',(1.11452883293706,6.55047962219903,-2.49));
#7487=CARTESIAN_POINT('Ctrl Pts',(0.616810552955185,6.12713303922591,-2.49));
#7488=CARTESIAN_POINT('Ctrl Pts',(0.239231168141365,5.60653116016439,-2.49));
#7489=CARTESIAN_POINT('Ctrl Pts',(-0.0239302212743597,4.98867398501448,
-2.49));
#7490=CARTESIAN_POINT('Ctrl Pts',(-0.287091610690067,4.37081680986459,-2.49));
#7491=CARTESIAN_POINT('Ctrl Pts',(-0.418672305397934,3.71291333632529,-2.49));
#7492=CARTESIAN_POINT('Ctrl Pts',(-0.418672305397925,3.01496356439669,-2.49));
#7493=CARTESIAN_POINT('Ctrl Pts',(-0.418672305397916,2.12822410006112,-2.49));
#7494=CARTESIAN_POINT('Ctrl Pts',(-0.218440813451193,1.32729813227424,-2.49));
#7495=CARTESIAN_POINT('Ctrl Pts',(0.18774307021217,0.61790656080575,-2.49));
#7496=CARTESIAN_POINT('Ctrl Pts',(0.593926953875505,-0.0914850106626997,
-2.49));
#7497=CARTESIAN_POINT('Ctrl Pts',(1.14885423155648,-0.652133188113559,-2.49));
#7498=CARTESIAN_POINT('Ctrl Pts',(1.84680400348511,-1.0640379715468,-2.49));
#7499=CARTESIAN_POINT('Ctrl Pts',(2.54475377541377,-1.47594275498006,-2.49));
#7500=CARTESIAN_POINT('Ctrl Pts',(3.3456797432007,-1.6818951466967,-2.49));
#7501=CARTESIAN_POINT('Ctrl Pts',(4.22097740799642,-1.6818951466967,-2.49));
#7502=CARTESIAN_POINT('Ctrl Pts',(5.09627507279213,-1.6818951466967,-2.49));
#7503=CARTESIAN_POINT('Ctrl Pts',(5.88003834126936,-1.48166365475001,-2.49));
#7504=CARTESIAN_POINT('Ctrl Pts',(6.57798811319798,-1.07547977108661,-2.49));
#7505=CARTESIAN_POINT('Origin',(4.21239605834154,2.70603497682172,-2.49));
#7506=CARTESIAN_POINT('Origin',(8.65467472967409,41.5623862140281,-2.5));
#7507=CARTESIAN_POINT('',(8.65467472967409,41.5623862140281,-2.49));
#7508=CARTESIAN_POINT('',(8.65467472967409,41.5623862140281,-2.5));
#7509=CARTESIAN_POINT('',(8.65467472967412,43.5246548351061,-2.49));
#7510=CARTESIAN_POINT('',(8.65467472967412,43.5246548351061,-2.49));
#7511=CARTESIAN_POINT('',(8.65467472967412,43.5246548351061,-2.5));
#7512=CARTESIAN_POINT('Origin',(5.55394705438463,39.3712816021539,-2.5));
#7513=CARTESIAN_POINT('',(5.55394705438463,39.3712816021539,-2.49));
#7514=CARTESIAN_POINT('',(5.55394705438463,39.3712816021539,-2.5));
#7515=CARTESIAN_POINT('',(8.65467472967409,41.5623862140281,-2.49));
#7516=CARTESIAN_POINT('Origin',(8.6546747296741,37.1058052932707,-2.5));
#7517=CARTESIAN_POINT('',(8.6546747296741,37.1058052932707,-2.49));
#7518=CARTESIAN_POINT('',(8.6546747296741,37.1058052932707,-2.5));
#7519=CARTESIAN_POINT('',(5.55394705438463,39.3712816021539,-2.49));
#7520=CARTESIAN_POINT('Origin',(8.65467472967409,35.069164975184,-2.5));
#7521=CARTESIAN_POINT('',(8.65467472967409,35.069164975184,-2.49));
#7522=CARTESIAN_POINT('',(8.65467472967409,35.069164975184,-2.5));
#7523=CARTESIAN_POINT('',(8.6546747296741,37.1058052932707,-2.49));
#7524=CARTESIAN_POINT('Origin',(4.33539540339452,38.2900315456414,-2.5));
#7525=CARTESIAN_POINT('',(4.33539540339452,38.2900315456414,-2.49));
#7526=CARTESIAN_POINT('',(4.33539540339452,38.2900315456414,-2.5));
#7527=CARTESIAN_POINT('',(8.65467472967409,35.069164975184,-2.49));
#7528=CARTESIAN_POINT('Origin',(-0.229882612991003,34.8975379820867,-2.5));
#7529=CARTESIAN_POINT('',(-0.229882612991004,34.8975379820867,-2.49));
#7530=CARTESIAN_POINT('',(-0.229882612991004,34.8975379820867,-2.5));
#7531=CARTESIAN_POINT('',(4.33539540339452,38.2900315456414,-2.49));
#7532=CARTESIAN_POINT('Origin',(-0.229882612990999,36.8826902022444,-2.5));
#7533=CARTESIAN_POINT('',(-0.229882612990999,36.8826902022444,-2.49));
#7534=CARTESIAN_POINT('',(-0.229882612990999,36.8826902022444,-2.5));
#7535=CARTESIAN_POINT('',(-0.229882612991004,34.8975379820867,-2.49));
#7536=CARTESIAN_POINT('Origin',(3.12256465217433,39.2683054062955,-2.5));
#7537=CARTESIAN_POINT('',(3.12256465217433,39.2683054062955,-2.49));
#7538=CARTESIAN_POINT('',(3.12256465217433,39.2683054062955,-2.5));
#7539=CARTESIAN_POINT('',(-0.229882612990999,36.8826902022444,-2.49));
#7540=CARTESIAN_POINT('Origin',(-0.229882612991018,41.6539206103466,-2.5));
#7541=CARTESIAN_POINT('',(-0.229882612991017,41.6539206103466,-2.49));
#7542=CARTESIAN_POINT('',(-0.229882612991017,41.6539206103466,-2.5));
#7543=CARTESIAN_POINT('',(3.12256465217433,39.2683054062955,-2.49));
#7544=CARTESIAN_POINT('Origin',(-0.229882612991017,43.6905609284334,-2.5));
#7545=CARTESIAN_POINT('',(-0.229882612991017,43.6905609284334,-2.49));
#7546=CARTESIAN_POINT('',(-0.229882612991017,43.6905609284334,-2.5));
#7547=CARTESIAN_POINT('',(-0.229882612991017,41.6539206103466,-2.49));
#7548=CARTESIAN_POINT('Origin',(4.36399990224407,40.3609972623476,-2.5));
#7549=CARTESIAN_POINT('',(4.36399990224407,40.3609972623476,-2.49));
#7550=CARTESIAN_POINT('',(4.36399990224407,40.3609972623476,-2.5));
#7551=CARTESIAN_POINT('',(-0.229882612991017,43.6905609284334,-2.49));
#7552=CARTESIAN_POINT('Origin',(8.65467472967412,43.5246548351061,-2.5));
#7553=CARTESIAN_POINT('',(4.36399990224407,40.3609972623476,-2.49));
#7554=CARTESIAN_POINT('Origin',(4.21239605834155,39.2940494552601,-2.49));
#7555=CARTESIAN_POINT('Ctrl Pts',(1.14442021916832,-31.3021176318263,-2.5));
#7556=CARTESIAN_POINT('Ctrl Pts',(1.14442021916832,-31.3021176318263,-2.49));
#7557=CARTESIAN_POINT('Ctrl Pts',(0.585429485053113,-31.5816129988839,-2.5));
#7558=CARTESIAN_POINT('Ctrl Pts',(0.585429485053113,-31.5816129988839,-2.49));
#7559=CARTESIAN_POINT('Ctrl Pts',(0.200179114243966,-32.1557115906779,-2.5));
#7560=CARTESIAN_POINT('Ctrl Pts',(0.200179114243966,-32.1557115906779,-2.49));
#7561=CARTESIAN_POINT('Ctrl Pts',(0.200179114243979,-32.8204573285446,-2.5));
#7562=CARTESIAN_POINT('Ctrl Pts',(0.200179114243979,-32.8204573285446,-2.49));
#7563=CARTESIAN_POINT('Ctrl Pts',(0.200179114243997,-33.7571445046295,-2.5));
#7564=CARTESIAN_POINT('Ctrl Pts',(0.200179114243997,-33.7571445046295,-2.49));
#7565=CARTESIAN_POINT('Ctrl Pts',(0.963125927022848,-34.5200913174083,-2.5));
#7566=CARTESIAN_POINT('Ctrl Pts',(0.963125927022848,-34.5200913174083,-2.49));
#7567=CARTESIAN_POINT('Ctrl Pts',(1.89981310310776,-34.5200913174083,-2.5));
#7568=CARTESIAN_POINT('Ctrl Pts',(1.89981310310776,-34.5200913174083,-2.49));
#7569=CARTESIAN_POINT('Ctrl Pts',(2.83650027919265,-34.5200913174084,-2.5));
#7570=CARTESIAN_POINT('Ctrl Pts',(2.83650027919265,-34.5200913174084,-2.49));
#7571=CARTESIAN_POINT('Ctrl Pts',(3.59944709197154,-33.7571445046295,-2.5));
#7572=CARTESIAN_POINT('Ctrl Pts',(3.59944709197154,-33.7571445046295,-2.49));
#7573=CARTESIAN_POINT('Ctrl Pts',(3.59944709197153,-32.8204573285446,-2.5));
#7574=CARTESIAN_POINT('Ctrl Pts',(3.59944709197153,-32.8204573285446,-2.49));
#7575=CARTESIAN_POINT('Ctrl Pts',(3.59944709197151,-32.1557115906778,-2.5));
#7576=CARTESIAN_POINT('Ctrl Pts',(3.59944709197151,-32.1557115906778,-2.49));
#7577=CARTESIAN_POINT('Ctrl Pts',(3.21419672116241,-31.5891669277233,-2.5));
#7578=CARTESIAN_POINT('Ctrl Pts',(3.21419672116241,-31.5891669277233,-2.49));
#7579=CARTESIAN_POINT('Ctrl Pts',(2.6627599158866,-31.3096715606657,-2.5));
#7580=CARTESIAN_POINT('Ctrl Pts',(2.6627599158866,-31.3096715606657,-2.49));
#7581=CARTESIAN_POINT('',(1.14442021916832,-31.3021176318263,-2.49));
#7582=CARTESIAN_POINT('',(1.14442021916832,-31.3021176318263,-2.5));
#7583=CARTESIAN_POINT('',(2.6627599158866,-31.3096715606657,-2.49));
#7584=CARTESIAN_POINT('Ctrl Pts',(1.14442021916832,-31.3021176318263,-2.49));
#7585=CARTESIAN_POINT('Ctrl Pts',(0.585429485053113,-31.5816129988839,-2.49));
#7586=CARTESIAN_POINT('Ctrl Pts',(0.200179114243966,-32.1557115906779,-2.49));
#7587=CARTESIAN_POINT('Ctrl Pts',(0.200179114243979,-32.8204573285446,-2.49));
#7588=CARTESIAN_POINT('Ctrl Pts',(0.200179114243997,-33.7571445046295,-2.49));
#7589=CARTESIAN_POINT('Ctrl Pts',(0.963125927022848,-34.5200913174083,-2.49));
#7590=CARTESIAN_POINT('Ctrl Pts',(1.89981310310776,-34.5200913174083,-2.49));
#7591=CARTESIAN_POINT('Ctrl Pts',(2.83650027919265,-34.5200913174084,-2.49));
#7592=CARTESIAN_POINT('Ctrl Pts',(3.59944709197154,-33.7571445046295,-2.49));
#7593=CARTESIAN_POINT('Ctrl Pts',(3.59944709197153,-32.8204573285446,-2.49));
#7594=CARTESIAN_POINT('Ctrl Pts',(3.59944709197151,-32.1557115906778,-2.49));
#7595=CARTESIAN_POINT('Ctrl Pts',(3.21419672116241,-31.5891669277233,-2.49));
#7596=CARTESIAN_POINT('Ctrl Pts',(2.6627599158866,-31.3096715606657,-2.49));
#7597=CARTESIAN_POINT('',(2.6627599158866,-31.3096715606657,-2.5));
#7598=CARTESIAN_POINT('Origin',(1.14442021916831,-26.7168828263138,-2.5));
#7599=CARTESIAN_POINT('',(1.14442021916831,-26.7168828263138,-2.49));
#7600=CARTESIAN_POINT('',(1.14442021916831,-26.7168828263138,-2.5));
#7601=CARTESIAN_POINT('',(1.14442021916832,-31.3021176318263,-2.49));
#7602=CARTESIAN_POINT('Origin',(-2.57966669865318,-22.9927959084923,-2.5));
#7603=CARTESIAN_POINT('',(-2.57966669865318,-22.9927959084923,-2.49));
#7604=CARTESIAN_POINT('',(-2.57966669865318,-22.9927959084923,-2.5));
#7605=CARTESIAN_POINT('',(1.14442021916831,-26.7168828263138,-2.49));
#7606=CARTESIAN_POINT('Origin',(0.804493421395561,-19.6086357884436,-2.5));
#7607=CARTESIAN_POINT('',(0.80449342139556,-19.6086357884436,-2.49));
#7608=CARTESIAN_POINT('',(0.80449342139556,-19.6086357884436,-2.5));
#7609=CARTESIAN_POINT('',(-2.57966669865318,-22.9927959084923,-2.49));
#7610=CARTESIAN_POINT('Origin',(4.89116892350796,-19.6086357884436,-2.5));
#7611=CARTESIAN_POINT('',(4.89116892350796,-19.6086357884436,-2.49));
#7612=CARTESIAN_POINT('',(4.89116892350796,-19.6086357884436,-2.5));
#7613=CARTESIAN_POINT('',(0.80449342139556,-19.6086357884436,-2.49));
#7614=CARTESIAN_POINT('Ctrl Pts',(4.89116892350798,-21.1194215563225,-2.5));
#7615=CARTESIAN_POINT('Ctrl Pts',(4.89116892350798,-21.1194215563225,-2.49));
#7616=CARTESIAN_POINT('Ctrl Pts',(5.17066429056559,-21.6784122904377,-2.5));
#7617=CARTESIAN_POINT('Ctrl Pts',(5.17066429056559,-21.6784122904377,-2.49));
#7618=CARTESIAN_POINT('Ctrl Pts',(5.73720895352017,-22.0636626612468,-2.5));
#7619=CARTESIAN_POINT('Ctrl Pts',(5.73720895352017,-22.0636626612468,-2.49));
#7620=CARTESIAN_POINT('Ctrl Pts',(6.40195469138689,-22.0636626612468,-2.5));
#7621=CARTESIAN_POINT('Ctrl Pts',(6.40195469138689,-22.0636626612468,-2.49));
#7622=CARTESIAN_POINT('Ctrl Pts',(7.33864186747181,-22.0636626612468,-2.5));
#7623=CARTESIAN_POINT('Ctrl Pts',(7.33864186747181,-22.0636626612468,-2.49));
#7624=CARTESIAN_POINT('Ctrl Pts',(8.10158868025065,-21.300715848468,-2.5));
#7625=CARTESIAN_POINT('Ctrl Pts',(8.10158868025065,-21.300715848468,-2.49));
#7626=CARTESIAN_POINT('Ctrl Pts',(8.10158868025065,-20.364028672383,-2.5));
#7627=CARTESIAN_POINT('Ctrl Pts',(8.10158868025065,-20.364028672383,-2.49));
#7628=CARTESIAN_POINT('Ctrl Pts',(8.10158868025065,-19.4273414962981,-2.5));
#7629=CARTESIAN_POINT('Ctrl Pts',(8.10158868025065,-19.4273414962981,-2.49));
#7630=CARTESIAN_POINT('Ctrl Pts',(7.33864186747178,-18.6643946835193,-2.5));
#7631=CARTESIAN_POINT('Ctrl Pts',(7.33864186747178,-18.6643946835193,-2.49));
#7632=CARTESIAN_POINT('Ctrl Pts',(6.40195469138687,-18.6643946835193,-2.5));
#7633=CARTESIAN_POINT('Ctrl Pts',(6.40195469138687,-18.6643946835193,-2.49));
#7634=CARTESIAN_POINT('Ctrl Pts',(5.73720895352018,-18.6643946835193,-2.5));
#7635=CARTESIAN_POINT('Ctrl Pts',(5.73720895352018,-18.6643946835193,-2.49));
#7636=CARTESIAN_POINT('Ctrl Pts',(5.17066429056558,-19.0496450543284,-2.5));
#7637=CARTESIAN_POINT('Ctrl Pts',(5.17066429056558,-19.0496450543284,-2.49));
#7638=CARTESIAN_POINT('Ctrl Pts',(4.89116892350799,-19.6086357884436,-2.5));
#7639=CARTESIAN_POINT('Ctrl Pts',(4.89116892350799,-19.6086357884436,-2.49));
#7640=CARTESIAN_POINT('',(4.89116892350798,-21.1194215563225,-2.49));
#7641=CARTESIAN_POINT('',(4.89116892350798,-21.1194215563225,-2.5));
#7642=CARTESIAN_POINT('Ctrl Pts',(4.89116892350798,-21.1194215563225,-2.49));
#7643=CARTESIAN_POINT('Ctrl Pts',(5.17066429056559,-21.6784122904377,-2.49));
#7644=CARTESIAN_POINT('Ctrl Pts',(5.73720895352017,-22.0636626612468,-2.49));
#7645=CARTESIAN_POINT('Ctrl Pts',(6.40195469138689,-22.0636626612468,-2.49));
#7646=CARTESIAN_POINT('Ctrl Pts',(7.33864186747181,-22.0636626612468,-2.49));
#7647=CARTESIAN_POINT('Ctrl Pts',(8.10158868025065,-21.300715848468,-2.49));
#7648=CARTESIAN_POINT('Ctrl Pts',(8.10158868025065,-20.364028672383,-2.49));
#7649=CARTESIAN_POINT('Ctrl Pts',(8.10158868025065,-19.4273414962981,-2.49));
#7650=CARTESIAN_POINT('Ctrl Pts',(7.33864186747178,-18.6643946835193,-2.49));
#7651=CARTESIAN_POINT('Ctrl Pts',(6.40195469138687,-18.6643946835193,-2.49));
#7652=CARTESIAN_POINT('Ctrl Pts',(5.73720895352018,-18.6643946835193,-2.49));
#7653=CARTESIAN_POINT('Ctrl Pts',(5.17066429056558,-19.0496450543284,-2.49));
#7654=CARTESIAN_POINT('Ctrl Pts',(4.89116892350799,-19.6086357884436,-2.49));
#7655=CARTESIAN_POINT('Origin',(1.4314695150653,-21.1194215563225,-2.5));
#7656=CARTESIAN_POINT('',(1.4314695150653,-21.1194215563225,-2.49));
#7657=CARTESIAN_POINT('',(1.4314695150653,-21.1194215563225,-2.5));
#7658=CARTESIAN_POINT('',(4.89116892350799,-21.1194215563225,-2.49));
#7659=CARTESIAN_POINT('Origin',(-0.441904837104548,-22.9927959084923,-2.5));
#7660=CARTESIAN_POINT('',(-0.441904837104548,-22.9927959084923,-2.49));
#7661=CARTESIAN_POINT('',(-0.441904837104548,-22.9927959084923,-2.5));
#7662=CARTESIAN_POINT('',(1.4314695150653,-21.1194215563225,-2.49));
#7663=CARTESIAN_POINT('Origin',(2.66275991589116,-26.0974606614789,-2.5));
#7664=CARTESIAN_POINT('',(2.66275991588659,-26.0974606614835,-2.49));
#7665=CARTESIAN_POINT('',(2.66275991588659,-26.0974606614835,-2.5));
#7666=CARTESIAN_POINT('',(-0.441904837104548,-22.9927959084923,-2.49));
#7667=CARTESIAN_POINT('Origin',(2.6627599158866,-31.3096715606657,-2.5));
#7668=CARTESIAN_POINT('',(2.66275991588659,-26.0974606614835,-2.49));
#7669=CARTESIAN_POINT('Origin',(2.76096099079873,-26.5922430004638,-2.49));
#7670=CARTESIAN_POINT('Origin',(-2.17175454132589,-38.5765511041632,-2.5));
#7671=CARTESIAN_POINT('',(-2.17175454132589,-38.5765511041632,-2.49));
#7672=CARTESIAN_POINT('',(-2.17175454132589,-38.5765511041632,-2.5));
#7673=CARTESIAN_POINT('',(-2.17175454132589,-27.2909814181078,-2.49));
#7674=CARTESIAN_POINT('',(-2.17175454132589,-27.2909814181078,-2.49));
#7675=CARTESIAN_POINT('',(-2.17175454132589,-27.2909814181078,-2.5));
#7676=CARTESIAN_POINT('Origin',(0.487228410140985,-41.2355340556301,-2.5));
#7677=CARTESIAN_POINT('',(0.487228410140985,-41.2355340556301,-2.49));
#7678=CARTESIAN_POINT('',(0.487228410140985,-41.2355340556301,-2.5));
#7679=CARTESIAN_POINT('',(-2.17175454132589,-38.5765511041632,-2.49));
#7680=CARTESIAN_POINT('Origin',(3.62210887848973,-41.23553405563,-2.5));
#7681=CARTESIAN_POINT('',(3.62210887848973,-41.23553405563,-2.49));
#7682=CARTESIAN_POINT('',(3.62210887848973,-41.23553405563,-2.5));
#7683=CARTESIAN_POINT('',(0.487228410140985,-41.2355340556301,-2.49));
#7684=CARTESIAN_POINT('Ctrl Pts',(3.62210887848971,-42.746319823509,-2.5));
#7685=CARTESIAN_POINT('Ctrl Pts',(3.62210887848971,-42.746319823509,-2.49));
#7686=CARTESIAN_POINT('Ctrl Pts',(3.90160424554731,-43.3053105576242,-2.5));
#7687=CARTESIAN_POINT('Ctrl Pts',(3.90160424554731,-43.3053105576242,-2.49));
#7688=CARTESIAN_POINT('Ctrl Pts',(4.46814890850189,-43.6905609284333,-2.5));
#7689=CARTESIAN_POINT('Ctrl Pts',(4.46814890850189,-43.6905609284333,-2.49));
#7690=CARTESIAN_POINT('Ctrl Pts',(5.13289464636862,-43.6905609284333,-2.5));
#7691=CARTESIAN_POINT('Ctrl Pts',(5.13289464636862,-43.6905609284333,-2.49));
#7692=CARTESIAN_POINT('Ctrl Pts',(6.06958182245354,-43.6905609284332,-2.5));
#7693=CARTESIAN_POINT('Ctrl Pts',(6.06958182245354,-43.6905609284332,-2.49));
#7694=CARTESIAN_POINT('Ctrl Pts',(6.83252863523235,-42.9276141156544,-2.5));
#7695=CARTESIAN_POINT('Ctrl Pts',(6.83252863523235,-42.9276141156544,-2.49));
#7696=CARTESIAN_POINT('Ctrl Pts',(6.83252863523237,-41.9909269395695,-2.5));
#7697=CARTESIAN_POINT('Ctrl Pts',(6.83252863523237,-41.9909269395695,-2.49));
#7698=CARTESIAN_POINT('Ctrl Pts',(6.8325286352324,-41.0542397634846,-2.5));
#7699=CARTESIAN_POINT('Ctrl Pts',(6.8325286352324,-41.0542397634846,-2.49));
#7700=CARTESIAN_POINT('Ctrl Pts',(6.06958182245352,-40.2912929507058,-2.5));
#7701=CARTESIAN_POINT('Ctrl Pts',(6.06958182245352,-40.2912929507058,-2.49));
#7702=CARTESIAN_POINT('Ctrl Pts',(5.1328946463686,-40.2912929507058,-2.5));
#7703=CARTESIAN_POINT('Ctrl Pts',(5.1328946463686,-40.2912929507058,-2.49));
#7704=CARTESIAN_POINT('Ctrl Pts',(4.46814890850189,-40.2912929507058,-2.5));
#7705=CARTESIAN_POINT('Ctrl Pts',(4.46814890850189,-40.2912929507058,-2.49));
#7706=CARTESIAN_POINT('Ctrl Pts',(3.9016042455473,-40.6765433215149,-2.5));
#7707=CARTESIAN_POINT('Ctrl Pts',(3.9016042455473,-40.6765433215149,-2.49));
#7708=CARTESIAN_POINT('Ctrl Pts',(3.62210887848973,-41.23553405563,-2.5));
#7709=CARTESIAN_POINT('Ctrl Pts',(3.62210887848973,-41.23553405563,-2.49));
#7710=CARTESIAN_POINT('',(3.62210887848971,-42.746319823509,-2.49));
#7711=CARTESIAN_POINT('',(3.62210887848971,-42.746319823509,-2.5));
#7712=CARTESIAN_POINT('Ctrl Pts',(3.62210887848971,-42.746319823509,-2.49));
#7713=CARTESIAN_POINT('Ctrl Pts',(3.90160424554731,-43.3053105576242,-2.49));
#7714=CARTESIAN_POINT('Ctrl Pts',(4.46814890850189,-43.6905609284333,-2.49));
#7715=CARTESIAN_POINT('Ctrl Pts',(5.13289464636862,-43.6905609284333,-2.49));
#7716=CARTESIAN_POINT('Ctrl Pts',(6.06958182245354,-43.6905609284332,-2.49));
#7717=CARTESIAN_POINT('Ctrl Pts',(6.83252863523235,-42.9276141156544,-2.49));
#7718=CARTESIAN_POINT('Ctrl Pts',(6.83252863523237,-41.9909269395695,-2.49));
#7719=CARTESIAN_POINT('Ctrl Pts',(6.8325286352324,-41.0542397634846,-2.49));
#7720=CARTESIAN_POINT('Ctrl Pts',(6.06958182245352,-40.2912929507058,-2.49));
#7721=CARTESIAN_POINT('Ctrl Pts',(5.1328946463686,-40.2912929507058,-2.49));
#7722=CARTESIAN_POINT('Ctrl Pts',(4.46814890850189,-40.2912929507058,-2.49));
#7723=CARTESIAN_POINT('Ctrl Pts',(3.9016042455473,-40.6765433215149,-2.49));
#7724=CARTESIAN_POINT('Ctrl Pts',(3.62210887848973,-41.23553405563,-2.49));
#7725=CARTESIAN_POINT('Origin',(-0.139747683528753,-42.746319823509,-2.5));
#7726=CARTESIAN_POINT('',(-0.139747683528753,-42.746319823509,-2.49));
#7727=CARTESIAN_POINT('',(-0.139747683528753,-42.746319823509,-2.5));
#7728=CARTESIAN_POINT('',(3.62210887848971,-42.746319823509,-2.49));
#7729=CARTESIAN_POINT('Origin',(-3.68254030920478,-39.2035271978329,-2.5));
#7730=CARTESIAN_POINT('',(-3.68254030920478,-39.2035271978329,-2.49));
#7731=CARTESIAN_POINT('',(-3.68254030920478,-39.2035271978329,-2.5));
#7732=CARTESIAN_POINT('',(-0.139747683528753,-42.746319823509,-2.49));
#7733=CARTESIAN_POINT('Origin',(-3.68254030920478,-27.9179575117776,-2.5));
#7734=CARTESIAN_POINT('',(-3.68254030920478,-27.9179575117776,-2.49));
#7735=CARTESIAN_POINT('',(-3.68254030920478,-27.9179575117776,-2.5));
#7736=CARTESIAN_POINT('',(-3.68254030920478,-39.2035271978329,-2.49));
#7737=CARTESIAN_POINT('Origin',(-7.53504401729599,-24.0654538036864,-2.5));
#7738=CARTESIAN_POINT('',(-7.53504401729599,-24.0654538036864,-2.49));
#7739=CARTESIAN_POINT('',(-7.53504401729599,-24.0654538036864,-2.5));
#7740=CARTESIAN_POINT('',(-3.68254030920478,-27.9179575117776,-2.49));
#7741=CARTESIAN_POINT('Origin',(-10.6397087702871,-24.0654538036864,-2.5));
#7742=CARTESIAN_POINT('',(-10.6397087702871,-24.0654538036864,-2.49));
#7743=CARTESIAN_POINT('',(-10.6397087702871,-24.0654538036864,-2.5));
#7744=CARTESIAN_POINT('',(-7.53504401729598,-24.0654538036864,-2.49));
#7745=CARTESIAN_POINT('Ctrl Pts',(-10.6397087702871,-22.5546680358075,-2.5));
#7746=CARTESIAN_POINT('Ctrl Pts',(-10.6397087702871,-22.5546680358075,-2.49));
#7747=CARTESIAN_POINT('Ctrl Pts',(-10.9192041373447,-21.9956773016923,-2.5));
#7748=CARTESIAN_POINT('Ctrl Pts',(-10.9192041373447,-21.9956773016923,-2.49));
#7749=CARTESIAN_POINT('Ctrl Pts',(-11.4857488002993,-21.6104269308832,-2.5));
#7750=CARTESIAN_POINT('Ctrl Pts',(-11.4857488002993,-21.6104269308832,-2.49));
#7751=CARTESIAN_POINT('Ctrl Pts',(-12.150494538166,-21.6104269308831,-2.5));
#7752=CARTESIAN_POINT('Ctrl Pts',(-12.150494538166,-21.6104269308831,-2.49));
#7753=CARTESIAN_POINT('Ctrl Pts',(-13.0871817142509,-21.6104269308831,-2.5));
#7754=CARTESIAN_POINT('Ctrl Pts',(-13.0871817142509,-21.6104269308831,-2.49));
#7755=CARTESIAN_POINT('Ctrl Pts',(-13.8501285270298,-22.373373743662,-2.5));
#7756=CARTESIAN_POINT('Ctrl Pts',(-13.8501285270298,-22.373373743662,-2.49));
#7757=CARTESIAN_POINT('Ctrl Pts',(-13.8501285270298,-23.3100609197469,-2.5));
#7758=CARTESIAN_POINT('Ctrl Pts',(-13.8501285270298,-23.3100609197469,-2.49));
#7759=CARTESIAN_POINT('Ctrl Pts',(-13.8501285270298,-24.2467480958318,-2.5));
#7760=CARTESIAN_POINT('Ctrl Pts',(-13.8501285270298,-24.2467480958318,-2.49));
#7761=CARTESIAN_POINT('Ctrl Pts',(-13.0871817142509,-25.0096949086107,-2.5));
#7762=CARTESIAN_POINT('Ctrl Pts',(-13.0871817142509,-25.0096949086107,-2.49));
#7763=CARTESIAN_POINT('Ctrl Pts',(-12.150494538166,-25.0096949086107,-2.5));
#7764=CARTESIAN_POINT('Ctrl Pts',(-12.150494538166,-25.0096949086107,-2.49));
#7765=CARTESIAN_POINT('Ctrl Pts',(-11.4857488002993,-25.0096949086107,-2.5));
#7766=CARTESIAN_POINT('Ctrl Pts',(-11.4857488002993,-25.0096949086107,-2.49));
#7767=CARTESIAN_POINT('Ctrl Pts',(-10.9192041373447,-24.6244445378016,-2.5));
#7768=CARTESIAN_POINT('Ctrl Pts',(-10.9192041373447,-24.6244445378016,-2.49));
#7769=CARTESIAN_POINT('Ctrl Pts',(-10.6397087702871,-24.0654538036864,-2.5));
#7770=CARTESIAN_POINT('Ctrl Pts',(-10.6397087702871,-24.0654538036864,-2.49));
#7771=CARTESIAN_POINT('',(-10.6397087702871,-22.5546680358075,-2.49));
#7772=CARTESIAN_POINT('',(-10.6397087702871,-22.5546680358075,-2.5));
#7773=CARTESIAN_POINT('Ctrl Pts',(-10.6397087702871,-22.5546680358075,-2.49));
#7774=CARTESIAN_POINT('Ctrl Pts',(-10.9192041373447,-21.9956773016923,-2.49));
#7775=CARTESIAN_POINT('Ctrl Pts',(-11.4857488002993,-21.6104269308832,-2.49));
#7776=CARTESIAN_POINT('Ctrl Pts',(-12.150494538166,-21.6104269308831,-2.49));
#7777=CARTESIAN_POINT('Ctrl Pts',(-13.0871817142509,-21.6104269308831,-2.49));
#7778=CARTESIAN_POINT('Ctrl Pts',(-13.8501285270298,-22.373373743662,-2.49));
#7779=CARTESIAN_POINT('Ctrl Pts',(-13.8501285270298,-23.3100609197469,-2.49));
#7780=CARTESIAN_POINT('Ctrl Pts',(-13.8501285270298,-24.2467480958318,-2.49));
#7781=CARTESIAN_POINT('Ctrl Pts',(-13.0871817142509,-25.0096949086107,-2.49));
#7782=CARTESIAN_POINT('Ctrl Pts',(-12.150494538166,-25.0096949086107,-2.49));
#7783=CARTESIAN_POINT('Ctrl Pts',(-11.4857488002993,-25.0096949086107,-2.49));
#7784=CARTESIAN_POINT('Ctrl Pts',(-10.9192041373447,-24.6244445378016,-2.49));
#7785=CARTESIAN_POINT('Ctrl Pts',(-10.6397087702871,-24.0654538036864,-2.49));
#7786=CARTESIAN_POINT('Origin',(-6.90806792362627,-22.5546680358075,-2.5));
#7787=CARTESIAN_POINT('',(-6.90806792362627,-22.5546680358075,-2.49));
#7788=CARTESIAN_POINT('',(-6.90806792362627,-22.5546680358075,-2.5));
#7789=CARTESIAN_POINT('',(-10.6397087702871,-22.5546680358075,-2.49));
#7790=CARTESIAN_POINT('Origin',(-2.17175454132589,-27.2909814181078,-2.5));
#7791=CARTESIAN_POINT('',(-6.90806792362627,-22.5546680358075,-2.49));
#7792=CARTESIAN_POINT('Origin',(-3.5087999458987,-32.6504939296582,-2.49));
#7793=CARTESIAN_POINT('Origin',(8.65467472967409,-8.96460055378794,-2.5));
#7794=CARTESIAN_POINT('',(8.65467472967409,-8.96460055378794,-2.49));
#7795=CARTESIAN_POINT('',(8.65467472967409,-8.96460055378794,-2.5));
#7796=CARTESIAN_POINT('',(5.55394705438467,-6.69912424490491,-2.49));
#7797=CARTESIAN_POINT('',(5.55394705438467,-6.69912424490491,-2.49));
#7798=CARTESIAN_POINT('',(5.55394705438467,-6.69912424490491,-2.5));
#7799=CARTESIAN_POINT('Origin',(8.65467472967412,-11.0069617716447,-2.5));
#7800=CARTESIAN_POINT('',(8.65467472967412,-11.0069617716447,-2.49));
#7801=CARTESIAN_POINT('',(8.65467472967412,-11.0069617716447,-2.5));
#7802=CARTESIAN_POINT('',(8.65467472967409,-8.96460055378794,-2.49));
#7803=CARTESIAN_POINT('Origin',(4.33539540339455,-7.78609520118716,-2.5));
#7804=CARTESIAN_POINT('',(4.33539540339455,-7.78609520118716,-2.49));
#7805=CARTESIAN_POINT('',(4.33539540339455,-7.78609520118716,-2.5));
#7806=CARTESIAN_POINT('',(8.65467472967412,-11.0069617716447,-2.49));
#7807=CARTESIAN_POINT('Origin',(-0.229882612991009,-11.172867864972,-2.5));
#7808=CARTESIAN_POINT('',(-0.229882612991008,-11.172867864972,-2.49));
#7809=CARTESIAN_POINT('',(-0.229882612991008,-11.172867864972,-2.5));
#7810=CARTESIAN_POINT('',(4.33539540339455,-7.78609520118716,-2.49));
#7811=CARTESIAN_POINT('Origin',(-0.229882612991008,-9.18771564481432,-2.5));
#7812=CARTESIAN_POINT('',(-0.229882612991008,-9.18771564481432,-2.49));
#7813=CARTESIAN_POINT('',(-0.229882612991008,-9.18771564481432,-2.5));
#7814=CARTESIAN_POINT('',(-0.229882612991008,-11.172867864972,-2.49));
#7815=CARTESIAN_POINT('Origin',(3.12256465217431,-6.80210044076322,-2.5));
#7816=CARTESIAN_POINT('',(3.12256465217431,-6.80210044076322,-2.49));
#7817=CARTESIAN_POINT('',(3.12256465217431,-6.80210044076322,-2.5));
#7818=CARTESIAN_POINT('',(-0.229882612991008,-9.18771564481432,-2.49));
#7819=CARTESIAN_POINT('Origin',(-0.229882612991017,-4.41648523671212,-2.5));
#7820=CARTESIAN_POINT('',(-0.229882612991017,-4.41648523671212,-2.49));
#7821=CARTESIAN_POINT('',(-0.229882612991017,-4.41648523671212,-2.5));
#7822=CARTESIAN_POINT('',(3.12256465217431,-6.80210044076322,-2.49));
#7823=CARTESIAN_POINT('Origin',(-0.229882612990995,-2.37984491862534,-2.5));
#7824=CARTESIAN_POINT('',(-0.229882612990995,-2.37984491862534,-2.49));
#7825=CARTESIAN_POINT('',(-0.229882612990995,-2.37984491862534,-2.5));
#7826=CARTESIAN_POINT('',(-0.229882612991017,-4.41648523671212,-2.49));
#7827=CARTESIAN_POINT('Origin',(4.3639999022441,-5.70940858471104,-2.5));
#7828=CARTESIAN_POINT('',(4.3639999022441,-5.70940858471104,-2.49));
#7829=CARTESIAN_POINT('',(4.3639999022441,-5.70940858471104,-2.5));
#7830=CARTESIAN_POINT('',(-0.229882612990995,-2.37984491862534,-2.49));
#7831=CARTESIAN_POINT('Origin',(8.65467472967408,-2.54575101195263,-2.5));
#7832=CARTESIAN_POINT('',(8.65467472967408,-2.54575101195263,-2.49));
#7833=CARTESIAN_POINT('',(8.65467472967408,-2.54575101195263,-2.5));
#7834=CARTESIAN_POINT('',(4.3639999022441,-5.70940858471104,-2.49));
#7835=CARTESIAN_POINT('Origin',(8.65467472967409,-4.5137405328005,-2.5));
#7836=CARTESIAN_POINT('',(8.65467472967409,-4.5137405328005,-2.49));
#7837=CARTESIAN_POINT('',(8.65467472967409,-4.5137405328005,-2.5));
#7838=CARTESIAN_POINT('',(8.65467472967408,-2.54575101195263,-2.49));
#7839=CARTESIAN_POINT('Origin',(5.55394705438467,-6.69912424490491,-2.5));
#7840=CARTESIAN_POINT('',(8.65467472967409,-4.5137405328005,-2.49));
#7841=CARTESIAN_POINT('Origin',(4.21239605834155,-6.77635639179866,-2.49));
#7842=CARTESIAN_POINT('Ctrl Pts',(2.0184309965823,31.0073261385502,-2.5));
#7843=CARTESIAN_POINT('Ctrl Pts',(2.0184309965823,31.0073261385502,-2.49));
#7844=CARTESIAN_POINT('Ctrl Pts',(2.5848000738031,31.5164862180719,-2.5));
#7845=CARTESIAN_POINT('Ctrl Pts',(2.5848000738031,31.5164862180719,-2.49));
#7846=CARTESIAN_POINT('Ctrl Pts',(3.31135434458124,31.7739267077178,-2.5));
#7847=CARTESIAN_POINT('Ctrl Pts',(3.31135434458124,31.7739267077178,-2.49));
#7848=CARTESIAN_POINT('Ctrl Pts',(4.19809380891677,31.7739267077177,-2.5));
#7849=CARTESIAN_POINT('Ctrl Pts',(4.19809380891677,31.7739267077177,-2.49));
#7850=CARTESIAN_POINT('Ctrl Pts',(4.81023008429678,31.7739267077176,-2.5));
#7851=CARTESIAN_POINT('Ctrl Pts',(4.81023008429678,31.7739267077176,-2.49));
#7852=CARTESIAN_POINT('Ctrl Pts',(5.34227376289809,31.6595087123195,-2.5));
#7853=CARTESIAN_POINT('Ctrl Pts',(5.34227376289809,31.6595087123195,-2.49));
#7854=CARTESIAN_POINT('Ctrl Pts',(5.79994574449066,31.4306727215232,-2.5));
#7855=CARTESIAN_POINT('Ctrl Pts',(5.79994574449066,31.4306727215232,-2.49));
#7856=CARTESIAN_POINT('',(2.0184309965823,31.0073261385502,-2.5));
#7857=CARTESIAN_POINT('',(5.79994574449066,31.4306727215232,-2.5));
#7858=CARTESIAN_POINT('Ctrl Pts',(2.0184309965823,31.0073261385502,-2.5));
#7859=CARTESIAN_POINT('Ctrl Pts',(2.5848000738031,31.5164862180719,-2.5));
#7860=CARTESIAN_POINT('Ctrl Pts',(3.31135434458124,31.7739267077178,-2.5));
#7861=CARTESIAN_POINT('Ctrl Pts',(4.19809380891677,31.7739267077177,-2.5));
#7862=CARTESIAN_POINT('Ctrl Pts',(4.81023008429678,31.7739267077176,-2.5));
#7863=CARTESIAN_POINT('Ctrl Pts',(5.34227376289809,31.6595087123195,-2.5));
#7864=CARTESIAN_POINT('Ctrl Pts',(5.79994574449066,31.4306727215232,-2.5));
#7865=CARTESIAN_POINT('',(2.0184309965823,31.0073261385502,-2.49));
#7866=CARTESIAN_POINT('',(2.0184309965823,31.0073261385502,-2.5));
#7867=CARTESIAN_POINT('',(5.79994574449066,31.4306727215232,-2.49));
#7868=CARTESIAN_POINT('Ctrl Pts',(2.0184309965823,31.0073261385502,-2.49));
#7869=CARTESIAN_POINT('Ctrl Pts',(2.5848000738031,31.5164862180719,-2.49));
#7870=CARTESIAN_POINT('Ctrl Pts',(3.31135434458124,31.7739267077178,-2.49));
#7871=CARTESIAN_POINT('Ctrl Pts',(4.19809380891677,31.7739267077177,-2.49));
#7872=CARTESIAN_POINT('Ctrl Pts',(4.81023008429678,31.7739267077176,-2.49));
#7873=CARTESIAN_POINT('Ctrl Pts',(5.34227376289809,31.6595087123195,-2.49));
#7874=CARTESIAN_POINT('Ctrl Pts',(5.79994574449066,31.4306727215232,-2.49));
#7875=CARTESIAN_POINT('',(5.79994574449066,31.4306727215232,-2.5));
#7876=CARTESIAN_POINT('Origin',(2.02415189635219,31.0073261385502,-2.5));
#7877=CARTESIAN_POINT('',(2.02415189635219,31.0073261385502,-2.5));
#7878=CARTESIAN_POINT('',(1.01207594807983,31.0073261385439,-2.5));
#7879=CARTESIAN_POINT('',(2.02415189635219,31.0073261385502,-2.49));
#7880=CARTESIAN_POINT('',(2.02415189635219,31.0073261385502,-2.5));
#7881=CARTESIAN_POINT('',(2.0184309965823,31.0073261385502,-2.49));
#7882=CARTESIAN_POINT('Ctrl Pts',(5.79994574449066,31.4306727215232,-2.5));
#7883=CARTESIAN_POINT('Ctrl Pts',(5.79994574449066,31.4306727215232,-2.49));
#7884=CARTESIAN_POINT('Ctrl Pts',(6.25761772608318,31.1961158309572,-2.5));
#7885=CARTESIAN_POINT('Ctrl Pts',(6.25761772608318,31.1961158309572,-2.49));
#7886=CARTESIAN_POINT('Ctrl Pts',(6.61231351181737,30.8700245440724,-2.5));
#7887=CARTESIAN_POINT('Ctrl Pts',(6.61231351181737,30.8700245440724,-2.49));
#7888=CARTESIAN_POINT('Ctrl Pts',(6.86975400146319,30.4466779610993,-2.5));
#7889=CARTESIAN_POINT('Ctrl Pts',(6.86975400146319,30.4466779610993,-2.49));
#7890=CARTESIAN_POINT('Ctrl Pts',(7.127194491109,30.0233313781262,-2.5));
#7891=CARTESIAN_POINT('Ctrl Pts',(7.127194491109,30.0233313781262,-2.49));
#7892=CARTESIAN_POINT('Ctrl Pts',(7.25305428604691,29.5313339979142,-2.5));
#7893=CARTESIAN_POINT('Ctrl Pts',(7.25305428604691,29.5313339979142,-2.49));
#7894=CARTESIAN_POINT('Ctrl Pts',(7.25305428604693,28.9706858204634,-2.5));
#7895=CARTESIAN_POINT('Ctrl Pts',(7.25305428604693,28.9706858204634,-2.49));
#7896=CARTESIAN_POINT('Ctrl Pts',(7.25305428604695,28.4100376430125,-2.5));
#7897=CARTESIAN_POINT('Ctrl Pts',(7.25305428604695,28.4100376430125,-2.49));
#7898=CARTESIAN_POINT('Ctrl Pts',(7.12147359133906,27.9123193630307,-2.5));
#7899=CARTESIAN_POINT('Ctrl Pts',(7.12147359133906,27.9123193630307,-2.49));
#7900=CARTESIAN_POINT('Ctrl Pts',(6.85831220192339,27.4832518802876,-2.5));
#7901=CARTESIAN_POINT('Ctrl Pts',(6.85831220192339,27.4832518802876,-2.49));
#7902=CARTESIAN_POINT('Ctrl Pts',(6.59515081250769,27.0541843975445,-2.5));
#7903=CARTESIAN_POINT('Ctrl Pts',(6.59515081250769,27.0541843975445,-2.49));
#7904=CARTESIAN_POINT('Ctrl Pts',(6.24045502677346,26.7166513111203,-2.5));
#7905=CARTESIAN_POINT('Ctrl Pts',(6.24045502677346,26.7166513111203,-2.49));
#7906=CARTESIAN_POINT('Ctrl Pts',(5.78278304518096,26.4706526210143,-2.5));
#7907=CARTESIAN_POINT('Ctrl Pts',(5.78278304518096,26.4706526210143,-2.49));
#7908=CARTESIAN_POINT('Ctrl Pts',(5.32511106358838,26.2246539309082,-2.5));
#7909=CARTESIAN_POINT('Ctrl Pts',(5.32511106358838,26.2246539309082,-2.49));
#7910=CARTESIAN_POINT('Ctrl Pts',(4.81595098406669,26.1045150357401,-2.5));
#7911=CARTESIAN_POINT('Ctrl Pts',(4.81595098406669,26.1045150357401,-2.49));
#7912=CARTESIAN_POINT('Ctrl Pts',(4.22097740799641,26.1045150357402,-2.5));
#7913=CARTESIAN_POINT('Ctrl Pts',(4.22097740799641,26.1045150357402,-2.49));
#7914=CARTESIAN_POINT('Ctrl Pts',(3.62600383192611,26.1045150357402,-2.5));
#7915=CARTESIAN_POINT('Ctrl Pts',(3.62600383192611,26.1045150357402,-2.49));
#7916=CARTESIAN_POINT('Ctrl Pts',(3.09968105309467,26.230374830678,-2.5));
#7917=CARTESIAN_POINT('Ctrl Pts',(3.09968105309467,26.230374830678,-2.49));
#7918=CARTESIAN_POINT('Ctrl Pts',(2.64200907150216,26.4706526210142,-2.5));
#7919=CARTESIAN_POINT('Ctrl Pts',(2.64200907150216,26.4706526210142,-2.49));
#7920=CARTESIAN_POINT('Ctrl Pts',(2.18433708990962,26.7109304113503,-2.5));
#7921=CARTESIAN_POINT('Ctrl Pts',(2.18433708990962,26.7109304113503,-2.49));
#7922=CARTESIAN_POINT('Ctrl Pts',(1.82964130417542,27.0484634977748,-2.5));
#7923=CARTESIAN_POINT('Ctrl Pts',(1.82964130417542,27.0484634977748,-2.49));
#7924=CARTESIAN_POINT('Ctrl Pts',(1.5664799147597,27.4889727800576,-2.5));
#7925=CARTESIAN_POINT('Ctrl Pts',(1.5664799147597,27.4889727800576,-2.49));
#7926=CARTESIAN_POINT('Ctrl Pts',(1.30331852534399,27.9294820623404,-2.5));
#7927=CARTESIAN_POINT('Ctrl Pts',(1.30331852534399,27.9294820623404,-2.49));
#7928=CARTESIAN_POINT('Ctrl Pts',(1.17173783063615,28.4272003423223,-2.5));
#7929=CARTESIAN_POINT('Ctrl Pts',(1.17173783063615,28.4272003423223,-2.49));
#7930=CARTESIAN_POINT('Ctrl Pts',(1.17173783063613,28.9878485197731,-2.5));
#7931=CARTESIAN_POINT('Ctrl Pts',(1.17173783063613,28.9878485197731,-2.49));
#7932=CARTESIAN_POINT('Ctrl Pts',(1.1717378306361,29.8230998861795,-2.5));
#7933=CARTESIAN_POINT('Ctrl Pts',(1.1717378306361,29.8230998861795,-2.49));
#7934=CARTESIAN_POINT('Ctrl Pts',(1.45778281913147,30.4981660590286,-2.5));
#7935=CARTESIAN_POINT('Ctrl Pts',(1.45778281913147,30.4981660590286,-2.49));
#7936=CARTESIAN_POINT('Ctrl Pts',(2.02415189635219,31.0073261385502,-2.5));
#7937=CARTESIAN_POINT('Ctrl Pts',(2.02415189635219,31.0073261385502,-2.49));
#7938=CARTESIAN_POINT('Ctrl Pts',(5.79994574449066,31.4306727215232,-2.5));
#7939=CARTESIAN_POINT('Ctrl Pts',(6.25761772608318,31.1961158309572,-2.5));
#7940=CARTESIAN_POINT('Ctrl Pts',(6.61231351181737,30.8700245440724,-2.5));
#7941=CARTESIAN_POINT('Ctrl Pts',(6.86975400146319,30.4466779610993,-2.5));
#7942=CARTESIAN_POINT('Ctrl Pts',(7.127194491109,30.0233313781262,-2.5));
#7943=CARTESIAN_POINT('Ctrl Pts',(7.25305428604691,29.5313339979142,-2.5));
#7944=CARTESIAN_POINT('Ctrl Pts',(7.25305428604693,28.9706858204634,-2.5));
#7945=CARTESIAN_POINT('Ctrl Pts',(7.25305428604695,28.4100376430125,-2.5));
#7946=CARTESIAN_POINT('Ctrl Pts',(7.12147359133906,27.9123193630307,-2.5));
#7947=CARTESIAN_POINT('Ctrl Pts',(6.85831220192339,27.4832518802876,-2.5));
#7948=CARTESIAN_POINT('Ctrl Pts',(6.59515081250769,27.0541843975445,-2.5));
#7949=CARTESIAN_POINT('Ctrl Pts',(6.24045502677346,26.7166513111203,-2.5));
#7950=CARTESIAN_POINT('Ctrl Pts',(5.78278304518096,26.4706526210143,-2.5));
#7951=CARTESIAN_POINT('Ctrl Pts',(5.32511106358838,26.2246539309082,-2.5));
#7952=CARTESIAN_POINT('Ctrl Pts',(4.81595098406669,26.1045150357401,-2.5));
#7953=CARTESIAN_POINT('Ctrl Pts',(4.22097740799641,26.1045150357402,-2.5));
#7954=CARTESIAN_POINT('Ctrl Pts',(3.62600383192611,26.1045150357402,-2.5));
#7955=CARTESIAN_POINT('Ctrl Pts',(3.09968105309467,26.230374830678,-2.5));
#7956=CARTESIAN_POINT('Ctrl Pts',(2.64200907150216,26.4706526210142,-2.5));
#7957=CARTESIAN_POINT('Ctrl Pts',(2.18433708990962,26.7109304113503,-2.5));
#7958=CARTESIAN_POINT('Ctrl Pts',(1.82964130417542,27.0484634977748,-2.5));
#7959=CARTESIAN_POINT('Ctrl Pts',(1.5664799147597,27.4889727800576,-2.5));
#7960=CARTESIAN_POINT('Ctrl Pts',(1.30331852534399,27.9294820623404,-2.5));
#7961=CARTESIAN_POINT('Ctrl Pts',(1.17173783063615,28.4272003423223,-2.5));
#7962=CARTESIAN_POINT('Ctrl Pts',(1.17173783063613,28.9878485197731,-2.5));
#7963=CARTESIAN_POINT('Ctrl Pts',(1.1717378306361,29.8230998861795,-2.5));
#7964=CARTESIAN_POINT('Ctrl Pts',(1.45778281913147,30.4981660590286,-2.5));
#7965=CARTESIAN_POINT('Ctrl Pts',(2.02415189635219,31.0073261385502,-2.5));
#7966=CARTESIAN_POINT('Ctrl Pts',(5.79994574449066,31.4306727215232,-2.49));
#7967=CARTESIAN_POINT('Ctrl Pts',(6.25761772608318,31.1961158309572,-2.49));
#7968=CARTESIAN_POINT('Ctrl Pts',(6.61231351181737,30.8700245440724,-2.49));
#7969=CARTESIAN_POINT('Ctrl Pts',(6.86975400146319,30.4466779610993,-2.49));
#7970=CARTESIAN_POINT('Ctrl Pts',(7.127194491109,30.0233313781262,-2.49));
#7971=CARTESIAN_POINT('Ctrl Pts',(7.25305428604691,29.5313339979142,-2.49));
#7972=CARTESIAN_POINT('Ctrl Pts',(7.25305428604693,28.9706858204634,-2.49));
#7973=CARTESIAN_POINT('Ctrl Pts',(7.25305428604695,28.4100376430125,-2.49));
#7974=CARTESIAN_POINT('Ctrl Pts',(7.12147359133906,27.9123193630307,-2.49));
#7975=CARTESIAN_POINT('Ctrl Pts',(6.85831220192339,27.4832518802876,-2.49));
#7976=CARTESIAN_POINT('Ctrl Pts',(6.59515081250769,27.0541843975445,-2.49));
#7977=CARTESIAN_POINT('Ctrl Pts',(6.24045502677346,26.7166513111203,-2.49));
#7978=CARTESIAN_POINT('Ctrl Pts',(5.78278304518096,26.4706526210143,-2.49));
#7979=CARTESIAN_POINT('Ctrl Pts',(5.32511106358838,26.2246539309082,-2.49));
#7980=CARTESIAN_POINT('Ctrl Pts',(4.81595098406669,26.1045150357401,-2.49));
#7981=CARTESIAN_POINT('Ctrl Pts',(4.22097740799641,26.1045150357402,-2.49));
#7982=CARTESIAN_POINT('Ctrl Pts',(3.62600383192611,26.1045150357402,-2.49));
#7983=CARTESIAN_POINT('Ctrl Pts',(3.09968105309467,26.230374830678,-2.49));
#7984=CARTESIAN_POINT('Ctrl Pts',(2.64200907150216,26.4706526210142,-2.49));
#7985=CARTESIAN_POINT('Ctrl Pts',(2.18433708990962,26.7109304113503,-2.49));
#7986=CARTESIAN_POINT('Ctrl Pts',(1.82964130417542,27.0484634977748,-2.49));
#7987=CARTESIAN_POINT('Ctrl Pts',(1.5664799147597,27.4889727800576,-2.49));
#7988=CARTESIAN_POINT('Ctrl Pts',(1.30331852534399,27.9294820623404,-2.49));
#7989=CARTESIAN_POINT('Ctrl Pts',(1.17173783063615,28.4272003423223,-2.49));
#7990=CARTESIAN_POINT('Ctrl Pts',(1.17173783063613,28.9878485197731,-2.49));
#7991=CARTESIAN_POINT('Ctrl Pts',(1.1717378306361,29.8230998861795,-2.49));
#7992=CARTESIAN_POINT('Ctrl Pts',(1.45778281913147,30.4981660590286,-2.49));
#7993=CARTESIAN_POINT('Ctrl Pts',(2.02415189635219,31.0073261385502,-2.49));
#7994=CARTESIAN_POINT('Ctrl Pts',(1.85252490325503,24.9317305829093,-2.5));
#7995=CARTESIAN_POINT('Ctrl Pts',(1.85252490325503,24.9317305829093,-2.49));
#7996=CARTESIAN_POINT('Ctrl Pts',(2.55047467518364,24.5484302983255,-2.5));
#7997=CARTESIAN_POINT('Ctrl Pts',(2.55047467518364,24.5484302983255,-2.49));
#7998=CARTESIAN_POINT('Ctrl Pts',(3.33995884343077,24.3596406059184,-2.5));
#7999=CARTESIAN_POINT('Ctrl Pts',(3.33995884343077,24.3596406059184,-2.49));
#8000=CARTESIAN_POINT('Ctrl Pts',(4.20953560845659,24.3596406059185,-2.5));
#8001=CARTESIAN_POINT('Ctrl Pts',(4.20953560845659,24.3596406059185,-2.49));
#8002=CARTESIAN_POINT('Ctrl Pts',(5.07911237348245,24.3596406059186,-2.5));
#8003=CARTESIAN_POINT('Ctrl Pts',(5.07911237348245,24.3596406059186,-2.49));
#8004=CARTESIAN_POINT('Ctrl Pts',(5.86859654172951,24.5484302983255,-2.5));
#8005=CARTESIAN_POINT('Ctrl Pts',(5.86859654172951,24.5484302983255,-2.49));
#8006=CARTESIAN_POINT('Ctrl Pts',(6.56654631365813,24.9317305829092,-2.5));
#8007=CARTESIAN_POINT('Ctrl Pts',(6.56654631365813,24.9317305829092,-2.49));
#8008=CARTESIAN_POINT('',(1.85252490325503,24.9317305829093,-2.49));
#8009=CARTESIAN_POINT('',(1.85252490325503,24.9317305829093,-2.5));
#8010=CARTESIAN_POINT('',(6.56654631365813,24.9317305829092,-2.49));
#8011=CARTESIAN_POINT('Ctrl Pts',(1.85252490325503,24.9317305829093,-2.49));
#8012=CARTESIAN_POINT('Ctrl Pts',(2.55047467518364,24.5484302983255,-2.49));
#8013=CARTESIAN_POINT('Ctrl Pts',(3.33995884343077,24.3596406059184,-2.49));
#8014=CARTESIAN_POINT('Ctrl Pts',(4.20953560845659,24.3596406059185,-2.49));
#8015=CARTESIAN_POINT('Ctrl Pts',(5.07911237348245,24.3596406059186,-2.49));
#8016=CARTESIAN_POINT('Ctrl Pts',(5.86859654172951,24.5484302983255,-2.49));
#8017=CARTESIAN_POINT('Ctrl Pts',(6.56654631365813,24.9317305829092,-2.49));
#8018=CARTESIAN_POINT('',(6.56654631365813,24.9317305829092,-2.5));
#8019=CARTESIAN_POINT('Ctrl Pts',(0.193463969982085,26.4935362200939,-2.5));
#8020=CARTESIAN_POINT('Ctrl Pts',(0.801321152813835,25.5004155698943,-2.5));
#8021=CARTESIAN_POINT('Ctrl Pts',(1.85252490325504,24.9317305829093,-2.5));
#8022=CARTESIAN_POINT('Ctrl Pts',(0.193463969982085,26.4935362200939,-2.49));
#8023=CARTESIAN_POINT('Ctrl Pts',(0.801321152813835,25.5004155698943,-2.49));
#8024=CARTESIAN_POINT('Ctrl Pts',(1.85252490325504,24.9317305829093,-2.49));
#8025=CARTESIAN_POINT('',(0.193463969982077,26.4935362200939,-2.49));
#8026=CARTESIAN_POINT('',(0.193463969982077,26.4935362200939,-2.5));
#8027=CARTESIAN_POINT('Origin',(64.838659000219,86.8062470468624,-2.49));
#8028=CARTESIAN_POINT('Ctrl Pts',(0.0103951773450683,30.5267705578781,-2.5));
#8029=CARTESIAN_POINT('Ctrl Pts',(0.0103951773450683,30.5267705578781,-2.49));
#8030=CARTESIAN_POINT('Ctrl Pts',(-0.269928911380348,29.9947268792768,-2.5));
#8031=CARTESIAN_POINT('Ctrl Pts',(-0.269928911380348,29.9947268792768,-2.49));
#8032=CARTESIAN_POINT('Ctrl Pts',(-0.412951405628044,29.3883115036666,-2.5));
#8033=CARTESIAN_POINT('Ctrl Pts',(-0.412951405628044,29.3883115036666,-2.49));
#8034=CARTESIAN_POINT('Ctrl Pts',(-0.412951405628035,28.7018035312778,-2.5));
#8035=CARTESIAN_POINT('Ctrl Pts',(-0.412951405628035,28.7018035312778,-2.49));
#8036=CARTESIAN_POINT('Ctrl Pts',(-0.412951405628026,27.8894357639511,-2.5));
#8037=CARTESIAN_POINT('Ctrl Pts',(-0.412951405628026,27.8894357639511,-2.49));
#8038=CARTESIAN_POINT('Ctrl Pts',(-0.21271991368129,27.1514396936331,-2.5));
#8039=CARTESIAN_POINT('Ctrl Pts',(-0.21271991368129,27.1514396936331,-2.49));
#8040=CARTESIAN_POINT('Ctrl Pts',(0.193463969982086,26.4935362200939,-2.5));
#8041=CARTESIAN_POINT('Ctrl Pts',(0.193463969982086,26.4935362200939,-2.49));
#8042=CARTESIAN_POINT('',(0.0103951773450683,30.5267705578781,-2.49));
#8043=CARTESIAN_POINT('',(0.0103951773450684,30.5267705578781,-2.5));
#8044=CARTESIAN_POINT('Ctrl Pts',(0.0103951773450683,30.5267705578781,-2.49));
#8045=CARTESIAN_POINT('Ctrl Pts',(-0.269928911380348,29.9947268792768,-2.49));
#8046=CARTESIAN_POINT('Ctrl Pts',(-0.412951405628044,29.3883115036666,-2.49));
#8047=CARTESIAN_POINT('Ctrl Pts',(-0.412951405628035,28.7018035312778,-2.49));
#8048=CARTESIAN_POINT('Ctrl Pts',(-0.412951405628026,27.8894357639511,-2.49));
#8049=CARTESIAN_POINT('Ctrl Pts',(-0.21271991368129,27.1514396936331,-2.49));
#8050=CARTESIAN_POINT('Ctrl Pts',(0.193463969982086,26.4935362200939,-2.49));
#8051=CARTESIAN_POINT('Ctrl Pts',(1.01155263707876,31.6595087123195,-2.5));
#8052=CARTESIAN_POINT('Ctrl Pts',(1.01155263707876,31.6595087123195,-2.49));
#8053=CARTESIAN_POINT('Ctrl Pts',(0.599647853645449,31.3563010245145,-2.5));
#8054=CARTESIAN_POINT('Ctrl Pts',(0.599647853645449,31.3563010245145,-2.49));
#8055=CARTESIAN_POINT('Ctrl Pts',(0.256393867451061,30.9901634392405,-2.5));
#8056=CARTESIAN_POINT('Ctrl Pts',(0.256393867451061,30.9901634392405,-2.49));
#8057=CARTESIAN_POINT('Ctrl Pts',(0.0103951773450683,30.5267705578781,-2.5));
#8058=CARTESIAN_POINT('Ctrl Pts',(0.0103951773450683,30.5267705578781,-2.49));
#8059=CARTESIAN_POINT('',(1.01155263707876,31.6595087123195,-2.49));
#8060=CARTESIAN_POINT('',(1.01155263707876,31.6595087123195,-2.5));
#8061=CARTESIAN_POINT('Ctrl Pts',(1.01155263707876,31.6595087123195,-2.49));
#8062=CARTESIAN_POINT('Ctrl Pts',(0.599647853645449,31.3563010245145,-2.49));
#8063=CARTESIAN_POINT('Ctrl Pts',(0.256393867451061,30.9901634392405,-2.49));
#8064=CARTESIAN_POINT('Ctrl Pts',(0.0103951773450683,30.5267705578781,-2.49));
#8065=CARTESIAN_POINT('Origin',(-0.224161713221114,31.6595087123195,-2.5));
#8066=CARTESIAN_POINT('',(-0.224161713221114,31.6595087123195,-2.49));
#8067=CARTESIAN_POINT('',(-0.224161713221114,31.6595087123195,-2.5));
#8068=CARTESIAN_POINT('',(1.01155263707876,31.6595087123195,-2.49));
#8069=CARTESIAN_POINT('Origin',(-0.224161713221127,33.3643368437518,-2.5));
#8070=CARTESIAN_POINT('',(-0.224161713221127,33.3643368437518,-2.49));
#8071=CARTESIAN_POINT('',(-0.224161713221127,33.3643368437518,-2.5));
#8072=CARTESIAN_POINT('',(-0.224161713221114,31.6595087123195,-2.49));
#8073=CARTESIAN_POINT('Origin',(8.65467472967409,33.3643368437518,-2.5));
#8074=CARTESIAN_POINT('',(8.65467472967409,33.3643368437518,-2.49));
#8075=CARTESIAN_POINT('',(8.65467472967409,33.3643368437518,-2.5));
#8076=CARTESIAN_POINT('',(-0.224161713221127,33.3643368437518,-2.49));
#8077=CARTESIAN_POINT('Origin',(8.6546747296741,31.6595087123196,-2.5));
#8078=CARTESIAN_POINT('',(8.6546747296741,31.6595087123196,-2.49));
#8079=CARTESIAN_POINT('',(8.6546747296741,31.6595087123196,-2.5));
#8080=CARTESIAN_POINT('',(8.65467472967409,33.3643368437518,-2.49));
#8081=CARTESIAN_POINT('Origin',(7.41896037937423,31.6595087123195,-2.5));
#8082=CARTESIAN_POINT('',(7.41896037937423,31.6595087123195,-2.49));
#8083=CARTESIAN_POINT('',(7.41896037937423,31.6595087123195,-2.5));
#8084=CARTESIAN_POINT('',(8.6546747296741,31.6595087123196,-2.49));
#8085=CARTESIAN_POINT('Ctrl Pts',(8.42583873887784,30.5096078585683,-2.5));
#8086=CARTESIAN_POINT('Ctrl Pts',(8.42583873887784,30.5096078585683,-2.49));
#8087=CARTESIAN_POINT('Ctrl Pts',(8.17984004877184,30.9787216397007,-2.5));
#8088=CARTESIAN_POINT('Ctrl Pts',(8.17984004877184,30.9787216397007,-2.49));
#8089=CARTESIAN_POINT('Ctrl Pts',(7.83086516280753,31.3505801247446,-2.5));
#8090=CARTESIAN_POINT('Ctrl Pts',(7.83086516280753,31.3505801247446,-2.49));
#8091=CARTESIAN_POINT('Ctrl Pts',(7.41896037937423,31.6595087123195,-2.5));
#8092=CARTESIAN_POINT('Ctrl Pts',(7.41896037937423,31.6595087123195,-2.49));
#8093=CARTESIAN_POINT('',(8.42583873887784,30.5096078585683,-2.49));
#8094=CARTESIAN_POINT('',(8.42583873887784,30.5096078585683,-2.5));
#8095=CARTESIAN_POINT('Ctrl Pts',(8.42583873887784,30.5096078585683,-2.49));
#8096=CARTESIAN_POINT('Ctrl Pts',(8.17984004877184,30.9787216397007,-2.49));
#8097=CARTESIAN_POINT('Ctrl Pts',(7.83086516280753,31.3505801247446,-2.49));
#8098=CARTESIAN_POINT('Ctrl Pts',(7.41896037937423,31.6595087123195,-2.49));
#8099=CARTESIAN_POINT('Ctrl Pts',(6.56654631365813,24.9317305829092,-2.5));
#8100=CARTESIAN_POINT('Ctrl Pts',(6.56654631365813,24.9317305829092,-2.49));
#8101=CARTESIAN_POINT('Ctrl Pts',(7.26449608558676,25.3093099677231,-2.5));
#8102=CARTESIAN_POINT('Ctrl Pts',(7.26449608558676,25.3093099677231,-2.49));
#8103=CARTESIAN_POINT('Ctrl Pts',(7.81942336326771,25.8241909470147,-2.5));
#8104=CARTESIAN_POINT('Ctrl Pts',(7.81942336326771,25.8241909470147,-2.49));
#8105=CARTESIAN_POINT('Ctrl Pts',(8.231328146701,26.482094420554,-2.5));
#8106=CARTESIAN_POINT('Ctrl Pts',(8.231328146701,26.482094420554,-2.49));
#8107=CARTESIAN_POINT('Ctrl Pts',(8.64323293013429,27.1399978940932,-2.5));
#8108=CARTESIAN_POINT('Ctrl Pts',(8.64323293013429,27.1399978940932,-2.49));
#8109=CARTESIAN_POINT('Ctrl Pts',(8.8491853218509,27.8779939644113,-2.5));
#8110=CARTESIAN_POINT('Ctrl Pts',(8.8491853218509,27.8779939644113,-2.49));
#8111=CARTESIAN_POINT('Ctrl Pts',(8.84918532185091,28.7018035312778,-2.5));
#8112=CARTESIAN_POINT('Ctrl Pts',(8.84918532185091,28.7018035312778,-2.49));
#8113=CARTESIAN_POINT('Ctrl Pts',(8.84918532185092,29.3768697041268,-2.5));
#8114=CARTESIAN_POINT('Ctrl Pts',(8.84918532185092,29.3768697041268,-2.49));
#8115=CARTESIAN_POINT('Ctrl Pts',(8.70616282760325,29.977564179967,-2.5));
#8116=CARTESIAN_POINT('Ctrl Pts',(8.70616282760325,29.977564179967,-2.49));
#8117=CARTESIAN_POINT('Ctrl Pts',(8.42583873887783,30.5096078585682,-2.5));
#8118=CARTESIAN_POINT('Ctrl Pts',(8.42583873887783,30.5096078585682,-2.49));
#8119=CARTESIAN_POINT('Ctrl Pts',(6.56654631365813,24.9317305829092,-2.49));
#8120=CARTESIAN_POINT('Ctrl Pts',(7.26449608558676,25.3093099677231,-2.49));
#8121=CARTESIAN_POINT('Ctrl Pts',(7.81942336326771,25.8241909470147,-2.49));
#8122=CARTESIAN_POINT('Ctrl Pts',(8.231328146701,26.482094420554,-2.49));
#8123=CARTESIAN_POINT('Ctrl Pts',(8.64323293013429,27.1399978940932,-2.49));
#8124=CARTESIAN_POINT('Ctrl Pts',(8.8491853218509,27.8779939644113,-2.49));
#8125=CARTESIAN_POINT('Ctrl Pts',(8.84918532185091,28.7018035312778,-2.49));
#8126=CARTESIAN_POINT('Ctrl Pts',(8.84918532185092,29.3768697041268,-2.49));
#8127=CARTESIAN_POINT('Ctrl Pts',(8.70616282760325,29.977564179967,-2.49));
#8128=CARTESIAN_POINT('Ctrl Pts',(8.42583873887783,30.5096078585682,-2.49));
#8129=CARTESIAN_POINT('Origin',(4.21811695811144,28.8619887248351,-2.49));
#8130=CARTESIAN_POINT('Origin',(2.88657986402541E-14,0.,-2.5));
#8131=CARTESIAN_POINT('Origin',(20.6100000000075,-20.,16.));
#8132=CARTESIAN_POINT('Origin',(-20.6100000000076,-20.,16.));
#8133=CARTESIAN_POINT('',(-20.6100000000076,-20.,16.));
#8134=CARTESIAN_POINT('Origin',(-23.1100000000076,-20.,16.));
#8135=CARTESIAN_POINT('Origin',(-20.6100000000076,20.,16.));
#8136=CARTESIAN_POINT('Origin',(20.6100000000075,20.,16.));
#8137=CARTESIAN_POINT('',(20.6100000000075,20.,16.));
#8138=CARTESIAN_POINT('Origin',(23.1100000000075,20.,16.));
#8139=CARTESIAN_POINT('Origin',(-3.10862446895044E-14,40.44625,13.5));
#8140=CARTESIAN_POINT('Origin',(23.11,-60.8925,0.));
#8141=CARTESIAN_POINT('Origin',(25.8600000000001,-63.6425,10.));
#8142=CARTESIAN_POINT('Origin',(25.8600000000001,63.6425,10.));
#8143=CARTESIAN_POINT('Origin',(-25.86,-63.6425,10.));
#8144=CARTESIAN_POINT('Origin',(-25.86,63.6425,10.));
#8145=CARTESIAN_POINT('Origin',(2.88657986402541E-14,0.,-2.5));
#8146=UNCERTAINTY_MEASURE_WITH_UNIT(LENGTH_MEASURE(0.01),#8150,
'DISTANCE_ACCURACY_VALUE',
'Maximum model space distance between geometric entities at asserted c
onnectivities');
#8147=UNCERTAINTY_MEASURE_WITH_UNIT(LENGTH_MEASURE(0.01),#8150,
'DISTANCE_ACCURACY_VALUE',
'Maximum model space distance between geometric entities at asserted c
onnectivities');
#8148=(
GEOMETRIC_REPRESENTATION_CONTEXT(3)
GLOBAL_UNCERTAINTY_ASSIGNED_CONTEXT((#8146))
GLOBAL_UNIT_ASSIGNED_CONTEXT((#8150,#8152,#8153))
REPRESENTATION_CONTEXT('','3D')
);
#8149=(
GEOMETRIC_REPRESENTATION_CONTEXT(3)
GLOBAL_UNCERTAINTY_ASSIGNED_CONTEXT((#8147))
GLOBAL_UNIT_ASSIGNED_CONTEXT((#8150,#8152,#8153))
REPRESENTATION_CONTEXT('','3D')
);
#8150=(
LENGTH_UNIT()
NAMED_UNIT(*)
SI_UNIT(.MILLI.,.METRE.)
);
#8151=(
LENGTH_UNIT()
NAMED_UNIT(*)
SI_UNIT(.CENTI.,.METRE.)
);
#8152=(
NAMED_UNIT(*)
PLANE_ANGLE_UNIT()
SI_UNIT($,.RADIAN.)
);
#8153=(
NAMED_UNIT(*)
SI_UNIT($,.STERADIAN.)
SOLID_ANGLE_UNIT()
);
#8154=SHAPE_DEFINITION_REPRESENTATION(#8155,#8156);
#8155=PRODUCT_DEFINITION_SHAPE('',$,#8158);
#8156=SHAPE_REPRESENTATION('',(#4250),#8148);
#8157=PRODUCT_DEFINITION_CONTEXT('part definition',#8162,'design');
#8158=PRODUCT_DEFINITION('Deckel_v3','Deckel',#8159,#8157);
#8159=PRODUCT_DEFINITION_FORMATION('',$,#8164);
#8160=PRODUCT_RELATED_PRODUCT_CATEGORY('Deckel','Deckel',(#8164));
#8161=APPLICATION_PROTOCOL_DEFINITION('international standard',
'automotive_design',2009,#8162);
#8162=APPLICATION_CONTEXT(
'Core Data for Automotive Mechanical Design Process');
#8163=PRODUCT_CONTEXT('part definition',#8162,'mechanical');
#8164=PRODUCT('Deckel_v3','Deckel',$,(#8163));
#8165=PRESENTATION_STYLE_ASSIGNMENT((#8167));
#8166=PRESENTATION_STYLE_ASSIGNMENT((#8168));
#8167=SURFACE_STYLE_USAGE(.BOTH.,#8173);
#8168=SURFACE_STYLE_USAGE(.BOTH.,#8174);
#8169=SURFACE_STYLE_RENDERING_WITH_PROPERTIES($,#8181,(#8171));
#8170=SURFACE_STYLE_RENDERING_WITH_PROPERTIES($,#8182,(#8172));
#8171=SURFACE_STYLE_TRANSPARENT(0.);
#8172=SURFACE_STYLE_TRANSPARENT(0.);
#8173=SURFACE_SIDE_STYLE('',(#8175,#8169));
#8174=SURFACE_SIDE_STYLE('',(#8176,#8170));
#8175=SURFACE_STYLE_FILL_AREA(#8177);
#8176=SURFACE_STYLE_FILL_AREA(#8178);
#8177=FILL_AREA_STYLE('',(#8179));
#8178=FILL_AREA_STYLE('',(#8180));
#8179=FILL_AREA_STYLE_COLOUR('',#8181);
#8180=FILL_AREA_STYLE_COLOUR('',#8182);
#8181=COLOUR_RGB('',0.250980392156863,0.250980392156863,0.250980392156863);
#8182=COLOUR_RGB('',1.,1.,1.);
ENDSEC;
END-ISO-10303-21;
