ISO-10303-21;
HEADER;
/* Generated by software containing ST-Developer
 * from STEP Tools, Inc. (www.steptools.com) 
 */

FILE_DESCRIPTION(
/* description */ (''),
/* implementation_level */ '2;1');

FILE_NAME(
/* name */ 'PCB_Halterung.stp',
/* time_stamp */ '2025-11-01T10:52:05+01:00',
/* author */ ('phe'),
/* organization */ (''),
/* preprocessor_version */ 'ST-DEVELOPER v20',
/* originating_system */ 'Autodesk Inventor 2025',
/* authorisation */ '');

FILE_SCHEMA (('AUTOMOTIVE_DESIGN { 1 0 10303 214 3 1 1 }'));
ENDSEC;

DATA;
#10=MECHANICAL_DESIGN_GEOMETRIC_PRESENTATION_REPRESENTATION('',(#13),#2298);
#11=SHAPE_REPRESENTATION_RELATIONSHIP('SRR','None',#2305,#12);
#12=ADVANCED_BREP_SHAPE_REPRESENTATION('',(#14),#2297);
#13=STYLED_ITEM('',(#2314),#14);
#14=MANIFOLD_SOLID_BREP('Volumenk\X\F6rper3',#1277);
#15=FACE_BOUND('',#202,.T.);
#16=FACE_BOUND('',#204,.T.);
#17=FACE_BOUND('',#205,.T.);
#18=FACE_BOUND('',#206,.T.);
#19=FACE_BOUND('',#207,.T.);
#20=FACE_BOUND('',#208,.T.);
#21=CONICAL_SURFACE('',#1414,2.375,0.785398163397448);
#22=CONICAL_SURFACE('',#1421,2.375,0.785398163397448);
#23=CONICAL_SURFACE('',#1428,2.375,0.785398163397448);
#24=CONICAL_SURFACE('',#1435,2.375,0.785398163397448);
#25=PLANE('',#1315);
#26=PLANE('',#1318);
#27=PLANE('',#1321);
#28=PLANE('',#1339);
#29=PLANE('',#1400);
#30=PLANE('',#1407);
#31=PLANE('',#1444);
#32=PLANE('',#1451);
#33=PLANE('',#1456);
#34=PLANE('',#1457);
#35=PLANE('',#1458);
#36=PLANE('',#1459);
#37=PLANE('',#1460);
#38=PLANE('',#1461);
#39=PLANE('',#1462);
#40=PLANE('',#1463);
#41=PLANE('',#1474);
#42=PLANE('',#1475);
#43=TOROIDAL_SURFACE('',#1303,5.,1.);
#44=TOROIDAL_SURFACE('',#1309,5.,1.);
#45=TOROIDAL_SURFACE('',#1325,5.,1.);
#46=TOROIDAL_SURFACE('',#1331,5.,1.);
#47=TOROIDAL_SURFACE('',#1342,5.,1.);
#48=TOROIDAL_SURFACE('',#1349,5.,1.);
#49=TOROIDAL_SURFACE('',#1353,3.,1.);
#50=TOROIDAL_SURFACE('',#1358,5.,1.);
#51=TOROIDAL_SURFACE('',#1364,5.,1.);
#52=TOROIDAL_SURFACE('',#1368,3.,1.);
#53=TOROIDAL_SURFACE('',#1372,5.,1.);
#54=TOROIDAL_SURFACE('',#1378,5.,1.);
#55=TOROIDAL_SURFACE('',#1382,3.,1.);
#56=TOROIDAL_SURFACE('',#1386,5.,1.);
#57=TOROIDAL_SURFACE('',#1392,5.,1.);
#58=TOROIDAL_SURFACE('',#1396,3.,1.);
#59=FACE_OUTER_BOUND('',#131,.T.);
#60=FACE_OUTER_BOUND('',#132,.T.);
#61=FACE_OUTER_BOUND('',#133,.T.);
#62=FACE_OUTER_BOUND('',#134,.T.);
#63=FACE_OUTER_BOUND('',#135,.T.);
#64=FACE_OUTER_BOUND('',#136,.T.);
#65=FACE_OUTER_BOUND('',#137,.T.);
#66=FACE_OUTER_BOUND('',#138,.T.);
#67=FACE_OUTER_BOUND('',#139,.T.);
#68=FACE_OUTER_BOUND('',#140,.T.);
#69=FACE_OUTER_BOUND('',#141,.T.);
#70=FACE_OUTER_BOUND('',#142,.T.);
#71=FACE_OUTER_BOUND('',#143,.T.);
#72=FACE_OUTER_BOUND('',#144,.T.);
#73=FACE_OUTER_BOUND('',#145,.T.);
#74=FACE_OUTER_BOUND('',#146,.T.);
#75=FACE_OUTER_BOUND('',#147,.T.);
#76=FACE_OUTER_BOUND('',#148,.T.);
#77=FACE_OUTER_BOUND('',#149,.T.);
#78=FACE_OUTER_BOUND('',#150,.T.);
#79=FACE_OUTER_BOUND('',#151,.T.);
#80=FACE_OUTER_BOUND('',#152,.T.);
#81=FACE_OUTER_BOUND('',#153,.T.);
#82=FACE_OUTER_BOUND('',#154,.T.);
#83=FACE_OUTER_BOUND('',#155,.T.);
#84=FACE_OUTER_BOUND('',#156,.T.);
#85=FACE_OUTER_BOUND('',#157,.T.);
#86=FACE_OUTER_BOUND('',#158,.T.);
#87=FACE_OUTER_BOUND('',#159,.T.);
#88=FACE_OUTER_BOUND('',#160,.T.);
#89=FACE_OUTER_BOUND('',#161,.T.);
#90=FACE_OUTER_BOUND('',#162,.T.);
#91=FACE_OUTER_BOUND('',#163,.T.);
#92=FACE_OUTER_BOUND('',#164,.T.);
#93=FACE_OUTER_BOUND('',#165,.T.);
#94=FACE_OUTER_BOUND('',#166,.T.);
#95=FACE_OUTER_BOUND('',#167,.T.);
#96=FACE_OUTER_BOUND('',#168,.T.);
#97=FACE_OUTER_BOUND('',#169,.T.);
#98=FACE_OUTER_BOUND('',#170,.T.);
#99=FACE_OUTER_BOUND('',#171,.T.);
#100=FACE_OUTER_BOUND('',#172,.T.);
#101=FACE_OUTER_BOUND('',#173,.T.);
#102=FACE_OUTER_BOUND('',#174,.T.);
#103=FACE_OUTER_BOUND('',#175,.T.);
#104=FACE_OUTER_BOUND('',#176,.T.);
#105=FACE_OUTER_BOUND('',#177,.T.);
#106=FACE_OUTER_BOUND('',#178,.T.);
#107=FACE_OUTER_BOUND('',#179,.T.);
#108=FACE_OUTER_BOUND('',#180,.T.);
#109=FACE_OUTER_BOUND('',#181,.T.);
#110=FACE_OUTER_BOUND('',#182,.T.);
#111=FACE_OUTER_BOUND('',#183,.T.);
#112=FACE_OUTER_BOUND('',#184,.T.);
#113=FACE_OUTER_BOUND('',#185,.T.);
#114=FACE_OUTER_BOUND('',#186,.T.);
#115=FACE_OUTER_BOUND('',#187,.T.);
#116=FACE_OUTER_BOUND('',#188,.T.);
#117=FACE_OUTER_BOUND('',#189,.T.);
#118=FACE_OUTER_BOUND('',#190,.T.);
#119=FACE_OUTER_BOUND('',#191,.T.);
#120=FACE_OUTER_BOUND('',#192,.T.);
#121=FACE_OUTER_BOUND('',#193,.T.);
#122=FACE_OUTER_BOUND('',#194,.T.);
#123=FACE_OUTER_BOUND('',#195,.T.);
#124=FACE_OUTER_BOUND('',#196,.T.);
#125=FACE_OUTER_BOUND('',#197,.T.);
#126=FACE_OUTER_BOUND('',#198,.T.);
#127=FACE_OUTER_BOUND('',#199,.T.);
#128=FACE_OUTER_BOUND('',#200,.T.);
#129=FACE_OUTER_BOUND('',#201,.T.);
#130=FACE_OUTER_BOUND('',#203,.T.);
#131=EDGE_LOOP('',(#791,#792,#793,#794));
#132=EDGE_LOOP('',(#795,#796,#797,#798));
#133=EDGE_LOOP('',(#799,#800,#801,#802));
#134=EDGE_LOOP('',(#803,#804,#805,#806));
#135=EDGE_LOOP('',(#807,#808,#809,#810));
#136=EDGE_LOOP('',(#811,#812,#813,#814,#815,#816,#817,#818));
#137=EDGE_LOOP('',(#819,#820,#821,#822));
#138=EDGE_LOOP('',(#823,#824,#825,#826));
#139=EDGE_LOOP('',(#827,#828,#829,#830));
#140=EDGE_LOOP('',(#831,#832,#833,#834,#835,#836,#837,#838));
#141=EDGE_LOOP('',(#839,#840,#841,#842));
#142=EDGE_LOOP('',(#843,#844,#845,#846));
#143=EDGE_LOOP('',(#847,#848,#849,#850));
#144=EDGE_LOOP('',(#851,#852,#853,#854));
#145=EDGE_LOOP('',(#855,#856,#857,#858));
#146=EDGE_LOOP('',(#859,#860,#861,#862));
#147=EDGE_LOOP('',(#863,#864,#865,#866));
#148=EDGE_LOOP('',(#867,#868,#869,#870));
#149=EDGE_LOOP('',(#871,#872,#873,#874));
#150=EDGE_LOOP('',(#875,#876,#877,#878));
#151=EDGE_LOOP('',(#879,#880,#881,#882));
#152=EDGE_LOOP('',(#883,#884,#885,#886,#887));
#153=EDGE_LOOP('',(#888,#889,#890,#891));
#154=EDGE_LOOP('',(#892,#893,#894,#895));
#155=EDGE_LOOP('',(#896,#897,#898,#899));
#156=EDGE_LOOP('',(#900,#901,#902,#903));
#157=EDGE_LOOP('',(#904,#905,#906,#907));
#158=EDGE_LOOP('',(#908,#909,#910,#911));
#159=EDGE_LOOP('',(#912,#913,#914,#915));
#160=EDGE_LOOP('',(#916,#917,#918,#919));
#161=EDGE_LOOP('',(#920,#921,#922,#923));
#162=EDGE_LOOP('',(#924,#925,#926,#927));
#163=EDGE_LOOP('',(#928,#929,#930,#931));
#164=EDGE_LOOP('',(#932,#933,#934,#935,#936));
#165=EDGE_LOOP('',(#937,#938,#939,#940));
#166=EDGE_LOOP('',(#941,#942,#943,#944));
#167=EDGE_LOOP('',(#945,#946,#947,#948));
#168=EDGE_LOOP('',(#949,#950,#951,#952));
#169=EDGE_LOOP('',(#953,#954,#955,#956));
#170=EDGE_LOOP('',(#957,#958,#959,#960));
#171=EDGE_LOOP('',(#961,#962,#963,#964));
#172=EDGE_LOOP('',(#965,#966,#967,#968));
#173=EDGE_LOOP('',(#969,#970,#971,#972,#973,#974));
#174=EDGE_LOOP('',(#975,#976,#977,#978,#979));
#175=EDGE_LOOP('',(#980,#981,#982,#983,#984,#985));
#176=EDGE_LOOP('',(#986,#987,#988,#989,#990));
#177=EDGE_LOOP('',(#991,#992,#993,#994,#995,#996));
#178=EDGE_LOOP('',(#997,#998,#999,#1000,#1001));
#179=EDGE_LOOP('',(#1002,#1003,#1004,#1005,#1006,#1007));
#180=EDGE_LOOP('',(#1008,#1009,#1010,#1011,#1012));
#181=EDGE_LOOP('',(#1013,#1014,#1015,#1016));
#182=EDGE_LOOP('',(#1017,#1018,#1019,#1020));
#183=EDGE_LOOP('',(#1021,#1022,#1023,#1024));
#184=EDGE_LOOP('',(#1025,#1026,#1027,#1028));
#185=EDGE_LOOP('',(#1029,#1030,#1031,#1032));
#186=EDGE_LOOP('',(#1033,#1034,#1035,#1036));
#187=EDGE_LOOP('',(#1037,#1038,#1039,#1040));
#188=EDGE_LOOP('',(#1041,#1042,#1043,#1044));
#189=EDGE_LOOP('',(#1045,#1046,#1047,#1048));
#190=EDGE_LOOP('',(#1049,#1050,#1051,#1052,#1053));
#191=EDGE_LOOP('',(#1054,#1055,#1056,#1057,#1058));
#192=EDGE_LOOP('',(#1059,#1060,#1061,#1062));
#193=EDGE_LOOP('',(#1063,#1064,#1065,#1066));
#194=EDGE_LOOP('',(#1067,#1068,#1069,#1070,#1071));
#195=EDGE_LOOP('',(#1072,#1073,#1074,#1075,#1076));
#196=EDGE_LOOP('',(#1077,#1078,#1079,#1080));
#197=EDGE_LOOP('',(#1081,#1082,#1083,#1084,#1085,#1086,#1087));
#198=EDGE_LOOP('',(#1088,#1089,#1090,#1091,#1092,#1093,#1094));
#199=EDGE_LOOP('',(#1095,#1096,#1097,#1098,#1099,#1100,#1101));
#200=EDGE_LOOP('',(#1102,#1103,#1104,#1105,#1106,#1107,#1108));
#201=EDGE_LOOP('',(#1109,#1110,#1111,#1112,#1113,#1114,#1115,#1116,#1117,
#1118,#1119,#1120,#1121,#1122,#1123,#1124,#1125,#1126));
#202=EDGE_LOOP('',(#1127,#1128,#1129,#1130,#1131,#1132,#1133,#1134,#1135,
#1136,#1137,#1138,#1139,#1140,#1141,#1142));
#203=EDGE_LOOP('',(#1143,#1144,#1145,#1146,#1147,#1148,#1149,#1150,#1151,
#1152,#1153,#1154,#1155,#1156,#1157,#1158));
#204=EDGE_LOOP('',(#1159));
#205=EDGE_LOOP('',(#1160));
#206=EDGE_LOOP('',(#1161));
#207=EDGE_LOOP('',(#1162));
#208=EDGE_LOOP('',(#1163,#1164,#1165,#1166,#1167,#1168,#1169,#1170));
#209=LINE('',#1922,#295);
#210=LINE('',#1925,#296);
#211=LINE('',#1936,#297);
#212=LINE('',#1937,#298);
#213=LINE('',#1948,#299);
#214=LINE('',#1949,#300);
#215=LINE('',#1952,#301);
#216=LINE('',#1954,#302);
#217=LINE('',#1956,#303);
#218=LINE('',#1958,#304);
#219=LINE('',#1960,#305);
#220=LINE('',#1962,#306);
#221=LINE('',#1963,#307);
#222=LINE('',#1966,#308);
#223=LINE('',#1970,#309);
#224=LINE('',#1971,#310);
#225=LINE('',#1974,#311);
#226=LINE('',#1978,#312);
#227=LINE('',#1980,#313);
#228=LINE('',#1982,#314);
#229=LINE('',#1984,#315);
#230=LINE('',#1986,#316);
#231=LINE('',#1987,#317);
#232=LINE('',#1992,#318);
#233=LINE('',#2004,#319);
#234=LINE('',#2005,#320);
#235=LINE('',#2014,#321);
#236=LINE('',#2017,#322);
#237=LINE('',#2021,#323);
#238=LINE('',#2022,#324);
#239=LINE('',#2038,#325);
#240=LINE('',#2039,#326);
#241=LINE('',#2064,#327);
#242=LINE('',#2065,#328);
#243=LINE('',#2088,#329);
#244=LINE('',#2089,#330);
#245=LINE('',#2112,#331);
#246=LINE('',#2113,#332);
#247=LINE('',#2127,#333);
#248=LINE('',#2129,#334);
#249=LINE('',#2130,#335);
#250=LINE('',#2133,#336);
#251=LINE('',#2137,#337);
#252=LINE('',#2141,#338);
#253=LINE('',#2145,#339);
#254=LINE('',#2146,#340);
#255=LINE('',#2149,#341);
#256=LINE('',#2153,#342);
#257=LINE('',#2157,#343);
#258=LINE('',#2165,#344);
#259=LINE('',#2171,#345);
#260=LINE('',#2179,#346);
#261=LINE('',#2185,#347);
#262=LINE('',#2193,#348);
#263=LINE('',#2199,#349);
#264=LINE('',#2207,#350);
#265=LINE('',#2213,#351);
#266=LINE('',#2217,#352);
#267=LINE('',#2220,#353);
#268=LINE('',#2222,#354);
#269=LINE('',#2225,#355);
#270=LINE('',#2228,#356);
#271=LINE('',#2233,#357);
#272=LINE('',#2236,#358);
#273=LINE('',#2238,#359);
#274=LINE('',#2242,#360);
#275=LINE('',#2248,#361);
#276=LINE('',#2250,#362);
#277=LINE('',#2252,#363);
#278=LINE('',#2253,#364);
#279=LINE('',#2255,#365);
#280=LINE('',#2256,#366);
#281=LINE('',#2258,#367);
#282=LINE('',#2259,#368);
#283=LINE('',#2264,#369);
#284=LINE('',#2266,#370);
#285=LINE('',#2268,#371);
#286=LINE('',#2269,#372);
#287=LINE('',#2271,#373);
#288=LINE('',#2272,#374);
#289=LINE('',#2274,#375);
#290=LINE('',#2275,#376);
#291=LINE('',#2280,#377);
#292=LINE('',#2285,#378);
#293=LINE('',#2289,#379);
#294=LINE('',#2292,#380);
#295=VECTOR('',#1482,10.);
#296=VECTOR('',#1485,10.);
#297=VECTOR('',#1498,10.);
#298=VECTOR('',#1499,10.);
#299=VECTOR('',#1512,10.);
#300=VECTOR('',#1513,10.);
#301=VECTOR('',#1516,10.);
#302=VECTOR('',#1517,10.);
#303=VECTOR('',#1518,10.);
#304=VECTOR('',#1519,10.);
#305=VECTOR('',#1520,10.);
#306=VECTOR('',#1521,10.);
#307=VECTOR('',#1522,10.);
#308=VECTOR('',#1525,10.);
#309=VECTOR('',#1530,10.);
#310=VECTOR('',#1531,10.);
#311=VECTOR('',#1534,10.);
#312=VECTOR('',#1539,10.);
#313=VECTOR('',#1540,10.);
#314=VECTOR('',#1541,10.);
#315=VECTOR('',#1542,10.);
#316=VECTOR('',#1543,10.);
#317=VECTOR('',#1544,10.);
#318=VECTOR('',#1549,10.);
#319=VECTOR('',#1564,10.);
#320=VECTOR('',#1565,10.);
#321=VECTOR('',#1578,10.);
#322=VECTOR('',#1581,10.);
#323=VECTOR('',#1586,10.);
#324=VECTOR('',#1587,10.);
#325=VECTOR('',#1606,10.);
#326=VECTOR('',#1607,10.);
#327=VECTOR('',#1638,10.);
#328=VECTOR('',#1639,10.);
#329=VECTOR('',#1668,10.);
#330=VECTOR('',#1669,10.);
#331=VECTOR('',#1698,10.);
#332=VECTOR('',#1699,10.);
#333=VECTOR('',#1718,10.);
#334=VECTOR('',#1719,10.);
#335=VECTOR('',#1720,10.);
#336=VECTOR('',#1723,10.);
#337=VECTOR('',#1728,10.);
#338=VECTOR('',#1733,10.);
#339=VECTOR('',#1738,10.);
#340=VECTOR('',#1739,10.);
#341=VECTOR('',#1742,10.);
#342=VECTOR('',#1747,10.);
#343=VECTOR('',#1752,10.);
#344=VECTOR('',#1761,2.375);
#345=VECTOR('',#1768,1.75);
#346=VECTOR('',#1777,2.375);
#347=VECTOR('',#1784,1.75);
#348=VECTOR('',#1793,2.375);
#349=VECTOR('',#1800,1.75);
#350=VECTOR('',#1809,2.375);
#351=VECTOR('',#1816,1.75);
#352=VECTOR('',#1821,10.);
#353=VECTOR('',#1824,10.);
#354=VECTOR('',#1827,10.);
#355=VECTOR('',#1830,10.);
#356=VECTOR('',#1833,10.);
#357=VECTOR('',#1840,10.);
#358=VECTOR('',#1843,10.);
#359=VECTOR('',#1846,10.);
#360=VECTOR('',#1851,10.);
#361=VECTOR('',#1858,10.);
#362=VECTOR('',#1859,10.);
#363=VECTOR('',#1860,10.);
#364=VECTOR('',#1861,10.);
#365=VECTOR('',#1864,10.);
#366=VECTOR('',#1865,10.);
#367=VECTOR('',#1868,10.);
#368=VECTOR('',#1869,10.);
#369=VECTOR('',#1874,10.);
#370=VECTOR('',#1875,10.);
#371=VECTOR('',#1876,10.);
#372=VECTOR('',#1877,10.);
#373=VECTOR('',#1880,10.);
#374=VECTOR('',#1881,10.);
#375=VECTOR('',#1884,10.);
#376=VECTOR('',#1885,10.);
#377=VECTOR('',#1892,3.);
#378=VECTOR('',#1899,3.);
#379=VECTOR('',#1906,3.);
#380=VECTOR('',#1911,3.);
#381=CIRCLE('',#1301,1.);
#382=CIRCLE('',#1302,1.);
#383=CIRCLE('',#1304,0.999999999999996);
#384=CIRCLE('',#1305,5.);
#385=CIRCLE('',#1306,4.);
#386=CIRCLE('',#1308,0.999999999999996);
#387=CIRCLE('',#1310,1.);
#388=CIRCLE('',#1311,5.);
#389=CIRCLE('',#1312,4.);
#390=CIRCLE('',#1314,1.);
#391=CIRCLE('',#1317,4.);
#392=CIRCLE('',#1320,4.);
#393=CIRCLE('',#1323,1.);
#394=CIRCLE('',#1324,1.);
#395=CIRCLE('',#1326,0.999999999999996);
#396=CIRCLE('',#1327,5.);
#397=CIRCLE('',#1328,4.);
#398=CIRCLE('',#1330,0.999999999999996);
#399=CIRCLE('',#1332,1.);
#400=CIRCLE('',#1333,5.);
#401=CIRCLE('',#1334,4.);
#402=CIRCLE('',#1336,1.);
#403=CIRCLE('',#1338,4.);
#404=CIRCLE('',#1341,4.);
#405=CIRCLE('',#1343,1.);
#406=CIRCLE('',#1344,5.);
#407=CIRCLE('',#1345,1.);
#408=CIRCLE('',#1346,4.);
#409=CIRCLE('',#1348,1.);
#410=CIRCLE('',#1350,1.);
#411=CIRCLE('',#1351,4.);
#412=CIRCLE('',#1352,5.);
#413=CIRCLE('',#1354,1.);
#414=CIRCLE('',#1355,4.);
#415=CIRCLE('',#1356,3.);
#416=CIRCLE('',#1357,3.);
#417=CIRCLE('',#1359,1.);
#418=CIRCLE('',#1360,4.);
#419=CIRCLE('',#1361,5.);
#420=CIRCLE('',#1363,1.);
#421=CIRCLE('',#1365,1.);
#422=CIRCLE('',#1366,4.);
#423=CIRCLE('',#1367,5.);
#424=CIRCLE('',#1369,1.);
#425=CIRCLE('',#1370,4.);
#426=CIRCLE('',#1371,3.);
#427=CIRCLE('',#1373,1.);
#428=CIRCLE('',#1374,4.);
#429=CIRCLE('',#1375,5.);
#430=CIRCLE('',#1377,1.);
#431=CIRCLE('',#1379,1.);
#432=CIRCLE('',#1380,4.);
#433=CIRCLE('',#1381,5.);
#434=CIRCLE('',#1383,1.);
#435=CIRCLE('',#1384,4.);
#436=CIRCLE('',#1385,3.);
#437=CIRCLE('',#1387,1.);
#438=CIRCLE('',#1388,4.);
#439=CIRCLE('',#1389,5.);
#440=CIRCLE('',#1391,1.);
#441=CIRCLE('',#1393,1.);
#442=CIRCLE('',#1394,4.);
#443=CIRCLE('',#1395,5.);
#444=CIRCLE('',#1397,4.);
#445=CIRCLE('',#1398,3.);
#446=CIRCLE('',#1399,3.);
#447=CIRCLE('',#1402,4.);
#448=CIRCLE('',#1404,4.);
#449=CIRCLE('',#1406,4.);
#450=CIRCLE('',#1409,4.);
#451=CIRCLE('',#1411,4.);
#452=CIRCLE('',#1413,4.);
#453=CIRCLE('',#1415,1.75);
#454=CIRCLE('',#1416,1.75);
#455=CIRCLE('',#1417,3.);
#456=CIRCLE('',#1418,3.);
#457=CIRCLE('',#1420,1.75);
#458=CIRCLE('',#1422,1.75);
#459=CIRCLE('',#1423,1.75);
#460=CIRCLE('',#1424,3.);
#461=CIRCLE('',#1425,3.);
#462=CIRCLE('',#1427,1.75);
#463=CIRCLE('',#1429,1.75);
#464=CIRCLE('',#1430,1.75);
#465=CIRCLE('',#1431,3.);
#466=CIRCLE('',#1432,3.);
#467=CIRCLE('',#1434,1.75);
#468=CIRCLE('',#1436,1.75);
#469=CIRCLE('',#1437,1.75);
#470=CIRCLE('',#1438,3.);
#471=CIRCLE('',#1439,3.);
#472=CIRCLE('',#1441,1.75);
#473=CIRCLE('',#1443,4.);
#474=CIRCLE('',#1446,4.);
#475=CIRCLE('',#1448,4.);
#476=CIRCLE('',#1450,4.);
#477=CIRCLE('',#1453,4.);
#478=CIRCLE('',#1455,4.);
#479=CIRCLE('',#1465,3.);
#480=CIRCLE('',#1466,3.);
#481=CIRCLE('',#1468,3.);
#482=CIRCLE('',#1469,3.);
#483=CIRCLE('',#1471,3.);
#484=CIRCLE('',#1473,3.);
#485=VERTEX_POINT('',#1918);
#486=VERTEX_POINT('',#1919);
#487=VERTEX_POINT('',#1921);
#488=VERTEX_POINT('',#1923);
#489=VERTEX_POINT('',#1927);
#490=VERTEX_POINT('',#1928);
#491=VERTEX_POINT('',#1933);
#492=VERTEX_POINT('',#1934);
#493=VERTEX_POINT('',#1939);
#494=VERTEX_POINT('',#1940);
#495=VERTEX_POINT('',#1945);
#496=VERTEX_POINT('',#1946);
#497=VERTEX_POINT('',#1951);
#498=VERTEX_POINT('',#1953);
#499=VERTEX_POINT('',#1955);
#500=VERTEX_POINT('',#1957);
#501=VERTEX_POINT('',#1959);
#502=VERTEX_POINT('',#1961);
#503=VERTEX_POINT('',#1965);
#504=VERTEX_POINT('',#1969);
#505=VERTEX_POINT('',#1973);
#506=VERTEX_POINT('',#1977);
#507=VERTEX_POINT('',#1979);
#508=VERTEX_POINT('',#1981);
#509=VERTEX_POINT('',#1983);
#510=VERTEX_POINT('',#1985);
#511=VERTEX_POINT('',#1989);
#512=VERTEX_POINT('',#1991);
#513=VERTEX_POINT('',#1995);
#514=VERTEX_POINT('',#1996);
#515=VERTEX_POINT('',#2001);
#516=VERTEX_POINT('',#2002);
#517=VERTEX_POINT('',#2007);
#518=VERTEX_POINT('',#2012);
#519=VERTEX_POINT('',#2016);
#520=VERTEX_POINT('',#2020);
#521=VERTEX_POINT('',#2026);
#522=VERTEX_POINT('',#2027);
#523=VERTEX_POINT('',#2029);
#524=VERTEX_POINT('',#2031);
#525=VERTEX_POINT('',#2035);
#526=VERTEX_POINT('',#2036);
#527=VERTEX_POINT('',#2041);
#528=VERTEX_POINT('',#2042);
#529=VERTEX_POINT('',#2047);
#530=VERTEX_POINT('',#2048);
#531=VERTEX_POINT('',#2051);
#532=VERTEX_POINT('',#2055);
#533=VERTEX_POINT('',#2056);
#534=VERTEX_POINT('',#2061);
#535=VERTEX_POINT('',#2062);
#536=VERTEX_POINT('',#2067);
#537=VERTEX_POINT('',#2068);
#538=VERTEX_POINT('',#2073);
#539=VERTEX_POINT('',#2074);
#540=VERTEX_POINT('',#2079);
#541=VERTEX_POINT('',#2080);
#542=VERTEX_POINT('',#2085);
#543=VERTEX_POINT('',#2086);
#544=VERTEX_POINT('',#2091);
#545=VERTEX_POINT('',#2092);
#546=VERTEX_POINT('',#2097);
#547=VERTEX_POINT('',#2098);
#548=VERTEX_POINT('',#2103);
#549=VERTEX_POINT('',#2104);
#550=VERTEX_POINT('',#2109);
#551=VERTEX_POINT('',#2110);
#552=VERTEX_POINT('',#2115);
#553=VERTEX_POINT('',#2116);
#554=VERTEX_POINT('',#2122);
#555=VERTEX_POINT('',#2126);
#556=VERTEX_POINT('',#2128);
#557=VERTEX_POINT('',#2132);
#558=VERTEX_POINT('',#2136);
#559=VERTEX_POINT('',#2140);
#560=VERTEX_POINT('',#2144);
#561=VERTEX_POINT('',#2148);
#562=VERTEX_POINT('',#2152);
#563=VERTEX_POINT('',#2156);
#564=VERTEX_POINT('',#2160);
#565=VERTEX_POINT('',#2161);
#566=VERTEX_POINT('',#2164);
#567=VERTEX_POINT('',#2166);
#568=VERTEX_POINT('',#2170);
#569=VERTEX_POINT('',#2174);
#570=VERTEX_POINT('',#2175);
#571=VERTEX_POINT('',#2178);
#572=VERTEX_POINT('',#2180);
#573=VERTEX_POINT('',#2184);
#574=VERTEX_POINT('',#2188);
#575=VERTEX_POINT('',#2189);
#576=VERTEX_POINT('',#2192);
#577=VERTEX_POINT('',#2194);
#578=VERTEX_POINT('',#2198);
#579=VERTEX_POINT('',#2202);
#580=VERTEX_POINT('',#2203);
#581=VERTEX_POINT('',#2206);
#582=VERTEX_POINT('',#2208);
#583=VERTEX_POINT('',#2212);
#584=VERTEX_POINT('',#2216);
#585=VERTEX_POINT('',#2218);
#586=VERTEX_POINT('',#2224);
#587=VERTEX_POINT('',#2226);
#588=VERTEX_POINT('',#2232);
#589=VERTEX_POINT('',#2234);
#590=VERTEX_POINT('',#2240);
#591=VERTEX_POINT('',#2246);
#592=VERTEX_POINT('',#2247);
#593=VERTEX_POINT('',#2249);
#594=VERTEX_POINT('',#2251);
#595=VERTEX_POINT('',#2262);
#596=VERTEX_POINT('',#2263);
#597=VERTEX_POINT('',#2265);
#598=VERTEX_POINT('',#2267);
#599=VERTEX_POINT('',#2278);
#600=VERTEX_POINT('',#2283);
#601=EDGE_CURVE('',#485,#486,#381,.T.);
#602=EDGE_CURVE('',#486,#487,#209,.T.);
#603=EDGE_CURVE('',#487,#488,#382,.F.);
#604=EDGE_CURVE('',#488,#485,#210,.T.);
#605=EDGE_CURVE('',#489,#490,#383,.T.);
#606=EDGE_CURVE('',#490,#486,#384,.T.);
#607=EDGE_CURVE('',#485,#489,#385,.T.);
#608=EDGE_CURVE('',#491,#492,#386,.T.);
#609=EDGE_CURVE('',#492,#490,#211,.T.);
#610=EDGE_CURVE('',#489,#491,#212,.T.);
#611=EDGE_CURVE('',#493,#494,#387,.T.);
#612=EDGE_CURVE('',#494,#492,#388,.T.);
#613=EDGE_CURVE('',#491,#493,#389,.T.);
#614=EDGE_CURVE('',#495,#496,#390,.F.);
#615=EDGE_CURVE('',#496,#494,#213,.T.);
#616=EDGE_CURVE('',#493,#495,#214,.T.);
#617=EDGE_CURVE('',#495,#497,#215,.T.);
#618=EDGE_CURVE('',#498,#493,#216,.T.);
#619=EDGE_CURVE('',#498,#499,#217,.T.);
#620=EDGE_CURVE('',#500,#499,#218,.T.);
#621=EDGE_CURVE('',#501,#500,#219,.T.);
#622=EDGE_CURVE('',#501,#502,#220,.T.);
#623=EDGE_CURVE('',#497,#502,#221,.T.);
#624=EDGE_CURVE('',#491,#503,#222,.T.);
#625=EDGE_CURVE('',#503,#498,#391,.T.);
#626=EDGE_CURVE('',#504,#489,#223,.T.);
#627=EDGE_CURVE('',#504,#503,#224,.T.);
#628=EDGE_CURVE('',#485,#505,#225,.T.);
#629=EDGE_CURVE('',#505,#504,#392,.T.);
#630=EDGE_CURVE('',#488,#506,#226,.T.);
#631=EDGE_CURVE('',#507,#506,#227,.T.);
#632=EDGE_CURVE('',#508,#507,#228,.T.);
#633=EDGE_CURVE('',#509,#508,#229,.T.);
#634=EDGE_CURVE('',#510,#509,#230,.T.);
#635=EDGE_CURVE('',#510,#505,#231,.T.);
#636=EDGE_CURVE('',#500,#511,#393,.T.);
#637=EDGE_CURVE('',#511,#512,#232,.T.);
#638=EDGE_CURVE('',#512,#501,#394,.F.);
#639=EDGE_CURVE('',#513,#514,#395,.T.);
#640=EDGE_CURVE('',#514,#511,#396,.T.);
#641=EDGE_CURVE('',#500,#513,#397,.T.);
#642=EDGE_CURVE('',#515,#516,#398,.T.);
#643=EDGE_CURVE('',#516,#514,#233,.T.);
#644=EDGE_CURVE('',#513,#515,#234,.T.);
#645=EDGE_CURVE('',#509,#517,#399,.T.);
#646=EDGE_CURVE('',#517,#516,#400,.T.);
#647=EDGE_CURVE('',#515,#509,#401,.T.);
#648=EDGE_CURVE('',#508,#518,#402,.F.);
#649=EDGE_CURVE('',#518,#517,#235,.T.);
#650=EDGE_CURVE('',#515,#519,#236,.T.);
#651=EDGE_CURVE('',#519,#510,#403,.T.);
#652=EDGE_CURVE('',#520,#513,#237,.T.);
#653=EDGE_CURVE('',#520,#519,#238,.T.);
#654=EDGE_CURVE('',#499,#520,#404,.T.);
#655=EDGE_CURVE('',#521,#522,#405,.T.);
#656=EDGE_CURVE('',#522,#523,#406,.T.);
#657=EDGE_CURVE('',#523,#524,#407,.T.);
#658=EDGE_CURVE('',#524,#521,#408,.T.);
#659=EDGE_CURVE('',#525,#526,#409,.T.);
#660=EDGE_CURVE('',#526,#524,#239,.T.);
#661=EDGE_CURVE('',#523,#525,#240,.T.);
#662=EDGE_CURVE('',#527,#528,#410,.T.);
#663=EDGE_CURVE('',#528,#526,#411,.T.);
#664=EDGE_CURVE('',#525,#527,#412,.T.);
#665=EDGE_CURVE('',#529,#530,#413,.T.);
#666=EDGE_CURVE('',#530,#528,#414,.T.);
#667=EDGE_CURVE('',#527,#531,#415,.T.);
#668=EDGE_CURVE('',#531,#529,#416,.T.);
#669=EDGE_CURVE('',#532,#533,#417,.T.);
#670=EDGE_CURVE('',#533,#530,#418,.T.);
#671=EDGE_CURVE('',#529,#532,#419,.T.);
#672=EDGE_CURVE('',#534,#535,#420,.T.);
#673=EDGE_CURVE('',#535,#533,#241,.T.);
#674=EDGE_CURVE('',#532,#534,#242,.T.);
#675=EDGE_CURVE('',#536,#537,#421,.T.);
#676=EDGE_CURVE('',#537,#535,#422,.T.);
#677=EDGE_CURVE('',#534,#536,#423,.T.);
#678=EDGE_CURVE('',#538,#539,#424,.T.);
#679=EDGE_CURVE('',#539,#537,#425,.T.);
#680=EDGE_CURVE('',#536,#538,#426,.T.);
#681=EDGE_CURVE('',#540,#541,#427,.T.);
#682=EDGE_CURVE('',#541,#539,#428,.T.);
#683=EDGE_CURVE('',#538,#540,#429,.T.);
#684=EDGE_CURVE('',#542,#543,#430,.T.);
#685=EDGE_CURVE('',#543,#541,#243,.T.);
#686=EDGE_CURVE('',#540,#542,#244,.T.);
#687=EDGE_CURVE('',#544,#545,#431,.T.);
#688=EDGE_CURVE('',#545,#543,#432,.T.);
#689=EDGE_CURVE('',#542,#544,#433,.T.);
#690=EDGE_CURVE('',#546,#547,#434,.T.);
#691=EDGE_CURVE('',#547,#545,#435,.T.);
#692=EDGE_CURVE('',#544,#546,#436,.T.);
#693=EDGE_CURVE('',#548,#549,#437,.T.);
#694=EDGE_CURVE('',#549,#547,#438,.T.);
#695=EDGE_CURVE('',#546,#548,#439,.T.);
#696=EDGE_CURVE('',#550,#551,#440,.T.);
#697=EDGE_CURVE('',#551,#549,#245,.T.);
#698=EDGE_CURVE('',#548,#550,#246,.T.);
#699=EDGE_CURVE('',#552,#553,#441,.T.);
#700=EDGE_CURVE('',#553,#551,#442,.T.);
#701=EDGE_CURVE('',#550,#552,#443,.T.);
#702=EDGE_CURVE('',#521,#553,#444,.T.);
#703=EDGE_CURVE('',#552,#554,#445,.T.);
#704=EDGE_CURVE('',#554,#522,#446,.T.);
#705=EDGE_CURVE('',#555,#543,#247,.T.);
#706=EDGE_CURVE('',#555,#556,#248,.T.);
#707=EDGE_CURVE('',#541,#556,#249,.T.);
#708=EDGE_CURVE('',#545,#557,#250,.T.);
#709=EDGE_CURVE('',#557,#555,#447,.T.);
#710=EDGE_CURVE('',#558,#547,#251,.T.);
#711=EDGE_CURVE('',#558,#557,#448,.T.);
#712=EDGE_CURVE('',#549,#559,#252,.T.);
#713=EDGE_CURVE('',#559,#558,#449,.T.);
#714=EDGE_CURVE('',#560,#551,#253,.T.);
#715=EDGE_CURVE('',#560,#559,#254,.T.);
#716=EDGE_CURVE('',#553,#561,#255,.T.);
#717=EDGE_CURVE('',#561,#560,#450,.T.);
#718=EDGE_CURVE('',#562,#521,#256,.T.);
#719=EDGE_CURVE('',#562,#561,#451,.T.);
#720=EDGE_CURVE('',#524,#563,#257,.T.);
#721=EDGE_CURVE('',#563,#562,#452,.T.);
#722=EDGE_CURVE('',#564,#565,#453,.T.);
#723=EDGE_CURVE('',#565,#564,#454,.T.);
#724=EDGE_CURVE('',#564,#566,#258,.T.);
#725=EDGE_CURVE('',#567,#566,#455,.T.);
#726=EDGE_CURVE('',#566,#567,#456,.T.);
#727=EDGE_CURVE('',#565,#568,#259,.T.);
#728=EDGE_CURVE('',#568,#568,#457,.T.);
#729=EDGE_CURVE('',#569,#570,#458,.T.);
#730=EDGE_CURVE('',#570,#569,#459,.T.);
#731=EDGE_CURVE('',#569,#571,#260,.T.);
#732=EDGE_CURVE('',#572,#571,#460,.T.);
#733=EDGE_CURVE('',#571,#572,#461,.T.);
#734=EDGE_CURVE('',#570,#573,#261,.T.);
#735=EDGE_CURVE('',#573,#573,#462,.T.);
#736=EDGE_CURVE('',#574,#575,#463,.T.);
#737=EDGE_CURVE('',#575,#574,#464,.T.);
#738=EDGE_CURVE('',#574,#576,#262,.T.);
#739=EDGE_CURVE('',#577,#576,#465,.T.);
#740=EDGE_CURVE('',#576,#577,#466,.T.);
#741=EDGE_CURVE('',#575,#578,#263,.T.);
#742=EDGE_CURVE('',#578,#578,#467,.T.);
#743=EDGE_CURVE('',#579,#580,#468,.T.);
#744=EDGE_CURVE('',#580,#579,#469,.T.);
#745=EDGE_CURVE('',#579,#581,#264,.T.);
#746=EDGE_CURVE('',#582,#581,#470,.T.);
#747=EDGE_CURVE('',#581,#582,#471,.T.);
#748=EDGE_CURVE('',#580,#583,#265,.T.);
#749=EDGE_CURVE('',#583,#583,#472,.T.);
#750=EDGE_CURVE('',#528,#584,#266,.T.);
#751=EDGE_CURVE('',#584,#585,#473,.T.);
#752=EDGE_CURVE('',#585,#526,#267,.T.);
#753=EDGE_CURVE('',#585,#563,#268,.T.);
#754=EDGE_CURVE('',#533,#586,#269,.T.);
#755=EDGE_CURVE('',#586,#587,#474,.T.);
#756=EDGE_CURVE('',#587,#530,#270,.T.);
#757=EDGE_CURVE('',#587,#584,#475,.T.);
#758=EDGE_CURVE('',#537,#588,#271,.T.);
#759=EDGE_CURVE('',#588,#589,#476,.T.);
#760=EDGE_CURVE('',#589,#535,#272,.T.);
#761=EDGE_CURVE('',#589,#586,#273,.T.);
#762=EDGE_CURVE('',#556,#590,#477,.T.);
#763=EDGE_CURVE('',#590,#539,#274,.T.);
#764=EDGE_CURVE('',#590,#588,#478,.T.);
#765=EDGE_CURVE('',#591,#592,#275,.T.);
#766=EDGE_CURVE('',#591,#593,#276,.T.);
#767=EDGE_CURVE('',#594,#593,#277,.T.);
#768=EDGE_CURVE('',#592,#594,#278,.T.);
#769=EDGE_CURVE('',#592,#487,#279,.T.);
#770=EDGE_CURVE('',#506,#594,#280,.T.);
#771=EDGE_CURVE('',#593,#507,#281,.T.);
#772=EDGE_CURVE('',#518,#591,#282,.T.);
#773=EDGE_CURVE('',#595,#596,#283,.T.);
#774=EDGE_CURVE('',#595,#597,#284,.T.);
#775=EDGE_CURVE('',#598,#597,#285,.T.);
#776=EDGE_CURVE('',#596,#598,#286,.T.);
#777=EDGE_CURVE('',#596,#512,#287,.T.);
#778=EDGE_CURVE('',#502,#598,#288,.T.);
#779=EDGE_CURVE('',#597,#497,#289,.T.);
#780=EDGE_CURVE('',#496,#595,#290,.T.);
#781=EDGE_CURVE('',#599,#536,#479,.T.);
#782=EDGE_CURVE('',#599,#577,#291,.T.);
#783=EDGE_CURVE('',#538,#599,#480,.T.);
#784=EDGE_CURVE('',#600,#544,#481,.T.);
#785=EDGE_CURVE('',#600,#572,#292,.T.);
#786=EDGE_CURVE('',#546,#600,#482,.T.);
#787=EDGE_CURVE('',#529,#527,#483,.T.);
#788=EDGE_CURVE('',#531,#582,#293,.T.);
#789=EDGE_CURVE('',#522,#552,#484,.T.);
#790=EDGE_CURVE('',#554,#567,#294,.T.);
#791=ORIENTED_EDGE('',*,*,#601,.T.);
#792=ORIENTED_EDGE('',*,*,#602,.T.);
#793=ORIENTED_EDGE('',*,*,#603,.T.);
#794=ORIENTED_EDGE('',*,*,#604,.T.);
#795=ORIENTED_EDGE('',*,*,#605,.T.);
#796=ORIENTED_EDGE('',*,*,#606,.T.);
#797=ORIENTED_EDGE('',*,*,#601,.F.);
#798=ORIENTED_EDGE('',*,*,#607,.T.);
#799=ORIENTED_EDGE('',*,*,#608,.T.);
#800=ORIENTED_EDGE('',*,*,#609,.T.);
#801=ORIENTED_EDGE('',*,*,#605,.F.);
#802=ORIENTED_EDGE('',*,*,#610,.T.);
#803=ORIENTED_EDGE('',*,*,#611,.T.);
#804=ORIENTED_EDGE('',*,*,#612,.T.);
#805=ORIENTED_EDGE('',*,*,#608,.F.);
#806=ORIENTED_EDGE('',*,*,#613,.T.);
#807=ORIENTED_EDGE('',*,*,#614,.T.);
#808=ORIENTED_EDGE('',*,*,#615,.T.);
#809=ORIENTED_EDGE('',*,*,#611,.F.);
#810=ORIENTED_EDGE('',*,*,#616,.T.);
#811=ORIENTED_EDGE('',*,*,#617,.F.);
#812=ORIENTED_EDGE('',*,*,#616,.F.);
#813=ORIENTED_EDGE('',*,*,#618,.F.);
#814=ORIENTED_EDGE('',*,*,#619,.T.);
#815=ORIENTED_EDGE('',*,*,#620,.F.);
#816=ORIENTED_EDGE('',*,*,#621,.F.);
#817=ORIENTED_EDGE('',*,*,#622,.T.);
#818=ORIENTED_EDGE('',*,*,#623,.F.);
#819=ORIENTED_EDGE('',*,*,#613,.F.);
#820=ORIENTED_EDGE('',*,*,#624,.T.);
#821=ORIENTED_EDGE('',*,*,#625,.T.);
#822=ORIENTED_EDGE('',*,*,#618,.T.);
#823=ORIENTED_EDGE('',*,*,#610,.F.);
#824=ORIENTED_EDGE('',*,*,#626,.F.);
#825=ORIENTED_EDGE('',*,*,#627,.T.);
#826=ORIENTED_EDGE('',*,*,#624,.F.);
#827=ORIENTED_EDGE('',*,*,#607,.F.);
#828=ORIENTED_EDGE('',*,*,#628,.T.);
#829=ORIENTED_EDGE('',*,*,#629,.T.);
#830=ORIENTED_EDGE('',*,*,#626,.T.);
#831=ORIENTED_EDGE('',*,*,#604,.F.);
#832=ORIENTED_EDGE('',*,*,#630,.T.);
#833=ORIENTED_EDGE('',*,*,#631,.F.);
#834=ORIENTED_EDGE('',*,*,#632,.F.);
#835=ORIENTED_EDGE('',*,*,#633,.F.);
#836=ORIENTED_EDGE('',*,*,#634,.F.);
#837=ORIENTED_EDGE('',*,*,#635,.T.);
#838=ORIENTED_EDGE('',*,*,#628,.F.);
#839=ORIENTED_EDGE('',*,*,#636,.T.);
#840=ORIENTED_EDGE('',*,*,#637,.T.);
#841=ORIENTED_EDGE('',*,*,#638,.T.);
#842=ORIENTED_EDGE('',*,*,#621,.T.);
#843=ORIENTED_EDGE('',*,*,#639,.T.);
#844=ORIENTED_EDGE('',*,*,#640,.T.);
#845=ORIENTED_EDGE('',*,*,#636,.F.);
#846=ORIENTED_EDGE('',*,*,#641,.T.);
#847=ORIENTED_EDGE('',*,*,#642,.T.);
#848=ORIENTED_EDGE('',*,*,#643,.T.);
#849=ORIENTED_EDGE('',*,*,#639,.F.);
#850=ORIENTED_EDGE('',*,*,#644,.T.);
#851=ORIENTED_EDGE('',*,*,#645,.T.);
#852=ORIENTED_EDGE('',*,*,#646,.T.);
#853=ORIENTED_EDGE('',*,*,#642,.F.);
#854=ORIENTED_EDGE('',*,*,#647,.T.);
#855=ORIENTED_EDGE('',*,*,#648,.T.);
#856=ORIENTED_EDGE('',*,*,#649,.T.);
#857=ORIENTED_EDGE('',*,*,#645,.F.);
#858=ORIENTED_EDGE('',*,*,#633,.T.);
#859=ORIENTED_EDGE('',*,*,#647,.F.);
#860=ORIENTED_EDGE('',*,*,#650,.T.);
#861=ORIENTED_EDGE('',*,*,#651,.T.);
#862=ORIENTED_EDGE('',*,*,#634,.T.);
#863=ORIENTED_EDGE('',*,*,#644,.F.);
#864=ORIENTED_EDGE('',*,*,#652,.F.);
#865=ORIENTED_EDGE('',*,*,#653,.T.);
#866=ORIENTED_EDGE('',*,*,#650,.F.);
#867=ORIENTED_EDGE('',*,*,#641,.F.);
#868=ORIENTED_EDGE('',*,*,#620,.T.);
#869=ORIENTED_EDGE('',*,*,#654,.T.);
#870=ORIENTED_EDGE('',*,*,#652,.T.);
#871=ORIENTED_EDGE('',*,*,#655,.T.);
#872=ORIENTED_EDGE('',*,*,#656,.T.);
#873=ORIENTED_EDGE('',*,*,#657,.T.);
#874=ORIENTED_EDGE('',*,*,#658,.T.);
#875=ORIENTED_EDGE('',*,*,#659,.T.);
#876=ORIENTED_EDGE('',*,*,#660,.T.);
#877=ORIENTED_EDGE('',*,*,#657,.F.);
#878=ORIENTED_EDGE('',*,*,#661,.T.);
#879=ORIENTED_EDGE('',*,*,#662,.T.);
#880=ORIENTED_EDGE('',*,*,#663,.T.);
#881=ORIENTED_EDGE('',*,*,#659,.F.);
#882=ORIENTED_EDGE('',*,*,#664,.T.);
#883=ORIENTED_EDGE('',*,*,#665,.T.);
#884=ORIENTED_EDGE('',*,*,#666,.T.);
#885=ORIENTED_EDGE('',*,*,#662,.F.);
#886=ORIENTED_EDGE('',*,*,#667,.T.);
#887=ORIENTED_EDGE('',*,*,#668,.T.);
#888=ORIENTED_EDGE('',*,*,#669,.T.);
#889=ORIENTED_EDGE('',*,*,#670,.T.);
#890=ORIENTED_EDGE('',*,*,#665,.F.);
#891=ORIENTED_EDGE('',*,*,#671,.T.);
#892=ORIENTED_EDGE('',*,*,#672,.T.);
#893=ORIENTED_EDGE('',*,*,#673,.T.);
#894=ORIENTED_EDGE('',*,*,#669,.F.);
#895=ORIENTED_EDGE('',*,*,#674,.T.);
#896=ORIENTED_EDGE('',*,*,#675,.T.);
#897=ORIENTED_EDGE('',*,*,#676,.T.);
#898=ORIENTED_EDGE('',*,*,#672,.F.);
#899=ORIENTED_EDGE('',*,*,#677,.T.);
#900=ORIENTED_EDGE('',*,*,#678,.T.);
#901=ORIENTED_EDGE('',*,*,#679,.T.);
#902=ORIENTED_EDGE('',*,*,#675,.F.);
#903=ORIENTED_EDGE('',*,*,#680,.T.);
#904=ORIENTED_EDGE('',*,*,#681,.T.);
#905=ORIENTED_EDGE('',*,*,#682,.T.);
#906=ORIENTED_EDGE('',*,*,#678,.F.);
#907=ORIENTED_EDGE('',*,*,#683,.T.);
#908=ORIENTED_EDGE('',*,*,#684,.T.);
#909=ORIENTED_EDGE('',*,*,#685,.T.);
#910=ORIENTED_EDGE('',*,*,#681,.F.);
#911=ORIENTED_EDGE('',*,*,#686,.T.);
#912=ORIENTED_EDGE('',*,*,#687,.T.);
#913=ORIENTED_EDGE('',*,*,#688,.T.);
#914=ORIENTED_EDGE('',*,*,#684,.F.);
#915=ORIENTED_EDGE('',*,*,#689,.T.);
#916=ORIENTED_EDGE('',*,*,#690,.T.);
#917=ORIENTED_EDGE('',*,*,#691,.T.);
#918=ORIENTED_EDGE('',*,*,#687,.F.);
#919=ORIENTED_EDGE('',*,*,#692,.T.);
#920=ORIENTED_EDGE('',*,*,#693,.T.);
#921=ORIENTED_EDGE('',*,*,#694,.T.);
#922=ORIENTED_EDGE('',*,*,#690,.F.);
#923=ORIENTED_EDGE('',*,*,#695,.T.);
#924=ORIENTED_EDGE('',*,*,#696,.T.);
#925=ORIENTED_EDGE('',*,*,#697,.T.);
#926=ORIENTED_EDGE('',*,*,#693,.F.);
#927=ORIENTED_EDGE('',*,*,#698,.T.);
#928=ORIENTED_EDGE('',*,*,#699,.T.);
#929=ORIENTED_EDGE('',*,*,#700,.T.);
#930=ORIENTED_EDGE('',*,*,#696,.F.);
#931=ORIENTED_EDGE('',*,*,#701,.T.);
#932=ORIENTED_EDGE('',*,*,#655,.F.);
#933=ORIENTED_EDGE('',*,*,#702,.T.);
#934=ORIENTED_EDGE('',*,*,#699,.F.);
#935=ORIENTED_EDGE('',*,*,#703,.T.);
#936=ORIENTED_EDGE('',*,*,#704,.T.);
#937=ORIENTED_EDGE('',*,*,#685,.F.);
#938=ORIENTED_EDGE('',*,*,#705,.F.);
#939=ORIENTED_EDGE('',*,*,#706,.T.);
#940=ORIENTED_EDGE('',*,*,#707,.F.);
#941=ORIENTED_EDGE('',*,*,#688,.F.);
#942=ORIENTED_EDGE('',*,*,#708,.T.);
#943=ORIENTED_EDGE('',*,*,#709,.T.);
#944=ORIENTED_EDGE('',*,*,#705,.T.);
#945=ORIENTED_EDGE('',*,*,#691,.F.);
#946=ORIENTED_EDGE('',*,*,#710,.F.);
#947=ORIENTED_EDGE('',*,*,#711,.T.);
#948=ORIENTED_EDGE('',*,*,#708,.F.);
#949=ORIENTED_EDGE('',*,*,#694,.F.);
#950=ORIENTED_EDGE('',*,*,#712,.T.);
#951=ORIENTED_EDGE('',*,*,#713,.T.);
#952=ORIENTED_EDGE('',*,*,#710,.T.);
#953=ORIENTED_EDGE('',*,*,#697,.F.);
#954=ORIENTED_EDGE('',*,*,#714,.F.);
#955=ORIENTED_EDGE('',*,*,#715,.T.);
#956=ORIENTED_EDGE('',*,*,#712,.F.);
#957=ORIENTED_EDGE('',*,*,#700,.F.);
#958=ORIENTED_EDGE('',*,*,#716,.T.);
#959=ORIENTED_EDGE('',*,*,#717,.T.);
#960=ORIENTED_EDGE('',*,*,#714,.T.);
#961=ORIENTED_EDGE('',*,*,#702,.F.);
#962=ORIENTED_EDGE('',*,*,#718,.F.);
#963=ORIENTED_EDGE('',*,*,#719,.T.);
#964=ORIENTED_EDGE('',*,*,#716,.F.);
#965=ORIENTED_EDGE('',*,*,#658,.F.);
#966=ORIENTED_EDGE('',*,*,#720,.T.);
#967=ORIENTED_EDGE('',*,*,#721,.T.);
#968=ORIENTED_EDGE('',*,*,#718,.T.);
#969=ORIENTED_EDGE('',*,*,#722,.T.);
#970=ORIENTED_EDGE('',*,*,#723,.T.);
#971=ORIENTED_EDGE('',*,*,#724,.T.);
#972=ORIENTED_EDGE('',*,*,#725,.F.);
#973=ORIENTED_EDGE('',*,*,#726,.F.);
#974=ORIENTED_EDGE('',*,*,#724,.F.);
#975=ORIENTED_EDGE('',*,*,#722,.F.);
#976=ORIENTED_EDGE('',*,*,#723,.F.);
#977=ORIENTED_EDGE('',*,*,#727,.T.);
#978=ORIENTED_EDGE('',*,*,#728,.F.);
#979=ORIENTED_EDGE('',*,*,#727,.F.);
#980=ORIENTED_EDGE('',*,*,#729,.T.);
#981=ORIENTED_EDGE('',*,*,#730,.T.);
#982=ORIENTED_EDGE('',*,*,#731,.T.);
#983=ORIENTED_EDGE('',*,*,#732,.F.);
#984=ORIENTED_EDGE('',*,*,#733,.F.);
#985=ORIENTED_EDGE('',*,*,#731,.F.);
#986=ORIENTED_EDGE('',*,*,#729,.F.);
#987=ORIENTED_EDGE('',*,*,#730,.F.);
#988=ORIENTED_EDGE('',*,*,#734,.T.);
#989=ORIENTED_EDGE('',*,*,#735,.F.);
#990=ORIENTED_EDGE('',*,*,#734,.F.);
#991=ORIENTED_EDGE('',*,*,#736,.T.);
#992=ORIENTED_EDGE('',*,*,#737,.T.);
#993=ORIENTED_EDGE('',*,*,#738,.T.);
#994=ORIENTED_EDGE('',*,*,#739,.F.);
#995=ORIENTED_EDGE('',*,*,#740,.F.);
#996=ORIENTED_EDGE('',*,*,#738,.F.);
#997=ORIENTED_EDGE('',*,*,#736,.F.);
#998=ORIENTED_EDGE('',*,*,#737,.F.);
#999=ORIENTED_EDGE('',*,*,#741,.T.);
#1000=ORIENTED_EDGE('',*,*,#742,.F.);
#1001=ORIENTED_EDGE('',*,*,#741,.F.);
#1002=ORIENTED_EDGE('',*,*,#743,.T.);
#1003=ORIENTED_EDGE('',*,*,#744,.T.);
#1004=ORIENTED_EDGE('',*,*,#745,.T.);
#1005=ORIENTED_EDGE('',*,*,#746,.F.);
#1006=ORIENTED_EDGE('',*,*,#747,.F.);
#1007=ORIENTED_EDGE('',*,*,#745,.F.);
#1008=ORIENTED_EDGE('',*,*,#743,.F.);
#1009=ORIENTED_EDGE('',*,*,#744,.F.);
#1010=ORIENTED_EDGE('',*,*,#748,.T.);
#1011=ORIENTED_EDGE('',*,*,#749,.F.);
#1012=ORIENTED_EDGE('',*,*,#748,.F.);
#1013=ORIENTED_EDGE('',*,*,#663,.F.);
#1014=ORIENTED_EDGE('',*,*,#750,.T.);
#1015=ORIENTED_EDGE('',*,*,#751,.T.);
#1016=ORIENTED_EDGE('',*,*,#752,.T.);
#1017=ORIENTED_EDGE('',*,*,#660,.F.);
#1018=ORIENTED_EDGE('',*,*,#752,.F.);
#1019=ORIENTED_EDGE('',*,*,#753,.T.);
#1020=ORIENTED_EDGE('',*,*,#720,.F.);
#1021=ORIENTED_EDGE('',*,*,#670,.F.);
#1022=ORIENTED_EDGE('',*,*,#754,.T.);
#1023=ORIENTED_EDGE('',*,*,#755,.T.);
#1024=ORIENTED_EDGE('',*,*,#756,.T.);
#1025=ORIENTED_EDGE('',*,*,#666,.F.);
#1026=ORIENTED_EDGE('',*,*,#756,.F.);
#1027=ORIENTED_EDGE('',*,*,#757,.T.);
#1028=ORIENTED_EDGE('',*,*,#750,.F.);
#1029=ORIENTED_EDGE('',*,*,#676,.F.);
#1030=ORIENTED_EDGE('',*,*,#758,.T.);
#1031=ORIENTED_EDGE('',*,*,#759,.T.);
#1032=ORIENTED_EDGE('',*,*,#760,.T.);
#1033=ORIENTED_EDGE('',*,*,#673,.F.);
#1034=ORIENTED_EDGE('',*,*,#760,.F.);
#1035=ORIENTED_EDGE('',*,*,#761,.T.);
#1036=ORIENTED_EDGE('',*,*,#754,.F.);
#1037=ORIENTED_EDGE('',*,*,#682,.F.);
#1038=ORIENTED_EDGE('',*,*,#707,.T.);
#1039=ORIENTED_EDGE('',*,*,#762,.T.);
#1040=ORIENTED_EDGE('',*,*,#763,.T.);
#1041=ORIENTED_EDGE('',*,*,#679,.F.);
#1042=ORIENTED_EDGE('',*,*,#763,.F.);
#1043=ORIENTED_EDGE('',*,*,#764,.T.);
#1044=ORIENTED_EDGE('',*,*,#758,.F.);
#1045=ORIENTED_EDGE('',*,*,#765,.F.);
#1046=ORIENTED_EDGE('',*,*,#766,.T.);
#1047=ORIENTED_EDGE('',*,*,#767,.F.);
#1048=ORIENTED_EDGE('',*,*,#768,.F.);
#1049=ORIENTED_EDGE('',*,*,#769,.F.);
#1050=ORIENTED_EDGE('',*,*,#768,.T.);
#1051=ORIENTED_EDGE('',*,*,#770,.F.);
#1052=ORIENTED_EDGE('',*,*,#630,.F.);
#1053=ORIENTED_EDGE('',*,*,#603,.F.);
#1054=ORIENTED_EDGE('',*,*,#632,.T.);
#1055=ORIENTED_EDGE('',*,*,#771,.F.);
#1056=ORIENTED_EDGE('',*,*,#766,.F.);
#1057=ORIENTED_EDGE('',*,*,#772,.F.);
#1058=ORIENTED_EDGE('',*,*,#648,.F.);
#1059=ORIENTED_EDGE('',*,*,#771,.T.);
#1060=ORIENTED_EDGE('',*,*,#631,.T.);
#1061=ORIENTED_EDGE('',*,*,#770,.T.);
#1062=ORIENTED_EDGE('',*,*,#767,.T.);
#1063=ORIENTED_EDGE('',*,*,#773,.F.);
#1064=ORIENTED_EDGE('',*,*,#774,.T.);
#1065=ORIENTED_EDGE('',*,*,#775,.F.);
#1066=ORIENTED_EDGE('',*,*,#776,.F.);
#1067=ORIENTED_EDGE('',*,*,#777,.F.);
#1068=ORIENTED_EDGE('',*,*,#776,.T.);
#1069=ORIENTED_EDGE('',*,*,#778,.F.);
#1070=ORIENTED_EDGE('',*,*,#622,.F.);
#1071=ORIENTED_EDGE('',*,*,#638,.F.);
#1072=ORIENTED_EDGE('',*,*,#617,.T.);
#1073=ORIENTED_EDGE('',*,*,#779,.F.);
#1074=ORIENTED_EDGE('',*,*,#774,.F.);
#1075=ORIENTED_EDGE('',*,*,#780,.F.);
#1076=ORIENTED_EDGE('',*,*,#614,.F.);
#1077=ORIENTED_EDGE('',*,*,#779,.T.);
#1078=ORIENTED_EDGE('',*,*,#623,.T.);
#1079=ORIENTED_EDGE('',*,*,#778,.T.);
#1080=ORIENTED_EDGE('',*,*,#775,.T.);
#1081=ORIENTED_EDGE('',*,*,#680,.F.);
#1082=ORIENTED_EDGE('',*,*,#781,.F.);
#1083=ORIENTED_EDGE('',*,*,#782,.T.);
#1084=ORIENTED_EDGE('',*,*,#739,.T.);
#1085=ORIENTED_EDGE('',*,*,#740,.T.);
#1086=ORIENTED_EDGE('',*,*,#782,.F.);
#1087=ORIENTED_EDGE('',*,*,#783,.F.);
#1088=ORIENTED_EDGE('',*,*,#692,.F.);
#1089=ORIENTED_EDGE('',*,*,#784,.F.);
#1090=ORIENTED_EDGE('',*,*,#785,.T.);
#1091=ORIENTED_EDGE('',*,*,#732,.T.);
#1092=ORIENTED_EDGE('',*,*,#733,.T.);
#1093=ORIENTED_EDGE('',*,*,#785,.F.);
#1094=ORIENTED_EDGE('',*,*,#786,.F.);
#1095=ORIENTED_EDGE('',*,*,#787,.F.);
#1096=ORIENTED_EDGE('',*,*,#668,.F.);
#1097=ORIENTED_EDGE('',*,*,#788,.T.);
#1098=ORIENTED_EDGE('',*,*,#746,.T.);
#1099=ORIENTED_EDGE('',*,*,#747,.T.);
#1100=ORIENTED_EDGE('',*,*,#788,.F.);
#1101=ORIENTED_EDGE('',*,*,#667,.F.);
#1102=ORIENTED_EDGE('',*,*,#789,.F.);
#1103=ORIENTED_EDGE('',*,*,#704,.F.);
#1104=ORIENTED_EDGE('',*,*,#790,.T.);
#1105=ORIENTED_EDGE('',*,*,#725,.T.);
#1106=ORIENTED_EDGE('',*,*,#726,.T.);
#1107=ORIENTED_EDGE('',*,*,#790,.F.);
#1108=ORIENTED_EDGE('',*,*,#703,.F.);
#1109=ORIENTED_EDGE('',*,*,#683,.F.);
#1110=ORIENTED_EDGE('',*,*,#783,.T.);
#1111=ORIENTED_EDGE('',*,*,#781,.T.);
#1112=ORIENTED_EDGE('',*,*,#677,.F.);
#1113=ORIENTED_EDGE('',*,*,#674,.F.);
#1114=ORIENTED_EDGE('',*,*,#671,.F.);
#1115=ORIENTED_EDGE('',*,*,#787,.T.);
#1116=ORIENTED_EDGE('',*,*,#664,.F.);
#1117=ORIENTED_EDGE('',*,*,#661,.F.);
#1118=ORIENTED_EDGE('',*,*,#656,.F.);
#1119=ORIENTED_EDGE('',*,*,#789,.T.);
#1120=ORIENTED_EDGE('',*,*,#701,.F.);
#1121=ORIENTED_EDGE('',*,*,#698,.F.);
#1122=ORIENTED_EDGE('',*,*,#695,.F.);
#1123=ORIENTED_EDGE('',*,*,#786,.T.);
#1124=ORIENTED_EDGE('',*,*,#784,.T.);
#1125=ORIENTED_EDGE('',*,*,#689,.F.);
#1126=ORIENTED_EDGE('',*,*,#686,.F.);
#1127=ORIENTED_EDGE('',*,*,#615,.F.);
#1128=ORIENTED_EDGE('',*,*,#780,.T.);
#1129=ORIENTED_EDGE('',*,*,#773,.T.);
#1130=ORIENTED_EDGE('',*,*,#777,.T.);
#1131=ORIENTED_EDGE('',*,*,#637,.F.);
#1132=ORIENTED_EDGE('',*,*,#640,.F.);
#1133=ORIENTED_EDGE('',*,*,#643,.F.);
#1134=ORIENTED_EDGE('',*,*,#646,.F.);
#1135=ORIENTED_EDGE('',*,*,#649,.F.);
#1136=ORIENTED_EDGE('',*,*,#772,.T.);
#1137=ORIENTED_EDGE('',*,*,#765,.T.);
#1138=ORIENTED_EDGE('',*,*,#769,.T.);
#1139=ORIENTED_EDGE('',*,*,#602,.F.);
#1140=ORIENTED_EDGE('',*,*,#606,.F.);
#1141=ORIENTED_EDGE('',*,*,#609,.F.);
#1142=ORIENTED_EDGE('',*,*,#612,.F.);
#1143=ORIENTED_EDGE('',*,*,#713,.F.);
#1144=ORIENTED_EDGE('',*,*,#715,.F.);
#1145=ORIENTED_EDGE('',*,*,#717,.F.);
#1146=ORIENTED_EDGE('',*,*,#719,.F.);
#1147=ORIENTED_EDGE('',*,*,#721,.F.);
#1148=ORIENTED_EDGE('',*,*,#753,.F.);
#1149=ORIENTED_EDGE('',*,*,#751,.F.);
#1150=ORIENTED_EDGE('',*,*,#757,.F.);
#1151=ORIENTED_EDGE('',*,*,#755,.F.);
#1152=ORIENTED_EDGE('',*,*,#761,.F.);
#1153=ORIENTED_EDGE('',*,*,#759,.F.);
#1154=ORIENTED_EDGE('',*,*,#764,.F.);
#1155=ORIENTED_EDGE('',*,*,#762,.F.);
#1156=ORIENTED_EDGE('',*,*,#706,.F.);
#1157=ORIENTED_EDGE('',*,*,#709,.F.);
#1158=ORIENTED_EDGE('',*,*,#711,.F.);
#1159=ORIENTED_EDGE('',*,*,#735,.T.);
#1160=ORIENTED_EDGE('',*,*,#749,.T.);
#1161=ORIENTED_EDGE('',*,*,#728,.T.);
#1162=ORIENTED_EDGE('',*,*,#742,.T.);
#1163=ORIENTED_EDGE('',*,*,#654,.F.);
#1164=ORIENTED_EDGE('',*,*,#619,.F.);
#1165=ORIENTED_EDGE('',*,*,#625,.F.);
#1166=ORIENTED_EDGE('',*,*,#627,.F.);
#1167=ORIENTED_EDGE('',*,*,#629,.F.);
#1168=ORIENTED_EDGE('',*,*,#635,.F.);
#1169=ORIENTED_EDGE('',*,*,#651,.F.);
#1170=ORIENTED_EDGE('',*,*,#653,.F.);
#1171=CYLINDRICAL_SURFACE('',#1300,1.);
#1172=CYLINDRICAL_SURFACE('',#1307,1.);
#1173=CYLINDRICAL_SURFACE('',#1313,1.);
#1174=CYLINDRICAL_SURFACE('',#1316,4.);
#1175=CYLINDRICAL_SURFACE('',#1319,4.);
#1176=CYLINDRICAL_SURFACE('',#1322,1.);
#1177=CYLINDRICAL_SURFACE('',#1329,1.);
#1178=CYLINDRICAL_SURFACE('',#1335,1.);
#1179=CYLINDRICAL_SURFACE('',#1337,4.);
#1180=CYLINDRICAL_SURFACE('',#1340,4.);
#1181=CYLINDRICAL_SURFACE('',#1347,1.);
#1182=CYLINDRICAL_SURFACE('',#1362,1.);
#1183=CYLINDRICAL_SURFACE('',#1376,1.);
#1184=CYLINDRICAL_SURFACE('',#1390,1.);
#1185=CYLINDRICAL_SURFACE('',#1401,4.);
#1186=CYLINDRICAL_SURFACE('',#1403,4.);
#1187=CYLINDRICAL_SURFACE('',#1405,4.);
#1188=CYLINDRICAL_SURFACE('',#1408,4.);
#1189=CYLINDRICAL_SURFACE('',#1410,4.);
#1190=CYLINDRICAL_SURFACE('',#1412,4.);
#1191=CYLINDRICAL_SURFACE('',#1419,1.75);
#1192=CYLINDRICAL_SURFACE('',#1426,1.75);
#1193=CYLINDRICAL_SURFACE('',#1433,1.75);
#1194=CYLINDRICAL_SURFACE('',#1440,1.75);
#1195=CYLINDRICAL_SURFACE('',#1442,4.);
#1196=CYLINDRICAL_SURFACE('',#1445,4.);
#1197=CYLINDRICAL_SURFACE('',#1447,4.);
#1198=CYLINDRICAL_SURFACE('',#1449,4.);
#1199=CYLINDRICAL_SURFACE('',#1452,4.);
#1200=CYLINDRICAL_SURFACE('',#1454,4.);
#1201=CYLINDRICAL_SURFACE('',#1464,3.);
#1202=CYLINDRICAL_SURFACE('',#1467,3.);
#1203=CYLINDRICAL_SURFACE('',#1470,3.);
#1204=CYLINDRICAL_SURFACE('',#1472,3.);
#1205=ADVANCED_FACE('',(#59),#1171,.T.);
#1206=ADVANCED_FACE('',(#60),#43,.T.);
#1207=ADVANCED_FACE('',(#61),#1172,.T.);
#1208=ADVANCED_FACE('',(#62),#44,.T.);
#1209=ADVANCED_FACE('',(#63),#1173,.T.);
#1210=ADVANCED_FACE('',(#64),#25,.T.);
#1211=ADVANCED_FACE('',(#65),#1174,.F.);
#1212=ADVANCED_FACE('',(#66),#26,.T.);
#1213=ADVANCED_FACE('',(#67),#1175,.F.);
#1214=ADVANCED_FACE('',(#68),#27,.T.);
#1215=ADVANCED_FACE('',(#69),#1176,.T.);
#1216=ADVANCED_FACE('',(#70),#45,.T.);
#1217=ADVANCED_FACE('',(#71),#1177,.T.);
#1218=ADVANCED_FACE('',(#72),#46,.T.);
#1219=ADVANCED_FACE('',(#73),#1178,.T.);
#1220=ADVANCED_FACE('',(#74),#1179,.F.);
#1221=ADVANCED_FACE('',(#75),#28,.T.);
#1222=ADVANCED_FACE('',(#76),#1180,.F.);
#1223=ADVANCED_FACE('',(#77),#47,.T.);
#1224=ADVANCED_FACE('',(#78),#1181,.T.);
#1225=ADVANCED_FACE('',(#79),#48,.T.);
#1226=ADVANCED_FACE('',(#80),#49,.T.);
#1227=ADVANCED_FACE('',(#81),#50,.T.);
#1228=ADVANCED_FACE('',(#82),#1182,.T.);
#1229=ADVANCED_FACE('',(#83),#51,.T.);
#1230=ADVANCED_FACE('',(#84),#52,.T.);
#1231=ADVANCED_FACE('',(#85),#53,.T.);
#1232=ADVANCED_FACE('',(#86),#1183,.T.);
#1233=ADVANCED_FACE('',(#87),#54,.T.);
#1234=ADVANCED_FACE('',(#88),#55,.T.);
#1235=ADVANCED_FACE('',(#89),#56,.T.);
#1236=ADVANCED_FACE('',(#90),#1184,.T.);
#1237=ADVANCED_FACE('',(#91),#57,.T.);
#1238=ADVANCED_FACE('',(#92),#58,.T.);
#1239=ADVANCED_FACE('',(#93),#29,.T.);
#1240=ADVANCED_FACE('',(#94),#1185,.F.);
#1241=ADVANCED_FACE('',(#95),#1186,.T.);
#1242=ADVANCED_FACE('',(#96),#1187,.F.);
#1243=ADVANCED_FACE('',(#97),#30,.T.);
#1244=ADVANCED_FACE('',(#98),#1188,.F.);
#1245=ADVANCED_FACE('',(#99),#1189,.T.);
#1246=ADVANCED_FACE('',(#100),#1190,.F.);
#1247=ADVANCED_FACE('',(#101),#21,.F.);
#1248=ADVANCED_FACE('',(#102),#1191,.F.);
#1249=ADVANCED_FACE('',(#103),#22,.F.);
#1250=ADVANCED_FACE('',(#104),#1192,.F.);
#1251=ADVANCED_FACE('',(#105),#23,.F.);
#1252=ADVANCED_FACE('',(#106),#1193,.F.);
#1253=ADVANCED_FACE('',(#107),#24,.F.);
#1254=ADVANCED_FACE('',(#108),#1194,.F.);
#1255=ADVANCED_FACE('',(#109),#1195,.F.);
#1256=ADVANCED_FACE('',(#110),#31,.T.);
#1257=ADVANCED_FACE('',(#111),#1196,.F.);
#1258=ADVANCED_FACE('',(#112),#1197,.T.);
#1259=ADVANCED_FACE('',(#113),#1198,.F.);
#1260=ADVANCED_FACE('',(#114),#32,.T.);
#1261=ADVANCED_FACE('',(#115),#1199,.F.);
#1262=ADVANCED_FACE('',(#116),#1200,.T.);
#1263=ADVANCED_FACE('',(#117),#33,.T.);
#1264=ADVANCED_FACE('',(#118),#34,.T.);
#1265=ADVANCED_FACE('',(#119),#35,.T.);
#1266=ADVANCED_FACE('',(#120),#36,.T.);
#1267=ADVANCED_FACE('',(#121),#37,.T.);
#1268=ADVANCED_FACE('',(#122),#38,.T.);
#1269=ADVANCED_FACE('',(#123),#39,.T.);
#1270=ADVANCED_FACE('',(#124),#40,.T.);
#1271=ADVANCED_FACE('',(#125),#1201,.F.);
#1272=ADVANCED_FACE('',(#126),#1202,.F.);
#1273=ADVANCED_FACE('',(#127),#1203,.F.);
#1274=ADVANCED_FACE('',(#128),#1204,.F.);
#1275=ADVANCED_FACE('',(#129,#15),#41,.T.);
#1276=ADVANCED_FACE('',(#130,#16,#17,#18,#19,#20),#42,.F.);
#1277=CLOSED_SHELL('',(#1205,#1206,#1207,#1208,#1209,#1210,#1211,#1212,
#1213,#1214,#1215,#1216,#1217,#1218,#1219,#1220,#1221,#1222,#1223,#1224,
#1225,#1226,#1227,#1228,#1229,#1230,#1231,#1232,#1233,#1234,#1235,#1236,
#1237,#1238,#1239,#1240,#1241,#1242,#1243,#1244,#1245,#1246,#1247,#1248,
#1249,#1250,#1251,#1252,#1253,#1254,#1255,#1256,#1257,#1258,#1259,#1260,
#1261,#1262,#1263,#1264,#1265,#1266,#1267,#1268,#1269,#1270,#1271,#1272,
#1273,#1274,#1275,#1276));
#1278=DERIVED_UNIT_ELEMENT(#1281,1.);
#1279=DERIVED_UNIT_ELEMENT(#2300,-3.);
#1280=DIMENSIONAL_EXPONENTS(0.,1.,0.,0.,0.,0.,0.);
#1281=(
CONVERSION_BASED_UNIT('gram',#1283)
MASS_UNIT()
NAMED_UNIT(#1280)
);
#1282=(
MASS_UNIT()
NAMED_UNIT(*)
SI_UNIT(.KILO.,.GRAM.)
);
#1283=MASS_MEASURE_WITH_UNIT(MASS_MEASURE(0.001),#1282);
#1284=DERIVED_UNIT((#1278,#1279));
#1285=MEASURE_REPRESENTATION_ITEM('density measure',
POSITIVE_RATIO_MEASURE(0.93),#1284);
#1286=PROPERTY_DEFINITION_REPRESENTATION(#1291,#1288);
#1287=PROPERTY_DEFINITION_REPRESENTATION(#1292,#1289);
#1288=REPRESENTATION('material name',(#1290),#2297);
#1289=REPRESENTATION('density',(#1285),#2297);
#1290=DESCRIPTIVE_REPRESENTATION_ITEM('Gummi','Gummi');
#1291=PROPERTY_DEFINITION('material property','material name',#2307);
#1292=PROPERTY_DEFINITION('material property','density of part',#2307);
#1293=DATE_TIME_ROLE('creation_date');
#1294=APPLIED_DATE_AND_TIME_ASSIGNMENT(#1295,#1293,(#2307));
#1295=DATE_AND_TIME(#1296,#1297);
#1296=CALENDAR_DATE(2025,18,1);
#1297=LOCAL_TIME(0,0,0.,#1298);
#1298=COORDINATED_UNIVERSAL_TIME_OFFSET(0,0,.BEHIND.);
#1299=AXIS2_PLACEMENT_3D('',#1916,#1476,#1477);
#1300=AXIS2_PLACEMENT_3D('',#1917,#1478,#1479);
#1301=AXIS2_PLACEMENT_3D('',#1920,#1480,#1481);
#1302=AXIS2_PLACEMENT_3D('',#1924,#1483,#1484);
#1303=AXIS2_PLACEMENT_3D('',#1926,#1486,#1487);
#1304=AXIS2_PLACEMENT_3D('',#1929,#1488,#1489);
#1305=AXIS2_PLACEMENT_3D('',#1930,#1490,#1491);
#1306=AXIS2_PLACEMENT_3D('',#1931,#1492,#1493);
#1307=AXIS2_PLACEMENT_3D('',#1932,#1494,#1495);
#1308=AXIS2_PLACEMENT_3D('',#1935,#1496,#1497);
#1309=AXIS2_PLACEMENT_3D('',#1938,#1500,#1501);
#1310=AXIS2_PLACEMENT_3D('',#1941,#1502,#1503);
#1311=AXIS2_PLACEMENT_3D('',#1942,#1504,#1505);
#1312=AXIS2_PLACEMENT_3D('',#1943,#1506,#1507);
#1313=AXIS2_PLACEMENT_3D('',#1944,#1508,#1509);
#1314=AXIS2_PLACEMENT_3D('',#1947,#1510,#1511);
#1315=AXIS2_PLACEMENT_3D('',#1950,#1514,#1515);
#1316=AXIS2_PLACEMENT_3D('',#1964,#1523,#1524);
#1317=AXIS2_PLACEMENT_3D('',#1967,#1526,#1527);
#1318=AXIS2_PLACEMENT_3D('',#1968,#1528,#1529);
#1319=AXIS2_PLACEMENT_3D('',#1972,#1532,#1533);
#1320=AXIS2_PLACEMENT_3D('',#1975,#1535,#1536);
#1321=AXIS2_PLACEMENT_3D('',#1976,#1537,#1538);
#1322=AXIS2_PLACEMENT_3D('',#1988,#1545,#1546);
#1323=AXIS2_PLACEMENT_3D('',#1990,#1547,#1548);
#1324=AXIS2_PLACEMENT_3D('',#1993,#1550,#1551);
#1325=AXIS2_PLACEMENT_3D('',#1994,#1552,#1553);
#1326=AXIS2_PLACEMENT_3D('',#1997,#1554,#1555);
#1327=AXIS2_PLACEMENT_3D('',#1998,#1556,#1557);
#1328=AXIS2_PLACEMENT_3D('',#1999,#1558,#1559);
#1329=AXIS2_PLACEMENT_3D('',#2000,#1560,#1561);
#1330=AXIS2_PLACEMENT_3D('',#2003,#1562,#1563);
#1331=AXIS2_PLACEMENT_3D('',#2006,#1566,#1567);
#1332=AXIS2_PLACEMENT_3D('',#2008,#1568,#1569);
#1333=AXIS2_PLACEMENT_3D('',#2009,#1570,#1571);
#1334=AXIS2_PLACEMENT_3D('',#2010,#1572,#1573);
#1335=AXIS2_PLACEMENT_3D('',#2011,#1574,#1575);
#1336=AXIS2_PLACEMENT_3D('',#2013,#1576,#1577);
#1337=AXIS2_PLACEMENT_3D('',#2015,#1579,#1580);
#1338=AXIS2_PLACEMENT_3D('',#2018,#1582,#1583);
#1339=AXIS2_PLACEMENT_3D('',#2019,#1584,#1585);
#1340=AXIS2_PLACEMENT_3D('',#2023,#1588,#1589);
#1341=AXIS2_PLACEMENT_3D('',#2024,#1590,#1591);
#1342=AXIS2_PLACEMENT_3D('',#2025,#1592,#1593);
#1343=AXIS2_PLACEMENT_3D('',#2028,#1594,#1595);
#1344=AXIS2_PLACEMENT_3D('',#2030,#1596,#1597);
#1345=AXIS2_PLACEMENT_3D('',#2032,#1598,#1599);
#1346=AXIS2_PLACEMENT_3D('',#2033,#1600,#1601);
#1347=AXIS2_PLACEMENT_3D('',#2034,#1602,#1603);
#1348=AXIS2_PLACEMENT_3D('',#2037,#1604,#1605);
#1349=AXIS2_PLACEMENT_3D('',#2040,#1608,#1609);
#1350=AXIS2_PLACEMENT_3D('',#2043,#1610,#1611);
#1351=AXIS2_PLACEMENT_3D('',#2044,#1612,#1613);
#1352=AXIS2_PLACEMENT_3D('',#2045,#1614,#1615);
#1353=AXIS2_PLACEMENT_3D('',#2046,#1616,#1617);
#1354=AXIS2_PLACEMENT_3D('',#2049,#1618,#1619);
#1355=AXIS2_PLACEMENT_3D('',#2050,#1620,#1621);
#1356=AXIS2_PLACEMENT_3D('',#2052,#1622,#1623);
#1357=AXIS2_PLACEMENT_3D('',#2053,#1624,#1625);
#1358=AXIS2_PLACEMENT_3D('',#2054,#1626,#1627);
#1359=AXIS2_PLACEMENT_3D('',#2057,#1628,#1629);
#1360=AXIS2_PLACEMENT_3D('',#2058,#1630,#1631);
#1361=AXIS2_PLACEMENT_3D('',#2059,#1632,#1633);
#1362=AXIS2_PLACEMENT_3D('',#2060,#1634,#1635);
#1363=AXIS2_PLACEMENT_3D('',#2063,#1636,#1637);
#1364=AXIS2_PLACEMENT_3D('',#2066,#1640,#1641);
#1365=AXIS2_PLACEMENT_3D('',#2069,#1642,#1643);
#1366=AXIS2_PLACEMENT_3D('',#2070,#1644,#1645);
#1367=AXIS2_PLACEMENT_3D('',#2071,#1646,#1647);
#1368=AXIS2_PLACEMENT_3D('',#2072,#1648,#1649);
#1369=AXIS2_PLACEMENT_3D('',#2075,#1650,#1651);
#1370=AXIS2_PLACEMENT_3D('',#2076,#1652,#1653);
#1371=AXIS2_PLACEMENT_3D('',#2077,#1654,#1655);
#1372=AXIS2_PLACEMENT_3D('',#2078,#1656,#1657);
#1373=AXIS2_PLACEMENT_3D('',#2081,#1658,#1659);
#1374=AXIS2_PLACEMENT_3D('',#2082,#1660,#1661);
#1375=AXIS2_PLACEMENT_3D('',#2083,#1662,#1663);
#1376=AXIS2_PLACEMENT_3D('',#2084,#1664,#1665);
#1377=AXIS2_PLACEMENT_3D('',#2087,#1666,#1667);
#1378=AXIS2_PLACEMENT_3D('',#2090,#1670,#1671);
#1379=AXIS2_PLACEMENT_3D('',#2093,#1672,#1673);
#1380=AXIS2_PLACEMENT_3D('',#2094,#1674,#1675);
#1381=AXIS2_PLACEMENT_3D('',#2095,#1676,#1677);
#1382=AXIS2_PLACEMENT_3D('',#2096,#1678,#1679);
#1383=AXIS2_PLACEMENT_3D('',#2099,#1680,#1681);
#1384=AXIS2_PLACEMENT_3D('',#2100,#1682,#1683);
#1385=AXIS2_PLACEMENT_3D('',#2101,#1684,#1685);
#1386=AXIS2_PLACEMENT_3D('',#2102,#1686,#1687);
#1387=AXIS2_PLACEMENT_3D('',#2105,#1688,#1689);
#1388=AXIS2_PLACEMENT_3D('',#2106,#1690,#1691);
#1389=AXIS2_PLACEMENT_3D('',#2107,#1692,#1693);
#1390=AXIS2_PLACEMENT_3D('',#2108,#1694,#1695);
#1391=AXIS2_PLACEMENT_3D('',#2111,#1696,#1697);
#1392=AXIS2_PLACEMENT_3D('',#2114,#1700,#1701);
#1393=AXIS2_PLACEMENT_3D('',#2117,#1702,#1703);
#1394=AXIS2_PLACEMENT_3D('',#2118,#1704,#1705);
#1395=AXIS2_PLACEMENT_3D('',#2119,#1706,#1707);
#1396=AXIS2_PLACEMENT_3D('',#2120,#1708,#1709);
#1397=AXIS2_PLACEMENT_3D('',#2121,#1710,#1711);
#1398=AXIS2_PLACEMENT_3D('',#2123,#1712,#1713);
#1399=AXIS2_PLACEMENT_3D('',#2124,#1714,#1715);
#1400=AXIS2_PLACEMENT_3D('',#2125,#1716,#1717);
#1401=AXIS2_PLACEMENT_3D('',#2131,#1721,#1722);
#1402=AXIS2_PLACEMENT_3D('',#2134,#1724,#1725);
#1403=AXIS2_PLACEMENT_3D('',#2135,#1726,#1727);
#1404=AXIS2_PLACEMENT_3D('',#2138,#1729,#1730);
#1405=AXIS2_PLACEMENT_3D('',#2139,#1731,#1732);
#1406=AXIS2_PLACEMENT_3D('',#2142,#1734,#1735);
#1407=AXIS2_PLACEMENT_3D('',#2143,#1736,#1737);
#1408=AXIS2_PLACEMENT_3D('',#2147,#1740,#1741);
#1409=AXIS2_PLACEMENT_3D('',#2150,#1743,#1744);
#1410=AXIS2_PLACEMENT_3D('',#2151,#1745,#1746);
#1411=AXIS2_PLACEMENT_3D('',#2154,#1748,#1749);
#1412=AXIS2_PLACEMENT_3D('',#2155,#1750,#1751);
#1413=AXIS2_PLACEMENT_3D('',#2158,#1753,#1754);
#1414=AXIS2_PLACEMENT_3D('',#2159,#1755,#1756);
#1415=AXIS2_PLACEMENT_3D('',#2162,#1757,#1758);
#1416=AXIS2_PLACEMENT_3D('',#2163,#1759,#1760);
#1417=AXIS2_PLACEMENT_3D('',#2167,#1762,#1763);
#1418=AXIS2_PLACEMENT_3D('',#2168,#1764,#1765);
#1419=AXIS2_PLACEMENT_3D('',#2169,#1766,#1767);
#1420=AXIS2_PLACEMENT_3D('',#2172,#1769,#1770);
#1421=AXIS2_PLACEMENT_3D('',#2173,#1771,#1772);
#1422=AXIS2_PLACEMENT_3D('',#2176,#1773,#1774);
#1423=AXIS2_PLACEMENT_3D('',#2177,#1775,#1776);
#1424=AXIS2_PLACEMENT_3D('',#2181,#1778,#1779);
#1425=AXIS2_PLACEMENT_3D('',#2182,#1780,#1781);
#1426=AXIS2_PLACEMENT_3D('',#2183,#1782,#1783);
#1427=AXIS2_PLACEMENT_3D('',#2186,#1785,#1786);
#1428=AXIS2_PLACEMENT_3D('',#2187,#1787,#1788);
#1429=AXIS2_PLACEMENT_3D('',#2190,#1789,#1790);
#1430=AXIS2_PLACEMENT_3D('',#2191,#1791,#1792);
#1431=AXIS2_PLACEMENT_3D('',#2195,#1794,#1795);
#1432=AXIS2_PLACEMENT_3D('',#2196,#1796,#1797);
#1433=AXIS2_PLACEMENT_3D('',#2197,#1798,#1799);
#1434=AXIS2_PLACEMENT_3D('',#2200,#1801,#1802);
#1435=AXIS2_PLACEMENT_3D('',#2201,#1803,#1804);
#1436=AXIS2_PLACEMENT_3D('',#2204,#1805,#1806);
#1437=AXIS2_PLACEMENT_3D('',#2205,#1807,#1808);
#1438=AXIS2_PLACEMENT_3D('',#2209,#1810,#1811);
#1439=AXIS2_PLACEMENT_3D('',#2210,#1812,#1813);
#1440=AXIS2_PLACEMENT_3D('',#2211,#1814,#1815);
#1441=AXIS2_PLACEMENT_3D('',#2214,#1817,#1818);
#1442=AXIS2_PLACEMENT_3D('',#2215,#1819,#1820);
#1443=AXIS2_PLACEMENT_3D('',#2219,#1822,#1823);
#1444=AXIS2_PLACEMENT_3D('',#2221,#1825,#1826);
#1445=AXIS2_PLACEMENT_3D('',#2223,#1828,#1829);
#1446=AXIS2_PLACEMENT_3D('',#2227,#1831,#1832);
#1447=AXIS2_PLACEMENT_3D('',#2229,#1834,#1835);
#1448=AXIS2_PLACEMENT_3D('',#2230,#1836,#1837);
#1449=AXIS2_PLACEMENT_3D('',#2231,#1838,#1839);
#1450=AXIS2_PLACEMENT_3D('',#2235,#1841,#1842);
#1451=AXIS2_PLACEMENT_3D('',#2237,#1844,#1845);
#1452=AXIS2_PLACEMENT_3D('',#2239,#1847,#1848);
#1453=AXIS2_PLACEMENT_3D('',#2241,#1849,#1850);
#1454=AXIS2_PLACEMENT_3D('',#2243,#1852,#1853);
#1455=AXIS2_PLACEMENT_3D('',#2244,#1854,#1855);
#1456=AXIS2_PLACEMENT_3D('',#2245,#1856,#1857);
#1457=AXIS2_PLACEMENT_3D('',#2254,#1862,#1863);
#1458=AXIS2_PLACEMENT_3D('',#2257,#1866,#1867);
#1459=AXIS2_PLACEMENT_3D('',#2260,#1870,#1871);
#1460=AXIS2_PLACEMENT_3D('',#2261,#1872,#1873);
#1461=AXIS2_PLACEMENT_3D('',#2270,#1878,#1879);
#1462=AXIS2_PLACEMENT_3D('',#2273,#1882,#1883);
#1463=AXIS2_PLACEMENT_3D('',#2276,#1886,#1887);
#1464=AXIS2_PLACEMENT_3D('',#2277,#1888,#1889);
#1465=AXIS2_PLACEMENT_3D('',#2279,#1890,#1891);
#1466=AXIS2_PLACEMENT_3D('',#2281,#1893,#1894);
#1467=AXIS2_PLACEMENT_3D('',#2282,#1895,#1896);
#1468=AXIS2_PLACEMENT_3D('',#2284,#1897,#1898);
#1469=AXIS2_PLACEMENT_3D('',#2286,#1900,#1901);
#1470=AXIS2_PLACEMENT_3D('',#2287,#1902,#1903);
#1471=AXIS2_PLACEMENT_3D('',#2288,#1904,#1905);
#1472=AXIS2_PLACEMENT_3D('',#2290,#1907,#1908);
#1473=AXIS2_PLACEMENT_3D('',#2291,#1909,#1910);
#1474=AXIS2_PLACEMENT_3D('',#2293,#1912,#1913);
#1475=AXIS2_PLACEMENT_3D('',#2294,#1914,#1915);
#1476=DIRECTION('axis',(0.,0.,1.));
#1477=DIRECTION('refdir',(1.,0.,0.));
#1478=DIRECTION('center_axis',(7.60524399280541E-17,-1.,0.));
#1479=DIRECTION('ref_axis',(-0.707106781186549,0.,0.707106781186546));
#1480=DIRECTION('center_axis',(0.,1.,0.));
#1481=DIRECTION('ref_axis',(-1.,0.,0.));
#1482=DIRECTION('',(-7.60524399280541E-17,1.,0.));
#1483=DIRECTION('center_axis',(3.848773152034E-14,1.,0.));
#1484=DIRECTION('ref_axis',(-0.707106781186549,0.,0.707106781186546));
#1485=DIRECTION('',(7.60524399280541E-17,-1.,0.));
#1486=DIRECTION('center_axis',(0.,0.,1.));
#1487=DIRECTION('ref_axis',(1.,0.,0.));
#1488=DIRECTION('center_axis',(1.,0.,0.));
#1489=DIRECTION('ref_axis',(0.,1.,0.));
#1490=DIRECTION('center_axis',(0.,0.,1.));
#1491=DIRECTION('ref_axis',(0.707106781186547,-0.707106781186548,0.));
#1492=DIRECTION('center_axis',(0.,0.,-1.));
#1493=DIRECTION('ref_axis',(0.707106781186547,-0.707106781186548,0.));
#1494=DIRECTION('center_axis',(-1.,0.,0.));
#1495=DIRECTION('ref_axis',(0.,0.707106781186546,0.707106781186549));
#1496=DIRECTION('center_axis',(1.,0.,0.));
#1497=DIRECTION('ref_axis',(0.,1.,0.));
#1498=DIRECTION('',(1.,0.,0.));
#1499=DIRECTION('',(-1.,0.,0.));
#1500=DIRECTION('center_axis',(0.,0.,1.));
#1501=DIRECTION('ref_axis',(1.,0.,0.));
#1502=DIRECTION('center_axis',(0.,-1.,0.));
#1503=DIRECTION('ref_axis',(1.,0.,0.));
#1504=DIRECTION('center_axis',(0.,0.,1.));
#1505=DIRECTION('ref_axis',(-0.707106781186547,-0.707106781186548,0.));
#1506=DIRECTION('center_axis',(0.,0.,-1.));
#1507=DIRECTION('ref_axis',(-0.707106781186547,-0.707106781186548,0.));
#1508=DIRECTION('center_axis',(-7.60524399280541E-17,1.,0.));
#1509=DIRECTION('ref_axis',(0.707106781186549,0.,0.707106781186546));
#1510=DIRECTION('center_axis',(0.,1.,0.));
#1511=DIRECTION('ref_axis',(0.707106781186549,0.,0.707106781186546));
#1512=DIRECTION('',(7.60524399280541E-17,-1.,0.));
#1513=DIRECTION('',(-7.60524399280541E-17,1.,0.));
#1514=DIRECTION('center_axis',(1.,7.60524399280541E-17,0.));
#1515=DIRECTION('ref_axis',(-7.60524399280541E-17,1.,0.));
#1516=DIRECTION('',(0.,0.,1.));
#1517=DIRECTION('',(0.,0.,1.));
#1518=DIRECTION('',(-7.60524399280541E-17,1.,0.));
#1519=DIRECTION('',(0.,0.,-1.));
#1520=DIRECTION('',(-7.60524399280541E-17,1.,0.));
#1521=DIRECTION('',(0.,0.,1.));
#1522=DIRECTION('',(0.,1.,0.));
#1523=DIRECTION('center_axis',(0.,0.,1.));
#1524=DIRECTION('ref_axis',(-0.707106781186547,-0.707106781186548,0.));
#1525=DIRECTION('',(0.,0.,-1.));
#1526=DIRECTION('center_axis',(0.,0.,-1.));
#1527=DIRECTION('ref_axis',(-0.707106781186547,-0.707106781186548,0.));
#1528=DIRECTION('center_axis',(0.,1.,0.));
#1529=DIRECTION('ref_axis',(-1.,0.,0.));
#1530=DIRECTION('',(0.,0.,1.));
#1531=DIRECTION('',(-1.,0.,0.));
#1532=DIRECTION('center_axis',(0.,0.,1.));
#1533=DIRECTION('ref_axis',(0.707106781186547,-0.707106781186548,0.));
#1534=DIRECTION('',(0.,0.,-1.));
#1535=DIRECTION('center_axis',(0.,0.,-1.));
#1536=DIRECTION('ref_axis',(0.707106781186547,-0.707106781186548,0.));
#1537=DIRECTION('center_axis',(-1.,-7.60524399280541E-17,0.));
#1538=DIRECTION('ref_axis',(7.60524399280541E-17,-1.,0.));
#1539=DIRECTION('',(0.,0.,1.));
#1540=DIRECTION('',(7.60524399280541E-17,-1.,0.));
#1541=DIRECTION('',(0.,0.,1.));
#1542=DIRECTION('',(7.60524399280541E-17,-1.,0.));
#1543=DIRECTION('',(0.,0.,1.));
#1544=DIRECTION('',(7.60524399280541E-17,-1.,0.));
#1545=DIRECTION('center_axis',(-7.60524399280541E-17,1.,0.));
#1546=DIRECTION('ref_axis',(0.707106781186549,0.,0.707106781186546));
#1547=DIRECTION('center_axis',(0.,-1.,0.));
#1548=DIRECTION('ref_axis',(1.,0.,0.));
#1549=DIRECTION('',(7.60524399280541E-17,-1.,0.));
#1550=DIRECTION('center_axis',(0.,-1.,0.));
#1551=DIRECTION('ref_axis',(0.707106781186549,0.,0.707106781186546));
#1552=DIRECTION('center_axis',(0.,0.,1.));
#1553=DIRECTION('ref_axis',(1.,0.,0.));
#1554=DIRECTION('center_axis',(-1.,0.,0.));
#1555=DIRECTION('ref_axis',(0.,-1.,0.));
#1556=DIRECTION('center_axis',(0.,0.,1.));
#1557=DIRECTION('ref_axis',(-0.707106781186547,0.707106781186548,0.));
#1558=DIRECTION('center_axis',(0.,0.,-1.));
#1559=DIRECTION('ref_axis',(-0.707106781186547,0.707106781186548,0.));
#1560=DIRECTION('center_axis',(1.,2.15472687942697E-16,0.));
#1561=DIRECTION('ref_axis',(0.,-0.707106781186546,0.707106781186549));
#1562=DIRECTION('center_axis',(-1.,2.22044604925032E-15,0.));
#1563=DIRECTION('ref_axis',(-2.22044604925032E-15,-1.,0.));
#1564=DIRECTION('',(-1.,-2.15472687942697E-16,0.));
#1565=DIRECTION('',(1.,2.15472687942697E-16,0.));
#1566=DIRECTION('center_axis',(0.,0.,1.));
#1567=DIRECTION('ref_axis',(1.,0.,0.));
#1568=DIRECTION('center_axis',(0.,1.,0.));
#1569=DIRECTION('ref_axis',(-1.,0.,0.));
#1570=DIRECTION('center_axis',(0.,0.,1.));
#1571=DIRECTION('ref_axis',(0.707106781186547,0.707106781186548,0.));
#1572=DIRECTION('center_axis',(0.,0.,-1.));
#1573=DIRECTION('ref_axis',(0.707106781186547,0.707106781186548,0.));
#1574=DIRECTION('center_axis',(7.60524399280541E-17,-1.,0.));
#1575=DIRECTION('ref_axis',(-0.707106781186549,0.,0.707106781186546));
#1576=DIRECTION('center_axis',(3.848773152034E-14,-1.,0.));
#1577=DIRECTION('ref_axis',(-0.707106781186549,0.,0.707106781186546));
#1578=DIRECTION('',(-7.60524399280541E-17,1.,0.));
#1579=DIRECTION('center_axis',(0.,0.,1.));
#1580=DIRECTION('ref_axis',(0.707106781186547,0.707106781186548,0.));
#1581=DIRECTION('',(0.,0.,-1.));
#1582=DIRECTION('center_axis',(0.,0.,-1.));
#1583=DIRECTION('ref_axis',(0.707106781186547,0.707106781186548,0.));
#1584=DIRECTION('center_axis',(2.15472687942697E-16,-1.,0.));
#1585=DIRECTION('ref_axis',(1.,2.15472687942697E-16,0.));
#1586=DIRECTION('',(0.,0.,1.));
#1587=DIRECTION('',(1.,2.15472687942697E-16,0.));
#1588=DIRECTION('center_axis',(0.,0.,1.));
#1589=DIRECTION('ref_axis',(-0.707106781186547,0.707106781186548,0.));
#1590=DIRECTION('center_axis',(0.,0.,-1.));
#1591=DIRECTION('ref_axis',(-0.707106781186547,0.707106781186548,0.));
#1592=DIRECTION('center_axis',(0.,0.,1.));
#1593=DIRECTION('ref_axis',(1.,0.,0.));
#1594=DIRECTION('center_axis',(0.883330876568911,0.46875,0.));
#1595=DIRECTION('ref_axis',(-0.46875,0.883330876568911,0.));
#1596=DIRECTION('center_axis',(0.,0.,1.));
#1597=DIRECTION('ref_axis',(0.856956825050131,-0.515388203202207,0.));
#1598=DIRECTION('center_axis',(0.,-1.,0.));
#1599=DIRECTION('ref_axis',(0.,0.,1.));
#1600=DIRECTION('center_axis',(0.,0.,-1.));
#1601=DIRECTION('ref_axis',(0.856956825050131,-0.515388203202207,0.));
#1602=DIRECTION('center_axis',(1.01578160552525E-15,-1.,0.));
#1603=DIRECTION('ref_axis',(-0.707106781186546,0.,0.707106781186549));
#1604=DIRECTION('center_axis',(0.,-1.,0.));
#1605=DIRECTION('ref_axis',(0.,0.,1.));
#1606=DIRECTION('',(1.01578160552525E-15,-1.,0.));
#1607=DIRECTION('',(-1.01578160552525E-15,1.,0.));
#1608=DIRECTION('center_axis',(0.,0.,1.));
#1609=DIRECTION('ref_axis',(1.,0.,0.));
#1610=DIRECTION('center_axis',(0.883330876568903,-0.468750000000014,0.));
#1611=DIRECTION('ref_axis',(0.,0.,1.));
#1612=DIRECTION('center_axis',(0.,0.,-1.));
#1613=DIRECTION('ref_axis',(0.856956825050134,0.515388203202202,0.));
#1614=DIRECTION('center_axis',(0.,0.,1.));
#1615=DIRECTION('ref_axis',(0.856956825050134,0.515388203202202,0.));
#1616=DIRECTION('center_axis',(0.,0.,1.));
#1617=DIRECTION('ref_axis',(-0.70710678118654,0.707106781186556,0.));
#1618=DIRECTION('center_axis',(-0.468749999999996,0.883330876568913,0.));
#1619=DIRECTION('ref_axis',(0.,0.,1.));
#1620=DIRECTION('center_axis',(0.,0.,1.));
#1621=DIRECTION('ref_axis',(-0.70710678118654,0.707106781186555,0.));
#1622=DIRECTION('center_axis',(0.,0.,-1.));
#1623=DIRECTION('ref_axis',(1.,0.,0.));
#1624=DIRECTION('center_axis',(0.,0.,-1.));
#1625=DIRECTION('ref_axis',(1.,0.,0.));
#1626=DIRECTION('center_axis',(0.,0.,1.));
#1627=DIRECTION('ref_axis',(1.,0.,0.));
#1628=DIRECTION('center_axis',(-1.,-2.2204460492503E-15,0.));
#1629=DIRECTION('ref_axis',(0.,0.,1.));
#1630=DIRECTION('center_axis',(0.,0.,-1.));
#1631=DIRECTION('ref_axis',(-0.515388203202212,-0.856956825050128,0.));
#1632=DIRECTION('center_axis',(0.,0.,1.));
#1633=DIRECTION('ref_axis',(-0.515388203202212,-0.856956825050128,0.));
#1634=DIRECTION('center_axis',(-1.,-5.2021383426403E-16,0.));
#1635=DIRECTION('ref_axis',(0.,0.707106781186546,0.707106781186549));
#1636=DIRECTION('center_axis',(-1.,0.,0.));
#1637=DIRECTION('ref_axis',(0.,0.,1.));
#1638=DIRECTION('',(-1.,-5.2021383426403E-16,0.));
#1639=DIRECTION('',(1.,5.2021383426403E-16,0.));
#1640=DIRECTION('center_axis',(0.,0.,1.));
#1641=DIRECTION('ref_axis',(1.,0.,0.));
#1642=DIRECTION('center_axis',(-0.46875,-0.883330876568911,0.));
#1643=DIRECTION('ref_axis',(0.,0.,1.));
#1644=DIRECTION('center_axis',(0.,0.,-1.));
#1645=DIRECTION('ref_axis',(0.515388203202209,-0.856956825050129,0.));
#1646=DIRECTION('center_axis',(0.,0.,1.));
#1647=DIRECTION('ref_axis',(0.515388203202209,-0.85695682505013,0.));
#1648=DIRECTION('center_axis',(0.,0.,1.));
#1649=DIRECTION('ref_axis',(1.,0.,0.));
#1650=DIRECTION('center_axis',(0.883330876568911,0.46875,0.));
#1651=DIRECTION('ref_axis',(0.,0.,1.));
#1652=DIRECTION('center_axis',(0.,0.,1.));
#1653=DIRECTION('ref_axis',(0.707106781186547,0.707106781186548,0.));
#1654=DIRECTION('center_axis',(0.,0.,-1.));
#1655=DIRECTION('ref_axis',(1.,0.,0.));
#1656=DIRECTION('center_axis',(0.,0.,1.));
#1657=DIRECTION('ref_axis',(1.,0.,0.));
#1658=DIRECTION('center_axis',(0.,1.,0.));
#1659=DIRECTION('ref_axis',(0.,0.,1.));
#1660=DIRECTION('center_axis',(0.,0.,-1.));
#1661=DIRECTION('ref_axis',(-0.856956825050131,0.515388203202207,0.));
#1662=DIRECTION('center_axis',(0.,0.,1.));
#1663=DIRECTION('ref_axis',(-0.856956825050131,0.515388203202207,0.));
#1664=DIRECTION('center_axis',(-1.05080855743991E-16,1.,0.));
#1665=DIRECTION('ref_axis',(0.707106781186546,0.,0.707106781186549));
#1666=DIRECTION('center_axis',(0.,1.,0.));
#1667=DIRECTION('ref_axis',(0.,0.,1.));
#1668=DIRECTION('',(-1.05080855743991E-16,1.,0.));
#1669=DIRECTION('',(1.05080855743991E-16,-1.,0.));
#1670=DIRECTION('center_axis',(0.,0.,1.));
#1671=DIRECTION('ref_axis',(1.,0.,0.));
#1672=DIRECTION('center_axis',(-0.883330876568911,0.46875,0.));
#1673=DIRECTION('ref_axis',(0.,0.,1.));
#1674=DIRECTION('center_axis',(0.,0.,-1.));
#1675=DIRECTION('ref_axis',(-0.856956825050131,-0.515388203202207,0.));
#1676=DIRECTION('center_axis',(0.,0.,1.));
#1677=DIRECTION('ref_axis',(-0.856956825050131,-0.515388203202207,0.));
#1678=DIRECTION('center_axis',(0.,0.,1.));
#1679=DIRECTION('ref_axis',(1.,0.,0.));
#1680=DIRECTION('center_axis',(0.46875,-0.883330876568911,0.));
#1681=DIRECTION('ref_axis',(0.,0.,1.));
#1682=DIRECTION('center_axis',(0.,0.,1.));
#1683=DIRECTION('ref_axis',(0.707106781186546,-0.707106781186549,0.));
#1684=DIRECTION('center_axis',(0.,0.,-1.));
#1685=DIRECTION('ref_axis',(1.,0.,0.));
#1686=DIRECTION('center_axis',(0.,0.,1.));
#1687=DIRECTION('ref_axis',(1.,0.,0.));
#1688=DIRECTION('center_axis',(1.,0.,0.));
#1689=DIRECTION('ref_axis',(0.,0.,1.));
#1690=DIRECTION('center_axis',(0.,0.,-1.));
#1691=DIRECTION('ref_axis',(0.515388203202207,0.856956825050131,0.));
#1692=DIRECTION('center_axis',(0.,0.,1.));
#1693=DIRECTION('ref_axis',(0.515388203202207,0.856956825050131,0.));
#1694=DIRECTION('center_axis',(1.,5.20213834264032E-16,0.));
#1695=DIRECTION('ref_axis',(0.,-0.70710678118654,0.707106781186555));
#1696=DIRECTION('center_axis',(1.,0.,0.));
#1697=DIRECTION('ref_axis',(0.,0.,1.));
#1698=DIRECTION('',(1.,5.20213834264032E-16,0.));
#1699=DIRECTION('',(-1.,-5.20213834264032E-16,0.));
#1700=DIRECTION('center_axis',(0.,0.,1.));
#1701=DIRECTION('ref_axis',(1.,0.,0.));
#1702=DIRECTION('center_axis',(0.468749999999993,0.883330876568914,0.));
#1703=DIRECTION('ref_axis',(0.,0.,1.));
#1704=DIRECTION('center_axis',(0.,0.,-1.));
#1705=DIRECTION('ref_axis',(-0.515388203202208,0.85695682505013,0.));
#1706=DIRECTION('center_axis',(0.,0.,1.));
#1707=DIRECTION('ref_axis',(-0.515388203202208,0.85695682505013,0.));
#1708=DIRECTION('center_axis',(0.,0.,1.));
#1709=DIRECTION('ref_axis',(-0.707106781186547,-0.707106781186548,0.));
#1710=DIRECTION('center_axis',(0.,0.,1.));
#1711=DIRECTION('ref_axis',(-0.707106781186547,-0.707106781186548,0.));
#1712=DIRECTION('center_axis',(0.,0.,-1.));
#1713=DIRECTION('ref_axis',(1.,0.,0.));
#1714=DIRECTION('center_axis',(0.,0.,-1.));
#1715=DIRECTION('ref_axis',(1.,0.,0.));
#1716=DIRECTION('center_axis',(1.,1.05080855743991E-16,0.));
#1717=DIRECTION('ref_axis',(-1.05080855743991E-16,1.,0.));
#1718=DIRECTION('',(0.,0.,1.));
#1719=DIRECTION('',(-1.05080855743991E-16,1.,0.));
#1720=DIRECTION('',(0.,0.,-1.));
#1721=DIRECTION('center_axis',(0.,0.,1.));
#1722=DIRECTION('ref_axis',(-0.85695682505013,-0.515388203202208,0.));
#1723=DIRECTION('',(0.,0.,-1.));
#1724=DIRECTION('center_axis',(0.,0.,-1.));
#1725=DIRECTION('ref_axis',(-0.85695682505013,-0.515388203202208,0.));
#1726=DIRECTION('center_axis',(0.,0.,1.));
#1727=DIRECTION('ref_axis',(0.707106781186547,-0.707106781186548,0.));
#1728=DIRECTION('',(0.,0.,1.));
#1729=DIRECTION('center_axis',(0.,0.,1.));
#1730=DIRECTION('ref_axis',(-0.998044963916958,0.0624999999999859,0.));
#1731=DIRECTION('center_axis',(0.,0.,1.));
#1732=DIRECTION('ref_axis',(0.515388203202207,0.856956825050131,0.));
#1733=DIRECTION('',(0.,0.,-1.));
#1734=DIRECTION('center_axis',(0.,0.,-1.));
#1735=DIRECTION('ref_axis',(0.515388203202207,0.856956825050131,0.));
#1736=DIRECTION('center_axis',(5.20213834264032E-16,-1.,0.));
#1737=DIRECTION('ref_axis',(1.,5.20213834264032E-16,0.));
#1738=DIRECTION('',(0.,0.,1.));
#1739=DIRECTION('',(1.,5.20213834264032E-16,0.));
#1740=DIRECTION('center_axis',(0.,0.,1.));
#1741=DIRECTION('ref_axis',(-0.515388203202208,0.85695682505013,0.));
#1742=DIRECTION('',(0.,0.,-1.));
#1743=DIRECTION('center_axis',(0.,0.,-1.));
#1744=DIRECTION('ref_axis',(-0.515388203202208,0.85695682505013,0.));
#1745=DIRECTION('center_axis',(0.,0.,1.));
#1746=DIRECTION('ref_axis',(-0.707106781186547,-0.707106781186548,0.));
#1747=DIRECTION('',(0.,0.,1.));
#1748=DIRECTION('center_axis',(0.,0.,1.));
#1749=DIRECTION('ref_axis',(0.062500000000002,0.998044963916957,0.));
#1750=DIRECTION('center_axis',(0.,0.,1.));
#1751=DIRECTION('ref_axis',(0.856956825050131,-0.515388203202207,0.));
#1752=DIRECTION('',(0.,0.,-1.));
#1753=DIRECTION('center_axis',(0.,0.,-1.));
#1754=DIRECTION('ref_axis',(0.856956825050131,-0.515388203202207,0.));
#1755=DIRECTION('center_axis',(0.,0.,1.));
#1756=DIRECTION('ref_axis',(-1.,0.,0.));
#1757=DIRECTION('center_axis',(0.,0.,-1.));
#1758=DIRECTION('ref_axis',(-1.,0.,0.));
#1759=DIRECTION('center_axis',(0.,0.,-1.));
#1760=DIRECTION('ref_axis',(-1.,0.,0.));
#1761=DIRECTION('',(0.707106781186547,-8.65956056235493E-17,0.707106781186547));
#1762=DIRECTION('center_axis',(0.,0.,-1.));
#1763=DIRECTION('ref_axis',(1.,0.,0.));
#1764=DIRECTION('center_axis',(0.,0.,-1.));
#1765=DIRECTION('ref_axis',(1.,0.,0.));
#1766=DIRECTION('center_axis',(0.,0.,-1.));
#1767=DIRECTION('ref_axis',(1.,0.,0.));
#1768=DIRECTION('',(0.,0.,-1.));
#1769=DIRECTION('center_axis',(0.,0.,1.));
#1770=DIRECTION('ref_axis',(1.,0.,0.));
#1771=DIRECTION('center_axis',(0.,0.,1.));
#1772=DIRECTION('ref_axis',(-1.,0.,0.));
#1773=DIRECTION('center_axis',(0.,0.,-1.));
#1774=DIRECTION('ref_axis',(-1.,0.,0.));
#1775=DIRECTION('center_axis',(0.,0.,-1.));
#1776=DIRECTION('ref_axis',(-1.,0.,0.));
#1777=DIRECTION('',(0.707106781186547,-8.65956056235493E-17,0.707106781186547));
#1778=DIRECTION('center_axis',(0.,0.,-1.));
#1779=DIRECTION('ref_axis',(1.,0.,0.));
#1780=DIRECTION('center_axis',(0.,0.,-1.));
#1781=DIRECTION('ref_axis',(1.,0.,0.));
#1782=DIRECTION('center_axis',(0.,0.,-1.));
#1783=DIRECTION('ref_axis',(1.,0.,0.));
#1784=DIRECTION('',(0.,0.,-1.));
#1785=DIRECTION('center_axis',(0.,0.,1.));
#1786=DIRECTION('ref_axis',(1.,0.,0.));
#1787=DIRECTION('center_axis',(0.,0.,1.));
#1788=DIRECTION('ref_axis',(-1.,0.,0.));
#1789=DIRECTION('center_axis',(0.,0.,-1.));
#1790=DIRECTION('ref_axis',(-1.,0.,0.));
#1791=DIRECTION('center_axis',(0.,0.,-1.));
#1792=DIRECTION('ref_axis',(-1.,0.,0.));
#1793=DIRECTION('',(0.707106781186547,-8.65956056235493E-17,0.707106781186547));
#1794=DIRECTION('center_axis',(0.,0.,-1.));
#1795=DIRECTION('ref_axis',(1.,0.,0.));
#1796=DIRECTION('center_axis',(0.,0.,-1.));
#1797=DIRECTION('ref_axis',(1.,0.,0.));
#1798=DIRECTION('center_axis',(0.,0.,-1.));
#1799=DIRECTION('ref_axis',(1.,0.,0.));
#1800=DIRECTION('',(0.,0.,-1.));
#1801=DIRECTION('center_axis',(0.,0.,1.));
#1802=DIRECTION('ref_axis',(1.,0.,0.));
#1803=DIRECTION('center_axis',(0.,0.,1.));
#1804=DIRECTION('ref_axis',(-1.,0.,0.));
#1805=DIRECTION('center_axis',(0.,0.,-1.));
#1806=DIRECTION('ref_axis',(-1.,0.,0.));
#1807=DIRECTION('center_axis',(0.,0.,-1.));
#1808=DIRECTION('ref_axis',(-1.,0.,0.));
#1809=DIRECTION('',(0.707106781186547,-8.65956056235493E-17,0.707106781186547));
#1810=DIRECTION('center_axis',(0.,0.,-1.));
#1811=DIRECTION('ref_axis',(1.,0.,0.));
#1812=DIRECTION('center_axis',(0.,0.,-1.));
#1813=DIRECTION('ref_axis',(1.,0.,0.));
#1814=DIRECTION('center_axis',(0.,0.,-1.));
#1815=DIRECTION('ref_axis',(1.,0.,0.));
#1816=DIRECTION('',(0.,0.,-1.));
#1817=DIRECTION('center_axis',(0.,0.,1.));
#1818=DIRECTION('ref_axis',(1.,0.,0.));
#1819=DIRECTION('center_axis',(0.,0.,1.));
#1820=DIRECTION('ref_axis',(0.856956825050134,0.515388203202203,0.));
#1821=DIRECTION('',(0.,0.,-1.));
#1822=DIRECTION('center_axis',(0.,0.,-1.));
#1823=DIRECTION('ref_axis',(0.856956825050134,0.515388203202203,0.));
#1824=DIRECTION('',(0.,0.,1.));
#1825=DIRECTION('center_axis',(-1.,-1.01578160552525E-15,0.));
#1826=DIRECTION('ref_axis',(1.01578160552525E-15,-1.,0.));
#1827=DIRECTION('',(1.01578160552525E-15,-1.,0.));
#1828=DIRECTION('center_axis',(0.,0.,1.));
#1829=DIRECTION('ref_axis',(-0.515388203202212,-0.856956825050128,0.));
#1830=DIRECTION('',(0.,0.,-1.));
#1831=DIRECTION('center_axis',(0.,0.,-1.));
#1832=DIRECTION('ref_axis',(-0.515388203202212,-0.856956825050128,0.));
#1833=DIRECTION('',(0.,0.,1.));
#1834=DIRECTION('center_axis',(0.,0.,1.));
#1835=DIRECTION('ref_axis',(-0.70710678118654,0.707106781186555,0.));
#1836=DIRECTION('center_axis',(0.,0.,1.));
#1837=DIRECTION('ref_axis',(0.998044963916957,-0.0625000000000009,0.));
#1838=DIRECTION('center_axis',(0.,0.,1.));
#1839=DIRECTION('ref_axis',(0.515388203202209,-0.856956825050129,0.));
#1840=DIRECTION('',(0.,0.,-1.));
#1841=DIRECTION('center_axis',(0.,0.,-1.));
#1842=DIRECTION('ref_axis',(0.515388203202209,-0.856956825050129,0.));
#1843=DIRECTION('',(0.,0.,1.));
#1844=DIRECTION('center_axis',(-5.2021383426403E-16,1.,0.));
#1845=DIRECTION('ref_axis',(-1.,-5.2021383426403E-16,0.));
#1846=DIRECTION('',(-1.,-5.2021383426403E-16,0.));
#1847=DIRECTION('center_axis',(0.,0.,1.));
#1848=DIRECTION('ref_axis',(-0.856956825050131,0.515388203202207,0.));
#1849=DIRECTION('center_axis',(0.,0.,-1.));
#1850=DIRECTION('ref_axis',(-0.856956825050131,0.515388203202207,0.));
#1851=DIRECTION('',(0.,0.,1.));
#1852=DIRECTION('center_axis',(0.,0.,1.));
#1853=DIRECTION('ref_axis',(0.707106781186547,0.707106781186548,0.));
#1854=DIRECTION('center_axis',(0.,0.,1.));
#1855=DIRECTION('ref_axis',(-0.0625000000000283,-0.998044963916955,0.));
#1856=DIRECTION('center_axis',(1.,0.,0.));
#1857=DIRECTION('ref_axis',(0.,1.,0.));
#1858=DIRECTION('',(0.,-1.,0.));
#1859=DIRECTION('',(0.,0.,1.));
#1860=DIRECTION('',(0.,1.,0.));
#1861=DIRECTION('',(0.,0.,1.));
#1862=DIRECTION('center_axis',(-3.848773152034E-14,-1.,0.));
#1863=DIRECTION('ref_axis',(1.,-3.848773152034E-14,0.));
#1864=DIRECTION('',(-1.,3.848773152034E-14,0.));
#1865=DIRECTION('',(1.,-3.848773152034E-14,0.));
#1866=DIRECTION('center_axis',(-3.848773152034E-14,1.,0.));
#1867=DIRECTION('ref_axis',(-1.,-3.848773152034E-14,0.));
#1868=DIRECTION('',(-1.,-3.848773152034E-14,0.));
#1869=DIRECTION('',(1.,3.848773152034E-14,0.));
#1870=DIRECTION('center_axis',(0.,0.,1.));
#1871=DIRECTION('ref_axis',(1.,0.,0.));
#1872=DIRECTION('center_axis',(-1.,0.,0.));
#1873=DIRECTION('ref_axis',(0.,-1.,0.));
#1874=DIRECTION('',(0.,1.,0.));
#1875=DIRECTION('',(0.,0.,1.));
#1876=DIRECTION('',(0.,-1.,0.));
#1877=DIRECTION('',(0.,0.,1.));
#1878=DIRECTION('center_axis',(0.,1.,0.));
#1879=DIRECTION('ref_axis',(-1.,0.,0.));
#1880=DIRECTION('',(1.,0.,0.));
#1881=DIRECTION('',(-1.,0.,0.));
#1882=DIRECTION('center_axis',(0.,-1.,0.));
#1883=DIRECTION('ref_axis',(1.,0.,0.));
#1884=DIRECTION('',(1.,0.,0.));
#1885=DIRECTION('',(-1.,0.,0.));
#1886=DIRECTION('center_axis',(0.,0.,1.));
#1887=DIRECTION('ref_axis',(1.,0.,0.));
#1888=DIRECTION('center_axis',(0.,0.,-1.));
#1889=DIRECTION('ref_axis',(1.,0.,0.));
#1890=DIRECTION('center_axis',(0.,0.,-1.));
#1891=DIRECTION('ref_axis',(1.,0.,0.));
#1892=DIRECTION('',(0.,0.,-1.));
#1893=DIRECTION('center_axis',(0.,0.,-1.));
#1894=DIRECTION('ref_axis',(1.,0.,0.));
#1895=DIRECTION('center_axis',(0.,0.,-1.));
#1896=DIRECTION('ref_axis',(1.,0.,0.));
#1897=DIRECTION('center_axis',(0.,0.,-1.));
#1898=DIRECTION('ref_axis',(1.,0.,0.));
#1899=DIRECTION('',(0.,0.,-1.));
#1900=DIRECTION('center_axis',(0.,0.,-1.));
#1901=DIRECTION('ref_axis',(1.,0.,0.));
#1902=DIRECTION('center_axis',(0.,0.,-1.));
#1903=DIRECTION('ref_axis',(1.,0.,0.));
#1904=DIRECTION('center_axis',(0.,0.,-1.));
#1905=DIRECTION('ref_axis',(1.,0.,0.));
#1906=DIRECTION('',(0.,0.,-1.));
#1907=DIRECTION('center_axis',(0.,0.,-1.));
#1908=DIRECTION('ref_axis',(1.,0.,0.));
#1909=DIRECTION('center_axis',(0.,0.,-1.));
#1910=DIRECTION('ref_axis',(1.,0.,0.));
#1911=DIRECTION('',(0.,0.,-1.));
#1912=DIRECTION('center_axis',(0.,0.,1.));
#1913=DIRECTION('ref_axis',(1.,0.,0.));
#1914=DIRECTION('center_axis',(0.,0.,1.));
#1915=DIRECTION('ref_axis',(1.,0.,0.));
#1916=CARTESIAN_POINT('',(0.,0.,0.));
#1917=CARTESIAN_POINT('Origin',(21.6100000000076,29.1962500000114,3.));
#1918=CARTESIAN_POINT('',(20.6100000000076,-54.3925000000227,3.));
#1919=CARTESIAN_POINT('',(21.6100000000076,-54.3925000000227,4.));
#1920=CARTESIAN_POINT('Origin',(21.6100000000076,-54.3925000000227,3.));
#1921=CARTESIAN_POINT('',(21.6100000000076,-19.75,4.));
#1922=CARTESIAN_POINT('',(21.6100000000076,29.1962500000114,4.));
#1923=CARTESIAN_POINT('',(20.6100000000076,-19.75,3.));
#1924=CARTESIAN_POINT('Origin',(21.6100000000076,-19.75,3.));
#1925=CARTESIAN_POINT('',(20.6100000000076,29.1962500000114,3.));
#1926=CARTESIAN_POINT('Origin',(16.6100000000076,-54.3925000000227,3.));
#1927=CARTESIAN_POINT('',(16.6100000000076,-58.3925000000227,3.));
#1928=CARTESIAN_POINT('',(16.6100000000076,-59.3925000000227,4.));
#1929=CARTESIAN_POINT('Origin',(16.6100000000076,-59.3925000000227,3.));
#1930=CARTESIAN_POINT('Origin',(16.6100000000076,-54.3925000000227,4.));
#1931=CARTESIAN_POINT('Origin',(16.6100000000076,-54.3925000000227,3.));
#1932=CARTESIAN_POINT('Origin',(10.3050000000038,-59.3925000000227,3.));
#1933=CARTESIAN_POINT('',(-16.6100000000076,-58.3925000000227,3.));
#1934=CARTESIAN_POINT('',(-16.6100000000076,-59.3925000000227,4.));
#1935=CARTESIAN_POINT('Origin',(-16.6100000000076,-59.3925000000227,3.));
#1936=CARTESIAN_POINT('',(10.3050000000038,-59.3925000000227,4.));
#1937=CARTESIAN_POINT('',(10.3050000000038,-58.3925000000227,3.));
#1938=CARTESIAN_POINT('Origin',(-16.6100000000076,-54.3925000000227,3.));
#1939=CARTESIAN_POINT('',(-20.6100000000076,-54.3925000000227,3.));
#1940=CARTESIAN_POINT('',(-21.6100000000076,-54.3925000000227,4.));
#1941=CARTESIAN_POINT('Origin',(-21.6100000000076,-54.3925000000227,3.));
#1942=CARTESIAN_POINT('Origin',(-16.6100000000076,-54.3925000000227,4.));
#1943=CARTESIAN_POINT('Origin',(-16.6100000000076,-54.3925000000227,3.));
#1944=CARTESIAN_POINT('Origin',(-21.6100000000076,-29.1962500000114,3.));
#1945=CARTESIAN_POINT('',(-20.6100000000076,-19.75,3.));
#1946=CARTESIAN_POINT('',(-21.6100000000076,-19.75,4.));
#1947=CARTESIAN_POINT('Origin',(-21.6100000000076,-19.75,3.));
#1948=CARTESIAN_POINT('',(-21.6100000000076,-29.1962500000114,4.));
#1949=CARTESIAN_POINT('',(-20.6100000000076,-29.1962500000114,3.));
#1950=CARTESIAN_POINT('Origin',(-20.6100000000076,-58.3925000000227,0.));
#1951=CARTESIAN_POINT('',(-20.6100000000076,-19.75,6.));
#1952=CARTESIAN_POINT('',(-20.6100000000076,-19.75,4.));
#1953=CARTESIAN_POINT('',(-20.6100000000076,-54.3925000000227,0.));
#1954=CARTESIAN_POINT('',(-20.6100000000076,-54.3925000000227,0.));
#1955=CARTESIAN_POINT('',(-20.6100000000076,54.3925000000227,0.));
#1956=CARTESIAN_POINT('',(-20.6100000000076,-58.3925000000227,0.));
#1957=CARTESIAN_POINT('',(-20.6100000000076,54.3925000000227,3.));
#1958=CARTESIAN_POINT('',(-20.6100000000076,54.3925000000227,0.));
#1959=CARTESIAN_POINT('',(-20.6100000000076,19.75,3.));
#1960=CARTESIAN_POINT('',(-20.6100000000076,-29.1962500000114,3.));
#1961=CARTESIAN_POINT('',(-20.6100000000076,19.75,6.));
#1962=CARTESIAN_POINT('',(-20.6100000000076,19.75,4.));
#1963=CARTESIAN_POINT('',(-20.6100000000076,-58.3925000000227,6.));
#1964=CARTESIAN_POINT('Origin',(-16.6100000000076,-54.3925000000227,0.));
#1965=CARTESIAN_POINT('',(-16.6100000000076,-58.3925000000227,0.));
#1966=CARTESIAN_POINT('',(-16.6100000000076,-58.3925000000227,0.));
#1967=CARTESIAN_POINT('Origin',(-16.6100000000076,-54.3925000000227,0.));
#1968=CARTESIAN_POINT('Origin',(20.6100000000076,-58.3925000000227,0.));
#1969=CARTESIAN_POINT('',(16.6100000000076,-58.3925000000227,0.));
#1970=CARTESIAN_POINT('',(16.6100000000076,-58.3925000000227,0.));
#1971=CARTESIAN_POINT('',(20.6100000000076,-58.3925000000227,0.));
#1972=CARTESIAN_POINT('Origin',(16.6100000000076,-54.3925000000227,0.));
#1973=CARTESIAN_POINT('',(20.6100000000076,-54.3925000000227,0.));
#1974=CARTESIAN_POINT('',(20.6100000000076,-54.3925000000227,0.));
#1975=CARTESIAN_POINT('Origin',(16.6100000000076,-54.3925000000227,0.));
#1976=CARTESIAN_POINT('Origin',(20.6100000000076,58.3925000000227,0.));
#1977=CARTESIAN_POINT('',(20.6100000000076,-19.75,6.));
#1978=CARTESIAN_POINT('',(20.6100000000076,-19.75,4.));
#1979=CARTESIAN_POINT('',(20.6100000000076,19.75,6.));
#1980=CARTESIAN_POINT('',(20.6100000000076,58.3925000000227,6.));
#1981=CARTESIAN_POINT('',(20.6100000000076,19.75,3.));
#1982=CARTESIAN_POINT('',(20.6100000000076,19.75,4.));
#1983=CARTESIAN_POINT('',(20.6100000000076,54.3925000000227,3.));
#1984=CARTESIAN_POINT('',(20.6100000000076,29.1962500000114,3.));
#1985=CARTESIAN_POINT('',(20.6100000000076,54.3925000000227,0.));
#1986=CARTESIAN_POINT('',(20.6100000000076,54.3925000000227,0.));
#1987=CARTESIAN_POINT('',(20.6100000000076,58.3925000000227,0.));
#1988=CARTESIAN_POINT('Origin',(-21.6100000000076,-29.1962500000114,3.));
#1989=CARTESIAN_POINT('',(-21.6100000000076,54.3925000000227,4.));
#1990=CARTESIAN_POINT('Origin',(-21.6100000000076,54.3925000000227,3.));
#1991=CARTESIAN_POINT('',(-21.6100000000076,19.75,4.));
#1992=CARTESIAN_POINT('',(-21.6100000000076,-29.1962500000114,4.));
#1993=CARTESIAN_POINT('Origin',(-21.6100000000076,19.75,3.));
#1994=CARTESIAN_POINT('Origin',(-16.6100000000076,54.3925000000227,3.));
#1995=CARTESIAN_POINT('',(-16.6100000000076,58.3925000000227,3.));
#1996=CARTESIAN_POINT('',(-16.6100000000076,59.3925000000227,4.));
#1997=CARTESIAN_POINT('Origin',(-16.6100000000076,59.3925000000227,3.));
#1998=CARTESIAN_POINT('Origin',(-16.6100000000076,54.3925000000227,4.));
#1999=CARTESIAN_POINT('Origin',(-16.6100000000076,54.3925000000227,3.));
#2000=CARTESIAN_POINT('Origin',(-10.3050000000038,59.3925000000227,3.));
#2001=CARTESIAN_POINT('',(16.6100000000076,58.3925000000227,3.));
#2002=CARTESIAN_POINT('',(16.6100000000076,59.3925000000227,4.));
#2003=CARTESIAN_POINT('Origin',(16.6100000000076,59.3925000000227,3.));
#2004=CARTESIAN_POINT('',(-10.3050000000038,59.3925000000227,4.));
#2005=CARTESIAN_POINT('',(-10.3050000000038,58.3925000000227,3.));
#2006=CARTESIAN_POINT('Origin',(16.6100000000076,54.3925000000227,3.));
#2007=CARTESIAN_POINT('',(21.6100000000076,54.3925000000227,4.));
#2008=CARTESIAN_POINT('Origin',(21.6100000000076,54.3925000000227,3.));
#2009=CARTESIAN_POINT('Origin',(16.6100000000076,54.3925000000227,4.));
#2010=CARTESIAN_POINT('Origin',(16.6100000000076,54.3925000000227,3.));
#2011=CARTESIAN_POINT('Origin',(21.6100000000076,29.1962500000114,3.));
#2012=CARTESIAN_POINT('',(21.6100000000076,19.75,4.));
#2013=CARTESIAN_POINT('Origin',(21.6100000000076,19.75,3.));
#2014=CARTESIAN_POINT('',(21.6100000000076,29.1962500000114,4.));
#2015=CARTESIAN_POINT('Origin',(16.6100000000076,54.3925000000227,0.));
#2016=CARTESIAN_POINT('',(16.6100000000076,58.3925000000227,0.));
#2017=CARTESIAN_POINT('',(16.6100000000076,58.3925000000227,0.));
#2018=CARTESIAN_POINT('Origin',(16.6100000000076,54.3925000000227,0.));
#2019=CARTESIAN_POINT('Origin',(-20.6100000000076,58.3925000000227,0.));
#2020=CARTESIAN_POINT('',(-16.6100000000076,58.3925000000227,0.));
#2021=CARTESIAN_POINT('',(-16.6100000000076,58.3925000000227,0.));
#2022=CARTESIAN_POINT('',(-20.6100000000076,58.3925000000227,0.));
#2023=CARTESIAN_POINT('Origin',(-16.6100000000076,54.3925000000227,0.));
#2024=CARTESIAN_POINT('Origin',(-16.6100000000076,54.3925000000227,0.));
#2025=CARTESIAN_POINT('Origin',(-29.61,-56.5758529874487,3.));
#2026=CARTESIAN_POINT('',(-27.735,-60.1091764937243,3.));
#2027=CARTESIAN_POINT('',(-27.26625,-60.9925073702933,4.));
#2028=CARTESIAN_POINT('Origin',(-27.26625,-60.9925073702933,3.));
#2029=CARTESIAN_POINT('',(-24.61,-56.5758529874487,4.));
#2030=CARTESIAN_POINT('Origin',(-29.61,-56.5758529874487,4.));
#2031=CARTESIAN_POINT('',(-25.61,-56.5758529874487,3.));
#2032=CARTESIAN_POINT('Origin',(-24.61,-56.5758529874487,3.));
#2033=CARTESIAN_POINT('Origin',(-29.61,-56.5758529874487,3.));
#2034=CARTESIAN_POINT('Origin',(-24.6100000000001,29.8251600721661,3.));
#2035=CARTESIAN_POINT('',(-24.6100000000001,56.5758529874488,4.));
#2036=CARTESIAN_POINT('',(-25.6100000000001,56.5758529874488,3.));
#2037=CARTESIAN_POINT('Origin',(-24.6100000000001,56.5758529874488,3.));
#2038=CARTESIAN_POINT('',(-25.6100000000001,29.8251600721661,3.));
#2039=CARTESIAN_POINT('',(-24.6100000000001,29.8251600721661,4.));
#2040=CARTESIAN_POINT('Origin',(-29.6100000000001,56.5758529874488,3.));
#2041=CARTESIAN_POINT('',(-27.2662500000001,60.9925073702933,4.));
#2042=CARTESIAN_POINT('',(-27.7350000000001,60.1091764937244,3.));
#2043=CARTESIAN_POINT('Origin',(-27.2662500000001,60.9925073702933,3.));
#2044=CARTESIAN_POINT('Origin',(-29.6100000000001,56.5758529874488,3.));
#2045=CARTESIAN_POINT('Origin',(-29.6100000000001,56.5758529874488,4.));
#2046=CARTESIAN_POINT('Origin',(-25.86,63.6425,3.));
#2047=CARTESIAN_POINT('',(-23.2100073702933,65.04875,4.));
#2048=CARTESIAN_POINT('',(-22.3266764937244,65.5175,3.));
#2049=CARTESIAN_POINT('Origin',(-23.2100073702933,65.04875,3.));
#2050=CARTESIAN_POINT('Origin',(-25.86,63.6425,3.));
#2051=CARTESIAN_POINT('',(-28.86,63.6425,4.));
#2052=CARTESIAN_POINT('Origin',(-25.86,63.6425,4.));
#2053=CARTESIAN_POINT('Origin',(-25.86,63.6425,4.));
#2054=CARTESIAN_POINT('Origin',(-18.7933529874487,67.3924999999999,3.));
#2055=CARTESIAN_POINT('',(-18.7933529874487,62.3924999999999,4.));
#2056=CARTESIAN_POINT('',(-18.7933529874487,63.3924999999999,3.));
#2057=CARTESIAN_POINT('Origin',(-18.7933529874487,62.3924999999999,3.));
#2058=CARTESIAN_POINT('Origin',(-18.7933529874487,67.3924999999999,3.));
#2059=CARTESIAN_POINT('Origin',(-18.7933529874487,67.3924999999999,4.));
#2060=CARTESIAN_POINT('Origin',(10.9339100721661,62.3924999999999,3.));
#2061=CARTESIAN_POINT('',(18.7933529874488,62.3924999999999,4.));
#2062=CARTESIAN_POINT('',(18.7933529874488,63.3925,3.));
#2063=CARTESIAN_POINT('Origin',(18.7933529874488,62.3924999999999,3.));
#2064=CARTESIAN_POINT('',(10.9339100721661,63.3924999999999,3.));
#2065=CARTESIAN_POINT('',(10.9339100721661,62.3924999999999,4.));
#2066=CARTESIAN_POINT('Origin',(18.7933529874488,67.3925,3.));
#2067=CARTESIAN_POINT('',(23.2100073702933,65.04875,4.));
#2068=CARTESIAN_POINT('',(22.3266764937244,65.5175,3.));
#2069=CARTESIAN_POINT('Origin',(23.2100073702933,65.04875,3.));
#2070=CARTESIAN_POINT('Origin',(18.7933529874488,67.3925,3.));
#2071=CARTESIAN_POINT('Origin',(18.7933529874488,67.3925,4.));
#2072=CARTESIAN_POINT('Origin',(25.8600000000001,63.6425,3.));
#2073=CARTESIAN_POINT('',(27.2662500000001,60.9925073702932,4.));
#2074=CARTESIAN_POINT('',(27.7350000000001,60.1091764937243,3.));
#2075=CARTESIAN_POINT('Origin',(27.2662500000001,60.9925073702932,3.));
#2076=CARTESIAN_POINT('Origin',(25.8600000000001,63.6425,3.));
#2077=CARTESIAN_POINT('Origin',(25.8600000000001,63.6425,4.));
#2078=CARTESIAN_POINT('Origin',(29.6100000000001,56.5758529874487,3.));
#2079=CARTESIAN_POINT('',(24.6100000000001,56.5758529874487,4.));
#2080=CARTESIAN_POINT('',(25.6100000000001,56.5758529874487,3.));
#2081=CARTESIAN_POINT('Origin',(24.6100000000001,56.5758529874487,3.));
#2082=CARTESIAN_POINT('Origin',(29.6100000000001,56.5758529874487,3.));
#2083=CARTESIAN_POINT('Origin',(29.6100000000001,56.5758529874487,4.));
#2084=CARTESIAN_POINT('Origin',(24.6100000000001,-29.8251600721661,3.));
#2085=CARTESIAN_POINT('',(24.6100000000001,-56.5758529874487,4.));
#2086=CARTESIAN_POINT('',(25.6100000000001,-56.5758529874487,3.));
#2087=CARTESIAN_POINT('Origin',(24.6100000000001,-56.5758529874487,3.));
#2088=CARTESIAN_POINT('',(25.6100000000001,-29.8251600721661,3.));
#2089=CARTESIAN_POINT('',(24.6100000000001,-29.8251600721661,4.));
#2090=CARTESIAN_POINT('Origin',(29.6100000000001,-56.5758529874487,3.));
#2091=CARTESIAN_POINT('',(27.2662500000001,-60.9925073702932,4.));
#2092=CARTESIAN_POINT('',(27.7350000000001,-60.1091764937243,3.));
#2093=CARTESIAN_POINT('Origin',(27.2662500000001,-60.9925073702932,3.));
#2094=CARTESIAN_POINT('Origin',(29.6100000000001,-56.5758529874487,3.));
#2095=CARTESIAN_POINT('Origin',(29.6100000000001,-56.5758529874487,4.));
#2096=CARTESIAN_POINT('Origin',(25.8600000000001,-63.6425,3.));
#2097=CARTESIAN_POINT('',(23.2100073702934,-65.04875,4.));
#2098=CARTESIAN_POINT('',(22.3266764937244,-65.5175,3.));
#2099=CARTESIAN_POINT('Origin',(23.2100073702934,-65.04875,3.));
#2100=CARTESIAN_POINT('Origin',(25.8600000000001,-63.6425,3.));
#2101=CARTESIAN_POINT('Origin',(25.8600000000001,-63.6425,4.));
#2102=CARTESIAN_POINT('Origin',(18.7933529874488,-67.3925,3.));
#2103=CARTESIAN_POINT('',(18.7933529874488,-62.3925,4.));
#2104=CARTESIAN_POINT('',(18.7933529874488,-63.3925,3.));
#2105=CARTESIAN_POINT('Origin',(18.7933529874488,-62.3925,3.));
#2106=CARTESIAN_POINT('Origin',(18.7933529874488,-67.3925,3.));
#2107=CARTESIAN_POINT('Origin',(18.7933529874488,-67.3925,4.));
#2108=CARTESIAN_POINT('Origin',(-10.9339100721661,-62.3925,3.));
#2109=CARTESIAN_POINT('',(-18.7933529874487,-62.3925,4.));
#2110=CARTESIAN_POINT('',(-18.7933529874487,-63.3925,3.));
#2111=CARTESIAN_POINT('Origin',(-18.7933529874487,-62.3925,3.));
#2112=CARTESIAN_POINT('',(-10.9339100721661,-63.3925,3.));
#2113=CARTESIAN_POINT('',(-10.9339100721661,-62.3925,4.));
#2114=CARTESIAN_POINT('Origin',(-18.7933529874487,-67.3925,3.));
#2115=CARTESIAN_POINT('',(-23.2100073702933,-65.04875,4.));
#2116=CARTESIAN_POINT('',(-22.3266764937244,-65.5175,3.));
#2117=CARTESIAN_POINT('Origin',(-23.2100073702933,-65.04875,3.));
#2118=CARTESIAN_POINT('Origin',(-18.7933529874487,-67.3925,3.));
#2119=CARTESIAN_POINT('Origin',(-18.7933529874487,-67.3925,4.));
#2120=CARTESIAN_POINT('Origin',(-25.86,-63.6425,3.));
#2121=CARTESIAN_POINT('Origin',(-25.86,-63.6425,3.));
#2122=CARTESIAN_POINT('',(-28.86,-63.6425,4.));
#2123=CARTESIAN_POINT('Origin',(-25.86,-63.6425,4.));
#2124=CARTESIAN_POINT('Origin',(-25.86,-63.6425,4.));
#2125=CARTESIAN_POINT('Origin',(25.6100000000001,-59.6503201443322,0.));
#2126=CARTESIAN_POINT('',(25.6100000000001,-56.5758529874487,0.));
#2127=CARTESIAN_POINT('',(25.6100000000001,-56.5758529874487,0.));
#2128=CARTESIAN_POINT('',(25.6100000000001,56.5758529874487,0.));
#2129=CARTESIAN_POINT('',(25.6100000000001,-63.3925,0.));
#2130=CARTESIAN_POINT('',(25.6100000000001,56.5758529874487,0.));
#2131=CARTESIAN_POINT('Origin',(29.6100000000001,-56.5758529874487,0.));
#2132=CARTESIAN_POINT('',(27.7350000000001,-60.1091764937243,0.));
#2133=CARTESIAN_POINT('',(27.7350000000001,-60.1091764937243,0.));
#2134=CARTESIAN_POINT('Origin',(29.6100000000001,-56.5758529874487,0.));
#2135=CARTESIAN_POINT('Origin',(25.8600000000001,-63.6425,0.));
#2136=CARTESIAN_POINT('',(22.3266764937244,-65.5175,0.));
#2137=CARTESIAN_POINT('',(22.3266764937244,-65.5175,0.));
#2138=CARTESIAN_POINT('Origin',(25.8600000000001,-63.6425,0.));
#2139=CARTESIAN_POINT('Origin',(18.7933529874488,-67.3925,0.));
#2140=CARTESIAN_POINT('',(18.7933529874488,-63.3925,0.));
#2141=CARTESIAN_POINT('',(18.7933529874488,-63.3925,0.));
#2142=CARTESIAN_POINT('Origin',(18.7933529874488,-67.3925,0.));
#2143=CARTESIAN_POINT('Origin',(-21.8678201443322,-63.3925,0.));
#2144=CARTESIAN_POINT('',(-18.7933529874487,-63.3925,0.));
#2145=CARTESIAN_POINT('',(-18.7933529874487,-63.3925,0.));
#2146=CARTESIAN_POINT('',(-25.61,-63.3925,0.));
#2147=CARTESIAN_POINT('Origin',(-18.7933529874487,-67.3925,0.));
#2148=CARTESIAN_POINT('',(-22.3266764937244,-65.5175,0.));
#2149=CARTESIAN_POINT('',(-22.3266764937244,-65.5175,0.));
#2150=CARTESIAN_POINT('Origin',(-18.7933529874487,-67.3925,0.));
#2151=CARTESIAN_POINT('Origin',(-25.86,-63.6425,0.));
#2152=CARTESIAN_POINT('',(-27.735,-60.1091764937243,0.));
#2153=CARTESIAN_POINT('',(-27.735,-60.1091764937243,0.));
#2154=CARTESIAN_POINT('Origin',(-25.86,-63.6425,0.));
#2155=CARTESIAN_POINT('Origin',(-29.61,-56.5758529874487,0.));
#2156=CARTESIAN_POINT('',(-25.61,-56.5758529874487,0.));
#2157=CARTESIAN_POINT('',(-25.61,-56.5758529874487,0.));
#2158=CARTESIAN_POINT('Origin',(-29.61,-56.5758529874487,0.));
#2159=CARTESIAN_POINT('Origin',(-25.86,-63.6425,2.675));
#2160=CARTESIAN_POINT('',(-24.11,-63.6425,2.05));
#2161=CARTESIAN_POINT('',(-27.61,-63.6425,2.05));
#2162=CARTESIAN_POINT('Origin',(-25.86,-63.6425,2.05));
#2163=CARTESIAN_POINT('Origin',(-25.86,-63.6425,2.05));
#2164=CARTESIAN_POINT('',(-22.86,-63.6425,3.3));
#2165=CARTESIAN_POINT('',(-23.485,-63.6425,2.675));
#2166=CARTESIAN_POINT('',(-28.86,-63.6425,3.3));
#2167=CARTESIAN_POINT('Origin',(-25.86,-63.6425,3.3));
#2168=CARTESIAN_POINT('Origin',(-25.86,-63.6425,3.3));
#2169=CARTESIAN_POINT('Origin',(-25.86,-63.6425,4.));
#2170=CARTESIAN_POINT('',(-27.61,-63.6425,0.));
#2171=CARTESIAN_POINT('',(-27.61,-63.6425,4.));
#2172=CARTESIAN_POINT('Origin',(-25.86,-63.6425,0.));
#2173=CARTESIAN_POINT('Origin',(25.8600000000001,-63.6425,2.675));
#2174=CARTESIAN_POINT('',(27.6100000000001,-63.6425,2.05));
#2175=CARTESIAN_POINT('',(24.1100000000001,-63.6425,2.05));
#2176=CARTESIAN_POINT('Origin',(25.8600000000001,-63.6425,2.05));
#2177=CARTESIAN_POINT('Origin',(25.8600000000001,-63.6425,2.05));
#2178=CARTESIAN_POINT('',(28.8600000000001,-63.6425,3.3));
#2179=CARTESIAN_POINT('',(28.2350000000001,-63.6425,2.675));
#2180=CARTESIAN_POINT('',(22.8600000000001,-63.6425,3.3));
#2181=CARTESIAN_POINT('Origin',(25.8600000000001,-63.6425,3.3));
#2182=CARTESIAN_POINT('Origin',(25.8600000000001,-63.6425,3.3));
#2183=CARTESIAN_POINT('Origin',(25.8600000000001,-63.6425,4.));
#2184=CARTESIAN_POINT('',(24.1100000000001,-63.6425,0.));
#2185=CARTESIAN_POINT('',(24.1100000000001,-63.6425,4.));
#2186=CARTESIAN_POINT('Origin',(25.8600000000001,-63.6425,0.));
#2187=CARTESIAN_POINT('Origin',(25.8600000000001,63.6425,2.675));
#2188=CARTESIAN_POINT('',(27.6100000000001,63.6425,2.05));
#2189=CARTESIAN_POINT('',(24.1100000000001,63.6425,2.05));
#2190=CARTESIAN_POINT('Origin',(25.8600000000001,63.6425,2.05));
#2191=CARTESIAN_POINT('Origin',(25.8600000000001,63.6425,2.05));
#2192=CARTESIAN_POINT('',(28.8600000000001,63.6425,3.3));
#2193=CARTESIAN_POINT('',(28.2350000000001,63.6425,2.675));
#2194=CARTESIAN_POINT('',(22.8600000000001,63.6425,3.3));
#2195=CARTESIAN_POINT('Origin',(25.8600000000001,63.6425,3.3));
#2196=CARTESIAN_POINT('Origin',(25.8600000000001,63.6425,3.3));
#2197=CARTESIAN_POINT('Origin',(25.8600000000001,63.6425,4.));
#2198=CARTESIAN_POINT('',(24.1100000000001,63.6425,0.));
#2199=CARTESIAN_POINT('',(24.1100000000001,63.6425,4.));
#2200=CARTESIAN_POINT('Origin',(25.8600000000001,63.6425,0.));
#2201=CARTESIAN_POINT('Origin',(-25.86,63.6425,2.675));
#2202=CARTESIAN_POINT('',(-24.11,63.6425,2.05));
#2203=CARTESIAN_POINT('',(-27.61,63.6425,2.05));
#2204=CARTESIAN_POINT('Origin',(-25.86,63.6425,2.05));
#2205=CARTESIAN_POINT('Origin',(-25.86,63.6425,2.05));
#2206=CARTESIAN_POINT('',(-22.86,63.6425,3.3));
#2207=CARTESIAN_POINT('',(-23.485,63.6425,2.675));
#2208=CARTESIAN_POINT('',(-28.86,63.6425,3.3));
#2209=CARTESIAN_POINT('Origin',(-25.86,63.6425,3.3));
#2210=CARTESIAN_POINT('Origin',(-25.86,63.6425,3.3));
#2211=CARTESIAN_POINT('Origin',(-25.86,63.6425,4.));
#2212=CARTESIAN_POINT('',(-27.61,63.6425,0.));
#2213=CARTESIAN_POINT('',(-27.61,63.6425,4.));
#2214=CARTESIAN_POINT('Origin',(-25.86,63.6425,0.));
#2215=CARTESIAN_POINT('Origin',(-29.6100000000001,56.5758529874488,0.));
#2216=CARTESIAN_POINT('',(-27.7350000000001,60.1091764937244,0.));
#2217=CARTESIAN_POINT('',(-27.7350000000001,60.1091764937244,0.));
#2218=CARTESIAN_POINT('',(-25.6100000000001,56.5758529874488,0.));
#2219=CARTESIAN_POINT('Origin',(-29.6100000000001,56.5758529874488,0.));
#2220=CARTESIAN_POINT('',(-25.6100000000001,56.5758529874488,0.));
#2221=CARTESIAN_POINT('Origin',(-25.6100000000001,59.6503201443322,0.));
#2222=CARTESIAN_POINT('',(-25.6100000000001,63.3924999999999,0.));
#2223=CARTESIAN_POINT('Origin',(-18.7933529874487,67.3924999999999,0.));
#2224=CARTESIAN_POINT('',(-18.7933529874487,63.3924999999999,0.));
#2225=CARTESIAN_POINT('',(-18.7933529874487,63.3924999999999,0.));
#2226=CARTESIAN_POINT('',(-22.3266764937244,65.5175,0.));
#2227=CARTESIAN_POINT('Origin',(-18.7933529874487,67.3924999999999,0.));
#2228=CARTESIAN_POINT('',(-22.3266764937244,65.5175,0.));
#2229=CARTESIAN_POINT('Origin',(-25.86,63.6425,0.));
#2230=CARTESIAN_POINT('Origin',(-25.86,63.6425,0.));
#2231=CARTESIAN_POINT('Origin',(18.7933529874488,67.3925,0.));
#2232=CARTESIAN_POINT('',(22.3266764937244,65.5175,0.));
#2233=CARTESIAN_POINT('',(22.3266764937244,65.5175,0.));
#2234=CARTESIAN_POINT('',(18.7933529874488,63.3925,0.));
#2235=CARTESIAN_POINT('Origin',(18.7933529874488,67.3925,0.));
#2236=CARTESIAN_POINT('',(18.7933529874488,63.3925,0.));
#2237=CARTESIAN_POINT('Origin',(21.8678201443321,63.3925,0.));
#2238=CARTESIAN_POINT('',(25.6100000000001,63.3925,0.));
#2239=CARTESIAN_POINT('Origin',(29.6100000000001,56.5758529874487,0.));
#2240=CARTESIAN_POINT('',(27.7350000000001,60.1091764937243,0.));
#2241=CARTESIAN_POINT('Origin',(29.6100000000001,56.5758529874487,0.));
#2242=CARTESIAN_POINT('',(27.7350000000001,60.1091764937243,0.));
#2243=CARTESIAN_POINT('Origin',(25.8600000000001,63.6425,0.));
#2244=CARTESIAN_POINT('Origin',(25.8600000000001,63.6425,0.));
#2245=CARTESIAN_POINT('Origin',(22.8600000000075,-19.75,4.));
#2246=CARTESIAN_POINT('',(22.8600000000075,19.75,4.));
#2247=CARTESIAN_POINT('',(22.8600000000075,-19.75,4.));
#2248=CARTESIAN_POINT('',(22.8600000000075,-9.87500000000002,4.));
#2249=CARTESIAN_POINT('',(22.8600000000075,19.75,6.));
#2250=CARTESIAN_POINT('',(22.8600000000075,19.75,4.));
#2251=CARTESIAN_POINT('',(22.8600000000075,-19.75,6.));
#2252=CARTESIAN_POINT('',(22.8600000000075,-19.75,6.));
#2253=CARTESIAN_POINT('',(22.8600000000075,-19.75,4.));
#2254=CARTESIAN_POINT('Origin',(20.6100000000076,-19.75,4.));
#2255=CARTESIAN_POINT('',(10.3050000000034,-19.7499999999996,4.));
#2256=CARTESIAN_POINT('',(20.6100000000076,-19.75,6.));
#2257=CARTESIAN_POINT('Origin',(22.8600000000075,19.75,4.));
#2258=CARTESIAN_POINT('',(22.8600000000075,19.75,6.));
#2259=CARTESIAN_POINT('',(11.4300000000034,19.7499999999996,4.));
#2260=CARTESIAN_POINT('Origin',(21.7350000000076,0.,6.));
#2261=CARTESIAN_POINT('Origin',(-22.8600000000075,19.75,4.));
#2262=CARTESIAN_POINT('',(-22.8600000000075,-19.75,4.));
#2263=CARTESIAN_POINT('',(-22.8600000000075,19.75,4.));
#2264=CARTESIAN_POINT('',(-22.8600000000075,9.875,4.));
#2265=CARTESIAN_POINT('',(-22.8600000000075,-19.75,6.));
#2266=CARTESIAN_POINT('',(-22.8600000000075,-19.75,4.));
#2267=CARTESIAN_POINT('',(-22.8600000000075,19.75,6.));
#2268=CARTESIAN_POINT('',(-22.8600000000075,19.75,6.));
#2269=CARTESIAN_POINT('',(-22.8600000000075,19.75,4.));
#2270=CARTESIAN_POINT('Origin',(-20.6100000000076,19.75,4.));
#2271=CARTESIAN_POINT('',(-10.3050000000038,19.75,4.));
#2272=CARTESIAN_POINT('',(-20.6100000000075,19.75,6.));
#2273=CARTESIAN_POINT('Origin',(-22.8600000000075,-19.75,4.));
#2274=CARTESIAN_POINT('',(-22.8600000000075,-19.75,6.));
#2275=CARTESIAN_POINT('',(-11.4300000000037,-19.75,4.));
#2276=CARTESIAN_POINT('Origin',(-21.7350000000075,0.,6.));
#2277=CARTESIAN_POINT('Origin',(25.8600000000001,63.6425,4.));
#2278=CARTESIAN_POINT('',(22.8600000000001,63.6425,4.));
#2279=CARTESIAN_POINT('Origin',(25.8600000000001,63.6425,4.));
#2280=CARTESIAN_POINT('',(22.8600000000001,63.6425,4.));
#2281=CARTESIAN_POINT('Origin',(25.8600000000001,63.6425,4.));
#2282=CARTESIAN_POINT('Origin',(25.8600000000001,-63.6425,4.));
#2283=CARTESIAN_POINT('',(22.8600000000001,-63.6425,4.));
#2284=CARTESIAN_POINT('Origin',(25.8600000000001,-63.6425,4.));
#2285=CARTESIAN_POINT('',(22.8600000000001,-63.6425,4.));
#2286=CARTESIAN_POINT('Origin',(25.8600000000001,-63.6425,4.));
#2287=CARTESIAN_POINT('Origin',(-25.86,63.6425,4.));
#2288=CARTESIAN_POINT('Origin',(-25.86,63.6425,4.));
#2289=CARTESIAN_POINT('',(-28.86,63.6425,4.));
#2290=CARTESIAN_POINT('Origin',(-25.86,-63.6425,4.));
#2291=CARTESIAN_POINT('Origin',(-25.86,-63.6425,4.));
#2292=CARTESIAN_POINT('',(-28.86,-63.6425,4.));
#2293=CARTESIAN_POINT('Origin',(2.88657986402541E-14,0.,4.));
#2294=CARTESIAN_POINT('Origin',(2.88657986402541E-14,0.,0.));
#2295=UNCERTAINTY_MEASURE_WITH_UNIT(LENGTH_MEASURE(0.01),#2299,
'DISTANCE_ACCURACY_VALUE',
'Maximum model space distance between geometric entities at asserted c
onnectivities');
#2296=UNCERTAINTY_MEASURE_WITH_UNIT(LENGTH_MEASURE(0.01),#2299,
'DISTANCE_ACCURACY_VALUE',
'Maximum model space distance between geometric entities at asserted c
onnectivities');
#2297=(
GEOMETRIC_REPRESENTATION_CONTEXT(3)
GLOBAL_UNCERTAINTY_ASSIGNED_CONTEXT((#2295))
GLOBAL_UNIT_ASSIGNED_CONTEXT((#2299,#2301,#2302))
REPRESENTATION_CONTEXT('','3D')
);
#2298=(
GEOMETRIC_REPRESENTATION_CONTEXT(3)
GLOBAL_UNCERTAINTY_ASSIGNED_CONTEXT((#2296))
GLOBAL_UNIT_ASSIGNED_CONTEXT((#2299,#2301,#2302))
REPRESENTATION_CONTEXT('','3D')
);
#2299=(
LENGTH_UNIT()
NAMED_UNIT(*)
SI_UNIT(.MILLI.,.METRE.)
);
#2300=(
LENGTH_UNIT()
NAMED_UNIT(*)
SI_UNIT(.CENTI.,.METRE.)
);
#2301=(
NAMED_UNIT(*)
PLANE_ANGLE_UNIT()
SI_UNIT($,.RADIAN.)
);
#2302=(
NAMED_UNIT(*)
SI_UNIT($,.STERADIAN.)
SOLID_ANGLE_UNIT()
);
#2303=SHAPE_DEFINITION_REPRESENTATION(#2304,#2305);
#2304=PRODUCT_DEFINITION_SHAPE('',$,#2307);
#2305=SHAPE_REPRESENTATION('',(#1299),#2297);
#2306=PRODUCT_DEFINITION_CONTEXT('part definition',#2311,'design');
#2307=PRODUCT_DEFINITION('xLH_Base_Basis','PCB_Halterung',#2308,#2306);
#2308=PRODUCT_DEFINITION_FORMATION('',$,#2313);
#2309=PRODUCT_RELATED_PRODUCT_CATEGORY('PCB_Halterung','PCB_Halterung',
(#2313));
#2310=APPLICATION_PROTOCOL_DEFINITION('international standard',
'automotive_design',2009,#2311);
#2311=APPLICATION_CONTEXT(
'Core Data for Automotive Mechanical Design Process');
#2312=PRODUCT_CONTEXT('part definition',#2311,'mechanical');
#2313=PRODUCT('xLH_Base_Basis','PCB_Halterung',$,(#2312));
#2314=PRESENTATION_STYLE_ASSIGNMENT((#2315));
#2315=SURFACE_STYLE_USAGE(.BOTH.,#2318);
#2316=SURFACE_STYLE_RENDERING_WITH_PROPERTIES($,#2322,(#2317));
#2317=SURFACE_STYLE_TRANSPARENT(0.);
#2318=SURFACE_SIDE_STYLE('',(#2319,#2316));
#2319=SURFACE_STYLE_FILL_AREA(#2320);
#2320=FILL_AREA_STYLE('',(#2321));
#2321=FILL_AREA_STYLE_COLOUR('',#2322);
#2322=COLOUR_RGB('',0.250980392156863,0.250980392156863,0.250980392156863);
ENDSEC;
END-ISO-10303-21;
